ISO-10303-21;
HEADER;
FILE_DESCRIPTION (( 'STEP AP203' ),
    '1' );
FILE_NAME ('3D Modeling Practice , SolidWorks tutorial , How to create a 3D model of a pawl.STEP',
    '2025-04-02T17:53:13',
    ( '' ),
    ( '' ),
    'SwSTEP 2.0',
    'SolidWorks 2019',
    '' );
FILE_SCHEMA (( 'CONFIG_CONTROL_DESIGN' ));
ENDSEC;

DATA;
#1 = VECTOR ( 'NONE', #2062, 39.37007874015748854 ) ;
#2 = EDGE_LOOP ( 'NONE', ( #3324, #5181, #4630, #4176 ) ) ;
#3 = ADVANCED_FACE ( 'NONE', ( #5483 ), #2669, .F. ) ;
#4 = VECTOR ( 'NONE', #298, 39.37007874015748143 ) ;
#5 = CARTESIAN_POINT ( 'NONE',  ( 3.904152404960770095, -0.5075677283880895008, -0.9842519685039370358 ) ) ;
#6 = CARTESIAN_POINT ( 'NONE',  ( -3.188348529410514054, -1.767862618196045510, -0.9842519685039370358 ) ) ;
#7 = VECTOR ( 'NONE', #1161, 39.37007874015748143 ) ;
#8 = ORIENTED_EDGE ( 'NONE', *, *, #1410, .T. ) ;
#9 = LOCAL_TIME ( 11, 53, 13.00000000000000000, #1710 ) ;
#10 = ORIENTED_EDGE ( 'NONE', *, *, #5289, .F. ) ;
#11 = ORIENTED_EDGE ( 'NONE', *, *, #4282, .F. ) ;
#12 = CARTESIAN_POINT ( 'NONE',  ( -3.886879271373974820, -0.4767450500436496985, -0.9842519685039370358 ) ) ;
#13 = CARTESIAN_POINT ( 'NONE',  ( 1.114020812259810311, 3.471291144755961788, -0.9842519685039370358 ) ) ;
#14 = DIRECTION ( 'NONE',  ( 0.000000000000000000, 0.000000000000000000, -1.000000000000000000 ) ) ;
#15 = DATE_AND_TIME ( #880, #3059 ) ;
#16 = CARTESIAN_POINT ( 'NONE',  ( -3.166151998780394994, -2.312730528256696783, -0.9842519685039370358 ) ) ;
#17 = LINE ( 'NONE', #3718, #2520 ) ;
#18 = VECTOR ( 'NONE', #202, 39.37007874015748143 ) ;
#19 = ORIENTED_EDGE ( 'NONE', *, *, #5874, .F. ) ;
#20 = DIRECTION ( 'NONE',  ( -0.4785797612220678010, 0.8780440832604183843, 0.000000000000000000 ) ) ;
#21 = ORIENTED_EDGE ( 'NONE', *, *, #4208, .F. ) ;
#22 = EDGE_CURVE ( 'NONE', #4126, #685, #495, .T. ) ;
#23 = EDGE_CURVE ( 'NONE', #2720, #2537, #1801, .T. ) ;
#24 = CARTESIAN_POINT ( 'NONE',  ( 0.000000000000000000, 0.000000000000000000, 0.7086614173228346081 ) ) ;
#25 = CARTESIAN_POINT ( 'NONE',  ( 0.000000000000000000, 0.000000000000000000, 0.9842519685039370358 ) ) ;
#26 = VECTOR ( 'NONE', #2576, 39.37007874015748143 ) ;
#27 = CARTESIAN_POINT ( 'NONE',  ( 3.396960491656520809, -1.359190360663478980, -0.9842519685039370358 ) ) ;
#28 = ORIENTED_EDGE ( 'NONE', *, *, #4666, .T. ) ;
#29 = VECTOR ( 'NONE', #2150, 39.37007874015748143 ) ;
#30 = LINE ( 'NONE', #5043, #5487 ) ;
#31 = CARTESIAN_POINT ( 'NONE',  ( 2.851323949116932877, 2.691318025225522881, -0.9842519685039370358 ) ) ;
#32 = VECTOR ( 'NONE', #1949, 39.37007874015748143 ) ;
#33 = ORIENTED_EDGE ( 'NONE', *, *, #5119, .T. ) ;
#34 = CARTESIAN_POINT ( 'NONE',  ( -3.915982066072372980, 0.01416937462815733191, -0.9842519685039370358 ) ) ;
#35 = CARTESIAN_POINT ( 'NONE',  ( -3.166151998780394994, -2.312730528256696783, 0.000000000000000000 ) ) ;
#36 = VECTOR ( 'NONE', #2801, 39.37007874015748143 ) ;
#37 = ADVANCED_FACE ( 'NONE', ( #144 ), #84, .F. ) ;
#38 = ORIENTED_EDGE ( 'NONE', *, *, #4346, .F. ) ;
#39 = EDGE_LOOP ( 'NONE', ( #4739, #3535, #1743, #690 ) ) ;
#40 = ORIENTED_EDGE ( 'NONE', *, *, #4408, .T. ) ;
#41 = EDGE_CURVE ( 'NONE', #5586, #4325, #5152, .T. ) ;
#42 = AXIS2_PLACEMENT_3D ( 'NONE', #1961, #1487, #3243 ) ;
#43 = DIRECTION ( 'NONE',  ( 0.000000000000000000, 0.000000000000000000, 1.000000000000000000 ) ) ;
#44 = DIRECTION ( 'NONE',  ( -0.9892723329629866669, -0.1460830285624227232, -0.000000000000000000 ) ) ;
#45 = CARTESIAN_POINT ( 'NONE',  ( -2.109362553940015150, 3.305121872449975129, 0.000000000000000000 ) ) ;
#46 = PERSON_AND_ORGANIZATION ( #2281, #778 ) ;
#47 = PLANE ( 'NONE',  #3458 ) ;
#48 = DIRECTION ( 'NONE',  ( -0.6534206039901121477, 0.7569950556517506257, 0.000000000000000000 ) ) ;
#49 = AXIS2_PLACEMENT_3D ( 'NONE', #3691, #3860, #5168 ) ;
#50 = CC_DESIGN_PERSON_AND_ORGANIZATION_ASSIGNMENT ( #5360, #2216, ( #2765 ) ) ;
#51 = ORIENTED_EDGE ( 'NONE', *, *, #2163, .T. ) ;
#52 = EDGE_CURVE ( 'NONE', #3466, #604, #175, .T. ) ;
#53 = VERTEX_POINT ( 'NONE', #5125 ) ;
#54 = LINE ( 'NONE', #5008, #689 ) ;
#55 = ORIENTED_EDGE ( 'NONE', *, *, #4039, .F. ) ;
#56 =( LENGTH_UNIT ( ) NAMED_UNIT ( * ) SI_UNIT ( $, .METRE. ) );
#57 = CARTESIAN_POINT ( 'NONE',  ( 3.424775095144363402, -1.898955465685469468, 0.000000000000000000 ) ) ;
#58 = CARTESIAN_POINT ( 'NONE',  ( -3.800170738207018672, 0.9653721231663575653, 0.000000000000000000 ) ) ;
#59 = ORIENTED_EDGE ( 'NONE', *, *, #5699, .F. ) ;
#60 = EDGE_CURVE ( 'NONE', #53, #5470, #1452, .T. ) ;
#61 = CARTESIAN_POINT ( 'NONE',  ( 3.765736244292288593, -0.7593056185736808406, 0.000000000000000000 ) ) ;
#62 = ORIENTED_EDGE ( 'NONE', *, *, #2803, .F. ) ;
#63 = CARTESIAN_POINT ( 'NONE',  ( -2.658062645101038957, 2.514247798669475120, 0.000000000000000000 ) ) ;
#64 = VECTOR ( 'NONE', #385, 39.37007874015748143 ) ;
#65 = LINE ( 'NONE', #1876, #5377 ) ;
#66 = EDGE_LOOP ( 'NONE', ( #761, #33, #1075, #1605 ) ) ;
#67 = LINE ( 'NONE', #5110, #4002 ) ;
#68 = EDGE_CURVE ( 'NONE', #3347, #4266, #650, .T. ) ;
#69 = CARTESIAN_POINT ( 'NONE',  ( 3.646204138890985380, 1.428394795045139887, -0.9842519685039370358 ) ) ;
#70 = ORIENTED_EDGE ( 'NONE', *, *, #3939, .F. ) ;
#71 = ORIENTED_EDGE ( 'NONE', *, *, #723, .T. ) ;
#72 = ORIENTED_EDGE ( 'NONE', *, *, #4072, .F. ) ;
#73 = EDGE_CURVE ( 'NONE', #1577, #4323, #4287, .T. ) ;
#74 = FACE_OUTER_BOUND ( 'NONE', #3110, .T. ) ;
#75 = DIRECTION ( 'NONE',  ( 0.9631625667976569938, 0.2689198206152699222, -0.000000000000000000 ) ) ;
#76 = CARTESIAN_POINT ( 'NONE',  ( -3.212578281954790782, -1.751022501485414162, 0.000000000000000000 ) ) ;
#77 = APPROVAL_ROLE ( '' ) ;
#78 = CARTESIAN_POINT ( 'NONE',  ( -3.641834205707319416, -1.452681862574085159, 0.000000000000000000 ) ) ;
#79 = EDGE_CURVE ( 'NONE', #1608, #4082, #1036, .T. ) ;
#80 = DIRECTION ( 'NONE',  ( 0.000000000000000000, 0.000000000000000000, 1.000000000000000000 ) ) ;
#81 = EDGE_LOOP ( 'NONE', ( #5594, #391, #3774, #3923 ) ) ;
#82 = VERTEX_POINT ( 'NONE', #4229 ) ;
#83 = PLANE ( 'NONE',  #2583 ) ;
#84 = PLANE ( 'NONE',  #5170 ) ;
#85 = LINE ( 'NONE', #3634, #1715 ) ;
#86 = DIRECTION ( 'NONE',  ( 1.000000000000000000, 0.000000000000000000, 0.000000000000000000 ) ) ;
#87 = DIRECTION ( 'NONE',  ( 0.000000000000000000, 0.000000000000000000, -1.000000000000000000 ) ) ;
#88 = EDGE_CURVE ( 'NONE', #1640, #1221, #3329, .T. ) ;
#89 = VERTEX_POINT ( 'NONE', #2847 ) ;
#90 = LINE ( 'NONE', #61, #2417 ) ;
#91 = VERTEX_POINT ( 'NONE', #2879 ) ;
#92 = CARTESIAN_POINT ( 'NONE',  ( 3.809751892482085900, -0.9928854504882097531, 0.000000000000000000 ) ) ;
#93 = DIRECTION ( 'NONE',  ( -0.9916547108600343163, 0.1289222030105822425, 0.000000000000000000 ) ) ;
#94 = EDGE_LOOP ( 'NONE', ( #2359, #5438, #901, #2995, #3395, #5422 ) ) ;
#95 = CARTESIAN_POINT ( 'NONE',  ( -3.396960491656511039, 1.359190360663501629, -0.9842519685039370358 ) ) ;
#96 = AXIS2_PLACEMENT_3D ( 'NONE', #477, #4542, #5046 ) ;
#97 = CARTESIAN_POINT ( 'NONE',  ( -3.149606299212598604, 0.08661417322834606691, 0.9842519685039370358 ) ) ;
#98 = EDGE_CURVE ( 'NONE', #89, #3593, #2790, .T. ) ;
#99 = ORIENTED_EDGE ( 'NONE', *, *, #133, .F. ) ;
#100 = VERTEX_POINT ( 'NONE', #3723 ) ;
#101 = ORIENTED_EDGE ( 'NONE', *, *, #3577, .T. ) ;
#102 = AXIS2_PLACEMENT_3D ( 'NONE', #5186, #678, #4230 ) ;
#103 = CARTESIAN_POINT ( 'NONE',  ( -1.850393700787403617, 0.000000000000000000, 0.7086614173228346081 ) ) ;
#104 = LINE ( 'NONE', #5761, #2710 ) ;
#105 = CARTESIAN_POINT ( 'NONE',  ( -1.114020812259834292, -3.471291144755953795, 0.000000000000000000 ) ) ;
#106 = DIRECTION ( 'NONE',  ( -0.4446351791849352253, 0.8957117602394089051, -0.000000000000000000 ) ) ;
#107 = LOCAL_TIME ( 11, 53, 13.00000000000000000, #1001 ) ;
#108 = ORIENTED_EDGE ( 'NONE', *, *, #5315, .F. ) ;
#109 = EDGE_LOOP ( 'NONE', ( #2514, #5538, #1501, #4226 ) ) ;
#110 = DIRECTION ( 'NONE',  ( 0.000000000000000000, 0.000000000000000000, 1.000000000000000000 ) ) ;
#111 = LINE ( 'NONE', #5151, #4598 ) ;
#112 = PLANE ( 'NONE',  #2782 ) ;
#113 = DIRECTION ( 'NONE',  ( 1.000000000000000000, 0.000000000000000000, 0.000000000000000000 ) ) ;
#114 = DIRECTION ( 'NONE',  ( 0.4446351791849285640, -0.8957117602394123468, -0.000000000000000000 ) ) ;
#115 = VECTOR ( 'NONE', #3394, 39.37007874015748143 ) ;
#116 = DIRECTION ( 'NONE',  ( 0.7217602280983610452, -0.6921431738704079129, -0.000000000000000000 ) ) ;
#117 = ADVANCED_FACE ( 'NONE', ( #4742 ), #112, .F. ) ;
#118 = ORIENTED_EDGE ( 'NONE', *, *, #2368, .T. ) ;
#119 = VECTOR ( 'NONE', #4917, 39.37007874015748143 ) ;
#120 = CARTESIAN_POINT ( 'NONE',  ( -1.223580884155805570, -3.719941684073323707, 0.000000000000000000 ) ) ;
#121 = ORIENTED_EDGE ( 'NONE', *, *, #1626, .T. ) ;
#122 = PLANE ( 'NONE',  #632 ) ;
#123 = CARTESIAN_POINT ( 'NONE',  ( -2.086324520973327434, 3.313965344743846408, 0.000000000000000000 ) ) ;
#124 = AXIS2_PLACEMENT_3D ( 'NONE', #4769, #677, #4970 ) ;
#125 = AXIS2_PLACEMENT_3D ( 'NONE', #2300, #4134, #4972 ) ;
#126 = EDGE_LOOP ( 'NONE', ( #5886, #3019, #171, #1379 ) ) ;
#127 = CARTESIAN_POINT ( 'NONE',  ( 1.654523236393758978, -3.549319536645150208, -0.9842519685039370358 ) ) ;
#128 = FACE_OUTER_BOUND ( 'NONE', #2482, .T. ) ;
#129 = VECTOR ( 'NONE', #3130, 39.37007874015748143 ) ;
#130 = ORIENTED_EDGE ( 'NONE', *, *, #4876, .F. ) ;
#131 = ORIENTED_EDGE ( 'NONE', *, *, #5163, .F. ) ;
#132 = EDGE_LOOP ( 'NONE', ( #2742, #5850, #2773, #4238 ) ) ;
#133 = EDGE_CURVE ( 'NONE', #4567, #3236, #5627, .T. ) ;
#134 = DIRECTION ( 'NONE',  ( 0.9135454576426035311, -0.4067366430757942686, 0.000000000000000000 ) ) ;
#135 = VECTOR ( 'NONE', #5073, 39.37007874015748143 ) ;
#136 = CARTESIAN_POINT ( 'NONE',  ( 0.7517099172480279368, 3.864578010646565254, -0.9842519685039370358 ) ) ;
#137 = CARTESIAN_POINT ( 'NONE',  ( 2.506971211764428276, -3.014686769648874609, 0.000000000000000000 ) ) ;
#138 = DIRECTION ( 'NONE',  ( -0.3288666467385903958, 0.9443763702374784463, 0.000000000000000000 ) ) ;
#139 = VECTOR ( 'NONE', #2072, 39.37007874015748854 ) ;
#140 = ORIENTED_EDGE ( 'NONE', *, *, #630, .T. ) ;
#141 = ORIENTED_EDGE ( 'NONE', *, *, #4087, .F. ) ;
#142 = CARTESIAN_POINT ( 'NONE',  ( -2.121568256750556269, -3.316470885144390479, -0.9842519685039370358 ) ) ;
#143 = DIRECTION ( 'NONE',  ( 0.6871802675977037866, 0.7264869440150650837, -0.000000000000000000 ) ) ;
#144 = FACE_OUTER_BOUND ( 'NONE', #1023, .T. ) ;
#145 = DIRECTION ( 'NONE',  ( 0.000000000000000000, 0.000000000000000000, 1.000000000000000000 ) ) ;
#146 = VECTOR ( 'NONE', #2706, 39.37007874015748143 ) ;
#147 = EDGE_CURVE ( 'NONE', #2961, #3347, #4171, .T. ) ;
#148 = DIRECTION ( 'NONE',  ( -0.000000000000000000, -0.000000000000000000, -1.000000000000000000 ) ) ;
#149 = PLANE ( 'NONE',  #5284 ) ;
#150 = VERTEX_POINT ( 'NONE', #2457 ) ;
#151 = VECTOR ( 'NONE', #999, 39.37007874015748854 ) ;
#152 = EDGE_CURVE ( 'NONE', #569, #3651, #2016, .T. ) ;
#153 = CARTESIAN_POINT ( 'NONE',  ( -3.212578281954789894, -1.751022501485413718, -0.9842519685039370358 ) ) ;
#154 = ORIENTED_EDGE ( 'NONE', *, *, #5082, .F. ) ;
#155 = DIRECTION ( 'NONE',  ( -0.4290504594760634616, -0.9032805229956963888, 0.000000000000000000 ) ) ;
#156 = LINE ( 'NONE', #3733, #1090 ) ;
#157 = ADVANCED_FACE ( 'NONE', ( #5063 ), #3753, .T. ) ;
#158 = VECTOR ( 'NONE', #3793, 39.37007874015748854 ) ;
#159 = VERTEX_POINT ( 'NONE', #4618 ) ;
#160 = CARTESIAN_POINT ( 'NONE',  ( -2.666591142528174085, 2.486000052373179781, -0.9842519685039370358 ) ) ;
#161 = CARTESIAN_POINT ( 'NONE',  ( -3.655269316823482662, 1.462544775913134032, 0.000000000000000000 ) ) ;
#162 = CC_DESIGN_DATE_AND_TIME_ASSIGNMENT ( #5126, #1037, ( #3584 ) ) ;
#163 = VECTOR ( 'NONE', #4740, 39.37007874015748854 ) ;
#164 = ORIENTED_EDGE ( 'NONE', *, *, #1372, .F. ) ;
#165 = EDGE_CURVE ( 'NONE', #1210, #5228, #1485, .T. ) ;
#166 = EDGE_LOOP ( 'NONE', ( #4540, #5823, #1733, #5668 ) ) ;
#167 = LINE ( 'NONE', #4667, #4190 ) ;
#168 = DIRECTION ( 'NONE',  ( -0.7965299180241973698, -0.6045991148623732769, -0.000000000000000000 ) ) ;
#169 = LINE ( 'NONE', #5619, #2213 ) ;
#170 = CARTESIAN_POINT ( 'NONE',  ( -0.7517099172480549152, -3.864578010646560369, -0.9842519685039370358 ) ) ;
#171 = ORIENTED_EDGE ( 'NONE', *, *, #2464, .F. ) ;
#172 = ORIENTED_EDGE ( 'NONE', *, *, #4997, .F. ) ;
#173 = CARTESIAN_POINT ( 'NONE',  ( -0.6960833833717243735, 3.578599237858710591, 0.000000000000000000 ) ) ;
#174 = CARTESIAN_POINT ( 'NONE',  ( -2.290412775090627573, -3.084043417929741793, 0.000000000000000000 ) ) ;
#175 = LINE ( 'NONE', #5598, #3267 ) ;
#176 = APPROVAL_STATUS ( 'not_yet_approved' ) ;
#177 = PLANE ( 'NONE',  #1297 ) ;
#178 = DIRECTION ( 'NONE',  ( -0.6691306063588567943, -0.7431448254773955764, 0.000000000000000000 ) ) ;
#179 = EDGE_CURVE ( 'NONE', #945, #2136, #1009, .T. ) ;
#180 = ORIENTED_EDGE ( 'NONE', *, *, #5783, .T. ) ;
#181 = EDGE_CURVE ( 'NONE', #5508, #3871, #2364, .T. ) ;
#182 = CARTESIAN_POINT ( 'NONE',  ( -2.485223221547316896, 3.026347939688987410, -0.9842519685039370358 ) ) ;
#183 = ORIENTED_EDGE ( 'NONE', *, *, #2889, .F. ) ;
#184 = CARTESIAN_POINT ( 'NONE',  ( -1.689175037307336202, -3.556222531479120263, 0.000000000000000000 ) ) ;
#185 = DIRECTION ( 'NONE',  ( 0.000000000000000000, 0.000000000000000000, 1.000000000000000000 ) ) ;
#186 = PRODUCT ( 'Part9', 'Part9', '', ( #2186 ) ) ;
#187 = ORIENTED_EDGE ( 'NONE', *, *, #900, .F. ) ;
#188 = CARTESIAN_POINT ( 'NONE',  ( 0.000000000000000000, 0.000000000000000000, 0.7086614173228346081 ) ) ;
#189 = CARTESIAN_POINT ( 'NONE',  ( 3.816837246426632912, 0.9652898188380345523, -0.9842519685039370358 ) ) ;
#190 = LINE ( 'NONE', #2000, #3954 ) ;
#191 = VERTEX_POINT ( 'NONE', #3926 ) ;
#192 = ADVANCED_FACE ( 'NONE', ( #3875 ), #1154, .T. ) ;
#193 = VERTEX_POINT ( 'NONE', #5745 ) ;
#194 = CARTESIAN_POINT ( 'NONE',  ( -0.7517099172480549152, -3.864578010646560369, -0.9842519685039370358 ) ) ;
#195 = DIRECTION ( 'NONE',  ( 0.000000000000000000, 0.000000000000000000, 1.000000000000000000 ) ) ;
#196 = DIRECTION ( 'NONE',  ( 0.000000000000000000, 0.000000000000000000, 1.000000000000000000 ) ) ;
#197 = DIRECTION ( 'NONE',  ( -0.7144726796328044749, -0.6996633405133640959, -0.000000000000000000 ) ) ;
#198 = VECTOR ( 'NONE', #4732, 39.37007874015748143 ) ;
#199 = ORIENTED_EDGE ( 'NONE', *, *, #1364, .T. ) ;
#200 = VERTEX_POINT ( 'NONE', #1655 ) ;
#201 = DIRECTION ( 'NONE',  ( 1.000000000000000000, 0.000000000000000000, 0.000000000000000000 ) ) ;
#202 = DIRECTION ( 'NONE',  ( 0.9258705848099959557, -0.3778407868184642804, -0.000000000000000000 ) ) ;
#203 = DIRECTION ( 'NONE',  ( 0.000000000000000000, 0.000000000000000000, 1.000000000000000000 ) ) ;
#204 = AXIS2_PLACEMENT_3D ( 'NONE', #4590, #528, #113 ) ;
#205 = LINE ( 'NONE', #3786, #1581 ) ;
#206 = CARTESIAN_POINT ( 'NONE',  ( -3.456866469529207286, -1.884172288275858698, 0.000000000000000000 ) ) ;
#207 = ORIENTED_EDGE ( 'NONE', *, *, #1693, .T. ) ;
#208 = CC_DESIGN_APPROVAL ( #307, ( #2409 ) ) ;
#209 = EDGE_CURVE ( 'NONE', #3289, #3099, #797, .T. ) ;
#210 = LINE ( 'NONE', #5722, #3736 ) ;
#211 = EDGE_LOOP ( 'NONE', ( #3440, #930, #724, #2827 ) ) ;
#212 = PLANE ( 'NONE',  #3483 ) ;
#213 = CARTESIAN_POINT ( 'NONE',  ( 0.000000000000000000, 0.000000000000000000, 0.6986614173228364866 ) ) ;
#214 = UNCERTAINTY_MEASURE_WITH_UNIT (LENGTH_MEASURE( 1.000000000000000082E-05 ), #4351, 'distance_accuracy_value', 'NONE');
#215 = ORIENTED_EDGE ( 'NONE', *, *, #5163, .T. ) ;
#216 = DIRECTION ( 'NONE',  ( 0.3055737433196658026, -0.9521684133563803609, 0.000000000000000000 ) ) ;
#217 = LINE ( 'NONE', #2031, #5671 ) ;
#218 = ORIENTED_EDGE ( 'NONE', *, *, #4674, .F. ) ;
#219 = VECTOR ( 'NONE', #1620, 39.37007874015748854 ) ;
#220 = ORIENTED_EDGE ( 'NONE', *, *, #1579, .F. ) ;
#221 = DIRECTION ( 'NONE',  ( 0.000000000000000000, 0.000000000000000000, -1.000000000000000000 ) ) ;
#222 = EDGE_CURVE ( 'NONE', #3354, #2843, #4589, .T. ) ;
#223 = CARTESIAN_POINT ( 'NONE',  ( 3.443140960486543278, -1.909138896539957830, -0.9842519685039370358 ) ) ;
#224 = PLANE ( 'NONE',  #1086 ) ;
#225 = VECTOR ( 'NONE', #5446, 39.37007874015748854 ) ;
#226 = EDGE_CURVE ( 'NONE', #2204, #3217, #2070, .T. ) ;
#227 = VERTEX_POINT ( 'NONE', #352 ) ;
#228 = VECTOR ( 'NONE', #5021, 39.37007874015748143 ) ;
#229 = EDGE_LOOP ( 'NONE', ( #5198, #294, #3383, #1319 ) ) ;
#230 = LINE ( 'NONE', #173, #3262 ) ;
#231 = DIRECTION ( 'NONE',  ( 0.000000000000000000, 0.000000000000000000, 1.000000000000000000 ) ) ;
#232 = CARTESIAN_POINT ( 'NONE',  ( 0.2329879015076105897, -3.930107840481363635, -0.9842519685039370358 ) ) ;
#233 = CARTESIAN_POINT ( 'NONE',  ( 0.000000000000000000, 0.000000000000000000, 0.000000000000000000 ) ) ;
#234 = DIRECTION ( 'NONE',  ( -0.2079116908177665590, 0.9781476007338040235, -0.000000000000000000 ) ) ;
#235 = DIRECTION ( 'NONE',  ( -0.04187565372919953982, -0.9991228300988583833, -0.000000000000000000 ) ) ;
#236 = AXIS2_PLACEMENT_3D ( 'NONE', #4152, #5135, #4178 ) ;
#237 = EDGE_CURVE ( 'NONE', #507, #1348, #1595, .T. ) ;
#238 = VERTEX_POINT ( 'NONE', #289 ) ;
#239 = EDGE_CURVE ( 'NONE', #1911, #2666, #3412, .T. ) ;
#240 = VECTOR ( 'NONE', #1243, 39.37007874015748854 ) ;
#241 = DIRECTION ( 'NONE',  ( -0.3055737433196590302, 0.9521684133563826924, 0.000000000000000000 ) ) ;
#242 = EDGE_LOOP ( 'NONE', ( #927, #1699, #5499, #2986 ) ) ;
#243 = CARTESIAN_POINT ( 'NONE',  ( -2.092440788019394482, -3.315860751651725558, -0.9842519685039370358 ) ) ;
#244 = DIRECTION ( 'NONE',  ( 0.000000000000000000, 0.000000000000000000, -1.000000000000000000 ) ) ;
#245 = VECTOR ( 'NONE', #80, 39.37007874015748143 ) ;
#246 = ORIENTED_EDGE ( 'NONE', *, *, #3788, .F. ) ;
#247 = VECTOR ( 'NONE', #849, 39.37007874015748143 ) ;
#248 = CARTESIAN_POINT ( 'NONE',  ( -3.789430508301935951, 0.9875893558196916500, -0.9842519685039370358 ) ) ;
#249 = DIRECTION ( 'NONE',  ( 0.9977929989160214674, -0.06640129000382764823, 0.000000000000000000 ) ) ;
#250 = ORIENTED_EDGE ( 'NONE', *, *, #2160, .F. ) ;
#251 = VERTEX_POINT ( 'NONE', #1214 ) ;
#252 = VECTOR ( 'NONE', #3702, 39.37007874015747433 ) ;
#253 = EDGE_CURVE ( 'NONE', #82, #275, #765, .T. ) ;
#254 = FACE_OUTER_BOUND ( 'NONE', #4364, .T. ) ;
#255 = DIRECTION ( 'NONE',  ( -0.6402077816650285635, -0.7682017939939629336, 0.000000000000000000 ) ) ;
#256 = DIRECTION ( 'NONE',  ( 0.9999451693655121431, -0.01047178411624809929, -0.000000000000000000 ) ) ;
#257 = VECTOR ( 'NONE', #3385, 39.37007874015748143 ) ;
#258 = VERTEX_POINT ( 'NONE', #2518 ) ;
#259 = ORIENTED_EDGE ( 'NONE', *, *, #4298, .T. ) ;
#260 = EDGE_CURVE ( 'NONE', #3614, #315, #2965, .T. ) ;
#261 = ORIENTED_EDGE ( 'NONE', *, *, #1672, .T. ) ;
#262 = DIRECTION ( 'NONE',  ( 0.8712138111201985780, -0.4909037536151245606, -0.000000000000000000 ) ) ;
#263 = EDGE_CURVE ( 'NONE', #1293, #4097, #2578, .T. ) ;
#264 = DIRECTION ( 'NONE',  ( 0.7264869440150698576, -0.6871802675976986796, 0.000000000000000000 ) ) ;
#265 = DIRECTION ( 'NONE',  ( -0.9997806834748452776, -0.02094241988336797630, -0.000000000000000000 ) ) ;
#266 = DIRECTION ( 'NONE',  ( 0.9311023923972463479, 0.3647579126929588744, 0.000000000000000000 ) ) ;
#267 = CARTESIAN_POINT ( 'NONE',  ( 3.384779387378524795, 1.354316462495609441, 0.000000000000000000 ) ) ;
#268 = VERTEX_POINT ( 'NONE', #4436 ) ;
#269 = ADVANCED_FACE ( 'NONE', ( #2486 ), #711, .T. ) ;
#270 = CARTESIAN_POINT ( 'NONE',  ( -3.443140960486529956, 1.909138896539981811, -0.9842519685039370358 ) ) ;
#271 = ORIENTED_EDGE ( 'NONE', *, *, #4748, .T. ) ;
#272 = DIRECTION ( 'NONE',  ( 0.04187565372919254542, 0.9991228300988586053, 0.000000000000000000 ) ) ;
#273 = ADVANCED_FACE ( 'NONE', ( #4406 ), #739, .F. ) ;
#274 = CARTESIAN_POINT ( 'NONE',  ( 2.109362553940037355, -3.305121872449963583, -0.9842519685039370358 ) ) ;
#275 = VERTEX_POINT ( 'NONE', #4350 ) ;
#276 = DIRECTION ( 'NONE',  ( -0.8028174751911223428, 0.5962248749656051672, -0.000000000000000000 ) ) ;
#277 = ORIENTED_EDGE ( 'NONE', *, *, #2614, .F. ) ;
#278 = EDGE_LOOP ( 'NONE', ( #3789, #4993, #3010, #1189 ) ) ;
#279 = EDGE_CURVE ( 'NONE', #5383, #3473, #319, .T. ) ;
#280 = LINE ( 'NONE', #1700, #384 ) ;
#281 = PLANE ( 'NONE',  #1641 ) ;
#282 = EDGE_CURVE ( 'NONE', #3281, #2830, #2097, .T. ) ;
#283 = DIRECTION ( 'NONE',  ( -0.4446351791849352253, 0.8957117602394089051, 0.000000000000000000 ) ) ;
#284 = EDGE_LOOP ( 'NONE', ( #2851, #745, #108, #250 ) ) ;
#285 = EDGE_LOOP ( 'NONE', ( #2147, #5308, #3682, #1201 ) ) ;
#286 = EDGE_LOOP ( 'NONE', ( #4073, #4413, #2442, #4292 ) ) ;
#287 = CARTESIAN_POINT ( 'NONE',  ( -3.440703102058737972, 1.880107214813813155, 0.000000000000000000 ) ) ;
#288 = CARTESIAN_POINT ( 'NONE',  ( -1.118029937265928364, 3.483783586529591414, -0.9842519685039370358 ) ) ;
#289 = CARTESIAN_POINT ( 'NONE',  ( 1.660353717370592008, 3.551966569229675130, 0.000000000000000000 ) ) ;
#290 = SHAPE_DEFINITION_REPRESENTATION ( #1040, #483 ) ;
#291 = LINE ( 'NONE', #3929, #2055 ) ;
#293 = DIRECTION ( 'NONE',  ( 0.6996633405133693140, -0.7144726796327994789, 0.000000000000000000 ) ) ;
#292 = VECTOR ( 'NONE', #1026, 39.37007874015748854 ) ;
#294 = ORIENTED_EDGE ( 'NONE', *, *, #838, .T. ) ;
#295 = VECTOR ( 'NONE', #3556, 39.37007874015748143 ) ;
#296 = LINE ( 'NONE', #3485, #3349 ) ;
#297 = ORIENTED_EDGE ( 'NONE', *, *, #2349, .T. ) ;
#298 = DIRECTION ( 'NONE',  ( -0.6402077816650285635, -0.7682017939939629336, 0.000000000000000000 ) ) ;
#299 = DIRECTION ( 'NONE',  ( 0.5327682375420085270, -0.8462611919888456402, 0.000000000000000000 ) ) ;
#300 = EDGE_CURVE ( 'NONE', #5836, #1759, #5779, .T. ) ;
#301 = CARTESIAN_POINT ( 'NONE',  ( -3.628255628666697596, 0.4716991747334892127, 0.000000000000000000 ) ) ;
#302 = APPROVAL_PERSON_ORGANIZATION ( #4289, #1217, #2397 ) ;
#303 = ORIENTED_EDGE ( 'NONE', *, *, #4240, .T. ) ;
#304 = CARTESIAN_POINT ( 'NONE',  ( 0.000000000000000000, 0.000000000000000000, 0.000000000000000000 ) ) ;
#305 = DIRECTION ( 'NONE',  ( 0.000000000000000000, 0.000000000000000000, -1.000000000000000000 ) ) ;
#306 = VECTOR ( 'NONE', #2753, 39.37007874015748854 ) ;
#307 = APPROVAL ( #4859, 'UNSPECIFIED' ) ;
#308 = ORIENTED_EDGE ( 'NONE', *, *, #499, .T. ) ;
#309 = VERTEX_POINT ( 'NONE', #3057 ) ;
#310 = FACE_BOUND ( 'NONE', #1642, .T. ) ;
#311 = FACE_OUTER_BOUND ( 'NONE', #4687, .T. ) ;
#312 = DIRECTION ( 'NONE',  ( 0.000000000000000000, 0.000000000000000000, 1.000000000000000000 ) ) ;
#313 = VECTOR ( 'NONE', #2913, 39.37007874015748854 ) ;
#314 = ORIENTED_EDGE ( 'NONE', *, *, #2602, .F. ) ;
#315 = VERTEX_POINT ( 'NONE', #1570 ) ;
#316 = VERTEX_POINT ( 'NONE', #5215 ) ;
#317 = PLANE ( 'NONE',  #713 ) ;
#318 = CARTESIAN_POINT ( 'NONE',  ( 0.000000000000000000, 0.000000000000000000, 0.7086614173228346081 ) ) ;
#319 = LINE ( 'NONE', #3002, #3551 ) ;
#320 = PERSON_AND_ORGANIZATION ( #2281, #778 ) ;
#321 = DIRECTION ( 'NONE',  ( -0.7431448254774002393, 0.6691306063588513542, -0.000000000000000000 ) ) ;
#322 = ADVANCED_FACE ( 'NONE', ( #1127 ), #2937, .T. ) ;
#323 = VECTOR ( 'NONE', #2064, 39.37007874015748143 ) ;
#324 = ORIENTED_EDGE ( 'NONE', *, *, #2004, .F. ) ;
#325 = EDGE_CURVE ( 'NONE', #4593, #963, #1385, .T. ) ;
#326 = LINE ( 'NONE', #5396, #783 ) ;
#327 = ORIENTED_EDGE ( 'NONE', *, *, #2704, .F. ) ;
#328 = DIRECTION ( 'NONE',  ( -0.9631625667976549954, -0.2689198206152766946, 0.000000000000000000 ) ) ;
#329 = VECTOR ( 'NONE', #1285, 39.37007874015748143 ) ;
#330 = CARTESIAN_POINT ( 'NONE',  ( 3.540526166488277227, -0.9227206959896633309, -0.9842519685039370358 ) ) ;
#331 = DIRECTION ( 'NONE',  ( -0.9092361090470549856, -0.4162807922604310207, 0.000000000000000000 ) ) ;
#332 = VECTOR ( 'NONE', #2793, 39.37007874015748854 ) ;
#333 = EDGE_CURVE ( 'NONE', #1360, #1608, #2185, .T. ) ;
#334 = ORIENTED_EDGE ( 'NONE', *, *, #3325, .F. ) ;
#335 = LINE ( 'NONE', #3124, #4922 ) ;
#336 = ADVANCED_FACE ( 'NONE', ( #3138 ), #3113, .F. ) ;
#337 = LINE ( 'NONE', #3073, #4903 ) ;
#338 = VECTOR ( 'NONE', #5645, 39.37007874015748854 ) ;
#339 = VERTEX_POINT ( 'NONE', #2748 ) ;
#340 = ORIENTED_EDGE ( 'NONE', *, *, #3618, .F. ) ;
#341 = LINE ( 'NONE', #2149, #957 ) ;
#342 = DIRECTION ( 'NONE',  ( -0.9999934538535477646, 0.003618321441284822783, 0.000000000000000000 ) ) ;
#343 = CARTESIAN_POINT ( 'NONE',  ( 2.313657855930875584, 2.817426468871639056, 0.000000000000000000 ) ) ;
#344 = EDGE_CURVE ( 'NONE', #3104, #3070, #2662, .T. ) ;
#345 = CIRCLE ( 'NONE', #2819, 0.7086614173228329427 ) ;
#346 = ORIENTED_EDGE ( 'NONE', *, *, #2906, .T. ) ;
#347 = EDGE_LOOP ( 'NONE', ( #1455, #1854, #2220, #5040 ) ) ;
#348 = ORIENTED_EDGE ( 'NONE', *, *, #1138, .F. ) ;
#349 = PLANE ( 'NONE',  #3560 ) ;
#350 = VECTOR ( 'NONE', #2398, 39.37007874015748143 ) ;
#351 = DIRECTION ( 'NONE',  ( 0.000000000000000000, 0.000000000000000000, 1.000000000000000000 ) ) ;
#352 = CARTESIAN_POINT ( 'NONE',  ( 3.166151998780375010, 2.312730528256720763, -0.9842519685039370358 ) ) ;
#353 = PERSON_AND_ORGANIZATION ( #2281, #778 ) ;
#354 = CARTESIAN_POINT ( 'NONE',  ( 3.789430508301940836, -0.9875893558196664479, -0.9842519685039370358 ) ) ;
#355 = VERTEX_POINT ( 'NONE', #377 ) ;
#356 = CARTESIAN_POINT ( 'NONE',  ( 0.2317451337921577481, -3.909144472380300606, -0.9842519685039370358 ) ) ;
#357 = ORIENTED_EDGE ( 'NONE', *, *, #5297, .T. ) ;
#358 = LINE ( 'NONE', #2670, #4960 ) ;
#359 = ADVANCED_FACE ( 'NONE', ( #5001 ), #404, .F. ) ;
#360 = DIRECTION ( 'NONE',  ( 0.7314407669569621406, 0.6819049819684637193, 0.000000000000000000 ) ) ;
#361 = FACE_OUTER_BOUND ( 'NONE', #4379, .T. ) ;
#362 = EDGE_CURVE ( 'NONE', #1135, #3354, #912, .T. ) ;
#363 = VERTEX_POINT ( 'NONE', #1738 ) ;
#364 = DIRECTION ( 'NONE',  ( 0.000000000000000000, 0.000000000000000000, -1.000000000000000000 ) ) ;
#365 = CARTESIAN_POINT ( 'NONE',  ( 0.7237238462180665133, -3.869916639215543963, -0.9842519685039370358 ) ) ;
#366 = ORIENTED_EDGE ( 'NONE', *, *, #300, .F. ) ;
#367 = EDGE_LOOP ( 'NONE', ( #2997, #2590, #3020, #2153 ) ) ;
#368 = DIRECTION ( 'NONE',  ( 0.000000000000000000, 0.000000000000000000, -1.000000000000000000 ) ) ;
#369 = CARTESIAN_POINT ( 'NONE',  ( -3.886879271373974820, -0.4767450500436498095, -0.9842519685039370358 ) ) ;
#370 = ADVANCED_BREP_SHAPE_REPRESENTATION ( '', ( #4754, #204 ), #476 ) ;
#371 = EDGE_CURVE ( 'NONE', #2961, #3521, #1772, .T. ) ;
#372 = ORIENTED_EDGE ( 'NONE', *, *, #5204, .F. ) ;
#373 = VERTEX_POINT ( 'NONE', #460 ) ;
#374 = ORIENTED_EDGE ( 'NONE', *, *, #4062, .T. ) ;
#375 = LINE ( 'NONE', #709, #5752 ) ;
#376 = CARTESIAN_POINT ( 'NONE',  ( 2.086324520973354080, -3.313965344743833974, 0.000000000000000000 ) ) ;
#377 = CARTESIAN_POINT ( 'NONE',  ( -1.196629132011934882, 3.728698839192857495, -0.9842519685039370358 ) ) ;
#378 = APPROVAL_STATUS ( 'not_yet_approved' ) ;
#379 = PLANE ( 'NONE',  #5099 ) ;
#380 = ORIENTED_EDGE ( 'NONE', *, *, #3126, .T. ) ;
#381 = CARTESIAN_POINT ( 'NONE',  ( -2.520503077421372140, -3.024416511787257011, 0.000000000000000000 ) ) ;
#382 = VERTEX_POINT ( 'NONE', #879 ) ;
#383 = CARTESIAN_POINT ( 'NONE',  ( -3.176712214369994403, 2.325624756304098373, -0.9842519685039370358 ) ) ;
#384 = VECTOR ( 'NONE', #4365, 39.37007874015748143 ) ;
#385 = DIRECTION ( 'NONE',  ( 0.000000000000000000, 0.000000000000000000, -1.000000000000000000 ) ) ;
#386 = FACE_OUTER_BOUND ( 'NONE', #3226, .T. ) ;
#387 = ORIENTED_EDGE ( 'NONE', *, *, #4477, .T. ) ;
#388 = DIRECTION ( 'NONE',  ( 0.7144726796327994789, 0.6996633405133693140, -0.000000000000000000 ) ) ;
#389 = ORGANIZATION ( 'NAUO-ORG1', 'UNSPECIFIED', 'UNSPECIFIED' ) ;
#390 = LINE ( 'NONE', #865, #1277 ) ;
#391 = ORIENTED_EDGE ( 'NONE', *, *, #1309, .T. ) ;
#392 = ORIENTED_EDGE ( 'NONE', *, *, #1205, .T. ) ;
#393 = DIRECTION ( 'NONE',  ( 1.000000000000000000, 0.000000000000000000, 0.000000000000000000 ) ) ;
#394 = FACE_OUTER_BOUND ( 'NONE', #5772, .T. ) ;
#395 = VERTEX_POINT ( 'NONE', #5029 ) ;
#396 = AXIS2_PLACEMENT_3D ( 'NONE', #2096, #5832, #1683 ) ;
#397 = AXIS2_PLACEMENT_3D ( 'NONE', #2846, #2044, #3387 ) ;
#398 = VERTEX_POINT ( 'NONE', #4100 ) ;
#399 = ADVANCED_FACE ( 'NONE', ( #4492 ), #5359, .T. ) ;
#400 = VERTEX_POINT ( 'NONE', #4464 ) ;
#401 = LINE ( 'NONE', #3594, #3719 ) ;
#402 = VECTOR ( 'NONE', #1682, 39.37007874015748143 ) ;
#403 = CARTESIAN_POINT ( 'NONE',  ( 2.957142700102147970, -2.132184708940983331, -0.9842519685039370358 ) ) ;
#404 = PLANE ( 'NONE',  #598 ) ;
#405 = DATE_AND_TIME ( #5391, #1062 ) ;
#406 = ADVANCED_FACE ( 'NONE', ( #1268 ), #486, .T. ) ;
#407 = CARTESIAN_POINT ( 'NONE',  ( -2.755905511811024056, 0.3149606299212595051, 0.9842519685039370358 ) ) ;
#408 = ORIENTED_EDGE ( 'NONE', *, *, #1994, .T. ) ;
#409 = AXIS2_PLACEMENT_3D ( 'NONE', #1824, #3596, #5416 ) ;
#410 = LINE ( 'NONE', #4020, #588 ) ;
#411 = VERTEX_POINT ( 'NONE', #3538 ) ;
#412 = CARTESIAN_POINT ( 'NONE',  ( -2.648531142354117573, -2.505231999194796444, -0.9842519685039370358 ) ) ;
#413 = LINE ( 'NONE', #3576, #2148 ) ;
#414 = EDGE_CURVE ( 'NONE', #2804, #5091, #3087, .T. ) ;
#415 = CARTESIAN_POINT ( 'NONE',  ( 0.2952755905511810774, 3.616083068348483797E-17, 0.9842519685039370358 ) ) ;
#416 = AXIS2_PLACEMENT_3D ( 'NONE', #170, #2357, #4221 ) ;
#417 = EDGE_CURVE ( 'NONE', #1820, #3903, #1794, .T. ) ;
#418 = AXIS2_PLACEMENT_3D ( 'NONE', #213, #3853, #1224 ) ;
#419 = ORIENTED_EDGE ( 'NONE', *, *, #4455, .F. ) ;
#420 = DIRECTION ( 'NONE',  ( 0.000000000000000000, 0.000000000000000000, 1.000000000000000000 ) ) ;
#421 = LINE ( 'NONE', #5018, #511 ) ;
#422 = VECTOR ( 'NONE', #2675, 39.37007874015748854 ) ;
#423 = ORIENTED_EDGE ( 'NONE', *, *, #1846, .T. ) ;
#424 = CARTESIAN_POINT ( 'NONE',  ( 3.883327484294520460, -0.5048603397976748619, -0.9842519685039370358 ) ) ;
#425 = AXIS2_PLACEMENT_3D ( 'NONE', #3549, #4503, #5901 ) ;
#426 = DIRECTION ( 'NONE',  ( 0.000000000000000000, 0.000000000000000000, 1.000000000000000000 ) ) ;
#427 = ORIENTED_EDGE ( 'NONE', *, *, #2704, .T. ) ;
#428 = EDGE_CURVE ( 'NONE', #5035, #268, #850, .T. ) ;
#429 = ORIENTED_EDGE ( 'NONE', *, *, #4223, .F. ) ;
#430 = CIRCLE ( 'NONE', #1105, 1.968503937007874072 ) ;
#431 = VERTEX_POINT ( 'NONE', #2690 ) ;
#432 = LINE ( 'NONE', #2241, #3133 ) ;
#433 = CARTESIAN_POINT ( 'NONE',  ( 0.000000000000000000, 0.000000000000000000, -0.9842519685039370358 ) ) ;
#434 = CARTESIAN_POINT ( 'NONE',  ( -2.321984220630407325, 2.827565790134550561, -0.9842519685039370358 ) ) ;
#435 = CARTESIAN_POINT ( 'NONE',  ( 0.000000000000000000, 0.000000000000000000, -0.9842519685039370358 ) ) ;
#436 = VECTOR ( 'NONE', #686, 39.37007874015748854 ) ;
#437 = CARTESIAN_POINT ( 'NONE',  ( -3.199822720625492334, 1.774224781408688223, 0.000000000000000000 ) ) ;
#438 = ADVANCED_FACE ( 'NONE', ( #4045 ), #5863, .F. ) ;
#439 = VERTEX_POINT ( 'NONE', #434 ) ;
#440 = ADVANCED_FACE ( 'NONE', ( #2243 ), #1352, .T. ) ;
#441 = VECTOR ( 'NONE', #2825, 39.37007874015748143 ) ;
#442 = DIRECTION ( 'NONE',  ( 0.9659258262890633162, -0.2588190451025387251, -0.000000000000000000 ) ) ;
#443 = EDGE_LOOP ( 'NONE', ( #5291, #4675, #4616, #3482 ) ) ;
#444 = CARTESIAN_POINT ( 'NONE',  ( 3.394491399054555991, -1.329786721077409251, -0.9842519685039370358 ) ) ;
#445 = CARTESIAN_POINT ( 'NONE',  ( 3.883327484294520460, -0.5048603397976748619, -0.9842519685039370358 ) ) ;
#446 = ADVANCED_FACE ( 'NONE', ( #5175 ), #968, .T. ) ;
#447 = CARTESIAN_POINT ( 'NONE',  ( -3.641834205707319416, -1.452681862574085159, -0.9842519685039370358 ) ) ;
#448 = ORIENTED_EDGE ( 'NONE', *, *, #3301, .F. ) ;
#449 = DIRECTION ( 'NONE',  ( -0.000000000000000000, -0.000000000000000000, -1.000000000000000000 ) ) ;
#450 = DIRECTION ( 'NONE',  ( 0.000000000000000000, 0.000000000000000000, -1.000000000000000000 ) ) ;
#451 = ORIENTED_EDGE ( 'NONE', *, *, #4192, .T. ) ;
#452 = PLANE ( 'NONE',  #4478 ) ;
#453 = CARTESIAN_POINT ( 'NONE',  ( -3.886879271373974820, -0.4767450500436496985, -0.9842519685039370358 ) ) ;
#454 = ORIENTED_EDGE ( 'NONE', *, *, #2864, .T. ) ;
#455 = ORIENTED_EDGE ( 'NONE', *, *, #253, .T. ) ;
#456 = EDGE_CURVE ( 'NONE', #2843, #4332, #4734, .T. ) ;
#457 = ORIENTED_EDGE ( 'NONE', *, *, #3400, .F. ) ;
#458 = DIRECTION ( 'NONE',  ( 0.000000000000000000, 0.000000000000000000, -1.000000000000000000 ) ) ;
#459 = CARTESIAN_POINT ( 'NONE',  ( -3.883327484294515131, 0.5048603397977036167, -0.9842519685039370358 ) ) ;
#460 = CARTESIAN_POINT ( 'NONE',  ( 1.118029937265952789, -3.483783586529582532, 0.000000000000000000 ) ) ;
#461 = PERSON_AND_ORGANIZATION ( #2281, #778 ) ;
#462 = CARTESIAN_POINT ( 'NONE',  ( 0.2600279630001866016, 3.907365067591684671, -0.9842519685039370358 ) ) ;
#463 = DIRECTION ( 'NONE',  ( 0.7682017939939679296, -0.6402077816650227904, 0.000000000000000000 ) ) ;
#464 = ORIENTED_EDGE ( 'NONE', *, *, #4895, .T. ) ;
#465 = DIRECTION ( 'NONE',  ( 0.000000000000000000, 0.000000000000000000, 1.000000000000000000 ) ) ;
#466 = ORIENTED_EDGE ( 'NONE', *, *, #5130, .T. ) ;
#467 = CARTESIAN_POINT ( 'NONE',  ( -2.967784830495930670, -2.139857990211982752, 0.000000000000000000 ) ) ;
#468 = DIRECTION ( 'NONE',  ( -0.000000000000000000, -0.000000000000000000, -1.000000000000000000 ) ) ;
#469 = DIRECTION ( 'NONE',  ( -0.3055737433196590302, 0.9521684133563826924, 0.000000000000000000 ) ) ;
#470 = ORIENTED_EDGE ( 'NONE', *, *, #3795, .T. ) ;
#471 = EDGE_CURVE ( 'NONE', #2546, #4445, #2779, .T. ) ;
#472 = CARTESIAN_POINT ( 'NONE',  ( -1.114020812259834292, -3.471291144755953795, -0.9842519685039370358 ) ) ;
#473 = CARTESIAN_POINT ( 'NONE',  ( -3.796478068656880200, -0.9601409204825802624, -0.9842519685039370358 ) ) ;
#474 = VECTOR ( 'NONE', #368, 39.37007874015748143 ) ;
#475 = EDGE_LOOP ( 'NONE', ( #2768, #3016, #626, #1776 ) ) ;
#476 =( GEOMETRIC_REPRESENTATION_CONTEXT ( 3 ) GLOBAL_UNCERTAINTY_ASSIGNED_CONTEXT ( ( #2469 ) ) GLOBAL_UNIT_ASSIGNED_CONTEXT ( ( #2699, #4651, #555 ) ) REPRESENTATION_CONTEXT ( 'NONE', 'WORKASPACE' ) );
#477 = CARTESIAN_POINT ( 'NONE',  ( -2.755905511811024056, 0.3149606299212595051, 0.000000000000000000 ) ) ;
#478 = PLANE ( 'NONE',  #1932 ) ;
#479 = CC_DESIGN_DATE_AND_TIME_ASSIGNMENT ( #405, #3960, ( #2080 ) ) ;
#480 = ORIENTED_EDGE ( 'NONE', *, *, #4633, .T. ) ;
#481 = APPROVAL_PERSON_ORGANIZATION ( #3987, #307, #766 ) ;
#482 = VERTEX_POINT ( 'NONE', #2815 ) ;
#483 = SHAPE_REPRESENTATION ( 'Part9', ( #204 ), #476 ) ;
#484 = DIRECTION ( 'NONE',  ( 0.7836934573258433900, -0.6211477802783058610, 0.000000000000000000 ) ) ;
#485 = LINE ( 'NONE', #1823, #4245 ) ;
#486 = PLANE ( 'NONE',  #1172 ) ;
#487 = CALENDAR_DATE ( 2025, 2, 4 ) ;
#488 = PLANE ( 'NONE',  #887 ) ;
#489 = EDGE_CURVE ( 'NONE', #5420, #4266, #3745, .T. ) ;
#490 = CARTESIAN_POINT ( 'NONE',  ( -1.564176084546617274, 3.293062064149653967, -0.9842519685039370358 ) ) ;
#491 = VECTOR ( 'NONE', #684, 39.37007874015748143 ) ;
#492 = ORIENTED_EDGE ( 'NONE', *, *, #1587, .T. ) ;
#493 = EDGE_LOOP ( 'NONE', ( #4516, #2597, #448, #3585 ) ) ;
#494 = LINE ( 'NONE', #5539, #3256 ) ;
#495 = LINE ( 'NONE', #4530, #1078 ) ;
#496 = CARTESIAN_POINT ( 'NONE',  ( -3.645645426253484978, -0.01319120336470889360, -0.9842519685039370358 ) ) ;
#497 = DIRECTION ( 'NONE',  ( 0.7264869440150697466, -0.6871802675976985686, 0.000000000000000000 ) ) ;
#498 = ORIENTED_EDGE ( 'NONE', *, *, #2994, .T. ) ;
#499 = EDGE_CURVE ( 'NONE', #431, #1734, #1506, .T. ) ;
#500 = DIRECTION ( 'NONE',  ( 0.9829588263607494936, 0.1838258569393816932, -0.000000000000000000 ) ) ;
#501 = VERTEX_POINT ( 'NONE', #2356 ) ;
#502 = AXIS2_PLACEMENT_3D ( 'NONE', #4879, #2599, #342 ) ;
#503 = LINE ( 'NONE', #2052, #1956 ) ;
#504 = CARTESIAN_POINT ( 'NONE',  ( -3.640876060795832814, 1.225290167224976745, 0.000000000000000000 ) ) ;
#505 = EDGE_CURVE ( 'NONE', #1041, #1210, #1060, .T. ) ;
#506 = AXIS2_PLACEMENT_3D ( 'NONE', #3023, #5498, #5436 ) ;
#507 = VERTEX_POINT ( 'NONE', #2840 ) ;
#508 = EDGE_CURVE ( 'NONE', #2232, #4086, #517, .T. ) ;
#509 = CARTESIAN_POINT ( 'NONE',  ( -2.507058603133009544, -3.008284141073540141, -0.9842519685039370358 ) ) ;
#510 = CARTESIAN_POINT ( 'NONE',  ( -3.796478068656880200, -0.9601409204825802624, -0.9842519685039370358 ) ) ;
#511 = VECTOR ( 'NONE', #4566, 39.37007874015748854 ) ;
#512 = EDGE_LOOP ( 'NONE', ( #3127, #4647, #5378, #3586 ) ) ;
#513 = ORIENTED_EDGE ( 'NONE', *, *, #2632, .F. ) ;
#514 = AXIS2_PLACEMENT_3D ( 'NONE', #4713, #178, #1927 ) ;
#515 = LINE ( 'NONE', #4519, #767 ) ;
#516 = CARTESIAN_POINT ( 'NONE',  ( 0.2420771438722214564, -3.637623295260771439, -0.9842519685039370358 ) ) ;
#517 = LINE ( 'NONE', #105, #1551 ) ;
#518 = APPROVAL_STATUS ( 'not_yet_approved' ) ;
#519 = ADVANCED_FACE ( 'NONE', ( #4610 ), #3264, .F. ) ;
#520 = CARTESIAN_POINT ( 'NONE',  ( -3.534391290191075008, 0.8938583722439700230, -0.9842519685039370358 ) ) ;
#521 = DIRECTION ( 'NONE',  ( 0.3288666467385841785, -0.9443763702374806668, -0.000000000000000000 ) ) ;
#522 = VECTOR ( 'NONE', #982, 39.37007874015748854 ) ;
#523 = ORIENTED_EDGE ( 'NONE', *, *, #2625, .F. ) ;
#524 = ORIENTED_EDGE ( 'NONE', *, *, #1579, .T. ) ;
#525 = AXIS2_PLACEMENT_3D ( 'NONE', #3167, #967, #1771 ) ;
#526 = CARTESIAN_POINT ( 'NONE',  ( 0.2561938912453230466, -3.912493535560175761, 0.000000000000000000 ) ) ;
#527 = CARTESIAN_POINT ( 'NONE',  ( 3.816837246426632912, 0.9652898188380345523, -0.9842519685039370358 ) ) ;
#528 = DIRECTION ( 'NONE',  ( 0.000000000000000000, 0.000000000000000000, 1.000000000000000000 ) ) ;
#529 = DIRECTION ( 'NONE',  ( -0.5180270093731311754, -0.8553642601605060403, -0.000000000000000000 ) ) ;
#530 = LINE ( 'NONE', #4173, #2700 ) ;
#531 = ORIENTED_EDGE ( 'NONE', *, *, #3800, .F. ) ;
#532 = AXIS2_PLACEMENT_3D ( 'NONE', #2345, #5104, #1904 ) ;
#533 = EDGE_CURVE ( 'NONE', #3739, #316, #1092, .T. ) ;
#534 = LINE ( 'NONE', #2283, #4431 ) ;
#535 = VERTEX_POINT ( 'NONE', #611 ) ;
#536 = FACE_OUTER_BOUND ( 'NONE', #5265, .T. ) ;
#537 = VECTOR ( 'NONE', #2071, 39.37007874015748143 ) ;
#538 = CARTESIAN_POINT ( 'NONE',  ( -0.5213547671928382421, -3.805982618286563035, 0.000000000000000000 ) ) ;
#539 = ORIENTED_EDGE ( 'NONE', *, *, #3115, .T. ) ;
#540 = DIRECTION ( 'NONE',  ( 0.6045991148623788281, -0.7965299180241932619, 0.000000000000000000 ) ) ;
#541 = LINE ( 'NONE', #97, #3166 ) ;
#542 = VERTEX_POINT ( 'NONE', #2868 ) ;
#543 = ORIENTED_EDGE ( 'NONE', *, *, #1456, .T. ) ;
#544 = DIRECTION ( 'NONE',  ( -0.1909343189810061014, -0.9816028147042260565, 0.000000000000000000 ) ) ;
#545 = CARTESIAN_POINT ( 'NONE',  ( -3.264884044942788499, -2.024313873156116550, 0.000000000000000000 ) ) ;
#546 = DIRECTION ( 'NONE',  ( 0.7965299180241933730, 0.6045991148623788281, -0.000000000000000000 ) ) ;
#547 = CALENDAR_DATE ( 2025, 2, 4 ) ;
#548 = EDGE_CURVE ( 'NONE', #1768, #1558, #4220, .T. ) ;
#549 = CARTESIAN_POINT ( 'NONE',  ( 1.815315586753083243, -3.385549261857764947, 0.000000000000000000 ) ) ;
#550 = VERTEX_POINT ( 'NONE', #137 ) ;
#551 = ORIENTED_EDGE ( 'NONE', *, *, #3373, .F. ) ;
#552 = CARTESIAN_POINT ( 'NONE',  ( 3.936982101785621690, -0.01424536000502846754, 0.000000000000000000 ) ) ;
#553 = FACE_OUTER_BOUND ( 'NONE', #1882, .T. ) ;
#554 = DIRECTION ( 'NONE',  ( 0.9999451693655123652, -0.01047178411622601973, -0.000000000000000000 ) ) ;
#555 =( NAMED_UNIT ( * ) SI_UNIT ( $, .STERADIAN. ) SOLID_ANGLE_UNIT ( ) );
#556 = CARTESIAN_POINT ( 'NONE',  ( -2.086324520973327434, 3.313965344743846408, -0.9842519685039370358 ) ) ;
#557 = CARTESIAN_POINT ( 'NONE',  ( -1.223580884155805570, -3.719941684073323707, -0.9842519685039370358 ) ) ;
#558 = ORIENTED_EDGE ( 'NONE', *, *, #827, .F. ) ;
#559 = CARTESIAN_POINT ( 'NONE',  ( 1.680164903353871031, 3.537253484062976572, 0.000000000000000000 ) ) ;
#560 = ORIENTED_EDGE ( 'NONE', *, *, #4952, .T. ) ;
#561 = CARTESIAN_POINT ( 'NONE',  ( 3.166151998780375010, 2.312730528256720763, -0.9842519685039370358 ) ) ;
#562 = FACE_OUTER_BOUND ( 'NONE', #126, .T. ) ;
#563 = EDGE_CURVE ( 'NONE', #4017, #1650, #5531, .T. ) ;
#564 = VERTEX_POINT ( 'NONE', #76 ) ;
#565 = CARTESIAN_POINT ( 'NONE',  ( 0.7477002634827616401, 3.843964181540408198, 0.000000000000000000 ) ) ;
#566 = VECTOR ( 'NONE', #2746, 39.37007874015748143 ) ;
#567 = LINE ( 'NONE', #4213, #2121 ) ;
#568 = EDGE_LOOP ( 'NONE', ( #4573, #3563, #2094, #1500 ) ) ;
#569 = VERTEX_POINT ( 'NONE', #3778 ) ;
#570 = VERTEX_POINT ( 'NONE', #2904 ) ;
#571 = AXIS2_PLACEMENT_3D ( 'NONE', #5523, #2411, #5641 ) ;
#572 = EDGE_CURVE ( 'NONE', #3091, #2040, #2298, .T. ) ;
#573 = LINE ( 'NONE', #2386, #4574 ) ;
#574 = LINE ( 'NONE', #4733, #4528 ) ;
#575 = CARTESIAN_POINT ( 'NONE',  ( -2.755905511811024056, 0.3139174288148154357, 0.9842519685039370358 ) ) ;
#576 = FACE_OUTER_BOUND ( 'NONE', #5545, .T. ) ;
#577 = APPROVAL_PERSON_ORGANIZATION ( #3811, #5880, #3512 ) ;
#578 = VECTOR ( 'NONE', #3306, 39.37007874015748143 ) ;
#579 = VERTEX_POINT ( 'NONE', #4131 ) ;
#580 = EDGE_CURVE ( 'NONE', #5518, #5035, #2420, .T. ) ;
#581 = VERTEX_POINT ( 'NONE', #45 ) ;
#582 = DIRECTION ( 'NONE',  ( 0.9999934538535477646, -0.003618321441277383855, 0.000000000000000000 ) ) ;
#583 = EDGE_CURVE ( 'NONE', #5881, #3728, #169, .T. ) ;
#584 = DIRECTION ( 'NONE',  ( -0.7728146037725522888, -0.6346318524907751391, 0.000000000000000000 ) ) ;
#585 = CARTESIAN_POINT ( 'NONE',  ( -3.915982066072372980, 0.01416937462815733191, -0.9842519685039370358 ) ) ;
#586 = DIRECTION ( 'NONE',  ( 1.000000000000000000, 0.000000000000000000, 0.000000000000000000 ) ) ;
#587 = DIRECTION ( 'NONE',  ( 0.1667687467160955117, 0.9859960370705059818, 0.000000000000000000 ) ) ;
#588 = VECTOR ( 'NONE', #3964, 39.37007874015748143 ) ;
#589 = DIRECTION ( 'NONE',  ( 0.4909037536151247272, 0.8712138111201985780, -0.000000000000000000 ) ) ;
#590 = VERTEX_POINT ( 'NONE', #4641 ) ;
#591 = VECTOR ( 'NONE', #5778, 39.37007874015748143 ) ;
#592 = PRODUCT_RELATED_PRODUCT_CATEGORY ( 'detail', '', ( #186 ) ) ;
#593 = FACE_OUTER_BOUND ( 'NONE', #4707, .T. ) ;
#594 = ORIENTED_EDGE ( 'NONE', *, *, #4715, .T. ) ;
#595 = FACE_OUTER_BOUND ( 'NONE', #5527, .T. ) ;
#596 = EDGE_CURVE ( 'NONE', #4785, #3123, #1858, .T. ) ;
#597 = PLANE ( 'NONE',  #4041 ) ;
#598 = AXIS2_PLACEMENT_3D ( 'NONE', #4550, #5443, #941 ) ;
#599 = VECTOR ( 'NONE', #3293, 39.37007874015748143 ) ;
#600 = ORIENTED_EDGE ( 'NONE', *, *, #5114, .F. ) ;
#601 = CARTESIAN_POINT ( 'NONE',  ( 1.545847799209256745, -3.316186605134837428, -0.9842519685039370358 ) ) ;
#602 = DIRECTION ( 'NONE',  ( 0.000000000000000000, 0.000000000000000000, -1.000000000000000000 ) ) ;
#603 = AXIS2_PLACEMENT_3D ( 'NONE', #5176, #3805, #2931 ) ;
#604 = VERTEX_POINT ( 'NONE', #1532 ) ;
#605 = ORIENTED_EDGE ( 'NONE', *, *, #2994, .F. ) ;
#606 = VECTOR ( 'NONE', #262, 39.37007874015748143 ) ;
#607 = ADVANCED_FACE ( 'NONE', ( #731 ), #1611, .T. ) ;
#608 = LINE ( 'NONE', #3379, #5621 ) ;
#609 = VECTOR ( 'NONE', #5252, 39.37007874015748143 ) ;
#610 = DIRECTION ( 'NONE',  ( -0.9218631515884959660, -0.3875155864521135918, -0.000000000000000000 ) ) ;
#611 = CARTESIAN_POINT ( 'NONE',  ( -2.507058603133009544, -3.008284141073540141, 0.000000000000000000 ) ) ;
#612 = PRODUCT_DEFINITION_SHAPE ( 'NONE', 'NONE',  #5905 ) ;
#613 = LINE ( 'NONE', #4253, #2887 ) ;
#614 = EDGE_CURVE ( 'NONE', #501, #398, #5736, .T. ) ;
#615 = VECTOR ( 'NONE', #1164, 39.37007874015748143 ) ;
#616 = VERTEX_POINT ( 'NONE', #701 ) ;
#617 = ORIENTED_EDGE ( 'NONE', *, *, #1638, .F. ) ;
#618 = LINE ( 'NONE', #4708, #257 ) ;
#619 = CARTESIAN_POINT ( 'NONE',  ( 3.641834205707309646, 1.452681862574111138, -0.9842519685039370358 ) ) ;
#620 = DIRECTION ( 'NONE',  ( 0.000000000000000000, 0.000000000000000000, -1.000000000000000000 ) ) ;
#621 = COORDINATED_UNIVERSAL_TIME_OFFSET ( 7, 0, .BEHIND. ) ;
#622 = AXIS2_PLACEMENT_3D ( 'NONE', #270, #2076, #2050 ) ;
#623 = FACE_OUTER_BOUND ( 'NONE', #3676, .T. ) ;
#624 = EDGE_CURVE ( 'NONE', #339, #2223, #3950, .T. ) ;
#625 = DIRECTION ( 'NONE',  ( 0.4225025492268855154, -0.9063617356755431231, 0.000000000000000000 ) ) ;
#626 = ORIENTED_EDGE ( 'NONE', *, *, #1815, .F. ) ;
#627 = CARTESIAN_POINT ( 'NONE',  ( 3.456866469529193076, 1.884172288275882678, 0.000000000000000000 ) ) ;
#628 = EDGE_LOOP ( 'NONE', ( #793, #3554, #3260, #5160 ) ) ;
#629 = LINE ( 'NONE', #2439, #2332 ) ;
#630 = EDGE_CURVE ( 'NONE', #4425, #727, #3866, .T. ) ;
#631 = LINE ( 'NONE', #1521, #135 ) ;
#632 = AXIS2_PLACEMENT_3D ( 'NONE', #4688, #3218, #1493 ) ;
#633 = VECTOR ( 'NONE', #5337, 39.37007874015748854 ) ;
#634 = ORIENTED_EDGE ( 'NONE', *, *, #2693, .T. ) ;
#635 = CARTESIAN_POINT ( 'NONE',  ( -1.942296803007436123, -3.085188440085347317, 0.000000000000000000 ) ) ;
#636 = PLANE ( 'NONE',  #3459 ) ;
#637 = DIRECTION ( 'NONE',  ( 0.000000000000000000, 0.000000000000000000, 1.000000000000000000 ) ) ;
#638 = ORIENTED_EDGE ( 'NONE', *, *, #471, .T. ) ;
#639 = ORIENTED_EDGE ( 'NONE', *, *, #1103, .F. ) ;
#640 = CARTESIAN_POINT ( 'NONE',  ( -3.424775095144347858, 1.898955465685492117, -0.9842519685039370358 ) ) ;
#641 = DIRECTION ( 'NONE',  ( -0.6346318524907695879, 0.7728146037725568407, 0.000000000000000000 ) ) ;
#642 = DIRECTION ( 'NONE',  ( -0.7682017939939629336, 0.6402077816650285635, 0.000000000000000000 ) ) ;
#643 = PLANE ( 'NONE',  #416 ) ;
#644 = ADVANCED_FACE ( 'NONE', ( #311 ), #5231, .T. ) ;
#645 = ADVANCED_FACE ( 'NONE', ( #668 ), #1206, .F. ) ;
#646 = ORIENTED_EDGE ( 'NONE', *, *, #3870, .T. ) ;
#647 = ORIENTED_EDGE ( 'NONE', *, *, #1082, .T. ) ;
#648 = DIRECTION ( 'NONE',  ( -0.6346318524907695879, 0.7728146037725568407, 0.000000000000000000 ) ) ;
#649 = CARTESIAN_POINT ( 'NONE',  ( 0.9163322455407830747, -3.730636634645134286, 0.000000000000000000 ) ) ;
#650 = LINE ( 'NONE', #527, #3740 ) ;
#651 = COORDINATED_UNIVERSAL_TIME_OFFSET ( 7, 0, .BEHIND. ) ;
#652 = CARTESIAN_POINT ( 'NONE',  ( -1.139111972095397274, 3.463138532724052254, 0.000000000000000000 ) ) ;
#653 = PLANE ( 'NONE',  #5381 ) ;
#654 = ORIENTED_EDGE ( 'NONE', *, *, #1989, .F. ) ;
#655 = CARTESIAN_POINT ( 'NONE',  ( 3.615245126993661628, 0.4700077164874497671, 0.000000000000000000 ) ) ;
#656 = ORIENTED_EDGE ( 'NONE', *, *, #2100, .T. ) ;
#657 = FACE_OUTER_BOUND ( 'NONE', #4737, .T. ) ;
#658 = LINE ( 'NONE', #4328, #4234 ) ;
#659 = EDGE_LOOP ( 'NONE', ( #4371, #4575, #1853, #5632 ) ) ;
#660 = ADVANCED_FACE ( 'NONE', ( #2541 ), #3469, .T. ) ;
#661 = PLANE ( 'NONE',  #3749 ) ;
#662 = DIRECTION ( 'NONE',  ( 0.000000000000000000, 0.000000000000000000, -1.000000000000000000 ) ) ;
#663 = ORIENTED_EDGE ( 'NONE', *, *, #282, .T. ) ;
#664 = EDGE_LOOP ( 'NONE', ( #246, #784, #427, #4636 ) ) ;
#665 = VECTOR ( 'NONE', #2506, 39.37007874015748143 ) ;
#666 = LINE ( 'NONE', #4186, #2086 ) ;
#667 = CC_DESIGN_PERSON_AND_ORGANIZATION_ASSIGNMENT ( #353, #4493, ( #1622 ) ) ;
#668 = FACE_OUTER_BOUND ( 'NONE', #5818, .T. ) ;
#669 = CARTESIAN_POINT ( 'NONE',  ( -1.139111972095397274, 3.463138532724052254, -0.9842519685039370358 ) ) ;
#670 =( REPRESENTATION_RELATIONSHIP ('NONE','NONE', #1484, #5789 ) REPRESENTATION_RELATIONSHIP_WITH_TRANSFORMATION ( #3265 )SHAPE_REPRESENTATION_RELATIONSHIP( ) );
#671 = ADVANCED_FACE ( 'NONE', ( #1645 ), #281, .F. ) ;
#672 = AXIS2_PLACEMENT_3D ( 'NONE', #2540, #5294, #2205 ) ;
#673 = ORIENTED_EDGE ( 'NONE', *, *, #769, .F. ) ;
#674 = EDGE_LOOP ( 'NONE', ( #5225, #785, #1874, #4673 ) ) ;
#675 = CARTESIAN_POINT ( 'NONE',  ( -0.2317451337921310750, 3.909144472380302826, -0.9842519685039370358 ) ) ;
#676 = DIRECTION ( 'NONE',  ( 0.6346318524907751391, -0.7728146037725522888, 0.000000000000000000 ) ) ;
#677 = DIRECTION ( 'NONE',  ( -0.9443763702374807778, -0.3288666467385842340, 0.000000000000000000 ) ) ;
#678 = DIRECTION ( 'NONE',  ( 0.000000000000000000, 0.000000000000000000, 1.000000000000000000 ) ) ;
#679 = VECTOR ( 'NONE', #2806, 39.37007874015748143 ) ;
#680 = LINE ( 'NONE', #4320, #2629 ) ;
#681 = LINE ( 'NONE', #1102, #5759 ) ;
#682 = VERTEX_POINT ( 'NONE', #4821 ) ;
#683 = CC_DESIGN_APPROVAL ( #1975, ( #864 ) ) ;
#684 = DIRECTION ( 'NONE',  ( 0.000000000000000000, 0.000000000000000000, -1.000000000000000000 ) ) ;
#685 = VERTEX_POINT ( 'NONE', #4762 ) ;
#686 = DIRECTION ( 'NONE',  ( -0.5388783372146411788, -0.8423836048266748477, 0.000000000000000000 ) ) ;
#687 = CARTESIAN_POINT ( 'NONE',  ( -3.658765332166196149, 0.01323867571231595458, -0.9842519685039370358 ) ) ;
#688 = ADVANCED_FACE ( 'NONE', ( #2119 ), #3022, .F. ) ;
#689 = VECTOR ( 'NONE', #920, 39.37007874015748143 ) ;
#690 = ORIENTED_EDGE ( 'NONE', *, *, #4477, .F. ) ;
#691 = CARTESIAN_POINT ( 'NONE',  ( -3.809751892482078794, 0.9928854504882345111, 0.000000000000000000 ) ) ;
#692 = EDGE_CURVE ( 'NONE', #53, #5016, #5206, .T. ) ;
#693 = CARTESIAN_POINT ( 'NONE',  ( -3.159767491679426499, 2.313219771552998516, -0.9842519685039370358 ) ) ;
#694 = VECTOR ( 'NONE', #5123, 39.37007874015748143 ) ;
#695 = ORIENTED_EDGE ( 'NONE', *, *, #4103, .T. ) ;
#696 = VECTOR ( 'NONE', #5094, 39.37007874015748854 ) ;
#697 = ADVANCED_FACE ( 'NONE', ( #3049 ), #2451, .T. ) ;
#698 = VERTEX_POINT ( 'NONE', #2958 ) ;
#699 = ADVANCED_FACE ( 'NONE', ( #4280 ), #1562, .F. ) ;
#700 = DIRECTION ( 'NONE',  ( 0.6346318524907751391, -0.7728146037725522888, 0.000000000000000000 ) ) ;
#701 = CARTESIAN_POINT ( 'NONE',  ( 0.6725800753332527027, -3.596439219653314368, 0.000000000000000000 ) ) ;
#702 = CARTESIAN_POINT ( 'NONE',  ( -3.628255628666697596, 0.4716991747334891016, -0.9842519685039370358 ) ) ;
#703 = VECTOR ( 'NONE', #4188, 39.37007874015748854 ) ;
#704 = ORIENTED_EDGE ( 'NONE', *, *, #2325, .F. ) ;
#705 = ORIENTED_EDGE ( 'NONE', *, *, #3026, .T. ) ;
#706 = CIRCLE ( 'NONE', #603, 1.850393700787403617 ) ;
#707 = ADVANCED_FACE ( 'NONE', ( #3832 ), #2930, .T. ) ;
#708 = VERTEX_POINT ( 'NONE', #3917 ) ;
#709 = CARTESIAN_POINT ( 'NONE',  ( 2.666591142528191849, -2.486000052373160685, 0.000000000000000000 ) ) ;
#710 = DIRECTION ( 'NONE',  ( -0.9284384064731642239, 0.3714863730819359389, 0.000000000000000000 ) ) ;
#711 = PLANE ( 'NONE',  #4890 ) ;
#712 = PERSON_AND_ORGANIZATION ( #2281, #778 ) ;
#713 = AXIS2_PLACEMENT_3D ( 'NONE', #5357, #763, #1707 ) ;
#714 = LINE ( 'NONE', #1597, #3880 ) ;
#715 = DIRECTION ( 'NONE',  ( 0.7144726796327994789, 0.6996633405133693140, 0.000000000000000000 ) ) ;
#716 = CIRCLE ( 'NONE', #418, 0.5000000000000000000 ) ;
#717 = ORIENTED_EDGE ( 'NONE', *, *, #1732, .F. ) ;
#718 = AXIS2_PLACEMENT_3D ( 'NONE', #5893, #463, #2188 ) ;
#719 = CARTESIAN_POINT ( 'NONE',  ( 2.658062645101056276, -2.514247798669456024, 0.000000000000000000 ) ) ;
#720 = ORIENTED_EDGE ( 'NONE', *, *, #456, .T. ) ;
#721 = CARTESIAN_POINT ( 'NONE',  ( 1.376679444763072357, -3.586372567140933665, 0.000000000000000000 ) ) ;
#722 = LINE ( 'NONE', #4359, #1371 ) ;
#723 = EDGE_CURVE ( 'NONE', #579, #3630, #4341, .T. ) ;
#724 = ORIENTED_EDGE ( 'NONE', *, *, #1694, .F. ) ;
#725 = AXIS2_PLACEMENT_3D ( 'NONE', #1044, #4627, #1933 ) ;
#726 = DIRECTION ( 'NONE',  ( 0.000000000000000000, 0.000000000000000000, -1.000000000000000000 ) ) ;
#727 = VERTEX_POINT ( 'NONE', #787 ) ;
#728 = ORIENTED_EDGE ( 'NONE', *, *, #2655, .F. ) ;
#729 = CIRCLE ( 'NONE', #4064, 1.850393700787403617 ) ;
#730 = DIRECTION ( 'NONE',  ( 0.7071067811865466846, 8.659560562354922997E-17, -0.7071067811865483499 ) ) ;
#731 = FACE_OUTER_BOUND ( 'NONE', #628, .T. ) ;
#732 = DIRECTION ( 'NONE',  ( -0.7771459614569645735, -0.6293203910498452736, 0.000000000000000000 ) ) ;
#733 = VERTEX_POINT ( 'NONE', #3978 ) ;
#734 = VERTEX_POINT ( 'NONE', #5799 ) ;
#735 = EDGE_CURVE ( 'NONE', #4097, #542, #4428, .T. ) ;
#736 = ORIENTED_EDGE ( 'NONE', *, *, #41, .F. ) ;
#737 = CARTESIAN_POINT ( 'NONE',  ( 3.176712214370010390, -2.325624756304075280, -0.9842519685039370358 ) ) ;
#738 = CARTESIAN_POINT ( 'NONE',  ( -0.7517099172480549152, -3.864578010646560369, 0.000000000000000000 ) ) ;
#739 = PLANE ( 'NONE',  #2498 ) ;
#740 = CALENDAR_DATE ( 2025, 2, 4 ) ;
#741 = DIRECTION ( 'NONE',  ( -0.9659258262890696445, 0.2588190451025155769, -0.000000000000000000 ) ) ;
#742 = CARTESIAN_POINT ( 'NONE',  ( -3.199822720625492334, 1.774224781408688223, -0.9842519685039370358 ) ) ;
#743 = ORIENTED_EDGE ( 'NONE', *, *, #614, .T. ) ;
#744 = CARTESIAN_POINT ( 'NONE',  ( -3.789430508301935951, 0.9875893558196916500, 0.000000000000000000 ) ) ;
#745 = ORIENTED_EDGE ( 'NONE', *, *, #325, .F. ) ;
#746 = DIRECTION ( 'NONE',  ( -0.000000000000000000, -0.000000000000000000, -1.000000000000000000 ) ) ;
#747 = DIRECTION ( 'NONE',  ( -0.08367784333232269889, 0.9964928592495037041, 0.000000000000000000 ) ) ;
#748 = LINE ( 'NONE', #3013, #3463 ) ;
#749 = EDGE_LOOP ( 'NONE', ( #4116, #1714, #815, #1256 ) ) ;
#750 = FACE_OUTER_BOUND ( 'NONE', #5511, .T. ) ;
#751 = ADVANCED_FACE ( 'NONE', ( #5350 ), #1259, .T. ) ;
#752 = CARTESIAN_POINT ( 'NONE',  ( -3.907723239026207995, -0.4793016662150492158, -0.9842519685039370358 ) ) ;
#753 = ORIENTED_EDGE ( 'NONE', *, *, #2041, .T. ) ;
#754 = VERTEX_POINT ( 'NONE', #16 ) ;
#755 = FACE_OUTER_BOUND ( 'NONE', #1582, .T. ) ;
#756 = ADVANCED_FACE ( 'NONE', ( #5505 ), #488, .F. ) ;
#757 = DIRECTION ( 'NONE',  ( 0.000000000000000000, 0.000000000000000000, 1.000000000000000000 ) ) ;
#758 = DIRECTION ( 'NONE',  ( 0.1667687467160955117, 0.9859960370705059818, -0.000000000000000000 ) ) ;
#759 = VERTEX_POINT ( 'NONE', #2331 ) ;
#760 = EDGE_CURVE ( 'NONE', #3801, #5694, #4552, .T. ) ;
#761 = ORIENTED_EDGE ( 'NONE', *, *, #2614, .T. ) ;
#762 = ORIENTED_EDGE ( 'NONE', *, *, #931, .T. ) ;
#763 = DIRECTION ( 'NONE',  ( 0.4632960351198532334, 0.8862035792312191740, -0.000000000000000000 ) ) ;
#764 = CARTESIAN_POINT ( 'NONE',  ( -3.920859670823413357, -0.01002084936996175575, 0.000000000000000000 ) ) ;
#765 = LINE ( 'NONE', #2610, #219 ) ;
#766 = APPROVAL_ROLE ( '' ) ;
#768 = FACE_OUTER_BOUND ( 'NONE', #5810, .T. ) ;
#767 = VECTOR ( 'NONE', #4576, 39.37007874015748143 ) ;
#769 = EDGE_CURVE ( 'NONE', #3955, #3976, #882, .T. ) ;
#770 = ORIENTED_EDGE ( 'NONE', *, *, #548, .T. ) ;
#771 = ADVANCED_FACE ( 'NONE', ( #1002 ), #1827, .F. ) ;
#772 = AXIS2_PLACEMENT_3D ( 'NONE', #3036, #2108, #775 ) ;
#773 = CARTESIAN_POINT ( 'NONE',  ( 1.968503937007874072, 2.410722045565655947E-16, 0.7086614173228346081 ) ) ;
#774 = ORIENTED_EDGE ( 'NONE', *, *, #4854, .F. ) ;
#775 = DIRECTION ( 'NONE',  ( -0.5533915492433513217, 0.8329212407100946569, 0.000000000000000000 ) ) ;
#776 = CARTESIAN_POINT ( 'NONE',  ( 0.5099999999999987876, 0.000000000000000000, 0.7086614173228346081 ) ) ;
#777 = DIRECTION ( 'NONE',  ( -0.9933727656003970008, -0.1149371504928618642, 0.000000000000000000 ) ) ;
#778 = ORGANIZATION ( 'UNSPECIFIED', 'UNSPECIFIED', '' ) ;
#779 = VERTEX_POINT ( 'NONE', #3716 ) ;
#780 = ADVANCED_FACE ( 'NONE', ( #5533 ), #1387, .F. ) ;
#781 = CARTESIAN_POINT ( 'NONE',  ( -3.658765332166194817, 0.01323867571231595111, -0.9842519685039370358 ) ) ;
#782 = DIRECTION ( 'NONE',  ( 0.000000000000000000, 0.000000000000000000, 1.000000000000000000 ) ) ;
#783 = VECTOR ( 'NONE', #2135, 39.37007874015748854 ) ;
#784 = ORIENTED_EDGE ( 'NONE', *, *, #4111, .T. ) ;
#785 = ORIENTED_EDGE ( 'NONE', *, *, #3042, .T. ) ;
#786 = LINE ( 'NONE', #5768, #4386 ) ;
#787 = CARTESIAN_POINT ( 'NONE',  ( -3.176424590560702477, -2.290293241805309243, 0.000000000000000000 ) ) ;
#788 = CARTESIAN_POINT ( 'NONE',  ( -1.114020812259834292, -3.471291144755953795, -0.9842519685039370358 ) ) ;
#789 = VECTOR ( 'NONE', #1099, 39.37007874015748854 ) ;
#790 = ORIENTED_EDGE ( 'NONE', *, *, #2568, .F. ) ;
#791 = ORIENTED_EDGE ( 'NONE', *, *, #1082, .F. ) ;
#792 = ADVANCED_FACE ( 'NONE', ( #1774 ), #970, .F. ) ;
#793 = ORIENTED_EDGE ( 'NONE', *, *, #1462, .T. ) ;
#794 = DIRECTION ( 'NONE',  ( 1.000000000000000000, 0.000000000000000000, 0.000000000000000000 ) ) ;
#795 = VECTOR ( 'NONE', #3231, 39.37007874015748143 ) ;
#796 = CARTESIAN_POINT ( 'NONE',  ( -2.097512746228356484, 3.331736976334054301, 0.000000000000000000 ) ) ;
#797 = LINE ( 'NONE', #3444, #5364 ) ;
#798 = PERSON_AND_ORGANIZATION ( #2281, #778 ) ;
#799 = EDGE_CURVE ( 'NONE', #3525, #411, #4612, .T. ) ;
#800 = CARTESIAN_POINT ( 'NONE',  ( -3.443140960486529956, 1.909138896539981811, -0.9842519685039370358 ) ) ;
#801 = AXIS2_PLACEMENT_3D ( 'NONE', #3322, #5146, #1061 ) ;
#802 = EDGE_LOOP ( 'NONE', ( #3198, #4855 ) ) ;
#803 = CARTESIAN_POINT ( 'NONE',  ( 1.540304569228654330, 3.304295146596698096, 0.000000000000000000 ) ) ;
#804 = ORIENTED_EDGE ( 'NONE', *, *, #253, .F. ) ;
#805 = LINE ( 'NONE', #857, #5720 ) ;
#806 = AXIS2_PLACEMENT_3D ( 'NONE', #1606, #4422, #3523 ) ;
#807 = PLANE ( 'NONE',  #2435 ) ;
#808 = LINE ( 'NONE', #1805, #4143 ) ;
#809 = ORIENTED_EDGE ( 'NONE', *, *, #5431, .F. ) ;
#810 = EDGE_CURVE ( 'NONE', #685, #2799, #4047, .T. ) ;
#811 = DIRECTION ( 'NONE',  ( -0.06640129000382763436, -0.9977929989160213564, 0.000000000000000000 ) ) ;
#812 = LINE ( 'NONE', #752, #3083 ) ;
#813 = VECTOR ( 'NONE', #2926, 39.37007874015748143 ) ;
#814 = ORIENTED_EDGE ( 'NONE', *, *, #5874, .T. ) ;
#815 = ORIENTED_EDGE ( 'NONE', *, *, #596, .T. ) ;
#816 = AXIS2_PLACEMENT_3D ( 'NONE', #4577, #4520, #4044 ) ;
#817 = DIRECTION ( 'NONE',  ( 1.000000000000000000, 0.000000000000000000, 0.000000000000000000 ) ) ;
#818 = CARTESIAN_POINT ( 'NONE',  ( 3.645645426253485422, 0.01319120336473597263, -0.9842519685039370358 ) ) ;
#819 = ORIENTED_EDGE ( 'NONE', *, *, #1877, .T. ) ;
#820 = ORIENTED_EDGE ( 'NONE', *, *, #4389, .T. ) ;
#821 = VERTEX_POINT ( 'NONE', #78 ) ;
#822 = LINE ( 'NONE', #2547, #991 ) ;
#823 = AXIS2_PLACEMENT_3D ( 'NONE', #5312, #5424, #2620 ) ;
#824 = CARTESIAN_POINT ( 'NONE',  ( -0.2361917402197754312, -3.913751964236306335, 0.000000000000000000 ) ) ;
#825 = DIRECTION ( 'NONE',  ( 0.000000000000000000, 0.000000000000000000, 1.000000000000000000 ) ) ;
#826 = DATE_TIME_ROLE ( 'classification_date' ) ;
#827 = EDGE_CURVE ( 'NONE', #4606, #5379, #2245, .T. ) ;
#828 = DIRECTION ( 'NONE',  ( 0.000000000000000000, 0.000000000000000000, 1.000000000000000000 ) ) ;
#829 = EDGE_LOOP ( 'NONE', ( #5647, #4853, #5803, #5795 ) ) ;
#830 = CARTESIAN_POINT ( 'NONE',  ( 3.534391290191080337, -0.8938583722439459311, 0.000000000000000000 ) ) ;
#831 = ORIENTED_EDGE ( 'NONE', *, *, #630, .F. ) ;
#832 = LINE ( 'NONE', #3992, #5344 ) ;
#833 = LINE ( 'NONE', #5399, #5771 ) ;
#834 = CYLINDRICAL_SURFACE ( 'NONE', #4909, 0.7086614173228329427 ) ;
#835 = ORIENTED_EDGE ( 'NONE', *, *, #239, .F. ) ;
#836 = LINE ( 'NONE', #1754, #1389 ) ;
#837 = CARTESIAN_POINT ( 'NONE',  ( 2.658062645101055832, -2.514247798669455580, -0.9842519685039370358 ) ) ;
#838 = EDGE_CURVE ( 'NONE', #2125, #1287, #2028, .T. ) ;
#839 = ORIENTED_EDGE ( 'NONE', *, *, #1138, .T. ) ;
#840 = VERTEX_POINT ( 'NONE', #5417 ) ;
#841 = ADVANCED_FACE ( 'NONE', ( #2725 ), #2750, .T. ) ;
#842 = LINE ( 'NONE', #3223, #1145 ) ;
#843 = CARTESIAN_POINT ( 'NONE',  ( -0.2952755905511810774, 0.000000000000000000, 0.9842519685039370358 ) ) ;
#844 = ORIENTED_EDGE ( 'NONE', *, *, #1913, .T. ) ;
#845 = ORIENTED_EDGE ( 'NONE', *, *, #4389, .F. ) ;
#846 = CC_DESIGN_PERSON_AND_ORGANIZATION_ASSIGNMENT ( #2848, #4711, ( #3433 ) ) ;
#847 = ORIENTED_EDGE ( 'NONE', *, *, #1926, .F. ) ;
#848 = DIRECTION ( 'NONE',  ( -0.9999451693655123652, 0.01047178411622601973, -0.000000000000000000 ) ) ;
#849 = DIRECTION ( 'NONE',  ( 0.000000000000000000, 0.000000000000000000, -1.000000000000000000 ) ) ;
#850 = LINE ( 'NONE', #2215, #4506 ) ;
#851 = PERSON_AND_ORGANIZATION_ROLE ( 'creator' ) ;
#852 = ADVANCED_FACE ( 'NONE', ( #4078 ), #47, .F. ) ;
#853 = PLANE ( 'NONE',  #5857 ) ;
#854 = ORIENTED_EDGE ( 'NONE', *, *, #2360, .F. ) ;
#855 = PLANE ( 'NONE',  #3544 ) ;
#856 = ORIENTED_EDGE ( 'NONE', *, *, #3245, .F. ) ;
#857 = CARTESIAN_POINT ( 'NONE',  ( 0.2614224015898720666, 3.928318893370163600, -0.9842519685039370358 ) ) ;
#858 = VECTOR ( 'NONE', #4699, 39.37007874015748854 ) ;
#859 = LINE ( 'NONE', #330, #64 ) ;
#860 = CARTESIAN_POINT ( 'NONE',  ( -1.689175037307336202, -3.556222531479120263, -0.9842519685039370358 ) ) ;
#861 = AXIS2_PLACEMENT_3D ( 'NONE', #5872, #5814, #3095 ) ;
#862 = ORIENTED_EDGE ( 'NONE', *, *, #5894, .T. ) ;
#863 = FACE_OUTER_BOUND ( 'NONE', #3847, .T. ) ;
#864 = SECURITY_CLASSIFICATION ( '', '', #2299 ) ;
#865 = CARTESIAN_POINT ( 'NONE',  ( 0.5000000000000000000, 0.000000000000000000, -0.9842519685039370358 ) ) ;
#866 = EDGE_CURVE ( 'NONE', #1033, #5026, #1796, .T. ) ;
#867 = EDGE_LOOP ( 'NONE', ( #983, #1450, #917, #3890 ) ) ;
#868 = CARTESIAN_POINT ( 'NONE',  ( -3.646204138890994706, -1.428394795045114352, -0.9842519685039370358 ) ) ;
#869 = AXIS2_PLACEMENT_3D ( 'NONE', #4556, #5510, #3722 ) ;
#870 = EDGE_CURVE ( 'NONE', #3593, #2476, #1861, .T. ) ;
#871 = DIRECTION ( 'NONE',  ( 0.000000000000000000, 0.000000000000000000, 1.000000000000000000 ) ) ;
#872 = EDGE_CURVE ( 'NONE', #4955, #1536, #1354, .T. ) ;
#873 = ORIENTED_EDGE ( 'NONE', *, *, #1228, .T. ) ;
#874 = ORIENTED_EDGE ( 'NONE', *, *, #209, .T. ) ;
#875 = ORIENTED_EDGE ( 'NONE', *, *, #1171, .T. ) ;
#876 = DIRECTION ( 'NONE',  ( -0.000000000000000000, 0.000000000000000000, 1.000000000000000000 ) ) ;
#877 = VECTOR ( 'NONE', #3028, 39.37007874015748143 ) ;
#878 = FACE_OUTER_BOUND ( 'NONE', #4453, .T. ) ;
#879 = CARTESIAN_POINT ( 'NONE',  ( -2.676187639391423900, -2.494946640143706595, -0.9842519685039370358 ) ) ;
#880 = CALENDAR_DATE ( 2025, 2, 4 ) ;
#881 = EDGE_CURVE ( 'NONE', #1558, #2525, #5477, .T. ) ;
#882 = LINE ( 'NONE', #3266, #5371 ) ;
#883 = VECTOR ( 'NONE', #2638, 39.37007874015748143 ) ;
#884 = FACE_OUTER_BOUND ( 'NONE', #3409, .T. ) ;
#885 = ORIENTED_EDGE ( 'NONE', *, *, #4541, .T. ) ;
#886 = EDGE_CURVE ( 'NONE', #4034, #191, #1093, .T. ) ;
#887 = AXIS2_PLACEMENT_3D ( 'NONE', #3598, #3689, #5089 ) ;
#888 = DIRECTION ( 'NONE',  ( 0.000000000000000000, 0.000000000000000000, 1.000000000000000000 ) ) ;
#889 = DIRECTION ( 'NONE',  ( -1.000000000000000000, 0.000000000000000000, 0.000000000000000000 ) ) ;
#890 = DIRECTION ( 'NONE',  ( 0.1838258569393887432, -0.9829588263607481613, 0.000000000000000000 ) ) ;
#891 = CARTESIAN_POINT ( 'NONE',  ( -1.949286717914295419, 3.096291379983274528, 0.000000000000000000 ) ) ;
#892 = PLANE ( 'NONE',  #425 ) ;
#893 = AXIS2_PLACEMENT_3D ( 'NONE', #189, #1467, #3769 ) ;
#894 = VECTOR ( 'NONE', #450, 39.37007874015748143 ) ;
#895 = CARTESIAN_POINT ( 'NONE',  ( 3.658765332166196149, -0.01323867571228875238, -0.9842519685039370358 ) ) ;
#896 = ORIENTED_EDGE ( 'NONE', *, *, #3788, .T. ) ;
#897 = CARTESIAN_POINT ( 'NONE',  ( -2.755905511811024056, 0.3149606299212595051, 0.9842519685039370358 ) ) ;
#898 = LINE ( 'NONE', #837, #894 ) ;
#899 = ADVANCED_FACE ( 'NONE', ( #1590 ), #2009, .T. ) ;
#900 = EDGE_CURVE ( 'NONE', #2250, #2040, #3381, .T. ) ;
#901 = ORIENTED_EDGE ( 'NONE', *, *, #5289, .T. ) ;
#902 = DIRECTION ( 'NONE',  ( 0.05917892698293292925, -0.9982473914822660443, 0.000000000000000000 ) ) ;
#903 = VECTOR ( 'NONE', #1141, 39.37007874015748854 ) ;
#904 = PLANE ( 'NONE',  #5655 ) ;
#905 = ORIENTED_EDGE ( 'NONE', *, *, #4587, .T. ) ;
#906 = VERTEX_POINT ( 'NONE', #2038 ) ;
#907 = ORIENTED_EDGE ( 'NONE', *, *, #1490, .T. ) ;
#908 = VECTOR ( 'NONE', #44, 39.37007874015748143 ) ;
#909 = ORIENTED_EDGE ( 'NONE', *, *, #5082, .T. ) ;
#910 = CARTESIAN_POINT ( 'NONE',  ( -3.631574120736965394, -0.4454306051332429517, -0.9842519685039370358 ) ) ;
#911 = CARTESIAN_POINT ( 'NONE',  ( 0.7477002634827615291, 3.843964181540408198, -0.9842519685039370358 ) ) ;
#912 = LINE ( 'NONE', #5890, #3932 ) ;
#913 = DATE_TIME_ROLE ( 'classification_date' ) ;
#914 = DIRECTION ( 'NONE',  ( 0.000000000000000000, 0.000000000000000000, 1.000000000000000000 ) ) ;
#915 = VECTOR ( 'NONE', #4565, 39.37007874015748143 ) ;
#916 = CARTESIAN_POINT ( 'NONE',  ( 3.199822720625503436, -1.774224781408665574, -0.9842519685039370358 ) ) ;
#917 = ORIENTED_EDGE ( 'NONE', *, *, #870, .T. ) ;
#918 = EDGE_CURVE ( 'NONE', #2223, #3464, #4764, .T. ) ;
#919 = AXIS2_PLACEMENT_3D ( 'NONE', #1070, #3812, #1541 ) ;
#920 = DIRECTION ( 'NONE',  ( 0.000000000000000000, 0.000000000000000000, -1.000000000000000000 ) ) ;
#921 = ORIENTED_EDGE ( 'NONE', *, *, #4496, .F. ) ;
#922 = CARTESIAN_POINT ( 'NONE',  ( 0.000000000000000000, 0.000000000000000000, 0.000000000000000000 ) ) ;
#923 = CARTESIAN_POINT ( 'NONE',  ( 1.964572205751057288, -3.071052039643677567, -0.9842519685039370358 ) ) ;
#924 = CARTESIAN_POINT ( 'NONE',  ( -3.149606299212598604, 0.08661417322834606691, 0.9842519685039370358 ) ) ;
#925 = EDGE_CURVE ( 'NONE', #3066, #3417, #706, .T. ) ;
#926 = CARTESIAN_POINT ( 'NONE',  ( 0.000000000000000000, 0.000000000000000000, 0.7086614173228346081 ) ) ;
#927 = ORIENTED_EDGE ( 'NONE', *, *, #4113, .T. ) ;
#928 = DIRECTION ( 'NONE',  ( -0.8745578039635782952, 0.4849212797211555626, 0.000000000000000000 ) ) ;
#929 = CARTESIAN_POINT ( 'NONE',  ( -0.2561938912452962902, 3.912493535560177982, -0.9842519685039370358 ) ) ;
#930 = ORIENTED_EDGE ( 'NONE', *, *, #866, .F. ) ;
#931 = EDGE_CURVE ( 'NONE', #3976, #3861, #5232, .T. ) ;
#932 = LINE ( 'NONE', #424, #1806 ) ;
#933 = LINE ( 'NONE', #4068, #5085 ) ;
#934 = VERTEX_POINT ( 'NONE', #2480 ) ;
#935 = ORIENTED_EDGE ( 'NONE', *, *, #5536, .T. ) ;
#936 = EDGE_LOOP ( 'NONE', ( #3983, #2393, #55, #5229 ) ) ;
#937 = EDGE_CURVE ( 'NONE', #934, #2546, #5652, .T. ) ;
#938 = ORIENTED_EDGE ( 'NONE', *, *, #2616, .F. ) ;
#939 = DIRECTION ( 'NONE',  ( 0.000000000000000000, 0.000000000000000000, -1.000000000000000000 ) ) ;
#940 = FACE_OUTER_BOUND ( 'NONE', #5367, .T. ) ;
#941 = DIRECTION ( 'NONE',  ( 0.000000000000000000, 0.000000000000000000, 1.000000000000000000 ) ) ;
#942 = CARTESIAN_POINT ( 'NONE',  ( 2.865043435987280951, -2.676708255603842623, -0.9842519685039370358 ) ) ;
#943 = CARTESIAN_POINT ( 'NONE',  ( 3.888686575760350816, 0.5013558528757982025, -0.9842519685039370358 ) ) ;
#944 = EDGE_CURVE ( 'NONE', #1508, #550, #5681, .T. ) ;
#945 = VERTEX_POINT ( 'NONE', #1534 ) ;
#946 = LINE ( 'NONE', #2789, #306 ) ;
#947 = EDGE_LOOP ( 'NONE', ( #4705, #2133, #1438, #1013 ) ) ;
#948 = DIRECTION ( 'NONE',  ( 0.000000000000000000, 0.000000000000000000, -1.000000000000000000 ) ) ;
#949 = ADVANCED_FACE ( 'NONE', ( #2869 ), #643, .T. ) ;
#950 = DIRECTION ( 'NONE',  ( -0.8028174751911081319, 0.5962248749656243740, -0.000000000000000000 ) ) ;
#951 = ORIENTED_EDGE ( 'NONE', *, *, #237, .F. ) ;
#952 = EDGE_CURVE ( 'NONE', #5009, #2122, #1029, .T. ) ;
#953 = LINE ( 'NONE', #2734, #1100 ) ;
#954 = ORIENTED_EDGE ( 'NONE', *, *, #2349, .F. ) ;
#955 = CARTESIAN_POINT ( 'NONE',  ( -3.635771949497371480, 1.454743497743118175, -0.9842519685039370358 ) ) ;
#956 = LINE ( 'NONE', #2650, #2605 ) ;
#957 = VECTOR ( 'NONE', #3500, 39.37007874015748854 ) ;
#958 = ORIENTED_EDGE ( 'NONE', *, *, #3423, .F. ) ;
#959 = EDGE_CURVE ( 'NONE', #1080, #2189, #2905, .T. ) ;
#960 = AXIS2_PLACEMENT_3D ( 'NONE', #5423, #746, #4893 ) ;
#961 = CARTESIAN_POINT ( 'NONE',  ( -2.985425655603052952, -2.417550028198276024, 0.000000000000000000 ) ) ;
#962 = FACE_OUTER_BOUND ( 'NONE', #1418, .T. ) ;
#963 = VERTEX_POINT ( 'NONE', #2421 ) ;
#964 = PLANE ( 'NONE',  #3386 ) ;
#965 = ORIENTED_EDGE ( 'NONE', *, *, #3635, .T. ) ;
#966 = CARTESIAN_POINT ( 'NONE',  ( 2.092440788019375386, 3.315860751651740213, -0.9842519685039370358 ) ) ;
#967 = DIRECTION ( 'NONE',  ( 0.000000000000000000, 0.000000000000000000, 1.000000000000000000 ) ) ;
#968 = PLANE ( 'NONE',  #1831 ) ;
#969 = PERSON_AND_ORGANIZATION_ROLE ( 'classification_officer' ) ;
#970 = PLANE ( 'NONE',  #5555 ) ;
#971 = PLANE ( 'NONE',  #3670 ) ;
#972 = VECTOR ( 'NONE', #4412, 39.37007874015748143 ) ;
#973 = EDGE_CURVE ( 'NONE', #4325, #3542, #4281, .T. ) ;
#974 = VERTEX_POINT ( 'NONE', #3834 ) ;
#975 = ORIENTED_EDGE ( 'NONE', *, *, #3400, .T. ) ;
#976 = CARTESIAN_POINT ( 'NONE',  ( -0.9942598375718394443, -3.710628229743007545, 0.000000000000000000 ) ) ;
#977 = CARTESIAN_POINT ( 'NONE',  ( -3.527830252438397984, -0.9194119271521306036, -0.9842519685039370358 ) ) ;
#978 = CARTESIAN_POINT ( 'NONE',  ( -3.789430508301935951, 0.9875893558196916500, -0.9842519685039370358 ) ) ;
#979 = CARTESIAN_POINT ( 'NONE',  ( -1.376679444762987758, 3.586372567140950540, 0.000000000000000000 ) ) ;
#980 = VECTOR ( 'NONE', #1240, 39.37007874015748143 ) ;
#981 = ORIENTED_EDGE ( 'NONE', *, *, #3504, .F. ) ;
#982 = DIRECTION ( 'NONE',  ( -0.9735789028731627326, 0.2283508701106452543, -0.000000000000000000 ) ) ;
#983 = ORIENTED_EDGE ( 'NONE', *, *, #1672, .F. ) ;
#984 = VECTOR ( 'NONE', #1916, 39.37007874015748854 ) ;
#985 = CARTESIAN_POINT ( 'NONE',  ( -0.2600279630001867126, -3.907365067591686003, 0.000000000000000000 ) ) ;
#986 = DIRECTION ( 'NONE',  ( 0.6921431738703998082, 0.7217602280983690388, -0.000000000000000000 ) ) ;
#987 = VECTOR ( 'NONE', #758, 39.37007874015748854 ) ;
#988 = ORIENTED_EDGE ( 'NONE', *, *, #2817, .F. ) ;
#989 = EDGE_CURVE ( 'NONE', #963, #3886, #1563, .T. ) ;
#990 = CARTESIAN_POINT ( 'NONE',  ( -3.149606299212598604, 0.08661417322834606691, 0.9842519685039370358 ) ) ;
#991 = VECTOR ( 'NONE', #2183, 39.37007874015748143 ) ;
#992 = CARTESIAN_POINT ( 'NONE',  ( -2.097512746228356484, 3.331736976334054301, -0.9842519685039370358 ) ) ;
#993 = VECTOR ( 'NONE', #93, 39.37007874015748854 ) ;
#994 = ORIENTED_EDGE ( 'NONE', *, *, #456, .F. ) ;
#995 = ORIENTED_EDGE ( 'NONE', *, *, #533, .F. ) ;
#996 = ORIENTED_EDGE ( 'NONE', *, *, #4133, .T. ) ;
#997 = VECTOR ( 'NONE', #4896, 39.37007874015748854 ) ;
#998 = DIRECTION ( 'NONE',  ( 0.4067366430757942686, 0.9135454576426035311, 0.000000000000000000 ) ) ;
#999 = DIRECTION ( 'NONE',  ( 0.9997806834748453886, 0.02094241988336053434, -0.000000000000000000 ) ) ;
#1000 = DIRECTION ( 'NONE',  ( 0.8712138111201948032, -0.4909037536151312775, -0.000000000000000000 ) ) ;
#1001 = COORDINATED_UNIVERSAL_TIME_OFFSET ( 7, 0, .BEHIND. ) ;
#1002 = FACE_OUTER_BOUND ( 'NONE', #5254, .T. ) ;
#1003 = VECTOR ( 'NONE', #3335, 39.37007874015748143 ) ;
#1004 = AXIS2_PLACEMENT_3D ( 'NONE', #911, #4130, #4162 ) ;
#1005 = ORIENTED_EDGE ( 'NONE', *, *, #4441, .F. ) ;
#1006 = ORIENTED_EDGE ( 'NONE', *, *, #1496, .F. ) ;
#1007 = AXIS2_PLACEMENT_3D ( 'NONE', #3351, #1476, #195 ) ;
#1008 = DIRECTION ( 'NONE',  ( 0.000000000000000000, 0.000000000000000000, 1.000000000000000000 ) ) ;
#1009 = LINE ( 'NONE', #2824, #1922 ) ;
#1010 = ADVANCED_FACE ( 'NONE', ( #576 ), #224, .T. ) ;
#1011 = LINE ( 'NONE', #5513, #5491 ) ;
#1012 = DIRECTION ( 'NONE',  ( -0.9063617356755432342, -0.4225025492268855709, 0.000000000000000000 ) ) ;
#1013 = ORIENTED_EDGE ( 'NONE', *, *, #5581, .T. ) ;
#1014 = VECTOR ( 'NONE', #2888, 39.37007874015748854 ) ;
#1015 = CARTESIAN_POINT ( 'NONE',  ( 3.264884044942784502, 2.024313873156114330, 0.000000000000000000 ) ) ;
#1016 = EDGE_LOOP ( 'NONE', ( #2615, #3931, #3157, #4869 ) ) ;
#1017 = CARTESIAN_POINT ( 'NONE',  ( -3.406707454805978585, -1.334572341900280179, 0.000000000000000000 ) ) ;
#1018 = VECTOR ( 'NONE', #4057, 39.37007874015748854 ) ;
#1019 = DIRECTION ( 'NONE',  ( 0.9907478404714428200, -0.1357155724343103997, -0.000000000000000000 ) ) ;
#1020 = FACE_OUTER_BOUND ( 'NONE', #936, .T. ) ;
#1021 = LINE ( 'NONE', #5644, #4987 ) ;
#1022 = EDGE_CURVE ( 'NONE', #1470, #1575, #3867, .T. ) ;
#1023 = EDGE_LOOP ( 'NONE', ( #2240, #3062, #558, #3506 ) ) ;
#1024 = ORIENTED_EDGE ( 'NONE', *, *, #362, .F. ) ;
#1025 = ADVANCED_FACE ( 'NONE', ( #5565 ), #1507, .F. ) ;
#1026 = DIRECTION ( 'NONE',  ( 0.4352310993722915966, 0.9003187714022107269, -0.000000000000000000 ) ) ;
#1027 = DIRECTION ( 'NONE',  ( -0.8862035792312191740, 0.4632960351198532889, -0.000000000000000000 ) ) ;
#1028 = DIRECTION ( 'NONE',  ( 0.000000000000000000, 0.000000000000000000, 1.000000000000000000 ) ) ;
#1029 = LINE ( 'NONE', #4189, #5464 ) ;
#1030 = EDGE_CURVE ( 'NONE', #2223, #2804, #613, .T. ) ;
#1031 = ORIENTED_EDGE ( 'NONE', *, *, #1741, .F. ) ;
#1032 = EDGE_CURVE ( 'NONE', #1942, #258, #3436, .T. ) ;
#1033 = VERTEX_POINT ( 'NONE', #4880 ) ;
#1034 = CARTESIAN_POINT ( 'NONE',  ( 3.159767491679445151, -2.313219771552977644, -0.9842519685039370358 ) ) ;
#1035 = CARTESIAN_POINT ( 'NONE',  ( -3.177932213730608968, 2.296516453379957579, -0.9842519685039370358 ) ) ;
#1036 = LINE ( 'NONE', #1983, #3645 ) ;
#1037 = DATE_TIME_ROLE ( 'creation_date' ) ;
#1038 = CARTESIAN_POINT ( 'NONE',  ( 3.438427391718017478, 1.874122030408123418, 0.000000000000000000 ) ) ;
#1039 = CARTESIAN_POINT ( 'NONE',  ( -2.485223221547316896, 3.026347939688987410, -0.9842519685039370358 ) ) ;
#1040 = PRODUCT_DEFINITION_SHAPE ( 'NONE', 'NONE',  #2080 ) ;
#1041 = VERTEX_POINT ( 'NONE', #4851 ) ;
#1042 = LINE ( 'NONE', #2974, #7 ) ;
#1043 = ORIENTED_EDGE ( 'NONE', *, *, #5709, .T. ) ;
#1044 = CARTESIAN_POINT ( 'NONE',  ( -3.816837246426639574, -0.9652898188380080180, -0.9842519685039370358 ) ) ;
#1045 = LINE ( 'NONE', #2856, #5468 ) ;
#1046 = DESIGN_CONTEXT ( 'detailed design', #3608, 'design' ) ;
#1047 = EDGE_CURVE ( 'NONE', #1033, #82, #5800, .T. ) ;
#1048 = ORIENTED_EDGE ( 'NONE', *, *, #1050, .F. ) ;
#1049 = DIRECTION ( 'NONE',  ( 0.000000000000000000, 0.000000000000000000, -1.000000000000000000 ) ) ;
#1050 = EDGE_CURVE ( 'NONE', #4955, #3801, #2120, .T. ) ;
#1051 = VECTOR ( 'NONE', #221, 39.37007874015748143 ) ;
#1052 = PLANE ( 'NONE',  #2503 ) ;
#1053 = ORIENTED_EDGE ( 'NONE', *, *, #1783, .F. ) ;
#1054 = ORIENTED_EDGE ( 'NONE', *, *, #2560, .F. ) ;
#1055 = ORIENTED_EDGE ( 'NONE', *, *, #5426, .F. ) ;
#1056 = AXIS2_PLACEMENT_3D ( 'NONE', #2235, #3106, #5020 ) ;
#1057 = EDGE_CURVE ( 'NONE', #4347, #1118, #4822, .T. ) ;
#1058 = FACE_OUTER_BOUND ( 'NONE', #5250, .T. ) ;
#1059 = LINE ( 'NONE', #2867, #2907 ) ;
#1060 = LINE ( 'NONE', #4669, #703 ) ;
#1061 = DIRECTION ( 'NONE',  ( -1.000000000000000000, 0.000000000000000000, 0.000000000000000000 ) ) ;
#1062 = LOCAL_TIME ( 11, 53, 13.00000000000000000, #1621 ) ;
#1063 = ORIENTED_EDGE ( 'NONE', *, *, #3543, .F. ) ;
#1064 = EDGE_CURVE ( 'NONE', #5402, #2843, #2571, .T. ) ;
#1065 = ORIENTED_EDGE ( 'NONE', *, *, #4805, .T. ) ;
#1066 = LINE ( 'NONE', #5658, #2777 ) ;
#1067 = CARTESIAN_POINT ( 'NONE',  ( -1.968503937007874072, 0.000000000000000000, 0.5905511811023637092 ) ) ;
#1068 = DIRECTION ( 'NONE',  ( 0.9694766605923644809, 0.2451836139848606044, 0.000000000000000000 ) ) ;
#1069 = APPROVAL_STATUS ( 'not_yet_approved' ) ;
#1070 = CARTESIAN_POINT ( 'NONE',  ( -1.230142518461525114, -3.739890424108056166, -0.9842519685039370358 ) ) ;
#1071 = VECTOR ( 'NONE', #1274, 39.37007874015748143 ) ;
#1072 = LINE ( 'NONE', #1425, #5095 ) ;
#1073 = ORIENTED_EDGE ( 'NONE', *, *, #5251, .F. ) ;
#1074 = DIRECTION ( 'NONE',  ( -0.2890317969444720081, -0.9573194975320671318, -0.000000000000000000 ) ) ;
#1075 = ORIENTED_EDGE ( 'NONE', *, *, #2380, .F. ) ;
#1076 = LINE ( 'NONE', #2495, #1014 ) ;
#1077 = DIRECTION ( 'NONE',  ( 0.000000000000000000, 0.000000000000000000, 1.000000000000000000 ) ) ;
#1078 = VECTOR ( 'NONE', #3147, 39.37007874015748143 ) ;
#1079 = VECTOR ( 'NONE', #5503, 39.37007874015748854 ) ;
#1080 = VERTEX_POINT ( 'NONE', #3531 ) ;
#1081 = FACE_OUTER_BOUND ( 'NONE', #2928, .T. ) ;
#1082 = EDGE_CURVE ( 'NONE', #2775, #3404, #5180, .T. ) ;
#1083 = CARTESIAN_POINT ( 'NONE',  ( 1.203046233541992027, -3.748694540773152006, -0.9842519685039370358 ) ) ;
#1084 = ADVANCED_FACE ( 'NONE', ( #5351 ), #2600, .F. ) ;
#1085 = LINE ( 'NONE', #5675, #5384 ) ;
#1086 = AXIS2_PLACEMENT_3D ( 'NONE', #2389, #3779, #138 ) ;
#1087 = ORIENTED_EDGE ( 'NONE', *, *, #1741, .T. ) ;
#1088 = EDGE_LOOP ( 'NONE', ( #5243, #1954, #1236, #3711 ) ) ;
#1089 = LINE ( 'NONE', #194, #4868 ) ;
#1090 = VECTOR ( 'NONE', #5608, 39.37007874015748143 ) ;
#1091 = DIRECTION ( 'NONE',  ( 0.8660254037844397068, 0.4999999999999980016, -0.000000000000000000 ) ) ;
#1092 = LINE ( 'NONE', #575, #1266 ) ;
#1093 = LINE ( 'NONE', #1122, #599 ) ;
#1094 = VECTOR ( 'NONE', #4409, 39.37007874015748854 ) ;
#1095 = ORIENTED_EDGE ( 'NONE', *, *, #1565, .F. ) ;
#1096 = ORIENTED_EDGE ( 'NONE', *, *, #810, .F. ) ;
#1097 = FACE_OUTER_BOUND ( 'NONE', #3895, .T. ) ;
#1098 = DIRECTION ( 'NONE',  ( 0.4290504594760571333, 0.9032805229956992754, 0.000000000000000000 ) ) ;
#1099 = DIRECTION ( 'NONE',  ( -0.6534206039901121477, 0.7569950556517505147, -0.000000000000000000 ) ) ;
#1100 = VECTOR ( 'NONE', #1400, 39.37007874015748854 ) ;
#1101 = CARTESIAN_POINT ( 'NONE',  ( 2.507058603132984675, 3.008284141073557461, -0.9842519685039370358 ) ) ;
#1102 = CARTESIAN_POINT ( 'NONE',  ( 2.844928467317130227, -2.691003219772580390, -0.9842519685039370358 ) ) ;
#1103 = EDGE_CURVE ( 'NONE', #1687, #1911, #3918, .T. ) ;
#1104 = ORIENTED_EDGE ( 'NONE', *, *, #4738, .F. ) ;
#1105 = AXIS2_PLACEMENT_3D ( 'NONE', #304, #2113, #5650 ) ;
#1106 = DIRECTION ( 'NONE',  ( 0.000000000000000000, 0.000000000000000000, -1.000000000000000000 ) ) ;
#1107 = VERTEX_POINT ( 'NONE', #1207 ) ;
#1108 = DIRECTION ( 'NONE',  ( -0.1770847403195838776, 0.9841956079692417703, -0.000000000000000000 ) ) ;
#1109 = LINE ( 'NONE', #4209, #1840 ) ;
#1110 = AXIS2_PLACEMENT_3D ( 'NONE', #2142, #2199, #4956 ) ;
#1111 = APPROVAL ( #1415, 'UNKNOWN' ) ;
#1112 = CIRCLE ( 'NONE', #3490, 0.5099999999999987876 ) ;
#1113 = VERTEX_POINT ( 'NONE', #5706 ) ;
#1114 = ADVANCED_FACE ( 'NONE', ( #1730 ), #3951, .T. ) ;
#1115 = DIRECTION ( 'NONE',  ( -0.9284384064731642239, 0.3714863730819359389, 0.000000000000000000 ) ) ;
#1116 = DIRECTION ( 'NONE',  ( -0.7314407669569671366, -0.6819049819684583902, 0.000000000000000000 ) ) ;
#1117 = ORIENTED_EDGE ( 'NONE', *, *, #3484, .T. ) ;
#1118 = VERTEX_POINT ( 'NONE', #5382 ) ;
#1119 = ADVANCED_FACE ( 'NONE', ( #1176 ), #4004, .T. ) ;
#1120 = LINE ( 'NONE', #1914, #2181 ) ;
#1121 = DIRECTION ( 'NONE',  ( -0.9859960370705049826, 0.1667687467161024784, 0.000000000000000000 ) ) ;
#1122 = CARTESIAN_POINT ( 'NONE',  ( -2.860184818956949648, 2.705434124400408535, 0.000000000000000000 ) ) ;
#1123 = ORIENTED_EDGE ( 'NONE', *, *, #3156, .T. ) ;
#1124 = ORIENTED_EDGE ( 'NONE', *, *, #4638, .T. ) ;
#1125 = LINE ( 'NONE', #675, #4410 ) ;
#1126 = CARTESIAN_POINT ( 'NONE',  ( 1.689175037307311333, 3.556222531479132254, -0.9842519685039370358 ) ) ;
#1127 = FACE_OUTER_BOUND ( 'NONE', #2256, .T. ) ;
#1128 = PERSON_AND_ORGANIZATION ( #2281, #778 ) ;
#1129 = EDGE_CURVE ( 'NONE', #3307, #734, #1612, .T. ) ;
#1130 = DIRECTION ( 'NONE',  ( 0.000000000000000000, 0.000000000000000000, -1.000000000000000000 ) ) ;
#1131 = DIRECTION ( 'NONE',  ( -0.000000000000000000, -0.000000000000000000, -1.000000000000000000 ) ) ;
#1132 = ORIENTED_EDGE ( 'NONE', *, *, #4223, .T. ) ;
#1133 = ADVANCED_FACE ( 'NONE', ( #5261 ), #2510, .F. ) ;
#1134 = LINE ( 'NONE', #2942, #491 ) ;
#1135 = VERTEX_POINT ( 'NONE', #2631 ) ;
#1136 = DIRECTION ( 'NONE',  ( 0.000000000000000000, 0.000000000000000000, 1.000000000000000000 ) ) ;
#1137 = DIRECTION ( 'NONE',  ( 0.000000000000000000, 0.000000000000000000, -1.000000000000000000 ) ) ;
#1138 = EDGE_CURVE ( 'NONE', #3080, #3662, #3470, .T. ) ;
#1139 = ORIENTED_EDGE ( 'NONE', *, *, #5343, .T. ) ;
#1140 = CARTESIAN_POINT ( 'NONE',  ( -1.654523236393733221, 3.549319536645159534, 0.000000000000000000 ) ) ;
#1141 = DIRECTION ( 'NONE',  ( 0.8745578039635817369, -0.4849212797211493453, 0.000000000000000000 ) ) ;
#1142 = VERTEX_POINT ( 'NONE', #5737 ) ;
#1143 = ADVANCED_FACE ( 'NONE', ( #4457 ), #1646, .F. ) ;
#1144 = ORIENTED_EDGE ( 'NONE', *, *, #1333, .F. ) ;
#1145 = VECTOR ( 'NONE', #1374, 39.37007874015748854 ) ;
#1146 = CARTESIAN_POINT ( 'NONE',  ( 3.424775095144363402, -1.898955465685469468, -0.9842519685039370358 ) ) ;
#1147 = DIRECTION ( 'NONE',  ( -0.1217426232186223506, 0.9925617027126568681, 0.000000000000000000 ) ) ;
#1148 = DIRECTION ( 'NONE',  ( -0.9711342799096357448, -0.2385334575785821032, 0.000000000000000000 ) ) ;
#1149 = VECTOR ( 'NONE', #902, 39.37007874015748854 ) ;
#1150 = ORIENTED_EDGE ( 'NONE', *, *, #325, .T. ) ;
#1151 = ORIENTED_EDGE ( 'NONE', *, *, #1568, .T. ) ;
#1152 = LINE ( 'NONE', #1593, #4254 ) ;
#1153 = CARTESIAN_POINT ( 'NONE',  ( 0.7477002634827615291, 3.843964181540408198, -0.9842519685039370358 ) ) ;
#1154 = PLANE ( 'NONE',  #4601 ) ;
#1155 = APPROVAL_ROLE ( '' ) ;
#1156 = LOCAL_TIME ( 11, 53, 13.00000000000000000, #4551 ) ;
#1157 = DIRECTION ( 'NONE',  ( 0.9335804264972069610, 0.3583679495452866126, -0.000000000000000000 ) ) ;
#1158 = DIRECTION ( 'NONE',  ( 0.000000000000000000, 0.000000000000000000, 1.000000000000000000 ) ) ;
#1159 = ADVANCED_FACE ( 'NONE', ( #4792 ), #4342, .T. ) ;
#1160 = ORIENTED_EDGE ( 'NONE', *, *, #3496, .F. ) ;
#1161 = DIRECTION ( 'NONE',  ( 0.000000000000000000, 0.000000000000000000, -1.000000000000000000 ) ) ;
#1162 = ORIENTED_EDGE ( 'NONE', *, *, #22, .T. ) ;
#1163 = CARTESIAN_POINT ( 'NONE',  ( 3.658765332166196149, -0.01323867571228875759, 0.000000000000000000 ) ) ;
#1164 = DIRECTION ( 'NONE',  ( 0.000000000000000000, 0.000000000000000000, -1.000000000000000000 ) ) ;
#1165 = VECTOR ( 'NONE', #442, 39.37007874015748854 ) ;
#1166 = ORIENTED_EDGE ( 'NONE', *, *, #4805, .F. ) ;
#1167 = VECTOR ( 'NONE', #620, 39.37007874015748143 ) ;
#1168 = PLANE ( 'NONE',  #2225 ) ;
#1169 = DIRECTION ( 'NONE',  ( -0.2521929044240053264, -0.9676769806904494953, 0.000000000000000000 ) ) ;
#1170 = EDGE_LOOP ( 'NONE', ( #8, #308, #1160, #1288 ) ) ;
#1171 = EDGE_CURVE ( 'NONE', #3721, #4606, #2771, .T. ) ;
#1172 = AXIS2_PLACEMENT_3D ( 'NONE', #5807, #3625, #1709 ) ;
#1173 = ORIENTED_EDGE ( 'NONE', *, *, #959, .T. ) ;
#1174 = DIRECTION ( 'NONE',  ( 0.000000000000000000, 0.000000000000000000, -1.000000000000000000 ) ) ;
#1175 = DIRECTION ( 'NONE',  ( -0.9218631515884959660, -0.3875155864521135918, 0.000000000000000000 ) ) ;
#1176 = FACE_OUTER_BOUND ( 'NONE', #4698, .T. ) ;
#1177 = AXIS2_PLACEMENT_3D ( 'NONE', #1234, #1677, #3503 ) ;
#1178 = ORIENTED_EDGE ( 'NONE', *, *, #799, .T. ) ;
#1179 = EDGE_LOOP ( 'NONE', ( #4382, #1139, #2635, #5672 ) ) ;
#1180 = VECTOR ( 'NONE', #2561, 39.37007874015748854 ) ;
#1181 = EDGE_LOOP ( 'NONE', ( #2162, #4959, #4275, #3117 ) ) ;
#1182 = FACE_OUTER_BOUND ( 'NONE', #5327, .T. ) ;
#1183 = CARTESIAN_POINT ( 'NONE',  ( 1.942296803007413031, 3.085188440085361083, -0.9842519685039370358 ) ) ;
#1184 = DIRECTION ( 'NONE',  ( -0.5446390350150212001, -0.8386705679454279361, 0.000000000000000000 ) ) ;
#1185 = APPROVAL_STATUS ( 'not_yet_approved' ) ;
#1186 = CARTESIAN_POINT ( 'NONE',  ( 1.654523236393758978, -3.549319536645150208, -0.9842519685039370358 ) ) ;
#1187 = FACE_OUTER_BOUND ( 'NONE', #1892, .T. ) ;
#1188 = VECTOR ( 'NONE', #4979, 39.37007874015748143 ) ;
#1189 = ORIENTED_EDGE ( 'NONE', *, *, #79, .F. ) ;
#1190 = CARTESIAN_POINT ( 'NONE',  ( -1.660353717370619986, -3.551966569229664472, -0.9842519685039370358 ) ) ;
#1191 = ORIENTED_EDGE ( 'NONE', *, *, #5107, .F. ) ;
#1192 = PLANE ( 'NONE',  #5820 ) ;
#1193 = DIRECTION ( 'NONE',  ( 0.9964928592495038151, 0.08367784333232271277, -0.000000000000000000 ) ) ;
#1194 = LINE ( 'NONE', #2053, #5280 ) ;
#1195 = VECTOR ( 'NONE', #1531, 39.37007874015748854 ) ;
#1196 = VERTEX_POINT ( 'NONE', #1406 ) ;
#1197 = DIRECTION ( 'NONE',  ( 0.3055737433196658026, -0.9521684133563803609, 0.000000000000000000 ) ) ;
#1198 = AXIS2_PLACEMENT_3D ( 'NONE', #2257, #3973, #5404 ) ;
#1199 = DIRECTION ( 'NONE',  ( 0.000000000000000000, 0.000000000000000000, -1.000000000000000000 ) ) ;
#1200 = EDGE_CURVE ( 'NONE', #2250, #1508, #5467, .T. ) ;
#1201 = ORIENTED_EDGE ( 'NONE', *, *, #4306, .T. ) ;
#1202 = ORIENTED_EDGE ( 'NONE', *, *, #505, .F. ) ;
#1203 = VECTOR ( 'NONE', #3212, 39.37007874015748854 ) ;
#1204 = CARTESIAN_POINT ( 'NONE',  ( -3.176424590560702477, -2.290293241805309243, -0.9842519685039370358 ) ) ;
#1205 = EDGE_CURVE ( 'NONE', #2908, #4777, #4962, .T. ) ;
#1206 = PLANE ( 'NONE',  #3649 ) ;
#1207 = CARTESIAN_POINT ( 'NONE',  ( 1.118029937265952789, -3.483783586529582532, -0.9842519685039370358 ) ) ;
#1208 = ADVANCED_FACE ( 'NONE', ( #4991 ), #904, .T. ) ;
#1209 = ORIENTED_EDGE ( 'NONE', *, *, #1490, .F. ) ;
#1210 = VERTEX_POINT ( 'NONE', #5855 ) ;
#1211 = ORIENTED_EDGE ( 'NONE', *, *, #3967, .T. ) ;
#1212 = CARTESIAN_POINT ( 'NONE',  ( -3.780812053188506550, -0.6802754607059408043, 0.000000000000000000 ) ) ;
#1213 = DIRECTION ( 'NONE',  ( -0.07323819712762687228, -0.9973144772244584289, 0.000000000000000000 ) ) ;
#1214 = CARTESIAN_POINT ( 'NONE',  ( 2.844928467317130227, -2.691003219772580390, 0.000000000000000000 ) ) ;
#1215 = APPLICATION_PROTOCOL_DEFINITION ( 'international standard', 'config_control_design', 1994, #3296 ) ;
#1216 = LINE ( 'NONE', #206, #4049 ) ;
#1217 = APPROVAL ( #176, 'UNSPECIFIED' ) ;
#1218 = ORIENTED_EDGE ( 'NONE', *, *, #583, .T. ) ;
#1219 = EDGE_CURVE ( 'NONE', #779, #5266, #4036, .T. ) ;
#1220 = CARTESIAN_POINT ( 'NONE',  ( -2.967784830495930670, -2.139857990211983196, -0.9842519685039370358 ) ) ;
#1221 = VERTEX_POINT ( 'NONE', #1317 ) ;
#1222 = PLANE ( 'NONE',  #2375 ) ;
#1223 = DIRECTION ( 'NONE',  ( 0.000000000000000000, 0.000000000000000000, 1.000000000000000000 ) ) ;
#1224 = DIRECTION ( 'NONE',  ( 1.000000000000000000, 0.000000000000000000, 0.000000000000000000 ) ) ;
#1225 = EDGE_LOOP ( 'NONE', ( #3365, #2529, #1791, #523 ) ) ;
#1226 = FACE_OUTER_BOUND ( 'NONE', #2682, .T. ) ;
#1227 = DIRECTION ( 'NONE',  ( 0.8745578039635817369, -0.4849212797211493453, 0.000000000000000000 ) ) ;
#1228 = EDGE_CURVE ( 'NONE', #581, #5383, #2740, .T. ) ;
#1229 = ORIENTED_EDGE ( 'NONE', *, *, #5433, .T. ) ;
#1230 = ORIENTED_EDGE ( 'NONE', *, *, #3418, .F. ) ;
#1231 = EDGE_CURVE ( 'NONE', #5049, #5470, #3647, .T. ) ;
#1232 = LINE ( 'NONE', #4426, #1242 ) ;
#1233 = CARTESIAN_POINT ( 'NONE',  ( -3.907723239026207995, -0.4793016662150492158, -0.9842519685039370358 ) ) ;
#1234 = CARTESIAN_POINT ( 'NONE',  ( 0.000000000000000000, 0.000000000000000000, 0.5905511811023637092 ) ) ;
#1235 = ORIENTED_EDGE ( 'NONE', *, *, #1732, .T. ) ;
#1236 = ORIENTED_EDGE ( 'NONE', *, *, #1767, .F. ) ;
#1237 = EDGE_LOOP ( 'NONE', ( #1566, #2981, #831, #2500 ) ) ;
#1238 = CARTESIAN_POINT ( 'NONE',  ( 2.110251718344210214, 3.298780683556140403, -0.9842519685039370358 ) ) ;
#1239 = CARTESIAN_POINT ( 'NONE',  ( -2.485223221547316896, 3.026347939688987410, 0.000000000000000000 ) ) ;
#1240 = DIRECTION ( 'NONE',  ( 0.05233595624291986770, -0.9986295347545751655, -0.000000000000000000 ) ) ;
#1241 = PERSON_AND_ORGANIZATION ( #2281, #778 ) ;
#1243 = DIRECTION ( 'NONE',  ( -0.8745578039635782952, 0.4849212797211555626, 0.000000000000000000 ) ) ;
#1242 = VECTOR ( 'NONE', #700, 39.37007874015748854 ) ;
#1244 = ORIENTED_EDGE ( 'NONE', *, *, #4546, .T. ) ;
#1245 = EDGE_CURVE ( 'NONE', #3376, #3965, #3590, .T. ) ;
#1246 = DIRECTION ( 'NONE',  ( -0.9892723329629866669, -0.1460830285624227232, 0.000000000000000000 ) ) ;
#1247 = ORIENTED_EDGE ( 'NONE', *, *, #5715, .T. ) ;
#1248 = CARTESIAN_POINT ( 'NONE',  ( 3.920859670823414689, 0.01002084936998859713, -0.9842519685039370358 ) ) ;
#1249 = DIRECTION ( 'NONE',  ( -0.02094241988336797630, 0.9997806834748452776, 0.000000000000000000 ) ) ;
#1250 = CARTESIAN_POINT ( 'NONE',  ( -3.534391290191075008, 0.8938583722439700230, 0.000000000000000000 ) ) ;
#1251 = APPROVAL_PERSON_ORGANIZATION ( #1128, #2259, #1155 ) ;
#1252 = ORIENTED_EDGE ( 'NONE', *, *, #3800, .T. ) ;
#1253 = LINE ( 'NONE', #3072, #4443 ) ;
#1254 = CARTESIAN_POINT ( 'NONE',  ( -3.396960491656511039, 1.359190360663501629, 0.000000000000000000 ) ) ;
#1255 = VECTOR ( 'NONE', #3453, 39.37007874015748143 ) ;
#1256 = ORIENTED_EDGE ( 'NONE', *, *, #5130, .F. ) ;
#1257 = ORIENTED_EDGE ( 'NONE', *, *, #3314, .F. ) ;
#1258 = DIRECTION ( 'NONE',  ( -0.000000000000000000, -0.000000000000000000, -1.000000000000000000 ) ) ;
#1259 = PLANE ( 'NONE',  #502 ) ;
#1260 = DIRECTION ( 'NONE',  ( 0.000000000000000000, 0.000000000000000000, 1.000000000000000000 ) ) ;
#1261 = VECTOR ( 'NONE', #3238, 39.37007874015748854 ) ;
#1262 = ORIENTED_EDGE ( 'NONE', *, *, #1488, .F. ) ;
#1263 = ORIENTED_EDGE ( 'NONE', *, *, #3450, .F. ) ;
#1264 = VERTEX_POINT ( 'NONE', #5410 ) ;
#1265 = CARTESIAN_POINT ( 'NONE',  ( -2.658062645101038957, 2.514247798669475120, -0.9842519685039370358 ) ) ;
#1266 = VECTOR ( 'NONE', #2388, 39.37007874015748143 ) ;
#1267 = DIRECTION ( 'NONE',  ( -0.000000000000000000, -0.000000000000000000, -1.000000000000000000 ) ) ;
#1268 = FACE_OUTER_BOUND ( 'NONE', #1349, .T. ) ;
#1269 = SHAPE_DEFINITION_REPRESENTATION ( #2892, #1484 ) ;
#1270 = DIRECTION ( 'NONE',  ( 0.7217602280983689278, -0.6921431738703996972, -0.000000000000000000 ) ) ;
#1271 = VECTOR ( 'NONE', #2654, 39.37007874015748143 ) ;
#1272 = ORIENTED_EDGE ( 'NONE', *, *, #5516, .F. ) ;
#1273 = VECTOR ( 'NONE', #5388, 39.37007874015748143 ) ;
#1274 = DIRECTION ( 'NONE',  ( -0.2079116908177665590, 0.9781476007338040235, -0.000000000000000000 ) ) ;
#1275 = ORIENTED_EDGE ( 'NONE', *, *, #4731, .F. ) ;
#1276 = CARTESIAN_POINT ( 'NONE',  ( 3.649212047091005662, -1.434047562348421678, -0.9842519685039370358 ) ) ;
#1277 = VECTOR ( 'NONE', #2231, 39.37007874015748143 ) ;
#1278 = CARTESIAN_POINT ( 'NONE',  ( -0.7237238462180387577, 3.869916639215549736, 0.000000000000000000 ) ) ;
#1279 = ADVANCED_FACE ( 'NONE', ( #5525 ), #4937, .F. ) ;
#1280 = CARTESIAN_POINT ( 'NONE',  ( -0.7477002634827877303, -3.843964181540399316, 0.000000000000000000 ) ) ;
#1281 = EDGE_CURVE ( 'NONE', #5324, #191, #4124, .T. ) ;
#1282 = CONICAL_SURFACE ( 'NONE', #2039, 0.5099999999999976774, 0.7853981633974311816 ) ;
#1283 = ORIENTED_EDGE ( 'NONE', *, *, #3765, .F. ) ;
#1284 = CARTESIAN_POINT ( 'NONE',  ( 1.223580884155779813, 3.719941684073334365, 0.000000000000000000 ) ) ;
#1285 = DIRECTION ( 'NONE',  ( 0.8151277957285377740, 0.5792811723427019333, -0.000000000000000000 ) ) ;
#1286 = VECTOR ( 'NONE', #4816, 39.37007874015748143 ) ;
#1287 = VERTEX_POINT ( 'NONE', #843 ) ;
#1288 = ORIENTED_EDGE ( 'NONE', *, *, #1926, .T. ) ;
#1289 = ADVANCED_FACE ( 'NONE', ( #394 ), #478, .T. ) ;
#1290 = FACE_OUTER_BOUND ( 'NONE', #2698, .T. ) ;
#1291 = DIRECTION ( 'NONE',  ( 0.000000000000000000, 0.000000000000000000, 1.000000000000000000 ) ) ;
#1292 = AXIS2_PLACEMENT_3D ( 'NONE', #2831, #3282, #2855 ) ;
#1293 = VERTEX_POINT ( 'NONE', #35 ) ;
#1294 = VERTEX_POINT ( 'NONE', #2236 ) ;
#1295 = ORIENTED_EDGE ( 'NONE', *, *, #2922, .T. ) ;
#1296 = CARTESIAN_POINT ( 'NONE',  ( -2.109362553940015594, 3.305121872449975129, -0.9842519685039370358 ) ) ;
#1297 = AXIS2_PLACEMENT_3D ( 'NONE', #4771, #4231, #587 ) ;
#1298 = CARTESIAN_POINT ( 'NONE',  ( 0.000000000000000000, 0.000000000000000000, 0.6986614173228364866 ) ) ;
#1299 = CARTESIAN_POINT ( 'NONE',  ( 3.891198466669556932, -0.4814721889165516910, -0.9842519685039370358 ) ) ;
#1300 = APPROVAL_ROLE ( '' ) ;
#1301 = CARTESIAN_POINT ( 'NONE',  ( -1.196629132011934882, 3.728698839192857495, -0.9842519685039370358 ) ) ;
#1302 = EDGE_LOOP ( 'NONE', ( #1717, #470, #5471, #2943 ) ) ;
#1303 = EDGE_CURVE ( 'NONE', #5067, #2920, #3224, .T. ) ;
#1304 = DIRECTION ( 'NONE',  ( 0.02094241988336053781, -0.9997806834748454996, 0.000000000000000000 ) ) ;
#1305 = VERTEX_POINT ( 'NONE', #1818 ) ;
#1306 = DIRECTION ( 'NONE',  ( 0.9372819894918924533, -0.3485720473218127391, 0.000000000000000000 ) ) ;
#1307 = FACE_OUTER_BOUND ( 'NONE', #4363, .T. ) ;
#1308 = DIRECTION ( 'NONE',  ( -0.4290504594760634616, -0.9032805229956963888, 0.000000000000000000 ) ) ;
#1309 = EDGE_CURVE ( 'NONE', #1673, #5836, #3680, .T. ) ;
#1310 = VERTEX_POINT ( 'NONE', #3193 ) ;
#1311 = CARTESIAN_POINT ( 'NONE',  ( -3.547110816026485924, -0.8970751792485043286, -0.9842519685039370358 ) ) ;
#1312 = EDGE_CURVE ( 'NONE', #400, #4344, #4513, .T. ) ;
#1313 = LINE ( 'NONE', #2709, #3369 ) ;
#1314 = ORIENTED_EDGE ( 'NONE', *, *, #1410, .F. ) ;
#1315 = EDGE_CURVE ( 'NONE', #1911, #150, #933, .T. ) ;
#1316 = LINE ( 'NONE', #4989, #1149 ) ;
#1317 = CARTESIAN_POINT ( 'NONE',  ( 2.092440788019375386, 3.315860751651740213, 0.000000000000000000 ) ) ;
#1318 = ADVANCED_FACE ( 'NONE', ( #1788, #962 ), #1052, .F. ) ;
#1319 = ORIENTED_EDGE ( 'NONE', *, *, #3952, .F. ) ;
#1320 = ORIENTED_EDGE ( 'NONE', *, *, #4148, .T. ) ;
#1321 = ORIENTED_EDGE ( 'NONE', *, *, #3170, .F. ) ;
#1322 = CARTESIAN_POINT ( 'NONE',  ( 0.7198634713867416712, -3.849274333629758793, -0.9842519685039370358 ) ) ;
#1323 = CARTESIAN_POINT ( 'NONE',  ( -2.507058603133009544, -3.008284141073540141, -0.9842519685039370358 ) ) ;
#1324 = DIRECTION ( 'NONE',  ( -0.000000000000000000, 0.000000000000000000, -1.000000000000000000 ) ) ;
#1325 = PERSON_AND_ORGANIZATION ( #2281, #778 ) ;
#1326 = DIRECTION ( 'NONE',  ( 0.000000000000000000, 0.000000000000000000, -1.000000000000000000 ) ) ;
#1327 = CARTESIAN_POINT ( 'NONE',  ( 2.676187639391406137, 2.494946640143726135, -0.9842519685039370358 ) ) ;
#1328 = ORIENTED_EDGE ( 'NONE', *, *, #1626, .F. ) ;
#1329 = DIRECTION ( 'NONE',  ( -0.8211492091337093679, 0.5707135676844240502, -0.000000000000000000 ) ) ;
#1330 = DIRECTION ( 'NONE',  ( -0.000000000000000000, -0.000000000000000000, -1.000000000000000000 ) ) ;
#1331 = CARTESIAN_POINT ( 'NONE',  ( -2.110251718344233751, -3.298780683556122195, -0.9842519685039370358 ) ) ;
#1332 = AXIS2_PLACEMENT_3D ( 'NONE', #3712, #43, #1856 ) ;
#1333 = EDGE_CURVE ( 'NONE', #1142, #3356, #2472, .T. ) ;
#1334 = CARTESIAN_POINT ( 'NONE',  ( -2.092440788019394926, -3.315860751651725558, -0.9842519685039370358 ) ) ;
#1335 = EDGE_CURVE ( 'NONE', #4034, #4941, #2860, .T. ) ;
#1336 = CARTESIAN_POINT ( 'NONE',  ( 0.5099999999999976774, 6.245698675651472736E-17, -0.9842519685039370358 ) ) ;
#1337 = VERTEX_POINT ( 'NONE', #3345 ) ;
#1338 = FACE_OUTER_BOUND ( 'NONE', #4555, .T. ) ;
#1339 = APPROVAL_PERSON_ORGANIZATION ( #2691, #5774, #1825 ) ;
#1340 = CARTESIAN_POINT ( 'NONE',  ( 0.6985884400706798836, 3.591477858736629170, -0.9842519685039370358 ) ) ;
#1341 = VECTOR ( 'NONE', #4294, 39.37007874015748143 ) ;
#1342 = ORIENTED_EDGE ( 'NONE', *, *, #5100, .F. ) ;
#1343 = DIRECTION ( 'NONE',  ( 0.000000000000000000, 0.000000000000000000, 1.000000000000000000 ) ) ;
#1344 = VECTOR ( 'NONE', #4196, 39.37007874015748143 ) ;
#1345 = DIRECTION ( 'NONE',  ( 0.1770847403196014747, -0.9841956079692386616, -0.000000000000000000 ) ) ;
#1346 = ADVANCED_FACE ( 'NONE', ( #2412 ), #661, .T. ) ;
#1347 = ORIENTED_EDGE ( 'NONE', *, *, #1813, .F. ) ;
#1348 = VERTEX_POINT ( 'NONE', #4246 ) ;
#1349 = EDGE_LOOP ( 'NONE', ( #1782, #4645, #4571, #4191 ) ) ;
#1350 = CARTESIAN_POINT ( 'NONE',  ( -1.230142518461525114, -3.739890424108056166, -0.9842519685039370358 ) ) ;
#1351 = DIRECTION ( 'NONE',  ( 0.000000000000000000, 0.000000000000000000, 1.000000000000000000 ) ) ;
#1352 = PLANE ( 'NONE',  #4984 ) ;
#1353 = CALENDAR_DATE ( 2025, 2, 4 ) ;
#1354 = LINE ( 'NONE', #3171, #5743 ) ;
#1355 = AXIS2_PLACEMENT_3D ( 'NONE', #977, #2338, #5572 ) ;
#1356 = CARTESIAN_POINT ( 'NONE',  ( 2.506971211764428276, -3.014686769648874609, -0.9842519685039370358 ) ) ;
#1357 = CC_DESIGN_PERSON_AND_ORGANIZATION_ASSIGNMENT ( #320, #2129, ( #2080 ) ) ;
#1358 = ORIENTED_EDGE ( 'NONE', *, *, #3980, .F. ) ;
#1359 = DIRECTION ( 'NONE',  ( -0.04187565372919953982, -0.9991228300988583833, 0.000000000000000000 ) ) ;
#1360 = VERTEX_POINT ( 'NONE', #5557 ) ;
#1361 = CARTESIAN_POINT ( 'NONE',  ( 1.971642285115419835, 3.082104105629897006, -0.9842519685039370358 ) ) ;
#1362 = FACE_OUTER_BOUND ( 'NONE', #242, .T. ) ;
#1363 = AXIS2_PLACEMENT_3D ( 'NONE', #5612, #5166, #3825 ) ;
#1364 = EDGE_CURVE ( 'NONE', #1536, #3289, #2030, .T. ) ;
#1365 = VECTOR ( 'NONE', #3165, 39.37007874015748143 ) ;
#1366 = VECTOR ( 'NONE', #5551, 39.37007874015748143 ) ;
#1367 = CARTESIAN_POINT ( 'NONE',  ( -1.203046233541965382, 3.748694540773160444, -0.9842519685039370358 ) ) ;
#1368 = ORIENTED_EDGE ( 'NONE', *, *, #3015, .T. ) ;
#1369 = LINE ( 'NONE', #955, #2054 ) ;
#1370 = LINE ( 'NONE', #5405, #3562 ) ;
#1371 = VECTOR ( 'NONE', #2227, 39.37007874015748143 ) ;
#1372 = EDGE_CURVE ( 'NONE', #4126, #734, #1971, .T. ) ;
#1373 = ORIENTED_EDGE ( 'NONE', *, *, #2178, .F. ) ;
#1374 = DIRECTION ( 'NONE',  ( 0.9284384064731666664, -0.3714863730819297216, 0.000000000000000000 ) ) ;
#1375 = VECTOR ( 'NONE', #4149, 39.37007874015748143 ) ;
#1376 = ADVANCED_FACE ( 'NONE', ( #3858 ), #4756, .T. ) ;
#1377 = DIRECTION ( 'NONE',  ( -0.01047178411624810103, -0.9999451693655121431, 0.000000000000000000 ) ) ;
#1378 = ORIENTED_EDGE ( 'NONE', *, *, #3669, .F. ) ;
#1379 = ORIENTED_EDGE ( 'NONE', *, *, #5733, .F. ) ;
#1380 = VECTOR ( 'NONE', #75, 39.37007874015748854 ) ;
#1381 = EDGE_CURVE ( 'NONE', #2861, #5654, #1437, .T. ) ;
#1382 = ORIENTED_EDGE ( 'NONE', *, *, #3760, .F. ) ;
#1383 = FACE_OUTER_BOUND ( 'NONE', #3177, .T. ) ;
#1384 = PLANE ( 'NONE',  #3868 ) ;
#1385 = LINE ( 'NONE', #1299, #4029 ) ;
#1386 = DATE_AND_TIME ( #3230, #107 ) ;
#1387 = PLANE ( 'NONE',  #2787 ) ;
#1388 = ADVANCED_FACE ( 'NONE', ( #128 ), #636, .T. ) ;
#1389 = VECTOR ( 'NONE', #420, 39.37007874015748143 ) ;
#1390 = CARTESIAN_POINT ( 'NONE',  ( 3.789430508301940836, -0.9875893558196664479, -0.9842519685039370358 ) ) ;
#1391 = ORIENTED_EDGE ( 'NONE', *, *, #3817, .F. ) ;
#1392 = AXIS2_PLACEMENT_3D ( 'NONE', #2109, #3937, #4502 ) ;
#1393 = DIRECTION ( 'NONE',  ( -0.9003187714022109489, 0.4352310993722917076, 0.000000000000000000 ) ) ;
#1394 = ORIENTED_EDGE ( 'NONE', *, *, #5604, .T. ) ;
#1395 = CARTESIAN_POINT ( 'NONE',  ( 0.000000000000000000, 0.000000000000000000, 0.000000000000000000 ) ) ;
#1396 = CARTESIAN_POINT ( 'NONE',  ( -2.491528817477570712, -3.027461829221038681, -0.9842519685039370358 ) ) ;
#1397 = FACE_OUTER_BOUND ( 'NONE', #4127, .T. ) ;
#1398 = ADVANCED_FACE ( 'NONE', ( #3257 ), #5111, .T. ) ;
#1399 = VERTEX_POINT ( 'NONE', #1998 ) ;
#1400 = DIRECTION ( 'NONE',  ( 0.7144726796327994789, 0.6996633405133693140, -0.000000000000000000 ) ) ;
#1401 = ORIENTED_EDGE ( 'NONE', *, *, #5292, .T. ) ;
#1402 = DIRECTION ( 'NONE',  ( -0.6211477802783114122, -0.7836934573258389491, -0.000000000000000000 ) ) ;
#1403 = LINE ( 'NONE', #4933, #329 ) ;
#1404 = ORIENTED_EDGE ( 'NONE', *, *, #73, .F. ) ;
#1405 = DIRECTION ( 'NONE',  ( 0.000000000000000000, 0.000000000000000000, 1.000000000000000000 ) ) ;
#1406 = CARTESIAN_POINT ( 'NONE',  ( -1.949286717914295419, 3.096291379983274528, -0.9842519685039370358 ) ) ;
#1407 = EDGE_CURVE ( 'NONE', #4663, #3965, #1021, .T. ) ;
#1408 = ADVANCED_FACE ( 'NONE', ( #3372 ), #5199, .T. ) ;
#1409 = ORIENTED_EDGE ( 'NONE', *, *, #4282, .T. ) ;
#1410 = EDGE_CURVE ( 'NONE', #1196, #431, #5078, .T. ) ;
#1411 = VERTEX_POINT ( 'NONE', #2834 ) ;
#1412 = CARTESIAN_POINT ( 'NONE',  ( 1.949286717914318734, -3.096291379983260317, 0.000000000000000000 ) ) ;
#1413 = CARTESIAN_POINT ( 'NONE',  ( 0.7248524868474197635, 3.853288186474339128, -0.9842519685039370358 ) ) ;
#1414 = DIRECTION ( 'NONE',  ( -0.05917892698292611525, 0.9982473914822664884, 0.000000000000000000 ) ) ;
#1415 = APPROVAL_STATUS ( 'not_yet_approved' ) ;
#1416 = CARTESIAN_POINT ( 'NONE',  ( -3.394491399054546665, 1.329786721077433009, -0.9842519685039370358 ) ) ;
#1417 = LINE ( 'NONE', #2897, #813 ) ;
#1418 = EDGE_LOOP ( 'NONE', ( #4835, #2538, #277, #3684, #1218, #5234, #3806, #1995, #5092, #3108, #3546, #21, #4874, #753, #2934, #4889, #2077, #1789, #938, #2504, #2239, #2434, #705, #2066, #2673, #3084, #2641, #954, #4154, #5549, #4847, #3683, #5098, #4935, #1809, #5346, #4299, #2454, #4357, #951, #2090, #3341, #1430, #451, #2606, #3946, #2304, #1054, #2717, #5691, #1698, #5578, #2334, #1263, #5171, #2651, #3905, #2954, #1117, #11, #2648, #4461, #5595, #1202, #4900, #2081, #62, #3460, #1704, #4852, #3024, #1527, #5413, #1919, #4066, #2302, #4487, #131, #164, #1162, #3672, #1358, #2728, #1537, #327, #5813, #4864, #3025, #5603, #4094, #2402, #4966, #728, #72, #814, #3982, #141, #3297, #1545, #3610, #1132, #3975, #2415, #5703, #1878, #2795, #1043, #4411, #1617, #346, #5141, #845, #3561, #5387, #314, #594, #3956, #5840, #4925, #551, #3622, #4276, #3705, #5496, #4459, #5606, #1952, #3652, #5045, #59, #3559, #4921, #5728, #1244, #1314, #4206, #2898, #4040, #2342, #121, #1695, #1980, #4883, #5449, #1283, #5061, #994, #4934, #1235, #3695 ) ) ;
#1419 = DIMENSIONAL_EXPONENTS ( 1.000000000000000000, 0.000000000000000000, 0.000000000000000000, 0.000000000000000000, 0.000000000000000000, 0.000000000000000000, 0.000000000000000000 ) ;
#1420 = ORIENTED_EDGE ( 'NONE', *, *, #4346, .T. ) ;
#1421 = LINE ( 'NONE', #2337, #2489 ) ;
#1422 = DIRECTION ( 'NONE',  ( -0.5962248749656052782, -0.8028174751911224538, 0.000000000000000000 ) ) ;
#1423 =( CONVERSION_BASED_UNIT ( 'INCH', #1834 ) LENGTH_UNIT ( ) NAMED_UNIT ( #1419 ) );
#1424 = FACE_OUTER_BOUND ( 'NONE', #1766, .T. ) ;
#1425 = CARTESIAN_POINT ( 'NONE',  ( 2.121568256750530956, 3.316470885144405578, 0.000000000000000000 ) ) ;
#1426 = EDGE_CURVE ( 'NONE', #5654, #2745, #541, .T. ) ;
#1427 = ORIENTED_EDGE ( 'NONE', *, *, #1407, .T. ) ;
#1428 = VECTOR ( 'NONE', #848, 39.37007874015748143 ) ;
#1429 = CYLINDRICAL_SURFACE ( 'NONE', #2134, 1.968503937007874072 ) ;
#1430 = ORIENTED_EDGE ( 'NONE', *, *, #4638, .F. ) ;
#1431 = DIRECTION ( 'NONE',  ( 0.9892723329629875550, 0.1460830285624158120, -0.000000000000000000 ) ) ;
#1432 = CARTESIAN_POINT ( 'NONE',  ( -2.110251718344233751, -3.298780683556122195, -0.9842519685039370358 ) ) ;
#1433 = VECTOR ( 'NONE', #3707, 39.37007874015748143 ) ;
#1434 = ORIENTED_EDGE ( 'NONE', *, *, #937, .T. ) ;
#1435 = VECTOR ( 'NONE', #4067, 39.37007874015748143 ) ;
#1436 = DIRECTION ( 'NONE',  ( -0.1770847403196014747, 0.9841956079692386616, -0.000000000000000000 ) ) ;
#1437 = LINE ( 'NONE', #2895, #5274 ) ;
#1438 = ORIENTED_EDGE ( 'NONE', *, *, #1693, .F. ) ;
#1439 = LOCAL_TIME ( 11, 53, 13.00000000000000000, #4971 ) ;
#1440 = ORIENTED_EDGE ( 'NONE', *, *, #624, .T. ) ;
#1441 = EDGE_CURVE ( 'NONE', #482, #4486, #3737, .T. ) ;
#1442 = DIRECTION ( 'NONE',  ( 0.9676769806904494953, -0.2521929044240053819, 0.000000000000000000 ) ) ;
#1443 = DIRECTION ( 'NONE',  ( -1.000000000000000000, 0.000000000000000000, 0.000000000000000000 ) ) ;
#1444 = CARTESIAN_POINT ( 'NONE',  ( -0.2329879015075837501, 3.930107840481365411, -0.9842519685039370358 ) ) ;
#1445 = ITEM_DEFINED_TRANSFORMATION ( 'NONE', 'NONE', #102,  #204 ) ;
#1446 = DIRECTION ( 'NONE',  ( 0.000000000000000000, 0.000000000000000000, 1.000000000000000000 ) ) ;
#1447 = VECTOR ( 'NONE', #4829, 39.37007874015748143 ) ;
#1448 = VECTOR ( 'NONE', #5686, 39.37007874015748854 ) ;
#1449 = ORIENTED_EDGE ( 'NONE', *, *, #2252, .F. ) ;
#1450 = ORIENTED_EDGE ( 'NONE', *, *, #98, .T. ) ;
#1451 = CARTESIAN_POINT ( 'NONE',  ( 3.440703102058751295, -1.880107214813790950, -0.9842519685039370358 ) ) ;
#1452 = LINE ( 'NONE', #1512, #2591 ) ;
#1453 = CARTESIAN_POINT ( 'NONE',  ( -3.800170738207018672, 0.9653721231663575653, -0.9842519685039370358 ) ) ;
#1454 = DIRECTION ( 'NONE',  ( 0.6534206039901068186, -0.7569950556517552887, -0.000000000000000000 ) ) ;
#1455 = ORIENTED_EDGE ( 'NONE', *, *, #1441, .F. ) ;
#1456 = EDGE_CURVE ( 'NONE', #5640, #3662, #567, .T. ) ;
#1457 = LINE ( 'NONE', #3671, #2705 ) ;
#1458 = VERTEX_POINT ( 'NONE', #3974 ) ;
#1459 = VECTOR ( 'NONE', #4701, 39.37007874015747433 ) ;
#1460 = PLANE ( 'NONE',  #1292 ) ;
#1461 = LINE ( 'NONE', #3794, #5567 ) ;
#1462 = EDGE_CURVE ( 'NONE', #5016, #5049, #812, .T. ) ;
#1463 = VECTOR ( 'NONE', #602, 39.37007874015748143 ) ;
#1464 = ORIENTED_EDGE ( 'NONE', *, *, #5509, .T. ) ;
#1465 = LINE ( 'NONE', #5137, #679 ) ;
#1466 = VECTOR ( 'NONE', #458, 39.37007874015748143 ) ;
#1467 = DIRECTION ( 'NONE',  ( 0.2451836139848606877, -0.9694766605923645919, 0.000000000000000000 ) ) ;
#1468 = AXIS2_PLACEMENT_3D ( 'NONE', #2832, #4241, #1077 ) ;
#1469 = CC_DESIGN_PERSON_AND_ORGANIZATION_ASSIGNMENT ( #4831, #851, ( #1622 ) ) ;
#1470 = VERTEX_POINT ( 'NONE', #4872 ) ;
#1471 = EDGE_CURVE ( 'NONE', #5507, #2657, #2564, .T. ) ;
#1472 = ORIENTED_EDGE ( 'NONE', *, *, #3795, .F. ) ;
#1473 = ORIENTED_EDGE ( 'NONE', *, *, #5699, .T. ) ;
#1474 = VECTOR ( 'NONE', #1270, 39.37007874015748854 ) ;
#1475 = CARTESIAN_POINT ( 'NONE',  ( 1.203046233541992027, -3.748694540773152006, -0.9842519685039370358 ) ) ;
#1476 = DIRECTION ( 'NONE',  ( 0.9477684100095957742, -0.3189593092980401168, 0.000000000000000000 ) ) ;
#1477 = DIRECTION ( 'NONE',  ( 0.1149371504928517473, -0.9933727656003982220, 0.000000000000000000 ) ) ;
#1478 = DIRECTION ( 'NONE',  ( -0.5707135676844298233, -0.8211492091337053711, 0.000000000000000000 ) ) ;
#1479 = ORIENTED_EDGE ( 'NONE', *, *, #3952, .T. ) ;
#1480 = ORIENTED_EDGE ( 'NONE', *, *, #2947, .T. ) ;
#1481 = CARTESIAN_POINT ( 'NONE',  ( -2.225323117522772343, 3.131333822286098911, 0.000000000000000000 ) ) ;
#1482 = VECTOR ( 'NONE', #2977, 39.37007874015748143 ) ;
#1483 = FACE_OUTER_BOUND ( 'NONE', #109, .T. ) ;
#1484 = SHAPE_REPRESENTATION ( '3D Modeling Practice , SolidWorks tutorial , How to create a 3D model of a pawl', ( #5057, #2664, #102 ), #3533 ) ;
#1485 = LINE ( 'NONE', #3273, #696 ) ;
#1486 = FACE_OUTER_BOUND ( 'NONE', #659, .T. ) ;
#1487 = DIRECTION ( 'NONE',  ( -0.9964928592495043702, -0.08367784333231571836, 0.000000000000000000 ) ) ;
#1488 = EDGE_CURVE ( 'NONE', #4593, #4160, #2593, .T. ) ;
#1489 = ORIENTED_EDGE ( 'NONE', *, *, #4820, .T. ) ;
#1490 = EDGE_CURVE ( 'NONE', #4433, #507, #337, .T. ) ;
#1491 = CARTESIAN_POINT ( 'NONE',  ( -0.7237238462180387577, 3.869916639215549736, -0.9842519685039370358 ) ) ;
#1492 = ORIENTED_EDGE ( 'NONE', *, *, #2548, .F. ) ;
#1493 = DIRECTION ( 'NONE',  ( 0.000000000000000000, 0.000000000000000000, 1.000000000000000000 ) ) ;
#1494 = DIRECTION ( 'NONE',  ( 0.9631625667976569938, 0.2689198206152699777, 0.000000000000000000 ) ) ;
#1495 = EDGE_CURVE ( 'NONE', #570, #3131, #5345, .T. ) ;
#1496 = EDGE_CURVE ( 'NONE', #3651, #363, #5287, .T. ) ;
#1497 = ORIENTED_EDGE ( 'NONE', *, *, #4836, .F. ) ;
#1498 = LINE ( 'NONE', #3455, #3628 ) ;
#1499 = DIRECTION ( 'NONE',  ( -0.5533915492433514327, 0.8329212407100946569, -0.000000000000000000 ) ) ;
#1500 = ORIENTED_EDGE ( 'NONE', *, *, #1544, .F. ) ;
#1501 = ORIENTED_EDGE ( 'NONE', *, *, #1200, .F. ) ;
#1502 = EDGE_CURVE ( 'NONE', #3235, #4388, #2058, .T. ) ;
#1503 = ORIENTED_EDGE ( 'NONE', *, *, #2857, .F. ) ;
#1504 = DIRECTION ( 'NONE',  ( -0.3124561996892274429, -0.9499321677234461303, 0.000000000000000000 ) ) ;
#1505 = CARTESIAN_POINT ( 'NONE',  ( 3.193458639419117340, 2.302575279633958250, -0.9842519685039370358 ) ) ;
#1506 = LINE ( 'NONE', #4163, #5653 ) ;
#1507 = CYLINDRICAL_SURFACE ( 'NONE', #801, 0.2952755905511810774 ) ;
#1508 = VERTEX_POINT ( 'NONE', #3887 ) ;
#1509 = ORIENTED_EDGE ( 'NONE', *, *, #5418, .F. ) ;
#1510 = DIRECTION ( 'NONE',  ( 0.1217426232186295254, -0.9925617027126559799, 0.000000000000000000 ) ) ;
#1511 = LINE ( 'NONE', #3328, #1344 ) ;
#1512 = CARTESIAN_POINT ( 'NONE',  ( -3.907723239026207995, -0.4793016662150492158, 0.000000000000000000 ) ) ;
#1513 = DIRECTION ( 'NONE',  ( 0.000000000000000000, -1.000000000000000000, 0.000000000000000000 ) ) ;
#1514 = CARTESIAN_POINT ( 'NONE',  ( -0.5099999999999987876, 6.245698675651486294E-17, 0.7086614173228346081 ) ) ;
#1515 = ORIENTED_EDGE ( 'NONE', *, *, #1057, .F. ) ;
#1516 = ADVANCED_FACE ( 'NONE', ( #4452 ), #2626, .T. ) ;
#1517 = CARTESIAN_POINT ( 'NONE',  ( 1.114020812259810311, 3.471291144755961788, -0.9842519685039370358 ) ) ;
#1518 = VERTEX_POINT ( 'NONE', #3944 ) ;
#1519 = ADVANCED_FACE ( 'NONE', ( #3462 ), #5318, .F. ) ;
#1520 = PLANE ( 'NONE',  #1862 ) ;
#1521 = CARTESIAN_POINT ( 'NONE',  ( 1.202081876751644351, 3.732055752168879525, -0.9842519685039370358 ) ) ;
#1522 = EDGE_LOOP ( 'NONE', ( #2543, #4586, #4967, #5480 ) ) ;
#1523 = CARTESIAN_POINT ( 'NONE',  ( -2.110251718344233751, -3.298780683556122195, 0.000000000000000000 ) ) ;
#1524 = VECTOR ( 'NONE', #730, 39.37007874015748143 ) ;
#1525 = DIRECTION ( 'NONE',  ( 1.000000000000000000, 0.000000000000000000, -0.000000000000000000 ) ) ;
#1526 = LINE ( 'NONE', #2445, #4147 ) ;
#1527 = ORIENTED_EDGE ( 'NONE', *, *, #4877, .F. ) ;
#1528 = EDGE_LOOP ( 'NONE', ( #2962, #5583, #3333, #513 ) ) ;
#1529 = AXIS2_PLACEMENT_3D ( 'NONE', #188, #1996, #3824 ) ;
#1530 = LINE ( 'NONE', #1560, #3234 ) ;
#1531 = DIRECTION ( 'NONE',  ( 0.7314407669569621406, 0.6819049819684637193, 0.000000000000000000 ) ) ;
#1532 = CARTESIAN_POINT ( 'NONE',  ( -0.2361917402197754312, -3.913751964236306335, -0.9842519685039370358 ) ) ;
#1533 = EDGE_CURVE ( 'NONE', #3542, #5356, #3428, .T. ) ;
#1534 = CARTESIAN_POINT ( 'NONE',  ( -1.196629132011934882, 3.728698839192857495, 0.000000000000000000 ) ) ;
#1535 = PRODUCT_DEFINITION_FORMATION_WITH_SPECIFIED_SOURCE ( 'ANY', '', #2462, .NOT_KNOWN. ) ;
#1536 = VERTEX_POINT ( 'NONE', #1254 ) ;
#1537 = ORIENTED_EDGE ( 'NONE', *, *, #2146, .F. ) ;
#1538 = DIRECTION ( 'NONE',  ( -0.8423836048266748477, 0.5388783372146411788, 0.000000000000000000 ) ) ;
#1539 = CARTESIAN_POINT ( 'NONE',  ( -0.7237238462180387577, 3.869916639215549736, -0.9842519685039370358 ) ) ;
#1540 = CARTESIAN_POINT ( 'NONE',  ( -0.04022762069291083847, -3.841314387355930116, 0.000000000000000000 ) ) ;
#1541 = DIRECTION ( 'NONE',  ( -0.3124561996892273874, -0.9499321677234461303, 0.000000000000000000 ) ) ;
#1542 = VECTOR ( 'NONE', #1546, 39.37007874015748143 ) ;
#1543 = CARTESIAN_POINT ( 'NONE',  ( -3.431047940055543588, -1.897669889299034462, 0.000000000000000000 ) ) ;
#1544 = EDGE_CURVE ( 'NONE', #5033, #1558, #2171, .T. ) ;
#1545 = ORIENTED_EDGE ( 'NONE', *, *, #2744, .F. ) ;
#1546 = DIRECTION ( 'NONE',  ( 0.6454576877239869281, 0.7637960286346113792, -0.000000000000000000 ) ) ;
#1547 = EDGE_LOOP ( 'NONE', ( #3882, #2266, #1585, #1378 ) ) ;
#1548 = DIRECTION ( 'NONE',  ( -0.5446390350150414061, -0.8386705679454147244, 0.000000000000000000 ) ) ;
#1549 = DIRECTION ( 'NONE',  ( -0.000000000000000000, 0.000000000000000000, -1.000000000000000000 ) ) ;
#1550 = VECTOR ( 'NONE', #5238, 39.37007874015748143 ) ;
#1551 = VECTOR ( 'NONE', #2329, 39.37007874015748854 ) ;
#1552 = VERTEX_POINT ( 'NONE', #4813 ) ;
#1553 = DIRECTION ( 'NONE',  ( 0.9311023923972463479, 0.3647579126929589299, 0.000000000000000000 ) ) ;
#1554 = EDGE_CURVE ( 'NONE', #1928, #1820, #5674, .T. ) ;
#1555 = DIRECTION ( 'NONE',  ( 0.9997806834748453886, 0.02094241988336053434, -0.000000000000000000 ) ) ;
#1556 = AXIS2_PLACEMENT_3D ( 'NONE', #369, #2177, #1291 ) ;
#1557 = EDGE_LOOP ( 'NONE', ( #560, #875, #1503, #1649 ) ) ;
#1558 = VERTEX_POINT ( 'NONE', #1140 ) ;
#1559 = ADVANCED_FACE ( 'NONE', ( #2535 ), #1168, .T. ) ;
#1560 = CARTESIAN_POINT ( 'NONE',  ( -3.665757450382869820, -1.436054774381703147, 0.000000000000000000 ) ) ;
#1561 = AXIS2_PLACEMENT_3D ( 'NONE', #5879, #1785, #4508 ) ;
#1562 = PLANE ( 'NONE',  #4604 ) ;
#1563 = LINE ( 'NONE', #5207, #3654 ) ;
#1564 = ORIENTED_EDGE ( 'NONE', *, *, #179, .T. ) ;
#1565 = EDGE_CURVE ( 'NONE', #1411, #4126, #2114, .T. ) ;
#1566 = ORIENTED_EDGE ( 'NONE', *, *, #260, .T. ) ;
#1567 = DIRECTION ( 'NONE',  ( 0.7728146037725568407, 0.6346318524907695879, -0.000000000000000000 ) ) ;
#1568 = EDGE_CURVE ( 'NONE', #2836, #238, #3401, .T. ) ;
#1569 = CARTESIAN_POINT ( 'NONE',  ( -0.2165232238326586789, 3.652376857874462868, 0.000000000000000000 ) ) ;
#1570 = CARTESIAN_POINT ( 'NONE',  ( -3.176424590560702477, -2.290293241805309243, -0.9842519685039370358 ) ) ;
#1571 = DIRECTION ( 'NONE',  ( -0.6235545225870361419, 0.7817798650267564486, 5.675569171802428096E-17 ) ) ;
#1572 = VECTOR ( 'NONE', #2218, 39.37007874015748854 ) ;
#1573 = DIRECTION ( 'NONE',  ( 0.3647579126929589299, -0.9311023923972464589, 0.000000000000000000 ) ) ;
#1574 = CARTESIAN_POINT ( 'NONE',  ( 0.7517099172480279368, 3.864578010646565254, 0.000000000000000000 ) ) ;
#1575 = VERTEX_POINT ( 'NONE', #4844 ) ;
#1576 = DIRECTION ( 'NONE',  ( 0.5446390350150212001, 0.8386705679454279361, -0.000000000000000000 ) ) ;
#1577 = VERTEX_POINT ( 'NONE', #2083 ) ;
#1578 = CARTESIAN_POINT ( 'NONE',  ( 2.879688058885678359, 2.684665283340409658, 0.000000000000000000 ) ) ;
#1579 = EDGE_CURVE ( 'NONE', #159, #3131, #4783, .T. ) ;
#1580 = FACE_OUTER_BOUND ( 'NONE', #3197, .T. ) ;
#1581 = VECTOR ( 'NONE', #4745, 39.37007874015748143 ) ;
#1582 = EDGE_LOOP ( 'NONE', ( #4964, #5169, #5898, #791 ) ) ;
#1583 = CARTESIAN_POINT ( 'NONE',  ( 3.534391290191080337, -0.8938583722439459311, -0.9842519685039370358 ) ) ;
#1584 = DIRECTION ( 'NONE',  ( 0.8151277957285604225, 0.5792811723426701809, -0.000000000000000000 ) ) ;
#1585 = ORIENTED_EDGE ( 'NONE', *, *, #5509, .F. ) ;
#1586 = ORIENTED_EDGE ( 'NONE', *, *, #973, .T. ) ;
#1587 = EDGE_CURVE ( 'NONE', #5383, #439, #5730, .T. ) ;
#1588 = CARTESIAN_POINT ( 'NONE',  ( 0.000000000000000000, 0.000000000000000000, -0.9742519685039391364 ) ) ;
#1589 = CARTESIAN_POINT ( 'NONE',  ( -3.176424590560702477, -2.290293241805309687, -0.9842519685039370358 ) ) ;
#1590 = FACE_OUTER_BOUND ( 'NONE', #5588, .T. ) ;
#1591 = ORIENTED_EDGE ( 'NONE', *, *, #4674, .T. ) ;
#1592 = VERTEX_POINT ( 'NONE', #31 ) ;
#1593 = CARTESIAN_POINT ( 'NONE',  ( -1.654523236393733221, 3.549319536645159534, -0.9842519685039370358 ) ) ;
#1594 = LINE ( 'NONE', #3411, #2676 ) ;
#1595 = LINE ( 'NONE', #2158, #4316 ) ;
#1596 = MECHANICAL_CONTEXT ( 'NONE', #4026, 'mechanical' ) ;
#1597 = CARTESIAN_POINT ( 'NONE',  ( -3.176712214369994403, 2.325624756304098373, 0.000000000000000000 ) ) ;
#1598 = CARTESIAN_POINT ( 'NONE',  ( 1.968503937007874072, 2.410722045565655947E-16, 0.000000000000000000 ) ) ;
#1599 = VERTEX_POINT ( 'NONE', #929 ) ;
#1600 = DIRECTION ( 'NONE',  ( 0.9521684133563826924, 0.3055737433196590302, -0.000000000000000000 ) ) ;
#1601 = VERTEX_POINT ( 'NONE', #3125 ) ;
#1602 = CARTESIAN_POINT ( 'NONE',  ( -2.092440788019394926, -3.315860751651725558, 0.000000000000000000 ) ) ;
#1603 = ADVANCED_FACE ( 'NONE', ( #3220 ), #3643, .T. ) ;
#1604 = LINE ( 'NONE', #5282, #4514 ) ;
#1605 = ORIENTED_EDGE ( 'NONE', *, *, #5004, .T. ) ;
#1606 = CARTESIAN_POINT ( 'NONE',  ( 3.159767491679445151, -2.313219771552977644, -0.9842519685039370358 ) ) ;
#1607 = LINE ( 'NONE', #2984, #1286 ) ;
#1608 = VERTEX_POINT ( 'NONE', #3613 ) ;
#1609 = EDGE_LOOP ( 'NONE', ( #4623, #4305, #4664, #1449 ) ) ;
#1610 = LINE ( 'NONE', #3434, #3334 ) ;
#1611 = PLANE ( 'NONE',  #4704 ) ;
#1612 = LINE ( 'NONE', #4429, #4326 ) ;
#1613 = EDGE_CURVE ( 'NONE', #3152, #3252, #1313, .T. ) ;
#1614 = ORIENTED_EDGE ( 'NONE', *, *, #428, .F. ) ;
#1615 = AXIS2_PLACEMENT_3D ( 'NONE', #5165, #3011, #4156 ) ;
#1616 = ORIENTED_EDGE ( 'NONE', *, *, #3115, .F. ) ;
#1617 = ORIENTED_EDGE ( 'NONE', *, *, #5604, .F. ) ;
#1618 = LINE ( 'NONE', #1238, #26 ) ;
#1619 = LINE ( 'NONE', #1183, #2870 ) ;
#1620 = DIRECTION ( 'NONE',  ( 0.8068849024499824552, -0.5907086881012351132, 0.000000000000000000 ) ) ;
#1621 = COORDINATED_UNIVERSAL_TIME_OFFSET ( 7, 0, .BEHIND. ) ;
#1622 = PRODUCT_DEFINITION_FORMATION_WITH_SPECIFIED_SOURCE ( 'ANY', '', #186, .NOT_KNOWN. ) ;
#1623 = DIRECTION ( 'NONE',  ( -0.7144726796328044749, -0.6996633405133640959, -0.000000000000000000 ) ) ;
#1624 = CARTESIAN_POINT ( 'NONE',  ( 3.831208517674558500, -0.2813463667300764026, 0.000000000000000000 ) ) ;
#1625 = VERTEX_POINT ( 'NONE', #1340 ) ;
#1626 = EDGE_CURVE ( 'NONE', #974, #355, #5821, .T. ) ;
#1627 = VECTOR ( 'NONE', #1329, 39.37007874015748143 ) ;
#1628 = FACE_OUTER_BOUND ( 'NONE', #5676, .T. ) ;
#1629 = VERTEX_POINT ( 'NONE', #4031 ) ;
#1630 = DIRECTION ( 'NONE',  ( 0.9945218953682736229, -0.1045284632676500569, -0.000000000000000000 ) ) ;
#1631 = LINE ( 'NONE', #3906, #2233 ) ;
#1632 = DIRECTION ( 'NONE',  ( 0.000000000000000000, 0.000000000000000000, 1.000000000000000000 ) ) ;
#1633 = ADVANCED_FACE ( 'NONE', ( #5848 ), #1812, .F. ) ;
#1634 = VECTOR ( 'NONE', #5328, 39.37007874015748143 ) ;
#1635 = ORIENTED_EDGE ( 'NONE', *, *, #614, .F. ) ;
#1636 = VECTOR ( 'NONE', #4799, 39.37007874015748854 ) ;
#1637 = CARTESIAN_POINT ( 'NONE',  ( 0.000000000000000000, 0.000000000000000000, 0.6986614173228364866 ) ) ;
#1638 = EDGE_CURVE ( 'NONE', #2820, #3731, #3553, .T. ) ;
#1639 = CARTESIAN_POINT ( 'NONE',  ( -3.888686575760354813, -0.5013558528757698918, -0.9842519685039370358 ) ) ;
#1640 = VERTEX_POINT ( 'NONE', #3583 ) ;
#1641 = AXIS2_PLACEMENT_3D ( 'NONE', #3502, #5769, #4397 ) ;
#1642 = EDGE_LOOP ( 'NONE', ( #4021, #387 ) ) ;
#1643 = DIRECTION ( 'NONE',  ( 1.000000000000000000, 0.000000000000000000, 0.000000000000000000 ) ) ;
#1644 = CC_DESIGN_PERSON_AND_ORGANIZATION_ASSIGNMENT ( #5216, #2880, ( #3584 ) ) ;
#1645 = FACE_OUTER_BOUND ( 'NONE', #166, .T. ) ;
#1646 = PLANE ( 'NONE',  #1556 ) ;
#1647 = VECTOR ( 'NONE', #2842, 39.37007874015748143 ) ;
#1648 = ADVANCED_FACE ( 'NONE', ( #5904 ), #5376, .F. ) ;
#1649 = ORIENTED_EDGE ( 'NONE', *, *, #1638, .T. ) ;
#1650 = VERTEX_POINT ( 'NONE', #5462 ) ;
#1651 = AXIS2_PLACEMENT_3D ( 'NONE', #2945, #2110, #5339 ) ;
#1652 = EDGE_LOOP ( 'NONE', ( #4001, #2707, #5319, #2352 ) ) ;
#1653 = LINE ( 'NONE', #1296, #1466 ) ;
#1654 = LINE ( 'NONE', #3477, #5101 ) ;
#1655 = CARTESIAN_POINT ( 'NONE',  ( -1.660353717370620430, -3.551966569229664472, -0.9842519685039370358 ) ) ;
#1656 = MECHANICAL_CONTEXT ( 'NONE', #2293, 'mechanical' ) ;
#1657 = LINE ( 'NONE', #1186, #5401 ) ;
#1658 = DIRECTION ( 'NONE',  ( -0.6454576877239869281, -0.7637960286346113792, 0.000000000000000000 ) ) ;
#1659 = AXIS2_PLACEMENT_3D ( 'NONE', #5544, #1012, #625 ) ;
#1660 = ORIENTED_EDGE ( 'NONE', *, *, #5353, .T. ) ;
#1661 = VECTOR ( 'NONE', #2829, 39.37007874015748143 ) ;
#1662 = DIRECTION ( 'NONE',  ( 0.2990407922561216236, -0.9542403285162658344, -0.000000000000000000 ) ) ;
#1663 = ORIENTED_EDGE ( 'NONE', *, *, #4302, .F. ) ;
#1664 = CARTESIAN_POINT ( 'NONE',  ( 2.507058603132984675, 3.008284141073557461, -0.9842519685039370358 ) ) ;
#1665 = EDGE_CURVE ( 'NONE', #3886, #400, #1370, .T. ) ;
#1666 = LINE ( 'NONE', #4384, #5682 ) ;
#1667 = DIRECTION ( 'NONE',  ( -0.6211477802783114122, -0.7836934573258389491, -0.000000000000000000 ) ) ;
#1668 = EDGE_CURVE ( 'NONE', #2884, #5266, #898, .T. ) ;
#1669 = ORIENTED_EDGE ( 'NONE', *, *, #5765, .T. ) ;
#1670 = DIRECTION ( 'NONE',  ( 1.000000000000000000, 0.000000000000000000, 0.000000000000000000 ) ) ;
#1671 = CARTESIAN_POINT ( 'NONE',  ( 3.645645426253485422, 0.01319120336473597263, 0.000000000000000000 ) ) ;
#1672 = EDGE_CURVE ( 'NONE', #89, #3235, #421, .T. ) ;
#1673 = VERTEX_POINT ( 'NONE', #473 ) ;
#1674 = ORIENTED_EDGE ( 'NONE', *, *, #5326, .F. ) ;
#1675 = CARTESIAN_POINT ( 'NONE',  ( -3.920859670823413357, -0.01002084936996175575, -0.9842519685039370358 ) ) ;
#1676 = DIRECTION ( 'NONE',  ( -0.9802711746217217526, 0.1976573403791266892, 0.000000000000000000 ) ) ;
#1677 = DIRECTION ( 'NONE',  ( 0.000000000000000000, 0.000000000000000000, -1.000000000000000000 ) ) ;
#1678 = EDGE_CURVE ( 'NONE', #4785, #3045, #956, .T. ) ;
#1679 = VERTEX_POINT ( 'NONE', #2766 ) ;
#1680 = ORIENTED_EDGE ( 'NONE', *, *, #1767, .T. ) ;
#1681 = ORIENTED_EDGE ( 'NONE', *, *, #810, .T. ) ;
#1682 = DIRECTION ( 'NONE',  ( -0.000000000000000000, 0.000000000000000000, 1.000000000000000000 ) ) ;
#1683 = DIRECTION ( 'NONE',  ( 0.8780440832604149426, 0.4785797612220740183, 0.000000000000000000 ) ) ;
#1684 = DIRECTION ( 'NONE',  ( -0.9982473914822661554, -0.05917892698293293618, 0.000000000000000000 ) ) ;
#1685 = APPROVAL_STATUS ( 'not_yet_approved' ) ;
#1686 = DIRECTION ( 'NONE',  ( 0.000000000000000000, 0.000000000000000000, 1.000000000000000000 ) ) ;
#1687 = VERTEX_POINT ( 'NONE', #4118 ) ;
#1688 = LINE ( 'NONE', #3516, #4788 ) ;
#1689 = ORIENTED_EDGE ( 'NONE', *, *, #2679, .T. ) ;
#1690 = CARTESIAN_POINT ( 'NONE',  ( -3.176424590560702477, -2.290293241805309687, -0.9842519685039370358 ) ) ;
#1691 = CARTESIAN_POINT ( 'NONE',  ( -1.815315586753091903, 3.385549261857769832, 0.000000000000000000 ) ) ;
#1692 = DIRECTION ( 'NONE',  ( 0.000000000000000000, 0.000000000000000000, -1.000000000000000000 ) ) ;
#1693 = EDGE_CURVE ( 'NONE', #4354, #3955, #1845, .T. ) ;
#1694 = EDGE_CURVE ( 'NONE', #251, #1033, #1403, .T. ) ;
#1695 = ORIENTED_EDGE ( 'NONE', *, *, #2733, .F. ) ;
#1696 = PLANE ( 'NONE',  #5678 ) ;
#1697 = DIRECTION ( 'NONE',  ( -0.9829588263607481613, -0.1838258569393887432, 0.000000000000000000 ) ) ;
#1698 = ORIENTED_EDGE ( 'NONE', *, *, #1725, .F. ) ;
#1699 = ORIENTED_EDGE ( 'NONE', *, *, #3048, .F. ) ;
#1700 = CARTESIAN_POINT ( 'NONE',  ( 3.649212047091005662, -1.434047562348421678, -0.9842519685039370358 ) ) ;
#1701 = CARTESIAN_POINT ( 'NONE',  ( -2.879688058885697455, -2.684665283340388342, 0.000000000000000000 ) ) ;
#1702 = CARTESIAN_POINT ( 'NONE',  ( 1.942296803007413031, 3.085188440085361083, 0.000000000000000000 ) ) ;
#1703 = ORIENTED_EDGE ( 'NONE', *, *, #2763, .T. ) ;
#1704 = ORIENTED_EDGE ( 'NONE', *, *, #5902, .F. ) ;
#1705 = EDGE_CURVE ( 'NONE', #363, #5508, #4597, .T. ) ;
#1706 = EDGE_LOOP ( 'NONE', ( #324, #3720, #1394, #5522 ) ) ;
#1707 = DIRECTION ( 'NONE',  ( -0.8862035792312191740, 0.4632960351198532334, 0.000000000000000000 ) ) ;
#1708 = CARTESIAN_POINT ( 'NONE',  ( 1.850393700787403617, 2.338400384198687738E-16, 0.7086614173228346081 ) ) ;
#1709 = DIRECTION ( 'NONE',  ( -0.9372819894918947847, 0.3485720473218061333, 0.000000000000000000 ) ) ;
#1710 = COORDINATED_UNIVERSAL_TIME_OFFSET ( 7, 0, .BEHIND. ) ;
#1711 = EDGE_CURVE ( 'NONE', #4097, #382, #1726, .T. ) ;
#1713 = DIRECTION ( 'NONE',  ( 0.000000000000000000, 0.000000000000000000, -1.000000000000000000 ) ) ;
#1712 = CIRCLE ( 'NONE', #2471, 0.5099999999999976774 ) ;
#1714 = ORIENTED_EDGE ( 'NONE', *, *, #4288, .T. ) ;
#1715 = VECTOR ( 'NONE', #5453, 39.37007874015748143 ) ;
#1716 = LINE ( 'NONE', #1220, #3829 ) ;
#1717 = ORIENTED_EDGE ( 'NONE', *, *, #2655, .T. ) ;
#1718 = FACE_OUTER_BOUND ( 'NONE', #1723, .T. ) ;
#1719 = LINE ( 'NONE', #3993, #5203 ) ;
#1720 = DIRECTION ( 'NONE',  ( 0.8423836048266789556, -0.5388783372146349615, 0.000000000000000000 ) ) ;
#1721 = EDGE_CURVE ( 'NONE', #2788, #4454, #390, .T. ) ;
#1722 = APPROVAL_PERSON_ORGANIZATION ( #5002, #1111, #77 ) ;
#1723 = EDGE_LOOP ( 'NONE', ( #4817, #5537, #543, #348 ) ) ;
#1724 = DIRECTION ( 'NONE',  ( 1.000000000000000000, 0.000000000000000000, 0.000000000000000000 ) ) ;
#1725 = EDGE_CURVE ( 'NONE', #4005, #4090, #1461, .T. ) ;
#1726 = LINE ( 'NONE', #3102, #3856 ) ;
#1727 = ORIENTED_EDGE ( 'NONE', *, *, #3760, .T. ) ;
#1728 = ORIENTED_EDGE ( 'NONE', *, *, #3588, .F. ) ;
#1729 = DIRECTION ( 'NONE',  ( -0.3189593092980693712, -0.9477684100095857822, 0.000000000000000000 ) ) ;
#1730 = FACE_OUTER_BOUND ( 'NONE', #2, .T. ) ;
#1731 = ORIENTED_EDGE ( 'NONE', *, *, #2360, .T. ) ;
#1732 = EDGE_CURVE ( 'NONE', #5402, #1881, #3703, .T. ) ;
#1733 = ORIENTED_EDGE ( 'NONE', *, *, #2828, .F. ) ;
#1734 = VERTEX_POINT ( 'NONE', #123 ) ;
#1735 = CARTESIAN_POINT ( 'NONE',  ( 0.2329879015076105897, -3.930107840481363635, -0.9842519685039370358 ) ) ;
#1736 = AXIS2_PLACEMENT_3D ( 'NONE', #3435, #642, #255 ) ;
#1737 = LINE ( 'NONE', #2069, #4497 ) ;
#1738 = CARTESIAN_POINT ( 'NONE',  ( -3.883327484294515131, 0.5048603397977036167, 0.000000000000000000 ) ) ;
#1739 = APPROVAL_DATE_TIME ( #3567, #1901 ) ;
#1740 = CARTESIAN_POINT ( 'NONE',  ( -2.658885320267699193, -2.772659975121212206, 0.000000000000000000 ) ) ;
#1741 = EDGE_CURVE ( 'NONE', #5830, #3217, #5162, .T. ) ;
#1742 = VECTOR ( 'NONE', #4543, 39.37007874015748143 ) ;
#1743 = ORIENTED_EDGE ( 'NONE', *, *, #5108, .T. ) ;
#1744 = ADVANCED_FACE ( 'NONE', ( #3367 ), #5196, .T. ) ;
#1745 = CARTESIAN_POINT ( 'NONE',  ( 3.438427391718017478, 1.874122030408123418, -0.9842519685039370358 ) ) ;
#1746 = ORIENTED_EDGE ( 'NONE', *, *, #4313, .F. ) ;
#1747 = CARTESIAN_POINT ( 'NONE',  ( -3.796478068656880200, -0.9601409204825802624, 0.000000000000000000 ) ) ;
#1748 = VECTOR ( 'NONE', #5247, 39.37007874015748143 ) ;
#1749 = CARTESIAN_POINT ( 'NONE',  ( 3.915982066072373868, -0.01416937462812822672, 0.000000000000000000 ) ) ;
#1750 = LINE ( 'NONE', #1336, #2318 ) ;
#1751 = VECTOR ( 'NONE', #116, 39.37007874015748854 ) ;
#1752 = ORIENTED_EDGE ( 'NONE', *, *, #5223, .T. ) ;
#1753 = EDGE_CURVE ( 'NONE', #2566, #4106, #3821, .T. ) ;
#1754 = CARTESIAN_POINT ( 'NONE',  ( -0.7477002634827877303, -3.843964181540399316, -0.9842519685039370358 ) ) ;
#1755 = DIRECTION ( 'NONE',  ( -0.6921431738704079129, -0.7217602280983610452, 0.000000000000000000 ) ) ;
#1756 = AXIS2_PLACEMENT_3D ( 'NONE', #3172, #4553, #2640 ) ;
#1757 = AXIS2_PLACEMENT_3D ( 'NONE', #1637, #5286, #1670 ) ;
#1758 = EDGE_LOOP ( 'NONE', ( #2056, #498, #101, #4159 ) ) ;
#1759 = VERTEX_POINT ( 'NONE', #2346 ) ;
#1760 = AXIS2_PLACEMENT_3D ( 'NONE', #3997, #5819, #1724 ) ;
#1761 = DIRECTION ( 'NONE',  ( -0.8329212407100988758, -0.5533915492433452155, 0.000000000000000000 ) ) ;
#1762 = EDGE_CURVE ( 'NONE', #3354, #4146, #1109, .T. ) ;
#1763 = CARTESIAN_POINT ( 'NONE',  ( 3.438427391718017478, 1.874122030408123418, -0.9842519685039370358 ) ) ;
#1764 = AXIS2_PLACEMENT_3D ( 'NONE', #2708, #5428, #1784 ) ;
#1765 = ORIENTED_EDGE ( 'NONE', *, *, #3742, .T. ) ;
#1766 = EDGE_LOOP ( 'NONE', ( #429, #988, #774, #5657 ) ) ;
#1767 = EDGE_CURVE ( 'NONE', #3214, #3162, #1935, .T. ) ;
#1768 = VERTEX_POINT ( 'NONE', #3764 ) ;
#1769 = PLANE ( 'NONE',  #5051 ) ;
#1770 = AXIS2_PLACEMENT_3D ( 'NONE', #3446, #5630, #1960 ) ;
#1771 = DIRECTION ( 'NONE',  ( 1.000000000000000000, 0.000000000000000000, 0.000000000000000000 ) ) ;
#1772 = LINE ( 'NONE', #3201, #4697 ) ;
#1773 = PERSON_AND_ORGANIZATION_ROLE ( 'creator' ) ;
#1774 = FACE_OUTER_BOUND ( 'NONE', #4183, .T. ) ;
#1775 = LINE ( 'NONE', #1798, #5479 ) ;
#1776 = ORIENTED_EDGE ( 'NONE', *, *, #4845, .F. ) ;
#1777 = LINE ( 'NONE', #976, #1165 ) ;
#1778 = CARTESIAN_POINT ( 'NONE',  ( 0.000000000000000000, 0.000000000000000000, 0.9842519685039370358 ) ) ;
#1779 = DIRECTION ( 'NONE',  ( 0.5907086881012408863, 0.8068849024499783473, -0.000000000000000000 ) ) ;
#1780 = FACE_BOUND ( 'NONE', #5164, .T. ) ;
#1781 = LINE ( 'NONE', #4112, #4814 ) ;
#1782 = ORIENTED_EDGE ( 'NONE', *, *, #2693, .F. ) ;
#1783 = EDGE_CURVE ( 'NONE', #934, #3152, #5105, .T. ) ;
#1784 = DIRECTION ( 'NONE',  ( 0.4446351791849285640, -0.8957117602394123468, 0.000000000000000000 ) ) ;
#1785 = DIRECTION ( 'NONE',  ( -0.9986295347545728340, -0.05233595624296316640, 0.000000000000000000 ) ) ;
#1786 = ORIENTED_EDGE ( 'NONE', *, *, #2743, .T. ) ;
#1787 = CARTESIAN_POINT ( 'NONE',  ( -3.166151998780394550, -2.312730528256696783, -0.9842519685039370358 ) ) ;
#1788 = FACE_BOUND ( 'NONE', #1988, .T. ) ;
#1789 = ORIENTED_EDGE ( 'NONE', *, *, #3754, .F. ) ;
#1790 = ORIENTED_EDGE ( 'NONE', *, *, #52, .T. ) ;
#1791 = ORIENTED_EDGE ( 'NONE', *, *, #944, .F. ) ;
#1792 = DIRECTION ( 'NONE',  ( 0.6691306063588514652, 0.7431448254774003503, -0.000000000000000000 ) ) ;
#1793 = DIRECTION ( 'NONE',  ( -0.000000000000000000, -0.000000000000000000, -1.000000000000000000 ) ) ;
#1794 = LINE ( 'NONE', #3566, #5080 ) ;
#1795 = SHAPE_DEFINITION_REPRESENTATION ( #4763, #5789 ) ;
#1796 = LINE ( 'NONE', #942, #2401 ) ;
#1797 = ADVANCED_FACE ( 'NONE', ( #2317 ), #2890, .F. ) ;
#1798 = CARTESIAN_POINT ( 'NONE',  ( -1.942296803007436123, -3.085188440085347317, -0.9842519685039370358 ) ) ;
#1799 = ORIENTED_EDGE ( 'NONE', *, *, #2733, .T. ) ;
#1800 = FACE_OUTER_BOUND ( 'NONE', #4109, .T. ) ;
#1801 = LINE ( 'NONE', #4977, #5552 ) ;
#1802 = DIRECTION ( 'NONE',  ( -0.4162807922603646293, 0.9092361090470851837, -0.000000000000000000 ) ) ;
#1803 = VECTOR ( 'NONE', #3405, 39.37007874015748143 ) ;
#1804 = LINE ( 'NONE', #4652, #5777 ) ;
#1805 = CARTESIAN_POINT ( 'NONE',  ( 0.2952755905511810774, 3.616083068348483797E-17, 0.9842519685039370358 ) ) ;
#1806 = VECTOR ( 'NONE', #1729, 39.37007874015748854 ) ;
#1807 = ADVANCED_FACE ( 'NONE', ( #3309 ), #4721, .F. ) ;
#1808 = CARTESIAN_POINT ( 'NONE',  ( 0.7248524868474198746, 3.853288186474339128, -0.9842519685039370358 ) ) ;
#1809 = ORIENTED_EDGE ( 'NONE', *, *, #2526, .T. ) ;
#1810 = CARTESIAN_POINT ( 'NONE',  ( -0.2317451337921310750, 3.909144472380302826, -0.9842519685039370358 ) ) ;
#1811 = CC_DESIGN_APPROVAL ( #5880, ( #3433 ) ) ;
#1812 = PLANE ( 'NONE',  #4137 ) ;
#1813 = EDGE_CURVE ( 'NONE', #2884, #251, #1045, .T. ) ;
#1814 = ORIENTED_EDGE ( 'NONE', *, *, #5403, .F. ) ;
#1815 = EDGE_CURVE ( 'NONE', #275, #89, #65, .T. ) ;
#1816 = DIRECTION ( 'NONE',  ( 0.000000000000000000, 0.000000000000000000, -1.000000000000000000 ) ) ;
#1817 = VECTOR ( 'NONE', #2021, 39.37007874015748143 ) ;
#1818 = CARTESIAN_POINT ( 'NONE',  ( -2.506971211764406071, 3.014686769648894149, 0.000000000000000000 ) ) ;
#1819 = ORIENTED_EDGE ( 'NONE', *, *, #1129, .T. ) ;
#1820 = VERTEX_POINT ( 'NONE', #4658 ) ;
#1821 = ORIENTED_EDGE ( 'NONE', *, *, #1937, .T. ) ;
#1822 = DIRECTION ( 'NONE',  ( 0.000000000000000000, 0.000000000000000000, -1.000000000000000000 ) ) ;
#1823 = CARTESIAN_POINT ( 'NONE',  ( 1.971642285115419613, 3.082104105629896562, -0.9842519685039370358 ) ) ;
#1824 = CARTESIAN_POINT ( 'NONE',  ( -0.7477002634827877303, -3.843964181540399316, -0.9842519685039370358 ) ) ;
#1825 = APPROVAL_ROLE ( '' ) ;
#1826 = ADVANCED_FACE ( 'NONE', ( #562 ), #597, .F. ) ;
#1827 = CYLINDRICAL_SURFACE ( 'NONE', #2208, 0.5000000000000000000 ) ;
#1828 = CLOSED_SHELL ( 'NONE', ( #1025, #2511, #2539, #4270, #3891, #2075, #2588, #2082, #3323, #3 ) ) ;
#1829 = CARTESIAN_POINT ( 'NONE',  ( -2.342385370536713918, -2.810688491151484225, -0.9842519685039370358 ) ) ;
#1830 = EDGE_LOOP ( 'NONE', ( #4892, #4975, #3814, #2917 ) ) ;
#1831 = AXIS2_PLACEMENT_3D ( 'NONE', #5144, #1886, #3714 ) ;
#1832 = CARTESIAN_POINT ( 'NONE',  ( 3.424775095144363402, -1.898955465685469468, -0.9842519685039370358 ) ) ;
#1833 = ORIENTED_EDGE ( 'NONE', *, *, #2685, .F. ) ;
#1834 = LENGTH_MEASURE_WITH_UNIT ( LENGTH_MEASURE( 0.02539999999999999897 ), #56 );
#1835 = LINE ( 'NONE', #496, #2237 ) ;
#1836 = DIRECTION ( 'NONE',  ( -0.5000000000000044409, 0.8660254037844361541, 0.000000000000000000 ) ) ;
#1837 = VECTOR ( 'NONE', #4670, 39.37007874015748854 ) ;
#1838 = VECTOR ( 'NONE', #2095, 39.37007874015748854 ) ;
#1839 = EDGE_CURVE ( 'NONE', #258, #3651, #2407, .T. ) ;
#1840 = VECTOR ( 'NONE', #3283, 39.37007874015748143 ) ;
#1841 = LINE ( 'NONE', #627, #1003 ) ;
#1842 = ORIENTED_EDGE ( 'NONE', *, *, #2960, .F. ) ;
#1843 = EDGE_CURVE ( 'NONE', #1518, #251, #156, .T. ) ;
#1844 = LINE ( 'NONE', #1810, #3963 ) ;
#1845 = LINE ( 'NONE', #3674, #4992 ) ;
#1846 = EDGE_CURVE ( 'NONE', #3976, #5881, #631, .T. ) ;
#1847 = AXIS2_PLACEMENT_3D ( 'NONE', #2916, #293, #715 ) ;
#1848 = EDGE_LOOP ( 'NONE', ( #4304, #4458, #2677, #5385 ) ) ;
#1849 = FACE_OUTER_BOUND ( 'NONE', #1225, .T. ) ;
#1850 = AXIS2_PLACEMENT_3D ( 'NONE', #4205, #5903, #3640 ) ;
#1851 = DIRECTION ( 'NONE',  ( 0.8211492091337052601, -0.5707135676844297123, -0.000000000000000000 ) ) ;
#1852 = ORIENTED_EDGE ( 'NONE', *, *, #52, .F. ) ;
#1853 = ORIENTED_EDGE ( 'NONE', *, *, #2475, .F. ) ;
#1854 = ORIENTED_EDGE ( 'NONE', *, *, #2877, .T. ) ;
#1855 = VECTOR ( 'NONE', #1027, 39.37007874015748143 ) ;
#1856 = DIRECTION ( 'NONE',  ( -1.000000000000000000, 0.000000000000000000, 0.000000000000000000 ) ) ;
#1857 = DIRECTION ( 'NONE',  ( -0.6819049819684585012, 0.7314407669569671366, 0.000000000000000000 ) ) ;
#1858 = LINE ( 'NONE', #3804, #5844 ) ;
#1859 = COORDINATED_UNIVERSAL_TIME_OFFSET ( 7, 0, .BEHIND. ) ;
#1860 = EDGE_CURVE ( 'NONE', #3903, #1673, #3338, .T. ) ;
#1861 = LINE ( 'NONE', #3627, #225 ) ;
#1862 = AXIS2_PLACEMENT_3D ( 'NONE', #3820, #1193, #747 ) ;
#1863 = DIRECTION ( 'NONE',  ( -0.9372819894918947847, 0.3485720473218061888, -0.000000000000000000 ) ) ;
#1864 = ORIENTED_EDGE ( 'NONE', *, *, #5100, .T. ) ;
#1865 = VECTOR ( 'NONE', #3096, 39.37007874015748143 ) ;
#1866 = ORIENTED_EDGE ( 'NONE', *, *, #2273, .F. ) ;
#1867 = LINE ( 'NONE', #3694, #4019 ) ;
#1868 = ORIENTED_EDGE ( 'NONE', *, *, #624, .F. ) ;
#1869 = LINE ( 'NONE', #5064, #2760 ) ;
#1870 = DIRECTION ( 'NONE',  ( 0.000000000000000000, 0.000000000000000000, 1.000000000000000000 ) ) ;
#1871 = CARTESIAN_POINT ( 'NONE',  ( -1.569805223055889210, -3.304913097202750283, -0.9842519685039370358 ) ) ;
#1872 = ORIENTED_EDGE ( 'NONE', *, *, #1705, .T. ) ;
#1873 = DIRECTION ( 'NONE',  ( 0.1976573403791266892, 0.9802711746217216415, -0.000000000000000000 ) ) ;
#1874 = ORIENTED_EDGE ( 'NONE', *, *, #2803, .T. ) ;
#1875 = PLANE ( 'NONE',  #4060 ) ;
#1876 = CARTESIAN_POINT ( 'NONE',  ( 2.600235973385844002, -2.827735377768673786, 0.000000000000000000 ) ) ;
#1877 = EDGE_CURVE ( 'NONE', #411, #570, #4628, .T. ) ;
#1878 = ORIENTED_EDGE ( 'NONE', *, *, #1860, .F. ) ;
#1879 = LINE ( 'NONE', #5556, #1433 ) ;
#1880 = DIRECTION ( 'NONE',  ( -0.4067366430758008744, -0.9135454576426004225, -0.000000000000000000 ) ) ;
#1881 = VERTEX_POINT ( 'NONE', #5725 ) ;
#1882 = EDGE_LOOP ( 'NONE', ( #5459, #5515, #673, #130 ) ) ;
#1883 = VERTEX_POINT ( 'NONE', #687 ) ;
#1884 = CARTESIAN_POINT ( 'NONE',  ( 0.000000000000000000, 0.000000000000000000, -0.9742519685039391364 ) ) ;
#1885 = LINE ( 'NONE', #4549, #3382 ) ;
#1886 = DIRECTION ( 'NONE',  ( 0.9063617356755462318, 0.4225025492268791871, -0.000000000000000000 ) ) ;
#1887 = PERSON_AND_ORGANIZATION_ROLE ( 'classification_officer' ) ;
#1888 = DIRECTION ( 'NONE',  ( 0.000000000000000000, 0.000000000000000000, 1.000000000000000000 ) ) ;
#1889 = DIRECTION ( 'NONE',  ( 0.7569950556517506257, 0.6534206039901121477, -0.000000000000000000 ) ) ;
#1890 = ORIENTED_EDGE ( 'NONE', *, *, #489, .F. ) ;
#1891 = EDGE_CURVE ( 'NONE', #1041, #2512, #1604, .T. ) ;
#1892 = EDGE_LOOP ( 'NONE', ( #720, #3913, #2618, #2324 ) ) ;
#1893 = EDGE_CURVE ( 'NONE', #3822, #4445, #2531, .T. ) ;
#1894 = CARTESIAN_POINT ( 'NONE',  ( -3.201058350784057538, 1.744743538943422712, -0.9842519685039370358 ) ) ;
#1895 = CARTESIAN_POINT ( 'NONE',  ( 2.658885320267722285, 2.772659975121172682, 0.000000000000000000 ) ) ;
#1896 =( NAMED_UNIT ( * ) PLANE_ANGLE_UNIT ( ) SI_UNIT ( $, .RADIAN. ) );
#1897 = PLANE ( 'NONE',  #1963 ) ;
#1898 = FACE_OUTER_BOUND ( 'NONE', #3103, .T. ) ;
#1899 = ORIENTED_EDGE ( 'NONE', *, *, #3253, .T. ) ;
#1900 = VECTOR ( 'NONE', #5853, 39.37007874015748143 ) ;
#1901 = APPROVAL ( #4945, 'UNSPECIFIED' ) ;
#1902 = CARTESIAN_POINT ( 'NONE',  ( -0.2600279630001867126, -3.907365067591686003, -0.9842519685039370358 ) ) ;
#1903 = ORIENTED_EDGE ( 'NONE', *, *, #4330, .T. ) ;
#1904 = DIRECTION ( 'NONE',  ( 0.000000000000000000, 0.000000000000000000, 1.000000000000000000 ) ) ;
#1905 = EDGE_CURVE ( 'NONE', #3044, #2169, #3069, .T. ) ;
#1906 = CARTESIAN_POINT ( 'NONE',  ( -0.6701682815978780017, -3.583542807913603134, -0.9842519685039370358 ) ) ;
#1907 = ORIENTED_EDGE ( 'NONE', *, *, #4759, .F. ) ;
#1908 = CC_DESIGN_APPROVAL ( #3474, ( #1535 ) ) ;
#1909 = CARTESIAN_POINT ( 'NONE',  ( 0.6960833833717487984, -3.578599237858704818, -0.9842519685039370358 ) ) ;
#1910 = DIRECTION ( 'NONE',  ( -0.000000000000000000, -0.000000000000000000, -1.000000000000000000 ) ) ;
#1911 = VERTEX_POINT ( 'NONE', #2139 ) ;
#1912 = EDGE_LOOP ( 'NONE', ( #5684, #2085, #2284, #935 ) ) ;
#1913 = EDGE_CURVE ( 'NONE', #2410, #3091, #4867, .T. ) ;
#1914 = CARTESIAN_POINT ( 'NONE',  ( 0.2614224015898720666, 3.928318893370163600, 0.000000000000000000 ) ) ;
#1915 = CARTESIAN_POINT ( 'NONE',  ( 0.2420771438722214564, -3.637623295260771439, -0.9842519685039370358 ) ) ;
#1916 = DIRECTION ( 'NONE',  ( 0.9284384064731666664, -0.3714863730819297216, 0.000000000000000000 ) ) ;
#1917 = CARTESIAN_POINT ( 'NONE',  ( -2.121568256750556269, -3.316470885144390479, -0.9842519685039370358 ) ) ;
#1918 = ADVANCED_FACE ( 'NONE', ( #1580 ), #5788, .F. ) ;
#1919 = ORIENTED_EDGE ( 'NONE', *, *, #4836, .T. ) ;
#1920 = EDGE_LOOP ( 'NONE', ( #4526, #3782, #1962, #5560 ) ) ;
#1921 = LINE ( 'NONE', #1034, #2207 ) ;
#1922 = VECTOR ( 'NONE', #4650, 39.37007874015748854 ) ;
#1923 = DIRECTION ( 'NONE',  ( 0.8660254037844397068, 0.4999999999999980016, -0.000000000000000000 ) ) ;
#1924 = CARTESIAN_POINT ( 'NONE',  ( 3.438427391718017478, 1.874122030408123418, -0.9842519685039370358 ) ) ;
#1925 = DIRECTION ( 'NONE',  ( 0.000000000000000000, 0.000000000000000000, 1.000000000000000000 ) ) ;
#1926 = EDGE_CURVE ( 'NONE', #4264, #1196, #3457, .T. ) ;
#1927 = DIRECTION ( 'NONE',  ( 0.7431448254773954654, -0.6691306063588566833, 0.000000000000000000 ) ) ;
#1928 = VERTEX_POINT ( 'NONE', #5758 ) ;
#1929 = EDGE_CURVE ( 'NONE', #4454, #1080, #716, .T. ) ;
#1930 = LINE ( 'NONE', #1367, #3092 ) ;
#1931 = ORIENTED_EDGE ( 'NONE', *, *, #5209, .T. ) ;
#1932 = AXIS2_PLACEMENT_3D ( 'NONE', #4570, #2680, #2206 ) ;
#1933 = DIRECTION ( 'NONE',  ( -0.9694766605923662572, -0.2451836139848538043, 0.000000000000000000 ) ) ;
#1934 = EDGE_CURVE ( 'NONE', #2470, #2295, #2026, .T. ) ;
#1935 = LINE ( 'NONE', #538, #4714 ) ;
#1936 = VECTOR ( 'NONE', #4957, 39.37007874015748143 ) ;
#1937 = EDGE_CURVE ( 'NONE', #3271, #439, #4841, .T. ) ;
#1938 = ORIENTED_EDGE ( 'NONE', *, *, #3615, .F. ) ;
#1939 = LINE ( 'NONE', #3254, #4199 ) ;
#1940 = DIRECTION ( 'NONE',  ( 0.9573194975320692413, -0.2890317969444651802, 0.000000000000000000 ) ) ;
#1941 = VECTOR ( 'NONE', #2850, 39.37007874015748143 ) ;
#1942 = VERTEX_POINT ( 'NONE', #301 ) ;
#1943 = ORIENTED_EDGE ( 'NONE', *, *, #4306, .F. ) ;
#1944 = VERTEX_POINT ( 'NONE', #5224 ) ;
#1945 = VECTOR ( 'NONE', #521, 39.37007874015748854 ) ;
#1946 = PLANE ( 'NONE',  #2756 ) ;
#1947 = DIRECTION ( 'NONE',  ( 0.9816028147042276109, -0.1909343189809992736, 0.000000000000000000 ) ) ;
#1948 = CARTESIAN_POINT ( 'NONE',  ( 3.492853262546540272, 1.599153079067889394, 0.000000000000000000 ) ) ;
#1949 = DIRECTION ( 'NONE',  ( 0.000000000000000000, 0.000000000000000000, -1.000000000000000000 ) ) ;
#1950 = VECTOR ( 'NONE', #168, 39.37007874015748854 ) ;
#1951 = EDGE_CURVE ( 'NONE', #5228, #309, #1194, .T. ) ;
#1952 = ORIENTED_EDGE ( 'NONE', *, *, #4661, .F. ) ;
#1953 = EDGE_CURVE ( 'NONE', #974, #1399, #748, .T. ) ;
#1954 = ORIENTED_EDGE ( 'NONE', *, *, #4288, .F. ) ;
#1955 = FACE_OUTER_BOUND ( 'NONE', #2633, .T. ) ;
#1956 = VECTOR ( 'NONE', #5281, 39.37007874015748854 ) ;
#1957 = LINE ( 'NONE', #3874, #1448 ) ;
#1958 = DIRECTION ( 'NONE',  ( 0.000000000000000000, 0.000000000000000000, 1.000000000000000000 ) ) ;
#1959 = APPLICATION_PROTOCOL_DEFINITION ( 'international standard', 'config_control_design', 1994, #4026 ) ;
#1960 = DIRECTION ( 'NONE',  ( -0.7965299180241974808, -0.6045991148623731659, 0.000000000000000000 ) ) ;
#1961 = CARTESIAN_POINT ( 'NONE',  ( -3.394491399054546665, 1.329786721077433009, -0.9842519685039370358 ) ) ;
#1962 = ORIENTED_EDGE ( 'NONE', *, *, #760, .T. ) ;
#1963 = AXIS2_PLACEMENT_3D ( 'NONE', #3725, #3180, #3241 ) ;
#1964 = PLANE ( 'NONE',  #622 ) ;
#1965 = ORIENTED_EDGE ( 'NONE', *, *, #2988, .F. ) ;
#1966 = PLANE ( 'NONE',  #2712 ) ;
#1967 = CARTESIAN_POINT ( 'NONE',  ( 1.569805223055865673, 3.304913097202760941, -0.9842519685039370358 ) ) ;
#1968 = EDGE_CURVE ( 'NONE', #4716, #2566, #658, .T. ) ;
#1969 = ORIENTED_EDGE ( 'NONE', *, *, #2275, .T. ) ;
#1970 = LINE ( 'NONE', #2378, #5528 ) ;
#1971 = LINE ( 'NONE', #3287, #5558 ) ;
#1972 = EDGE_LOOP ( 'NONE', ( #2933, #844, #5325, #187 ) ) ;
#1973 = VERTEX_POINT ( 'NONE', #2079 ) ;
#1974 = LINE ( 'NONE', #640, #4672 ) ;
#1975 = APPROVAL ( #2816, 'UNSPECIFIED' ) ;
#1976 = DIRECTION ( 'NONE',  ( 0.1909343189809992458, 0.9816028147042274998, 0.000000000000000000 ) ) ;
#1977 = CARTESIAN_POINT ( 'NONE',  ( -1.663395863097950178, 3.568353290061205385, 0.000000000000000000 ) ) ;
#1978 = CARTESIAN_POINT ( 'NONE',  ( 3.394491399054555991, -1.329786721077409251, 0.000000000000000000 ) ) ;
#1979 = EDGE_LOOP ( 'NONE', ( #1492, #1209, #372, #3762 ) ) ;
#1980 = ORIENTED_EDGE ( 'NONE', *, *, #918, .F. ) ;
#1981 = CARTESIAN_POINT ( 'NONE',  ( 3.176424590560685601, 2.290293241805331448, -0.9842519685039370358 ) ) ;
#1982 = DIRECTION ( 'NONE',  ( 0.8028174751911081319, -0.5962248749656243740, -0.000000000000000000 ) ) ;
#1983 = CARTESIAN_POINT ( 'NONE',  ( -3.438427391718029025, -1.874122030408098105, -0.9842519685039370358 ) ) ;
#1984 = ADVANCED_FACE ( 'NONE', ( #3938 ), #4385, .T. ) ;
#1985 = DATE_TIME_ROLE ( 'classification_date' ) ;
#1986 = LINE ( 'NONE', #4352, #4158 ) ;
#1987 = PLANE ( 'NONE',  #42 ) ;
#1988 = EDGE_LOOP ( 'NONE', ( #2494, #1660 ) ) ;
#1989 = EDGE_CURVE ( 'NONE', #4323, #3347, #3489, .T. ) ;
#1990 = CARTESIAN_POINT ( 'NONE',  ( -3.177932213730608968, 2.296516453379957579, 0.000000000000000000 ) ) ;
#1991 = EDGE_LOOP ( 'NONE', ( #5858, #2115, #965, #1866 ) ) ;
#1992 = CARTESIAN_POINT ( 'NONE',  ( 3.193458639419117340, 2.302575279633958250, 0.000000000000000000 ) ) ;
#1993 = DIRECTION ( 'NONE',  ( 0.2689198206152699777, -0.9631625667976569938, 0.000000000000000000 ) ) ;
#1994 = EDGE_CURVE ( 'NONE', #3099, #159, #3885, .T. ) ;
#1995 = ORIENTED_EDGE ( 'NONE', *, *, #1333, .T. ) ;
#1996 = DIRECTION ( 'NONE',  ( -0.000000000000000000, -0.000000000000000000, -1.000000000000000000 ) ) ;
#1997 = VECTOR ( 'NONE', #939, 39.37007874015748143 ) ;
#1998 = CARTESIAN_POINT ( 'NONE',  ( -1.545847799209233875, 3.316186605134848531, -0.9842519685039370358 ) ) ;
#1999 = EDGE_CURVE ( 'NONE', #159, #411, #4297, .T. ) ;
#2000 = CARTESIAN_POINT ( 'NONE',  ( -1.540304569228679199, -3.304295146596687438, -0.9842519685039370358 ) ) ;
#2001 = PERSON ( 'NAUO-PER2', 'UNSPECIFIED', 'UNSPECIFIED', ('UNSPECIFIED'), ('UNSPECIFIED'), ('UNSPECIFIED') ) ;
#2002 = VERTEX_POINT ( 'NONE', #4810 ) ;
#2003 = ORIENTED_EDGE ( 'NONE', *, *, #5733, .T. ) ;
#2004 = EDGE_CURVE ( 'NONE', #3542, #53, #722, .T. ) ;
#2005 = VECTOR ( 'NONE', #1816, 39.37007874015748143 ) ;
#2006 = CARTESIAN_POINT ( 'NONE',  ( 2.333985849692230552, -2.800609689914965728, -0.9842519685039370358 ) ) ;
#2007 = CARTESIAN_POINT ( 'NONE',  ( 1.680164903353871031, 3.537253484062976572, -0.9842519685039370358 ) ) ;
#2008 = DIRECTION ( 'NONE',  ( -0.8111384944124598873, -0.5848541210270195023, 0.000000000000000000 ) ) ;
#2009 = PLANE ( 'NONE',  #5460 ) ;
#2010 = CC_DESIGN_SECURITY_CLASSIFICATION ( #3145, ( #5906 ) ) ;
#2011 = ORIENTED_EDGE ( 'NONE', *, *, #1303, .T. ) ;
#2012 = ADVANCED_FACE ( 'NONE', ( #361 ), #3607, .F. ) ;
#2013 = ORIENTED_EDGE ( 'NONE', *, *, #4854, .T. ) ;
#2014 = LINE ( 'NONE', #5570, #163 ) ;
#2015 = DIRECTION ( 'NONE',  ( -0.7264869440150650837, 0.6871802675977037866, 0.000000000000000000 ) ) ;
#2016 = LINE ( 'NONE', #3841, #1261 ) ;
#2017 = FACE_OUTER_BOUND ( 'NONE', #1609, .T. ) ;
#2018 = VECTOR ( 'NONE', #3545, 39.37007874015748854 ) ;
#2019 = LINE ( 'NONE', #2490, #1094 ) ;
#2020 = ORIENTED_EDGE ( 'NONE', *, *, #5457, .T. ) ;
#2021 = DIRECTION ( 'NONE',  ( 0.000000000000000000, 0.000000000000000000, -1.000000000000000000 ) ) ;
#2022 = EDGE_CURVE ( 'NONE', #4347, #2862, #4473, .T. ) ;
#2023 = ORIENTED_EDGE ( 'NONE', *, *, #5263, .T. ) ;
#2024 = DIRECTION ( 'NONE',  ( 0.6819049819684638303, -0.7314407669569622517, 0.000000000000000000 ) ) ;
#2025 = VECTOR ( 'NONE', #582, 39.37007874015748854 ) ;
#2026 = LINE ( 'NONE', #2589, #3757 ) ;
#2027 = EDGE_CURVE ( 'NONE', #238, #4354, #1781, .T. ) ;
#2028 = CIRCLE ( 'NONE', #2681, 0.2952755905511810774 ) ;
#2029 = EDGE_LOOP ( 'NONE', ( #1420, #5148, #1728, #3384 ) ) ;
#2030 = LINE ( 'NONE', #161, #2985 ) ;
#2031 = CARTESIAN_POINT ( 'NONE',  ( -3.201058350784057538, 1.744743538943422712, -0.9842519685039370358 ) ) ;
#2032 = AXIS2_PLACEMENT_3D ( 'NONE', #2321, #1377, #871 ) ;
#2033 = ORIENTED_EDGE ( 'NONE', *, *, #3754, .T. ) ;
#2034 = ORIENTED_EDGE ( 'NONE', *, *, #4695, .F. ) ;
#2035 = CARTESIAN_POINT ( 'NONE',  ( -0.2420771438722214564, 3.637623295260771439, -0.9842519685039370358 ) ) ;
#2036 = VECTOR ( 'NONE', #782, 39.37007874015748143 ) ;
#2037 = DIRECTION ( 'NONE',  ( -0.4849212797211494563, -0.8745578039635817369, 0.000000000000000000 ) ) ;
#2038 = CARTESIAN_POINT ( 'NONE',  ( -3.424775095144347858, 1.898955465685492117, 0.000000000000000000 ) ) ;
#2039 = AXIS2_PLACEMENT_3D ( 'NONE', #3902, #1131, #5273 ) ;
#2040 = VERTEX_POINT ( 'NONE', #3578 ) ;
#2041 = EDGE_CURVE ( 'NONE', #2862, #4626, #2672, .T. ) ;
#2042 = ORIENTED_EDGE ( 'NONE', *, *, #5133, .T. ) ;
#2043 = DIRECTION ( 'NONE',  ( 0.000000000000000000, 0.000000000000000000, -1.000000000000000000 ) ) ;
#2044 = DIRECTION ( 'NONE',  ( 0.000000000000000000, 0.000000000000000000, 1.000000000000000000 ) ) ;
#2045 = CARTESIAN_POINT ( 'NONE',  ( -3.193458639419133771, -2.302575279633936045, -0.9842519685039370358 ) ) ;
#2046 = VECTOR ( 'NONE', #1074, 39.37007874015748143 ) ;
#2047 = LINE ( 'NONE', #4712, #2532 ) ;
#2048 = DIRECTION ( 'NONE',  ( 0.1357155724343103997, 0.9907478404714428200, -0.000000000000000000 ) ) ;
#2049 = ORIENTED_EDGE ( 'NONE', *, *, #4646, .F. ) ;
#2050 = DIRECTION ( 'NONE',  ( -0.8745578039635782952, 0.4849212797211555626, 0.000000000000000000 ) ) ;
#2051 = ORIENTED_EDGE ( 'NONE', *, *, #5494, .F. ) ;
#2052 = CARTESIAN_POINT ( 'NONE',  ( -2.941635510506599438, -2.153528524337615213, -0.9842519685039370358 ) ) ;
#2053 = CARTESIAN_POINT ( 'NONE',  ( 1.654523236393758978, -3.549319536645150208, -0.9842519685039370358 ) ) ;
#2054 = VECTOR ( 'NONE', #2285, 39.37007874015748143 ) ;
#2055 = VECTOR ( 'NONE', #2101, 39.37007874015748143 ) ;
#2056 = ORIENTED_EDGE ( 'NONE', *, *, #2027, .F. ) ;
#2057 = EDGE_CURVE ( 'NONE', #2666, #4626, #4448, .T. ) ;
#2058 = LINE ( 'NONE', #5700, #3660 ) ;
#2059 = DIRECTION ( 'NONE',  ( 0.06640129000382763436, 0.9977929989160213564, 0.000000000000000000 ) ) ;
#2060 = ORIENTED_EDGE ( 'NONE', *, *, #1495, .T. ) ;
#2061 = ORIENTED_EDGE ( 'NONE', *, *, #1309, .F. ) ;
#2062 = DIRECTION ( 'NONE',  ( 0.9925617027126559799, 0.1217426232186294977, 0.000000000000000000 ) ) ;
#2063 = CARTESIAN_POINT ( 'NONE',  ( -3.193458639419133771, -2.302575279633936045, 0.000000000000000000 ) ) ;
#2064 = DIRECTION ( 'NONE',  ( 0.000000000000000000, 0.000000000000000000, -1.000000000000000000 ) ) ;
#2065 = ORIENTED_EDGE ( 'NONE', *, *, #5353, .F. ) ;
#2066 = ORIENTED_EDGE ( 'NONE', *, *, #4952, .F. ) ;
#2067 = ORIENTED_EDGE ( 'NONE', *, *, #1129, .F. ) ;
#2068 = CARTESIAN_POINT ( 'NONE',  ( -3.665757450382869820, -1.436054774381703147, -0.9842519685039370358 ) ) ;
#2069 = CARTESIAN_POINT ( 'NONE',  ( 2.086324520973354080, -3.313965344743833974, -0.9842519685039370358 ) ) ;
#2070 = LINE ( 'NONE', #3959, #5264 ) ;
#2071 = DIRECTION ( 'NONE',  ( -0.7264869440150649726, 0.6871802675977037866, 0.000000000000000000 ) ) ;
#2072 = DIRECTION ( 'NONE',  ( 0.07323819712760465395, 0.9973144772244600942, -0.000000000000000000 ) ) ;
#2073 = ADVANCED_FACE ( 'NONE', ( #386 ), #892, .T. ) ;
#2074 = ORIENTED_EDGE ( 'NONE', *, *, #4122, .T. ) ;
#2075 = ADVANCED_FACE ( 'NONE', ( #1397 ), #5425, .F. ) ;
#2076 = DIRECTION ( 'NONE',  ( 0.4849212797211556181, 0.8745578039635784062, -0.000000000000000000 ) ) ;
#2077 = ORIENTED_EDGE ( 'NONE', *, *, #2718, .T. ) ;
#2078 = LINE ( 'NONE', #1578, #158 ) ;
#2079 = CARTESIAN_POINT ( 'NONE',  ( -0.2952755905511810774, 0.000000000000000000, 0.000000000000000000 ) ) ;
#2080 = PRODUCT_DEFINITION ( 'UNKNOWN', '', #1622, #1046 ) ;
#2081 = ORIENTED_EDGE ( 'NONE', *, *, #5263, .F. ) ;
#2082 = ADVANCED_FACE ( 'NONE', ( #1362 ), #834, .T. ) ;
#2083 = CARTESIAN_POINT ( 'NONE',  ( 3.888686575760350816, 0.5013558528757980914, 0.000000000000000000 ) ) ;
#2084 = VERTEX_POINT ( 'NONE', #1280 ) ;
#2085 = ORIENTED_EDGE ( 'NONE', *, *, #2160, .T. ) ;
#2086 = VECTOR ( 'NONE', #4277, 39.37007874015748854 ) ;
#2087 = CARTESIAN_POINT ( 'NONE',  ( -3.547110816026485924, -0.8970751792485044396, -0.9842519685039370358 ) ) ;
#2088 = DIRECTION ( 'NONE',  ( 0.7771459614569470320, 0.6293203910498670339, -0.000000000000000000 ) ) ;
#2089 = DIRECTION ( 'NONE',  ( 0.000000000000000000, 0.000000000000000000, -1.000000000000000000 ) ) ;
#2090 = ORIENTED_EDGE ( 'NONE', *, *, #2548, .T. ) ;
#2091 = AXIS2_PLACEMENT_3D ( 'NONE', #1909, #540, #4692 ) ;
#2092 = VERTEX_POINT ( 'NONE', #3668 ) ;
#2093 = EDGE_CURVE ( 'NONE', #1399, #5033, #4025, .T. ) ;
#2094 = ORIENTED_EDGE ( 'NONE', *, *, #881, .F. ) ;
#2095 = DIRECTION ( 'NONE',  ( -0.9311023923972489014, -0.3647579126929523796, 0.000000000000000000 ) ) ;
#2096 = CARTESIAN_POINT ( 'NONE',  ( 3.456866469529193076, 1.884172288275882678, -0.9842519685039370358 ) ) ;
#2097 = LINE ( 'NONE', #2128, #5738 ) ;
#2098 = DATE_AND_TIME ( #2663, #5158 ) ;
#2099 = CC_DESIGN_APPROVAL ( #4387, ( #2080 ) ) ;
#2100 = EDGE_CURVE ( 'NONE', #4086, #2799, #2280, .T. ) ;
#2101 = DIRECTION ( 'NONE',  ( -0.9258705848099959557, 0.3778407868184642804, -0.000000000000000000 ) ) ;
#2102 = LINE ( 'NONE', #5748, #2613 ) ;
#2103 = ORIENTED_EDGE ( 'NONE', *, *, #4907, .F. ) ;
#2104 = VECTOR ( 'NONE', #4259, 39.37007874015748143 ) ;
#2105 = EDGE_CURVE ( 'NONE', #2125, #2209, #808, .T. ) ;
#2106 = DIRECTION ( 'NONE',  ( 0.000000000000000000, 0.000000000000000000, -1.000000000000000000 ) ) ;
#2107 = EDGE_LOOP ( 'NONE', ( #4544, #2987, #2229, #847 ) ) ;
#2108 = DIRECTION ( 'NONE',  ( 0.8329212407100946569, 0.5533915492433513217, -0.000000000000000000 ) ) ;
#2109 = CARTESIAN_POINT ( 'NONE',  ( -3.634934338765077211, -5.525806714629228900, 0.000000000000000000 ) ) ;
#2110 = DIRECTION ( 'NONE',  ( -0.2283508701106525540, -0.9735789028731610673, 0.000000000000000000 ) ) ;
#2111 = ORIENTED_EDGE ( 'NONE', *, *, #944, .T. ) ;
#2112 = ADVANCED_FACE ( 'NONE', ( #3097 ), #3994, .T. ) ;
#2113 = DIRECTION ( 'NONE',  ( 0.000000000000000000, 0.000000000000000000, 1.000000000000000000 ) ) ;
#2114 = LINE ( 'NONE', #4362, #4811 ) ;
#2115 = ORIENTED_EDGE ( 'NONE', *, *, #866, .T. ) ;
#2116 = AXIS2_PLACEMENT_3D ( 'NONE', #4309, #5260, #1175 ) ;
#2117 = ORIENTED_EDGE ( 'NONE', *, *, #5013, .T. ) ;
#2118 = DIRECTION ( 'NONE',  ( 0.000000000000000000, 0.000000000000000000, 1.000000000000000000 ) ) ;
#2119 = FACE_OUTER_BOUND ( 'NONE', #829, .T. ) ;
#2120 = LINE ( 'NONE', #3894, #4418 ) ;
#2121 = VECTOR ( 'NONE', #1499, 39.37007874015748143 ) ;
#2122 = VERTEX_POINT ( 'NONE', #5843 ) ;
#2123 = ORIENTED_EDGE ( 'NONE', *, *, #548, .F. ) ;
#2124 = VECTOR ( 'NONE', #3912, 39.37007874015748143 ) ;
#2125 = VERTEX_POINT ( 'NONE', #415 ) ;
#2126 = FACE_OUTER_BOUND ( 'NONE', #3555, .T. ) ;
#2127 = CARTESIAN_POINT ( 'NONE',  ( -3.904152404960765654, 0.5075677283881184776, 0.000000000000000000 ) ) ;
#2128 = CARTESIAN_POINT ( 'NONE',  ( -0.5099999999999976774, 0.000000000000000000, -0.9842519685039370358 ) ) ;
#2129 = PERSON_AND_ORGANIZATION_ROLE ( 'creator' ) ;
#2130 = DIRECTION ( 'NONE',  ( -0.8151277957285377740, -0.5792811723427019333, 0.000000000000000000 ) ) ;
#2131 = EDGE_CURVE ( 'NONE', #2788, #1601, #1750, .T. ) ;
#2132 = VECTOR ( 'NONE', #4353, 39.37007874015748854 ) ;
#2133 = ORIENTED_EDGE ( 'NONE', *, *, #4876, .T. ) ;
#2134 = AXIS2_PLACEMENT_3D ( 'NONE', #926, #3700, #2761 ) ;
#2135 = DIRECTION ( 'NONE',  ( -0.6293203910498669229, 0.7771459614569470320, -0.000000000000000000 ) ) ;
#2136 = VERTEX_POINT ( 'NONE', #5400 ) ;
#2137 = LINE ( 'NONE', #1248, #4581 ) ;
#2138 = CARTESIAN_POINT ( 'NONE',  ( 0.2165232238326829650, -3.652376857874448657, -0.9842519685039370358 ) ) ;
#2139 = CARTESIAN_POINT ( 'NONE',  ( 2.342385370536693490, 2.810688491151502877, 0.000000000000000000 ) ) ;
#2140 = VECTOR ( 'NONE', #5174, 39.37007874015748143 ) ;
#2141 = ORIENTED_EDGE ( 'NONE', *, *, #2568, .T. ) ;
#2142 = CARTESIAN_POINT ( 'NONE',  ( -3.534391290191075008, 0.8938583722439700230, -0.9842519685039370358 ) ) ;
#2143 = VECTOR ( 'NONE', #4657, 39.37007874015748854 ) ;
#2144 = DIRECTION ( 'NONE',  ( 0.000000000000000000, 0.000000000000000000, 1.000000000000000000 ) ) ;
#2145 = ORIENTED_EDGE ( 'NONE', *, *, #2093, .T. ) ;
#2146 = EDGE_CURVE ( 'NONE', #2169, #1264, #5455, .T. ) ;
#2147 = ORIENTED_EDGE ( 'NONE', *, *, #5249, .T. ) ;
#2148 = VECTOR ( 'NONE', #5787, 39.37007874015748143 ) ;
#2149 = CARTESIAN_POINT ( 'NONE',  ( -3.384779387378535009, -1.354316462495585904, -0.9842519685039370358 ) ) ;
#2150 = DIRECTION ( 'NONE',  ( 0.9735789028731610673, -0.2283508701106525263, -0.000000000000000000 ) ) ;
#2151 = DIRECTION ( 'NONE',  ( 0.000000000000000000, 0.000000000000000000, -1.000000000000000000 ) ) ;
#2152 = ORIENTED_EDGE ( 'NONE', *, *, #4546, .F. ) ;
#2153 = ORIENTED_EDGE ( 'NONE', *, *, #2252, .T. ) ;
#2154 = CC_DESIGN_PERSON_AND_ORGANIZATION_ASSIGNMENT ( #2244, #4101, ( #1535 ) ) ;
#2155 = ORIENTED_EDGE ( 'NONE', *, *, #5403, .T. ) ;
#2156 = LINE ( 'NONE', #2607, #1634 ) ;
#2157 = DIRECTION ( 'NONE',  ( 0.4290504594760571333, 0.9032805229956992754, 0.000000000000000000 ) ) ;
#2158 = CARTESIAN_POINT ( 'NONE',  ( 3.618551719338275241, -0.4438333429150858045, -0.9842519685039370358 ) ) ;
#2159 = APPROVAL_DATE_TIME ( #4375, #2702 ) ;
#2160 = EDGE_CURVE ( 'NONE', #1944, #4777, #2703, .T. ) ;
#2161 = DIRECTION ( 'NONE',  ( -0.4352310993722915966, -0.9003187714022107269, 0.000000000000000000 ) ) ;
#2162 = ORIENTED_EDGE ( 'NONE', *, *, #2041, .F. ) ;
#2163 = EDGE_CURVE ( 'NONE', #3404, #4061, #4954, .T. ) ;
#2164 = CARTESIAN_POINT ( 'NONE',  ( 0.7445391920026458443, -3.849532746617909229, -0.9842519685039370358 ) ) ;
#2165 = ORIENTED_EDGE ( 'NONE', *, *, #973, .F. ) ;
#2166 = CARTESIAN_POINT ( 'NONE',  ( 3.646204138890985380, 1.428394795045139887, 0.000000000000000000 ) ) ;
#2167 = CARTESIAN_POINT ( 'NONE',  ( 1.564176084546640366, -3.293062064149642421, 0.000000000000000000 ) ) ;
#2168 = DIRECTION ( 'NONE',  ( -0.000000000000000000, -0.000000000000000000, -1.000000000000000000 ) ) ;
#2169 = VERTEX_POINT ( 'NONE', #1871 ) ;
#2170 = CARTESIAN_POINT ( 'NONE',  ( -3.809751892482078794, 0.9928854504882345111, -0.9842519685039370358 ) ) ;
#2171 = LINE ( 'NONE', #3018, #609 ) ;
#2172 = ADVANCED_FACE ( 'NONE', ( #2826 ), #2367, .T. ) ;
#2173 = ORIENTED_EDGE ( 'NONE', *, *, #4113, .F. ) ;
#2174 = VERTEX_POINT ( 'NONE', #3304 ) ;
#2175 = DIRECTION ( 'NONE',  ( -0.4725507648690840945, 0.8813034520649761783, 0.000000000000000000 ) ) ;
#2176 = EDGE_CURVE ( 'NONE', #200, #1264, #4201, .T. ) ;
#2177 = DIRECTION ( 'NONE',  ( 0.9973144772244585399, -0.07323819712762688616, 0.000000000000000000 ) ) ;
#2178 = EDGE_CURVE ( 'NONE', #2204, #682, #2882, .T. ) ;
#2179 = EDGE_LOOP ( 'NONE', ( #1890, #2874, #5071, #4873 ) ) ;
#2180 = ORIENTED_EDGE ( 'NONE', *, *, #1335, .F. ) ;
#2181 = VECTOR ( 'NONE', #5084, 39.37007874015748854 ) ;
#2182 = ORIENTED_EDGE ( 'NONE', *, *, #133, .T. ) ;
#2183 = DIRECTION ( 'NONE',  ( 0.8780440832604149426, 0.4785797612220740183, 0.000000000000000000 ) ) ;
#2184 = FACE_OUTER_BOUND ( 'NONE', #39, .T. ) ;
#2185 = LINE ( 'NONE', #2723, #883 ) ;
#2186 = MECHANICAL_CONTEXT ( 'NONE', #2873, 'mechanical' ) ;
#2188 = DIRECTION ( 'NONE',  ( 0.6402077816650226794, 0.7682017939939678186, 0.000000000000000000 ) ) ;
#2187 = VECTOR ( 'NONE', #1049, 39.37007874015748143 ) ;
#2189 = VERTEX_POINT ( 'NONE', #1514 ) ;
#2190 = ADVANCED_FACE ( 'NONE', ( #4145 ), #4263, .T. ) ;
#2191 = LOCAL_TIME ( 11, 53, 13.00000000000000000, #621 ) ;
#2192 = LINE ( 'NONE', #4949, #2018 ) ;
#2193 = ORIENTED_EDGE ( 'NONE', *, *, #4496, .T. ) ;
#2194 = LINE ( 'NONE', #4839, #4 ) ;
#2195 = DIRECTION ( 'NONE',  ( 0.000000000000000000, 0.000000000000000000, -1.000000000000000000 ) ) ;
#2196 = DIRECTION ( 'NONE',  ( -0.8660254037844360431, -0.5000000000000043299, 0.000000000000000000 ) ) ;
#2197 = LOCAL_TIME ( 11, 53, 13.00000000000000000, #2966 ) ;
#2198 = ORIENTED_EDGE ( 'NONE', *, *, #3100, .F. ) ;
#2199 = DIRECTION ( 'NONE',  ( -0.9781476007338054668, -0.2079116908177599254, 0.000000000000000000 ) ) ;
#2200 = DIRECTION ( 'NONE',  ( 0.000000000000000000, 0.000000000000000000, -1.000000000000000000 ) ) ;
#2201 = AXIS2_PLACEMENT_3D ( 'NONE', #4081, #1393, #5062 ) ;
#2202 = ADVANCED_FACE ( 'NONE', ( #1898 ), #4653, .F. ) ;
#2203 = ORIENTED_EDGE ( 'NONE', *, *, #3491, .T. ) ;
#2204 = VERTEX_POINT ( 'NONE', #3276 ) ;
#2205 = DIRECTION ( 'NONE',  ( 1.000000000000000000, 0.000000000000000000, 0.000000000000000000 ) ) ;
#2206 = DIRECTION ( 'NONE',  ( -0.06640129000382763436, -0.9977929989160213564, 0.000000000000000000 ) ) ;
#2207 = VECTOR ( 'NONE', #2394, 39.37007874015748143 ) ;
#2208 = AXIS2_PLACEMENT_3D ( 'NONE', #435, #1888, #2818 ) ;
#2209 = VERTEX_POINT ( 'NONE', #2341 ) ;
#2210 = ORIENTED_EDGE ( 'NONE', *, *, #1032, .T. ) ;
#2211 = ORIENTED_EDGE ( 'NONE', *, *, #5283, .T. ) ;
#2212 = CARTESIAN_POINT ( 'NONE',  ( 3.384779387378524795, 1.354316462495609441, -0.9842519685039370358 ) ) ;
#2213 = VECTOR ( 'NONE', #1000, 39.37007874015748854 ) ;
#2214 = LINE ( 'NONE', #3200, #1380 ) ;
#2215 = CARTESIAN_POINT ( 'NONE',  ( 1.949286717914318512, -3.096291379983260317, -0.9842519685039370358 ) ) ;
#2216 = PERSON_AND_ORGANIZATION_ROLE ( 'classification_officer' ) ;
#2217 = CARTESIAN_POINT ( 'NONE',  ( 3.424775095144363402, -1.898955465685469912, -0.9842519685039370358 ) ) ;
#2218 = DIRECTION ( 'NONE',  ( -0.1976573403791266892, -0.9802711746217216415, 0.000000000000000000 ) ) ;
#2219 = VECTOR ( 'NONE', #5593, 39.37007874015748854 ) ;
#2220 = ORIENTED_EDGE ( 'NONE', *, *, #4644, .T. ) ;
#2221 = EDGE_CURVE ( 'NONE', #1928, #4729, #3332, .T. ) ;
#2222 = DIRECTION ( 'NONE',  ( -0.1460830285624227232, 0.9892723329629866669, 0.000000000000000000 ) ) ;
#2223 = VERTEX_POINT ( 'NONE', #3756 ) ;
#2224 = DIRECTION ( 'NONE',  ( -0.3485720473218127391, -0.9372819894918924533, 0.000000000000000000 ) ) ;
#2225 = AXIS2_PLACEMENT_3D ( 'NONE', #1583, #4392, #2951 ) ;
#2226 = LINE ( 'NONE', #1691, #1018 ) ;
#2227 = DIRECTION ( 'NONE',  ( 0.5533915492433452155, -0.8329212407100987647, -0.000000000000000000 ) ) ;
#2228 = VECTOR ( 'NONE', #950, 39.37007874015748143 ) ;
#2229 = ORIENTED_EDGE ( 'NONE', *, *, #5692, .T. ) ;
#2230 = LINE ( 'NONE', #4063, #5106 ) ;
#2231 = DIRECTION ( 'NONE',  ( 0.000000000000000000, 0.000000000000000000, 1.000000000000000000 ) ) ;
#2232 = VERTEX_POINT ( 'NONE', #3726 ) ;
#2233 = VECTOR ( 'NONE', #5636, 39.37007874015748143 ) ;
#2234 = ADVANCED_FACE ( 'NONE', ( #5575 ), #1987, .T. ) ;
#2235 = CARTESIAN_POINT ( 'NONE',  ( 3.655269316823491987, -1.462544775913108719, -0.9842519685039370358 ) ) ;
#2236 = CARTESIAN_POINT ( 'NONE',  ( -2.865043435987260523, 2.676708255603866604, 0.000000000000000000 ) ) ;
#2237 = VECTOR ( 'NONE', #114, 39.37007874015748143 ) ;
#2238 = ORIENTED_EDGE ( 'NONE', *, *, #1711, .F. ) ;
#2239 = ORIENTED_EDGE ( 'NONE', *, *, #3772, .F. ) ;
#2240 = ORIENTED_EDGE ( 'NONE', *, *, #3026, .F. ) ;
#2241 = CARTESIAN_POINT ( 'NONE',  ( 0.6725800753332523696, -3.596439219653313479, -0.9842519685039370358 ) ) ;
#2242 = DIRECTION ( 'NONE',  ( -0.5180270093731311754, -0.8553642601605060403, 0.000000000000000000 ) ) ;
#2243 = FACE_OUTER_BOUND ( 'NONE', #1170, .T. ) ;
#2244 = PERSON_AND_ORGANIZATION ( #2281, #778 ) ;
#2245 = LINE ( 'NONE', #3203, #3747 ) ;
#2246 = DIRECTION ( 'NONE',  ( -0.4352310993723084720, -0.9003187714022027333, 0.000000000000000000 ) ) ;
#2247 = EDGE_CURVE ( 'NONE', #3311, #3473, #4622, .T. ) ;
#2248 = VERTEX_POINT ( 'NONE', #4592 ) ;
#2249 = PLANE ( 'NONE',  #2201 ) ;
#2250 = VERTEX_POINT ( 'NONE', #4682 ) ;
#2251 = LINE ( 'NONE', #5542, #5582 ) ;
#2252 = EDGE_CURVE ( 'NONE', #1113, #4069, #2399, .T. ) ;
#2253 = CARTESIAN_POINT ( 'NONE',  ( -1.968503937007874072, 0.000000000000000000, 0.7086614173228346081 ) ) ;
#2254 = ADVANCED_FACE ( 'NONE', ( #4233 ), #149, .T. ) ;
#2255 = LINE ( 'NONE', #1015, #1661 ) ;
#2256 = EDGE_LOOP ( 'NONE', ( #531, #4474, #3074, #2738 ) ) ;
#2257 = CARTESIAN_POINT ( 'NONE',  ( -3.149606299212598604, 0.3149606299212594496, 0.9842519685039370358 ) ) ;
#2258 = DIRECTION ( 'NONE',  ( 0.8111384944124558904, 0.5848541210270251645, 0.000000000000000000 ) ) ;
#2259 = APPROVAL ( #1069, 'UNSPECIFIED' ) ;
#2260 = ORIENTED_EDGE ( 'NONE', *, *, #4441, .T. ) ;
#2261 = EDGE_CURVE ( 'NONE', #1118, #1640, #1072, .T. ) ;
#2262 = CARTESIAN_POINT ( 'NONE',  ( -3.891198466669551603, 0.4814721889165781699, 0.000000000000000000 ) ) ;
#2263 = CARTESIAN_POINT ( 'NONE',  ( -2.333985849692210568, 2.800609689914983491, 0.000000000000000000 ) ) ;
#2264 = VERTEX_POINT ( 'NONE', #5038 ) ;
#2265 = ORIENTED_EDGE ( 'NONE', *, *, #1372, .T. ) ;
#2266 = ORIENTED_EDGE ( 'NONE', *, *, #4527, .F. ) ;
#2267 = CARTESIAN_POINT ( 'NONE',  ( 2.865043435987280951, -2.676708255603842623, -0.9842519685039370358 ) ) ;
#2268 = DIRECTION ( 'NONE',  ( -1.000000000000000000, 0.000000000000000000, 0.000000000000000000 ) ) ;
#2269 = CARTESIAN_POINT ( 'NONE',  ( -0.7477002634827877303, -3.843964181540399316, -0.9842519685039370358 ) ) ;
#2270 = APPROVAL_DATE_TIME ( #4132, #3474 ) ;
#2271 = DIRECTION ( 'NONE',  ( 0.2385334575785821032, -0.9711342799096357448, 0.000000000000000000 ) ) ;
#2272 = CARTESIAN_POINT ( 'NONE',  ( -1.678487988567875844, 3.543433228938418722, 0.000000000000000000 ) ) ;
#2273 = EDGE_CURVE ( 'NONE', #82, #4005, #5097, .T. ) ;
#2274 = VERTEX_POINT ( 'NONE', #58 ) ;
#2275 = EDGE_CURVE ( 'NONE', #1734, #581, #3697, .T. ) ;
#2276 = CARTESIAN_POINT ( 'NONE',  ( 1.223580884155779813, 3.719941684073334365, -0.9842519685039370358 ) ) ;
#2277 = ORIENTED_EDGE ( 'NONE', *, *, #3690, .T. ) ;
#2278 = VECTOR ( 'NONE', #1442, 39.37007874015747433 ) ;
#2279 = DIRECTION ( 'NONE',  ( -0.3288666467385903958, 0.9443763702374784463, -0.000000000000000000 ) ) ;
#2280 = LINE ( 'NONE', #3638, #997 ) ;
#2281 = PERSON ( 'UNSPECIFIED', 'UNSPECIFIED', 'UNSPECIFIED', ('UNSPECIFIED'), ('UNSPECIFIED'), ('UNSPECIFIED') ) ;
#2282 = VECTOR ( 'NONE', #5036, 39.37007874015748143 ) ;
#2283 = CARTESIAN_POINT ( 'NONE',  ( -1.545847799209233875, 3.316186605134848531, -0.9842519685039370358 ) ) ;
#2284 = ORIENTED_EDGE ( 'NONE', *, *, #1205, .F. ) ;
#2285 = DIRECTION ( 'NONE',  ( 0.000000000000000000, 0.000000000000000000, 1.000000000000000000 ) ) ;
#2286 = APPROVAL_PERSON_ORGANIZATION ( #5271, #2702, #3003 ) ;
#2287 = DIRECTION ( 'NONE',  ( -0.9907478404714428200, 0.1357155724343103997, -0.000000000000000000 ) ) ;
#2288 = ORIENTED_EDGE ( 'NONE', *, *, #1281, .F. ) ;
#2289 = EDGE_CURVE ( 'NONE', #5518, #1552, #530, .T. ) ;
#2290 = CARTESIAN_POINT ( 'NONE',  ( -3.159767491679426499, 2.313219771552998516, -0.9842519685039370358 ) ) ;
#2291 = VECTOR ( 'NONE', #1576, 39.37007874015748143 ) ;
#2292 = CARTESIAN_POINT ( 'NONE',  ( 3.904152404960770095, -0.5075677283880895008, 0.000000000000000000 ) ) ;
#2293 = APPLICATION_CONTEXT ( 'configuration controlled 3d designs of mechanical parts and assemblies' ) ;
#2294 = ORIENTED_EDGE ( 'NONE', *, *, #2594, .F. ) ;
#2295 = VERTEX_POINT ( 'NONE', #742 ) ;
#2296 = LINE ( 'NONE', #2327, #1365 ) ;
#2297 = CARTESIAN_POINT ( 'NONE',  ( -3.795186570408795479, -0.9847841750862571519, -0.9842519685039370358 ) ) ;
#2298 = LINE ( 'NONE', #3229, #4322 ) ;
#2299 = SECURITY_CLASSIFICATION_LEVEL ( 'unclassified' ) ;
#2300 = CARTESIAN_POINT ( 'NONE',  ( -3.904152404960765654, 0.5075677283881184776, -0.9842519685039370358 ) ) ;
#2301 = DIRECTION ( 'NONE',  ( -0.7836934573258390602, 0.6211477802783114122, 0.000000000000000000 ) ) ;
#2302 = ORIENTED_EDGE ( 'NONE', *, *, #4644, .F. ) ;
#2303 = AXIS2_PLACEMENT_3D ( 'NONE', #223, #2037, #2570 ) ;
#2304 = ORIENTED_EDGE ( 'NONE', *, *, #1613, .T. ) ;
#2305 = CARTESIAN_POINT ( 'NONE',  ( 0.2317451337921577481, -3.909144472380300606, 0.000000000000000000 ) ) ;
#2306 = ORIENTED_EDGE ( 'NONE', *, *, #68, .T. ) ;
#2307 = ADVANCED_FACE ( 'NONE', ( #1187 ), #2523, .T. ) ;
#2308 = EDGE_CURVE ( 'NONE', #4323, #2483, #3878, .T. ) ;
#2309 = DIRECTION ( 'NONE',  ( 0.9003187714022027333, -0.4352310993723083610, 0.000000000000000000 ) ) ;
#2310 = DIRECTION ( 'NONE',  ( 0.000000000000000000, 0.000000000000000000, -1.000000000000000000 ) ) ;
#2311 = VECTOR ( 'NONE', #2089, 39.37007874015748143 ) ;
#2312 = EDGE_LOOP ( 'NONE', ( #854, #4271, #3033, #5373 ) ) ;
#2313 = VECTOR ( 'NONE', #726, 39.37007874015748143 ) ;
#2314 = LINE ( 'NONE', #1902, #1375 ) ;
#2315 = VERTEX_POINT ( 'NONE', #4773 ) ;
#2316 = FACE_OUTER_BOUND ( 'NONE', #81, .T. ) ;
#2317 = FACE_OUTER_BOUND ( 'NONE', #4599, .T. ) ;
#2318 = VECTOR ( 'NONE', #3149, 39.37007874015748854 ) ;
#2319 = EDGE_LOOP ( 'NONE', ( #2837, #1166, #5804, #5363 ) ) ;
#2320 = LINE ( 'NONE', #601, #2187 ) ;
#2321 = CARTESIAN_POINT ( 'NONE',  ( -0.7198634713867139157, 3.849274333629763678, -0.9842519685039370358 ) ) ;
#2322 = EDGE_CURVE ( 'NONE', #564, #4082, #1216, .T. ) ;
#2323 = VERTEX_POINT ( 'NONE', #1543 ) ;
#2324 = ORIENTED_EDGE ( 'NONE', *, *, #222, .T. ) ;
#2325 = EDGE_CURVE ( 'NONE', #1629, #1577, #3361, .T. ) ;
#2326 = VECTOR ( 'NONE', #5442, 39.37007874015748143 ) ;
#2327 = CARTESIAN_POINT ( 'NONE',  ( 0.6985884400706797726, 3.591477858736628725, -0.9842519685039370358 ) ) ;
#2328 = DIRECTION ( 'NONE',  ( 0.8660254037844397068, 0.4999999999999980016, 0.000000000000000000 ) ) ;
#2329 = DIRECTION ( 'NONE',  ( 0.9892723329629875550, 0.1460830285624158120, -0.000000000000000000 ) ) ;
#2330 = COORDINATED_UNIVERSAL_TIME_OFFSET ( 7, 0, .BEHIND. ) ;
#2331 = CARTESIAN_POINT ( 'NONE',  ( -2.855803267411598956, 0.6957765282587463629, 0.000000000000000000 ) ) ;
#2332 = VECTOR ( 'NONE', #1108, 39.37007874015748854 ) ;
#2333 = LINE ( 'NONE', #4784, #1945 ) ;
#2334 = ORIENTED_EDGE ( 'NONE', *, *, #2335, .T. ) ;
#2335 = EDGE_CURVE ( 'NONE', #5026, #1518, #681, .T. ) ;
#2336 = VERTEX_POINT ( 'NONE', #4377 ) ;
#2337 = CARTESIAN_POINT ( 'NONE',  ( 2.086324520973354080, -3.313965344743833974, -0.9842519685039370358 ) ) ;
#2338 = DIRECTION ( 'NONE',  ( -0.7569950556517552887, -0.6534206039901068186, 0.000000000000000000 ) ) ;
#2339 = DIRECTION ( 'NONE',  ( -0.6293203910498452736, 0.7771459614569645735, -0.000000000000000000 ) ) ;
#2340 = DIRECTION ( 'NONE',  ( -0.06640129000382763436, -0.9977929989160213564, 0.000000000000000000 ) ) ;
#2341 = CARTESIAN_POINT ( 'NONE',  ( 0.2952755905511810774, 3.616083068348483797E-17, 0.000000000000000000 ) ) ;
#2342 = ORIENTED_EDGE ( 'NONE', *, *, #1953, .F. ) ;
#2343 = FACE_OUTER_BOUND ( 'NONE', #2634, .T. ) ;
#2344 = EDGE_LOOP ( 'NONE', ( #1842, #4051, #4794, #5140 ) ) ;
#2345 = CARTESIAN_POINT ( 'NONE',  ( 3.635771949497380362, -1.454743497743093084, -0.9842519685039370358 ) ) ;
#2346 = CARTESIAN_POINT ( 'NONE',  ( -3.795186570408795479, -0.9847841750862568189, 0.000000000000000000 ) ) ;
#2347 = VERTEX_POINT ( 'NONE', #1598 ) ;
#2348 = DIRECTION ( 'NONE',  ( -0.5180270093731311754, -0.8553642601605060403, -0.000000000000000000 ) ) ;
#2349 = EDGE_CURVE ( 'NONE', #5420, #4663, #2940, .T. ) ;
#2350 = CARTESIAN_POINT ( 'NONE',  ( 2.666591142528191849, -2.486000052373160685, -0.9842519685039370358 ) ) ;
#2351 = ORIENTED_EDGE ( 'NONE', *, *, #4786, .T. ) ;
#2352 = ORIENTED_EDGE ( 'NONE', *, *, #3870, .F. ) ;
#2353 = EDGE_CURVE ( 'NONE', #2002, #193, #5663, .T. ) ;
#2354 = LINE ( 'NONE', #103, #3621 ) ;
#2355 = CARTESIAN_POINT ( 'NONE',  ( 2.879688058885678359, 2.684665283340409658, -0.9842519685039370358 ) ) ;
#2356 = CARTESIAN_POINT ( 'NONE',  ( 2.967784830495915127, 2.139857990212003624, 0.000000000000000000 ) ) ;
#2357 = DIRECTION ( 'NONE',  ( -0.9816028147042261676, 0.1909343189810061292, 0.000000000000000000 ) ) ;
#2358 = ADVANCED_FACE ( 'NONE', ( #768 ), #3961, .F. ) ;
#2359 = ORIENTED_EDGE ( 'NONE', *, *, #3835, .T. ) ;
#2360 = EDGE_CURVE ( 'NONE', #1759, #3962, #2019, .T. ) ;
#2361 = ORIENTED_EDGE ( 'NONE', *, *, #3907, .T. ) ;
#2362 = CARTESIAN_POINT ( 'NONE',  ( -3.149606299212598604, 0.3149606299212594496, 0.000000000000000000 ) ) ;
#2363 = CARTESIAN_POINT ( 'NONE',  ( 3.199822720625503436, -1.774224781408665574, 0.000000000000000000 ) ) ;
#2364 = LINE ( 'NONE', #4197, #3452 ) ;
#2365 = CARTESIAN_POINT ( 'NONE',  ( 1.202081876751644351, 3.732055752168879525, -0.9842519685039370358 ) ) ;
#2366 = DIRECTION ( 'NONE',  ( 0.3583679495452866126, -0.9335804264972069610, 0.000000000000000000 ) ) ;
#2367 = PLANE ( 'NONE',  #1659 ) ;
#2368 = EDGE_CURVE ( 'NONE', #2410, #2250, #4802, .T. ) ;
#2369 = ORIENTED_EDGE ( 'NONE', *, *, #952, .T. ) ;
#2370 = VECTOR ( 'NONE', #2769, 39.37007874015748854 ) ;
#2371 = CARTESIAN_POINT ( 'NONE',  ( 2.313657855930875584, 2.817426468871639056, -0.9842519685039370358 ) ) ;
#2372 = ORIENTED_EDGE ( 'NONE', *, *, #1989, .T. ) ;
#2373 = LINE ( 'NONE', #92, #252 ) ;
#2374 = DIRECTION ( 'NONE',  ( 0.9659258262890696445, -0.2588190451025155769, -0.000000000000000000 ) ) ;
#2375 = AXIS2_PLACEMENT_3D ( 'NONE', #2586, #4414, #328 ) ;
#2376 = ORIENTED_EDGE ( 'NONE', *, *, #505, .T. ) ;
#2377 = CC_DESIGN_SECURITY_CLASSIFICATION ( #2481, ( #5905 ) ) ;
#2378 = CARTESIAN_POINT ( 'NONE',  ( -3.886879271373974820, -0.4767450500436498095, -0.9842519685039370358 ) ) ;
#2379 = DIRECTION ( 'NONE',  ( 0.8028174751911223428, -0.5962248749656051672, -0.000000000000000000 ) ) ;
#2380 = EDGE_CURVE ( 'NONE', #3861, #5702, #3844, .T. ) ;
#2381 = ADVANCED_FACE ( 'NONE', ( #4321 ), #5188, .T. ) ;
#2382 = ORIENTED_EDGE ( 'NONE', *, *, #1994, .F. ) ;
#2383 = ORIENTED_EDGE ( 'NONE', *, *, #5690, .F. ) ;
#2384 = ORIENTED_EDGE ( 'NONE', *, *, #2475, .T. ) ;
#2385 = VECTOR ( 'NONE', #4741, 39.37007874015748143 ) ;
#2386 = CARTESIAN_POINT ( 'NONE',  ( -3.816837246426639574, -0.9652898188380080180, 0.000000000000000000 ) ) ;
#2387 = CARTESIAN_POINT ( 'NONE',  ( -2.755905511811024056, 0.3139174288148154357, 0.9842519685039370358 ) ) ;
#2388 = DIRECTION ( 'NONE',  ( -0.000000000000000000, -0.000000000000000000, -1.000000000000000000 ) ) ;
#2389 = CARTESIAN_POINT ( 'NONE',  ( 3.618551719338275241, -0.4438333429150858045, -0.9842519685039370358 ) ) ;
#2390 = VECTOR ( 'NONE', #1213, 39.37007874015748143 ) ;
#2391 = EDGE_LOOP ( 'NONE', ( #1515, #5707, #2863, #3750 ) ) ;
#2392 = AXIS2_PLACEMENT_3D ( 'NONE', #5596, #1510, #5711 ) ;
#2393 = ORIENTED_EDGE ( 'NONE', *, *, #5894, .F. ) ;
#2394 = DIRECTION ( 'NONE',  ( 0.000000000000000000, 0.000000000000000000, 1.000000000000000000 ) ) ;
#2395 = CARTESIAN_POINT ( 'NONE',  ( 0.000000000000000000, 0.000000000000000000, 0.6986614173228364866 ) ) ;
#2396 = CARTESIAN_POINT ( 'NONE',  ( 3.527830252438391323, 0.9194119271521559167, 0.000000000000000000 ) ) ;
#2397 = APPROVAL_ROLE ( '' ) ;
#2398 = DIRECTION ( 'NONE',  ( 0.000000000000000000, 0.000000000000000000, 1.000000000000000000 ) ) ;
#2399 = LINE ( 'NONE', #3813, #5573 ) ;
#2400 = ADVANCED_FACE ( 'NONE', ( #3416 ), #1282, .F. ) ;
#2401 = VECTOR ( 'NONE', #1326, 39.37007874015748143 ) ;
#2402 = ORIENTED_EDGE ( 'NONE', *, *, #3437, .F. ) ;
#2403 = CARTESIAN_POINT ( 'NONE',  ( 0.000000000000000000, 0.000000000000000000, 0.000000000000000000 ) ) ;
#2404 = ORIENTED_EDGE ( 'NONE', *, *, #5623, .T. ) ;
#2405 = AXIS2_PLACEMENT_3D ( 'NONE', #2350, #1940, #2808 ) ;
#2406 = DIRECTION ( 'NONE',  ( -0.003618321441277383855, -0.9999934538535477646, 0.000000000000000000 ) ) ;
#2407 = LINE ( 'NONE', #3251, #993 ) ;
#2408 = VECTOR ( 'NONE', #2374, 39.37007874015748143 ) ;
#2409 = PRODUCT_DEFINITION ( 'UNKNOWN', '', #1535, #4690 ) ;
#2410 = VERTEX_POINT ( 'NONE', #4833 ) ;
#2411 = DIRECTION ( 'NONE',  ( -0.9573194975320671318, 0.2890317969444720081, 0.000000000000000000 ) ) ;
#2412 = FACE_OUTER_BOUND ( 'NONE', #3941, .T. ) ;
#2413 = AXIS2_PLACEMENT_3D ( 'NONE', #5718, #5242, #3032 ) ;
#2414 = ORIENTED_EDGE ( 'NONE', *, *, #3790, .T. ) ;
#2415 = ORIENTED_EDGE ( 'NONE', *, *, #5374, .F. ) ;
#2416 = EDGE_CURVE ( 'NONE', #906, #4955, #2102, .T. ) ;
#2417 = VECTOR ( 'NONE', #1873, 39.37007874015748854 ) ;
#2418 = CARTESIAN_POINT ( 'NONE',  ( 2.658062645101056276, -2.514247798669456024, -0.9842519685039370358 ) ) ;
#2419 = PLANE ( 'NONE',  #1007 ) ;
#2420 = LINE ( 'NONE', #4252, #2883 ) ;
#2421 = CARTESIAN_POINT ( 'NONE',  ( 3.891198466669556932, -0.4814721889165519686, -0.9842519685039370358 ) ) ;
#2422 = CONICAL_SURFACE ( 'NONE', #5859, 0.5099999999999976774, 0.7853981633974311816 ) ;
#2423 = VERTEX_POINT ( 'NONE', #4746 ) ;
#2424 = EDGE_CURVE ( 'NONE', #2941, #2470, #3481, .T. ) ;
#2425 = ORIENTED_EDGE ( 'NONE', *, *, #563, .F. ) ;
#2426 = PLANE ( 'NONE',  #2496 ) ;
#2427 = VECTOR ( 'NONE', #2921, 39.37007874015748854 ) ;
#2428 = LINE ( 'NONE', #174, #3259 ) ;
#2429 = CARTESIAN_POINT ( 'NONE',  ( 1.680164903353871031, 3.537253484062976572, -0.9842519685039370358 ) ) ;
#2430 = CALENDAR_DATE ( 2025, 2, 4 ) ;
#2431 = ADVANCED_FACE ( 'NONE', ( #3390 ), #653, .F. ) ;
#2432 = PLANE ( 'NONE',  #3194 ) ;
#2433 = CARTESIAN_POINT ( 'NONE',  ( -1.680164903353896566, -3.537253484062966802, -0.9842519685039370358 ) ) ;
#2434 = ORIENTED_EDGE ( 'NONE', *, *, #3790, .F. ) ;
#2435 = AXIS2_PLACEMENT_3D ( 'NONE', #3519, #1249, #4447 ) ;
#2436 = EDGE_CURVE ( 'NONE', #550, #779, #5393, .T. ) ;
#2437 = DIRECTION ( 'NONE',  ( 0.000000000000000000, 0.000000000000000000, 1.000000000000000000 ) ) ;
#2438 = ORIENTED_EDGE ( 'NONE', *, *, #3253, .F. ) ;
#2439 = CARTESIAN_POINT ( 'NONE',  ( -3.646204138890994706, -1.428394795045114352, -0.9842519685039370358 ) ) ;
#2440 = DIRECTION ( 'NONE',  ( 0.8068849024499824552, -0.5907086881012351132, 0.000000000000000000 ) ) ;
#2441 = EDGE_CURVE ( 'NONE', #2295, #5275, #4524, .T. ) ;
#2442 = ORIENTED_EDGE ( 'NONE', *, *, #1953, .T. ) ;
#2443 = FACE_OUTER_BOUND ( 'NONE', #3935, .T. ) ;
#2444 = CARTESIAN_POINT ( 'NONE',  ( 1.964572205751057288, -3.071052039643677567, -0.9842519685039370358 ) ) ;
#2445 = CARTESIAN_POINT ( 'NONE',  ( -2.879688058885697455, -2.684665283340388342, -0.9842519685039370358 ) ) ;
#2446 = ORIENTED_EDGE ( 'NONE', *, *, #1488, .T. ) ;
#2447 = EDGE_CURVE ( 'NONE', #2546, #2854, #3599, .T. ) ;
#2448 = ORIENTED_EDGE ( 'NONE', *, *, #79, .T. ) ;
#2449 = CARTESIAN_POINT ( 'NONE',  ( 3.176424590560685601, 2.290293241805331004, -0.9842519685039370358 ) ) ;
#2450 = DIRECTION ( 'NONE',  ( 0.8111384944124558904, 0.5848541210270251645, 0.000000000000000000 ) ) ;
#2451 = PLANE ( 'NONE',  #2116 ) ;
#2452 = CARTESIAN_POINT ( 'NONE',  ( 2.321984220630427309, -2.827565790134533685, -0.9842519685039370358 ) ) ;
#2453 = EDGE_LOOP ( 'NONE', ( #1833, #3989, #2034, #2288 ) ) ;
#2454 = ORIENTED_EDGE ( 'NONE', *, *, #5543, .T. ) ;
#2455 = CARTESIAN_POINT ( 'NONE',  ( 0.2561938912453230466, -3.912493535560175761, -0.9842519685039370358 ) ) ;
#2456 = CARTESIAN_POINT ( 'NONE',  ( -1.357336933402973456, -5.016461946803570271, 0.9842519685039370358 ) ) ;
#2457 = CARTESIAN_POINT ( 'NONE',  ( 2.507058603132984675, 3.008284141073557461, 0.000000000000000000 ) ) ;
#2458 = CALENDAR_DATE ( 2025, 2, 4 ) ;
#2459 = FACE_OUTER_BOUND ( 'NONE', #3837, .T. ) ;
#2460 = CARTESIAN_POINT ( 'NONE',  ( 0.2317451337921577481, -3.909144472380300606, -0.9842519685039370358 ) ) ;
#2461 = ADVANCED_FACE ( 'NONE', ( #5835 ), #4920, .T. ) ;
#2462 = PRODUCT ( '1_2', '1_2', '', ( #1656 ) ) ;
#2463 = ORIENTED_EDGE ( 'NONE', *, *, #362, .T. ) ;
#2464 = EDGE_CURVE ( 'NONE', #5710, #4184, #4946, .T. ) ;
#2465 = LINE ( 'NONE', #153, #4488 ) ;
#2466 = ORIENTED_EDGE ( 'NONE', *, *, #4661, .T. ) ;
#2467 = FACE_OUTER_BOUND ( 'NONE', #5775, .T. ) ;
#2468 = DIRECTION ( 'NONE',  ( 0.2079116908177599254, -0.9781476007338054668, -0.000000000000000000 ) ) ;
#2469 = UNCERTAINTY_MEASURE_WITH_UNIT (LENGTH_MEASURE( 1.000000000000000082E-05 ), #2699, 'distance_accuracy_value', 'NONE');
#2470 = VERTEX_POINT ( 'NONE', #437 ) ;
#2471 = AXIS2_PLACEMENT_3D ( 'NONE', #4849, #2118, #1643 ) ;
#2472 = LINE ( 'NONE', #3313, #3277 ) ;
#2473 = LINE ( 'NONE', #5200, #245 ) ;
#2474 = EDGE_LOOP ( 'NONE', ( #4635, #5773, #820, #3135 ) ) ;
#2475 = EDGE_CURVE ( 'NONE', #3131, #2274, #4016, .T. ) ;
#2476 = VERTEX_POINT ( 'NONE', #916 ) ;
#2477 = VECTOR ( 'NONE', #4123, 39.37007874015748143 ) ;
#2478 = DIRECTION ( 'NONE',  ( 0.000000000000000000, 0.000000000000000000, -1.000000000000000000 ) ) ;
#2479 = CARTESIAN_POINT ( 'NONE',  ( 2.967784830495915127, 2.139857990212003624, -0.9842519685039370358 ) ) ;
#2480 = CARTESIAN_POINT ( 'NONE',  ( 3.440703102058751295, -1.880107214813790950, 0.000000000000000000 ) ) ;
#2481 = SECURITY_CLASSIFICATION ( '', '', #5532 ) ;
#2482 = EDGE_LOOP ( 'NONE', ( #3007, #3244, #4914, #1614 ) ) ;
#2483 = VERTEX_POINT ( 'NONE', #3568 ) ;
#2484 = DIRECTION ( 'NONE',  ( -0.8151277957285604225, -0.5792811723426701809, 0.000000000000000000 ) ) ;
#2485 = DIRECTION ( 'NONE',  ( -1.000000000000000000, 0.000000000000000000, 0.000000000000000000 ) ) ;
#2486 = FACE_OUTER_BOUND ( 'NONE', #1016, .T. ) ;
#2487 =( NAMED_UNIT ( * ) SI_UNIT ( $, .STERADIAN. ) SOLID_ANGLE_UNIT ( ) );
#2488 = FACE_OUTER_BOUND ( 'NONE', #3144, .T. ) ;
#2489 = VECTOR ( 'NONE', #888, 39.37007874015748143 ) ;
#2490 = CARTESIAN_POINT ( 'NONE',  ( -3.384779387378535009, -1.354316462495585904, 0.000000000000000000 ) ) ;
#2491 = ORIENTED_EDGE ( 'NONE', *, *, #5279, .F. ) ;
#2492 = EDGE_CURVE ( 'NONE', #355, #945, #4079, .T. ) ;
#2493 = CARTESIAN_POINT ( 'NONE',  ( -2.666591142528174085, 2.486000052373179781, 0.000000000000000000 ) ) ;
#2494 = ORIENTED_EDGE ( 'NONE', *, *, #5495, .T. ) ;
#2495 = CARTESIAN_POINT ( 'NONE',  ( 2.121568256750530956, 3.316470885144405578, -0.9842519685039370358 ) ) ;
#2496 = AXIS2_PLACEMENT_3D ( 'NONE', #142, #1538, #4285 ) ;
#2497 = CARTESIAN_POINT ( 'NONE',  ( -3.809751892482078794, 0.9928854504882345111, -0.9842519685039370358 ) ) ;
#2498 = AXIS2_PLACEMENT_3D ( 'NONE', #4374, #3388, #4318 ) ;
#2499 = AXIS2_PLACEMENT_3D ( 'NONE', #5651, #1121, #2509 ) ;
#2500 = ORIENTED_EDGE ( 'NONE', *, *, #3082, .T. ) ;
#2501 = CARTESIAN_POINT ( 'NONE',  ( -3.883327484294515131, 0.5048603397977036167, -0.9842519685039370358 ) ) ;
#2502 = PLANE ( 'NONE',  #5006 ) ;
#2503 = AXIS2_PLACEMENT_3D ( 'NONE', #5138, #4726, #1525 ) ;
#2504 = ORIENTED_EDGE ( 'NONE', *, *, #4731, .T. ) ;
#2505 = ORIENTED_EDGE ( 'NONE', *, *, #3835, .F. ) ;
#2506 = DIRECTION ( 'NONE',  ( 0.000000000000000000, 0.000000000000000000, 1.000000000000000000 ) ) ;
#2507 = AXIS2_PLACEMENT_3D ( 'NONE', #3969, #331, #1632 ) ;
#2508 = ADVANCED_FACE ( 'NONE', ( #3541 ), #853, .T. ) ;
#2509 = DIRECTION ( 'NONE',  ( -0.1667687467161024506, -0.9859960370705048716, 0.000000000000000000 ) ) ;
#2510 = PLANE ( 'NONE',  #5845 ) ;
#2511 = ADVANCED_FACE ( 'NONE', ( #5419, #3089 ), #5866, .T. ) ;
#2512 = VERTEX_POINT ( 'NONE', #4494 ) ;
#2513 = AXIS2_PLACEMENT_3D ( 'NONE', #557, #589, #5128 ) ;
#2514 = ORIENTED_EDGE ( 'NONE', *, *, #5338, .T. ) ;
#2515 = ORIENTED_EDGE ( 'NONE', *, *, #165, .T. ) ;
#2516 = CARTESIAN_POINT ( 'NONE',  ( -1.885819052223970171, -3.346789653719418389, 0.000000000000000000 ) ) ;
#2517 = DIRECTION ( 'NONE',  ( -0.1909343189810061014, -0.9816028147042260565, 0.000000000000000000 ) ) ;
#2518 = CARTESIAN_POINT ( 'NONE',  ( -3.628255628666697596, 0.4716991747334892127, -0.9842519685039370358 ) ) ;
#2519 = COORDINATED_UNIVERSAL_TIME_OFFSET ( 7, 0, .BEHIND. ) ;
#2520 = VECTOR ( 'NONE', #4613, 39.37007874015748143 ) ;
#2521 = FACE_OUTER_BOUND ( 'NONE', #1991, .T. ) ;
#2522 = AXIS2_PLACEMENT_3D ( 'NONE', #5473, #4969, #2242 ) ;
#2523 = PLANE ( 'NONE',  #2413 ) ;
#2524 = CC_DESIGN_PERSON_AND_ORGANIZATION_ASSIGNMENT ( #712, #5600, ( #5633 ) ) ;
#2525 = VERTEX_POINT ( 'NONE', #2272 ) ;
#2526 = EDGE_CURVE ( 'NONE', #5640, #400, #2612, .T. ) ;
#2527 = VECTOR ( 'NONE', #1402, 39.37007874015748143 ) ;
#2528 = CARTESIAN_POINT ( 'NONE',  ( -0.7248524868474410798, -3.853288186474331578, -0.9842519685039370358 ) ) ;
#2529 = ORIENTED_EDGE ( 'NONE', *, *, #2436, .F. ) ;
#2530 = CARTESIAN_POINT ( 'NONE',  ( 3.201058350784069084, -1.744743538943400063, -0.9842519685039370358 ) ) ;
#2531 = LINE ( 'NONE', #4779, #1748 ) ;
#2532 = VECTOR ( 'NONE', #3877, 39.37007874015748143 ) ;
#2533 = VECTOR ( 'NONE', #148, 39.37007874015748143 ) ;
#2534 = VERTEX_POINT ( 'NONE', #4048 ) ;
#2535 = FACE_OUTER_BOUND ( 'NONE', #4948, .T. ) ;
#2536 = EDGE_CURVE ( 'NONE', #1679, #1470, #1775, .T. ) ;
#2537 = VERTEX_POINT ( 'NONE', #1327 ) ;
#2538 = ORIENTED_EDGE ( 'NONE', *, *, #3325, .T. ) ;
#2539 = ADVANCED_FACE ( 'NONE', ( #3629, #3143 ), #4973, .F. ) ;
#2540 = CARTESIAN_POINT ( 'NONE',  ( 0.000000000000000000, 0.000000000000000000, 0.9842519685039370358 ) ) ;
#2541 = FACE_OUTER_BOUND ( 'NONE', #1179, .T. ) ;
#2542 = CARTESIAN_POINT ( 'NONE',  ( 3.883327484294520460, -0.5048603397976748619, -0.9842519685039370358 ) ) ;
#2543 = ORIENTED_EDGE ( 'NONE', *, *, #4560, .T. ) ;
#2544 = EDGE_LOOP ( 'NONE', ( #4283, #3295, #5615, #4495 ) ) ;
#2545 = EDGE_CURVE ( 'NONE', #2652, #3701, #3060, .T. ) ;
#2546 = VERTEX_POINT ( 'NONE', #4467 ) ;
#2547 = CARTESIAN_POINT ( 'NONE',  ( 3.456866469529193076, 1.884172288275882678, -0.9842519685039370358 ) ) ;
#2548 = EDGE_CURVE ( 'NONE', #507, #2652, #3513, .T. ) ;
#2549 = CARTESIAN_POINT ( 'NONE',  ( -3.831208517674540293, 0.2813463667301608351, 0.000000000000000000 ) ) ;
#2550 = DIRECTION ( 'NONE',  ( -0.6346318524907695879, 0.7728146037725568407, 0.000000000000000000 ) ) ;
#2551 = APPLICATION_PROTOCOL_DEFINITION ( 'international standard', 'config_control_design', 1994, #3608 ) ;
#2552 = DIRECTION ( 'NONE',  ( -0.9711342799096357448, -0.2385334575785816869, 0.000000000000000000 ) ) ;
#2553 = CARTESIAN_POINT ( 'NONE',  ( 3.816837246426632912, 0.9652898188380345523, 0.000000000000000000 ) ) ;
#2554 = ORIENTED_EDGE ( 'NONE', *, *, #3709, .T. ) ;
#2555 = ADVANCED_FACE ( 'NONE', ( #884 ), #379, .F. ) ;
#2556 = FACE_OUTER_BOUND ( 'NONE', #664, .T. ) ;
#2557 = ORIENTED_EDGE ( 'NONE', *, *, #2441, .T. ) ;
#2558 = FACE_OUTER_BOUND ( 'NONE', #4793, .T. ) ;
#2559 = LINE ( 'NONE', #3337, #1482 ) ;
#2560 = EDGE_CURVE ( 'NONE', #2476, #3252, #4757, .T. ) ;
#2561 = DIRECTION ( 'NONE',  ( -0.4067366430758008744, -0.9135454576426004225, -0.000000000000000000 ) ) ;
#2562 = ORIENTED_EDGE ( 'NONE', *, *, #4907, .T. ) ;
#2563 = LINE ( 'NONE', #1505, #5293 ) ;
#2564 = LINE ( 'NONE', #3043, #2036 ) ;
#2565 = ORIENTED_EDGE ( 'NONE', *, *, #3418, .T. ) ;
#2566 = VERTEX_POINT ( 'NONE', #693 ) ;
#2567 = AXIS2_PLACEMENT_3D ( 'NONE', #5704, #4908, #5349 ) ;
#2568 = EDGE_CURVE ( 'NONE', #1577, #2961, #2784, .T. ) ;
#2569 = PLANE ( 'NONE',  #3909 ) ;
#2570 = DIRECTION ( 'NONE',  ( 0.8745578039635817369, -0.4849212797211494563, 0.000000000000000000 ) ) ;
#2571 = LINE ( 'NONE', #4398, #4225 ) ;
#2572 = EDGE_LOOP ( 'NONE', ( #717, #2103, #218, #3206 ) ) ;
#2573 = AXIS2_PLACEMENT_3D ( 'NONE', #383, #1779, #4926 ) ;
#2574 = ORIENTED_EDGE ( 'NONE', *, *, #2273, .T. ) ;
#2575 = VERTEX_POINT ( 'NONE', #5506 ) ;
#2576 = DIRECTION ( 'NONE',  ( -0.000000000000000000, 0.000000000000000000, 1.000000000000000000 ) ) ;
#2577 = LINE ( 'NONE', #1413, #2326 ) ;
#2578 = LINE ( 'NONE', #5660, #5076 ) ;
#2579 = COORDINATED_UNIVERSAL_TIME_OFFSET ( 7, 0, .BEHIND. ) ;
#2580 = CC_DESIGN_APPROVAL ( #2259, ( #3584 ) ) ;
#2581 = CARTESIAN_POINT ( 'NONE',  ( 3.384779387378524795, 1.354316462495609441, -0.9842519685039370358 ) ) ;
#2582 = EDGE_LOOP ( 'NONE', ( #5610, #695, #4747, #3514 ) ) ;
#2583 = AXIS2_PLACEMENT_3D ( 'NONE', #2276, #4617, #465 ) ;
#2584 = CARTESIAN_POINT ( 'NONE',  ( 0.6725800753332527027, -3.596439219653314368, -0.9842519685039370358 ) ) ;
#2585 = VERTEX_POINT ( 'NONE', #3375 ) ;
#2586 = CARTESIAN_POINT ( 'NONE',  ( 0.6701682815978529106, 3.583542807913608019, -0.9842519685039370358 ) ) ;
#2587 = FACE_OUTER_BOUND ( 'NONE', #5139, .T. ) ;
#2588 = ADVANCED_FACE ( 'NONE', ( #3826 ), #2952, .F. ) ;
#2589 = CARTESIAN_POINT ( 'NONE',  ( -3.199822720625491446, 1.774224781408688001, -0.9842519685039370358 ) ) ;
#2590 = ORIENTED_EDGE ( 'NONE', *, *, #414, .T. ) ;
#2591 = VECTOR ( 'NONE', #4260, 39.37007874015748854 ) ;
#2592 = CARTESIAN_POINT ( 'NONE',  ( -3.658765332166196149, 0.01323867571231595458, 0.000000000000000000 ) ) ;
#2593 = LINE ( 'NONE', #1671, #3174 ) ;
#2594 = EDGE_CURVE ( 'NONE', #5508, #569, #17, .T. ) ;
#2595 = EDGE_LOOP ( 'NONE', ( #4787, #374, #4430, #3996 ) ) ;
#2596 = VECTOR ( 'NONE', #5705, 39.37007874015748143 ) ;
#2597 = ORIENTED_EDGE ( 'NONE', *, *, #4633, .F. ) ;
#2598 = LINE ( 'NONE', #2087, #3528 ) ;
#2599 = DIRECTION ( 'NONE',  ( 0.003618321441284822783, 0.9999934538535477646, -0.000000000000000000 ) ) ;
#2600 = PLANE ( 'NONE',  #2601 ) ;
#2601 = AXIS2_PLACEMENT_3D ( 'NONE', #5323, #732, #312 ) ;
#2602 = EDGE_CURVE ( 'NONE', #4480, #258, #2333, .T. ) ;
#2603 = ORIENTED_EDGE ( 'NONE', *, *, #4666, .F. ) ;
#2604 = ORIENTED_EDGE ( 'NONE', *, *, #2949, .T. ) ;
#2605 = VECTOR ( 'NONE', #2287, 39.37007874015748143 ) ;
#2606 = ORIENTED_EDGE ( 'NONE', *, *, #5457, .F. ) ;
#2607 = CARTESIAN_POINT ( 'NONE',  ( 0.2361917402197727112, 3.913751964236304559, -0.9842519685039370358 ) ) ;
#2608 =( REPRESENTATION_RELATIONSHIP ('NONE','NONE', #1484, #483 ) REPRESENTATION_RELATIONSHIP_WITH_TRANSFORMATION ( #1445 )SHAPE_REPRESENTATION_RELATIONSHIP( ) );
#2609 = CARTESIAN_POINT ( 'NONE',  ( 2.860184818956968744, -2.705434124400388107, -0.9842519685039370358 ) ) ;
#2610 = CARTESIAN_POINT ( 'NONE',  ( 3.176712214370010390, -2.325624756304075280, 0.000000000000000000 ) ) ;
#2611 = CALENDAR_DATE ( 2025, 2, 4 ) ;
#2612 = LINE ( 'NONE', #2726, #1572 ) ;
#2613 = VECTOR ( 'NONE', #1658, 39.37007874015748143 ) ;
#2614 = EDGE_CURVE ( 'NONE', #1625, #2092, #2751, .T. ) ;
#2615 = ORIENTED_EDGE ( 'NONE', *, *, #2146, .T. ) ;
#2616 = EDGE_CURVE ( 'NONE', #227, #2537, #4105, .T. ) ;
#2617 = DIRECTION ( 'NONE',  ( -0.9997806834748452776, -0.02094241988336797630, -0.000000000000000000 ) ) ;
#2618 = ORIENTED_EDGE ( 'NONE', *, *, #1762, .F. ) ;
#2619 = PLANE ( 'NONE',  #5153 ) ;
#2620 = DIRECTION ( 'NONE',  ( -1.000000000000000000, 0.000000000000000000, 0.000000000000000000 ) ) ;
#2621 = DIRECTION ( 'NONE',  ( -0.9892723329629866669, -0.1460830285624227232, -0.000000000000000000 ) ) ;
#2622 = ADVANCED_FACE ( 'NONE', ( #4167 ), #5227, .T. ) ;
#2623 = VERTEX_POINT ( 'NONE', #1829 ) ;
#2624 = CARTESIAN_POINT ( 'NONE',  ( 0.6985884400706798836, 3.591477858736629170, 0.000000000000000000 ) ) ;
#2625 = EDGE_CURVE ( 'NONE', #2315, #1508, #1417, .T. ) ;
#2626 = PLANE ( 'NONE',  #5189 ) ;
#2627 = ORIENTED_EDGE ( 'NONE', *, *, #2906, .F. ) ;
#2628 = ORIENTED_EDGE ( 'NONE', *, *, #3450, .T. ) ;
#2629 = VECTOR ( 'NONE', #234, 39.37007874015748143 ) ;
#2630 = DIRECTION ( 'NONE',  ( 0.000000000000000000, 0.000000000000000000, -1.000000000000000000 ) ) ;
#2631 = CARTESIAN_POINT ( 'NONE',  ( 0.2361917402197727112, 3.913751964236304559, 0.000000000000000000 ) ) ;
#2632 = EDGE_CURVE ( 'NONE', #1264, #3758, #2473, .T. ) ;
#2633 = EDGE_LOOP ( 'NONE', ( #5245, #2260, #1055, #839 ) ) ;
#2634 = EDGE_LOOP ( 'NONE', ( #4905, #539, #4906, #2735 ) ) ;
#2635 = ORIENTED_EDGE ( 'NONE', *, *, #1502, .F. ) ;
#2636 = PLANE ( 'NONE',  #3173 ) ;
#2637 = CARTESIAN_POINT ( 'NONE',  ( 1.689175037307311333, 3.556222531479132254, 0.000000000000000000 ) ) ;
#2638 = DIRECTION ( 'NONE',  ( -0.2990407922560729959, 0.9542403285162811555, -0.000000000000000000 ) ) ;
#2639 = SECURITY_CLASSIFICATION_LEVEL ( 'unclassified' ) ;
#2640 = DIRECTION ( 'NONE',  ( 1.000000000000000000, 0.000000000000000000, -0.000000000000000000 ) ) ;
#2641 = ORIENTED_EDGE ( 'NONE', *, *, #1407, .F. ) ;
#2642 = LINE ( 'NONE', #803, #3150 ) ;
#2643 = ORIENTED_EDGE ( 'NONE', *, *, #4361, .F. ) ;
#2644 = PLANE ( 'NONE',  #772 ) ;
#2645 = ADVANCED_FACE ( 'NONE', ( #4727 ), #4303, .T. ) ;
#2646 = CARTESIAN_POINT ( 'NONE',  ( -3.406707454805978585, -1.334572341900280179, -0.9842519685039370358 ) ) ;
#2647 = CARTESIAN_POINT ( 'NONE',  ( -1.663395863097950178, 3.568353290061205385, -0.9842519685039370358 ) ) ;
#2648 = ORIENTED_EDGE ( 'NONE', *, *, #4509, .F. ) ;
#2649 = FACE_OUTER_BOUND ( 'NONE', #278, .T. ) ;
#2650 = CARTESIAN_POINT ( 'NONE',  ( 0.2317451337921577481, -3.909144472380300606, -0.9842519685039370358 ) ) ;
#2651 = ORIENTED_EDGE ( 'NONE', *, *, #4938, .T. ) ;
#2652 = VERTEX_POINT ( 'NONE', #1390 ) ;
#2653 = CARTESIAN_POINT ( 'NONE',  ( 3.628255628666699817, -0.4716991747334620122, -0.9842519685039370358 ) ) ;
#2654 = DIRECTION ( 'NONE',  ( 0.000000000000000000, 0.000000000000000000, 1.000000000000000000 ) ) ;
#2655 = EDGE_CURVE ( 'NONE', #382, #2752, #1526, .T. ) ;
#2656 = EDGE_LOOP ( 'NONE', ( #3493, #5614, #885, #3981 ) ) ;
#2657 = VERTEX_POINT ( 'NONE', #3204 ) ;
#2658 = CIRCLE ( 'NONE', #96, 0.3937007874015737707 ) ;
#2659 = ORIENTED_EDGE ( 'NONE', *, *, #4483, .T. ) ;
#2660 = DIRECTION ( 'NONE',  ( -0.7431448254774002393, 0.6691306063588513542, 0.000000000000000000 ) ) ;
#2661 = LINE ( 'NONE', #403, #3572 ) ;
#2662 = LINE ( 'NONE', #2269, #4216 ) ;
#2663 = CALENDAR_DATE ( 2025, 2, 4 ) ;
#2665 = DIRECTION ( 'NONE',  ( 0.9945218953682736229, -0.1045284632676500847, 0.000000000000000000 ) ) ;
#2664 = AXIS2_PLACEMENT_3D ( 'NONE', #1395, #3211, #1571 ) ;
#2666 = VERTEX_POINT ( 'NONE', #5032 ) ;
#2667 = CC_DESIGN_APPROVAL ( #2702, ( #2765 ) ) ;
#2668 = LINE ( 'NONE', #1745, #3447 ) ;
#2669 = CYLINDRICAL_SURFACE ( 'NONE', #5838, 0.2952755905511810774 ) ;
#2670 = CARTESIAN_POINT ( 'NONE',  ( 3.159767491679445151, -2.313219771552977644, -0.9842519685039370358 ) ) ;
#2671 = LINE ( 'NONE', #2138, #3392 ) ;
#2672 = LINE ( 'NONE', #5486, #1188 ) ;
#2673 = ORIENTED_EDGE ( 'NONE', *, *, #5172, .F. ) ;
#2674 = PLANE ( 'NONE',  #1110 ) ;
#2675 = DIRECTION ( 'NONE',  ( 0.9933727656003981110, 0.1149371504928517335, -0.000000000000000000 ) ) ;
#2676 = VECTOR ( 'NONE', #710, 39.37007874015748854 ) ;
#2677 = ORIENTED_EDGE ( 'NONE', *, *, #4087, .T. ) ;
#2678 = LINE ( 'NONE', #961, #2370 ) ;
#2679 = EDGE_CURVE ( 'NONE', #3305, #2295, #217, .T. ) ;
#2680 = DIRECTION ( 'NONE',  ( -0.9977929989160214674, 0.06640129000382764823, 0.000000000000000000 ) ) ;
#2681 = AXIS2_PLACEMENT_3D ( 'NONE', #3658, #4580, #5031 ) ;
#2682 = EDGE_LOOP ( 'NONE', ( #4256, #5489, #3363, #5075 ) ) ;
#2683 = ORIENTED_EDGE ( 'NONE', *, *, #3501, .F. ) ;
#2684 = AXIS2_PLACEMENT_3D ( 'NONE', #4462, #4856, #794 ) ;
#2685 = EDGE_CURVE ( 'NONE', #2423, #5324, #1085, .T. ) ;
#2686 = ORIENTED_EDGE ( 'NONE', *, *, #4455, .T. ) ;
#2687 = DIRECTION ( 'NONE',  ( 0.2588190451025387806, 0.9659258262890634272, -0.000000000000000000 ) ) ;
#2688 = VECTOR ( 'NONE', #4735, 39.37007874015748143 ) ;
#2689 = CARTESIAN_POINT ( 'NONE',  ( 3.631574120736961397, 0.4454306051332689864, -0.9842519685039370358 ) ) ;
#2690 = CARTESIAN_POINT ( 'NONE',  ( -2.086324520973327434, 3.313965344743846408, -0.9842519685039370358 ) ) ;
#2691 = PERSON_AND_ORGANIZATION ( #5211, #389 ) ;
#2692 = CARTESIAN_POINT ( 'NONE',  ( -1.223580884155805570, -3.719941684073323707, -0.9842519685039370358 ) ) ;
#2693 = EDGE_CURVE ( 'NONE', #1650, #2720, #4274, .T. ) ;
#2694 = DIRECTION ( 'NONE',  ( -0.1357155724343101777, -0.9907478404714428200, 0.000000000000000000 ) ) ;
#2695 = VECTOR ( 'NONE', #1549, 39.37007874015748143 ) ;
#2696 = ORIENTED_EDGE ( 'NONE', *, *, #580, .T. ) ;
#2697 = DIRECTION ( 'NONE',  ( 0.9311023923972463479, 0.3647579126929589299, 0.000000000000000000 ) ) ;
#2698 = EDGE_LOOP ( 'NONE', ( #2020, #5665, #5860, #4691 ) ) ;
#2699 =( CONVERSION_BASED_UNIT ( 'INCH', #3274 ) LENGTH_UNIT ( ) NAMED_UNIT ( #3207 ) );
#2700 = VECTOR ( 'NONE', #87, 39.37007874015748143 ) ;
#2701 = CARTESIAN_POINT ( 'NONE',  ( 0.5000000000000000000, 0.000000000000000000, 0.6986614173228364866 ) ) ;
#2702 = APPROVAL ( #1185, 'UNSPECIFIED' ) ;
#2703 = LINE ( 'NONE', #445, #3090 ) ;
#2704 = EDGE_CURVE ( 'NONE', #4243, #2169, #190, .T. ) ;
#2705 = VECTOR ( 'NONE', #5517, 39.37007874015748143 ) ;
#2706 = DIRECTION ( 'NONE',  ( 0.000000000000000000, 0.000000000000000000, -1.000000000000000000 ) ) ;
#2707 = ORIENTED_EDGE ( 'NONE', *, *, #2877, .F. ) ;
#2708 = CARTESIAN_POINT ( 'NONE',  ( -3.645645426253484978, -0.01319120336470889360, -0.9842519685039370358 ) ) ;
#2709 = CARTESIAN_POINT ( 'NONE',  ( 3.424775095144363402, -1.898955465685469912, -0.9842519685039370358 ) ) ;
#2710 = VECTOR ( 'NONE', #3320, 39.37007874015748143 ) ;
#2711 = EDGE_LOOP ( 'NONE', ( #3897, #4284, #2643, #4950 ) ) ;
#2712 = AXIS2_PLACEMENT_3D ( 'NONE', #2530, #5194, #272 ) ;
#2713 = FACE_OUTER_BOUND ( 'NONE', #2319, .T. ) ;
#2714 = CARTESIAN_POINT ( 'NONE',  ( 2.498550600357383633, -3.042577180206898824, 0.000000000000000000 ) ) ;
#2715 = ADVANCED_FACE ( 'NONE', ( #5058 ), #971, .T. ) ;
#2716 = VECTOR ( 'NONE', #2340, 39.37007874015748854 ) ;
#2717 = ORIENTED_EDGE ( 'NONE', *, *, #870, .F. ) ;
#2718 = EDGE_CURVE ( 'NONE', #1592, #5009, #1607, .T. ) ;
#2719 = EDGE_LOOP ( 'NONE', ( #2999, #1173, #4180, #5868 ) ) ;
#2720 = VERTEX_POINT ( 'NONE', #5253 ) ;
#2721 = LINE ( 'NONE', #3199, #3497 ) ;
#2722 = DIRECTION ( 'NONE',  ( -0.7314407669569670256, -0.6819049819684583902, 0.000000000000000000 ) ) ;
#2723 = CARTESIAN_POINT ( 'NONE',  ( -3.438427391718029025, -1.874122030408098105, -0.9842519685039370358 ) ) ;
#2724 = COORDINATED_UNIVERSAL_TIME_OFFSET ( 7, 0, .BEHIND. ) ;
#2725 = FACE_OUTER_BOUND ( 'NONE', #4750, .T. ) ;
#2726 = CARTESIAN_POINT ( 'NONE',  ( 3.915982066072373868, -0.01416937462812822672, -0.9842519685039370358 ) ) ;
#2727 = ADVANCED_FACE ( 'NONE', ( #3429 ), #2502, .T. ) ;
#2728 = ORIENTED_EDGE ( 'NONE', *, *, #2176, .T. ) ;
#2729 = CARTESIAN_POINT ( 'NONE',  ( 0.7445391920026457333, -3.849532746617909229, 0.000000000000000000 ) ) ;
#2730 = EDGE_LOOP ( 'NONE', ( #457, #1790, #2277, #1746 ) ) ;
#2731 = DIRECTION ( 'NONE',  ( 0.5180270093731251801, 0.8553642601605097040, -0.000000000000000000 ) ) ;
#2732 = DIRECTION ( 'NONE',  ( -0.4225025492268791871, 0.9063617356755462318, 0.000000000000000000 ) ) ;
#2733 = EDGE_CURVE ( 'NONE', #3464, #355, #1930, .T. ) ;
#2734 = CARTESIAN_POINT ( 'NONE',  ( 1.139111972095421921, -3.463138532724043817, -0.9842519685039370358 ) ) ;
#2735 = ORIENTED_EDGE ( 'NONE', *, *, #2163, .F. ) ;
#2736 = CARTESIAN_POINT ( 'NONE',  ( 2.952221833808782225, -2.161278617480526965, -0.9842519685039370358 ) ) ;
#2737 = DIRECTION ( 'NONE',  ( -0.6454576877239461830, -0.7637960286346457961, 0.000000000000000000 ) ) ;
#2738 = ORIENTED_EDGE ( 'NONE', *, *, #1032, .F. ) ;
#2739 = CARTESIAN_POINT ( 'NONE',  ( 2.485223221547337769, -3.026347939688968758, -0.9842519685039370358 ) ) ;
#2740 = LINE ( 'NONE', #2263, #3851 ) ;
#2741 = EDGE_LOOP ( 'NONE', ( #1373, #154, #3828, #4665 ) ) ;
#2742 = ORIENTED_EDGE ( 'NONE', *, *, #723, .F. ) ;
#2743 = EDGE_CURVE ( 'NONE', #2336, #3991, #2314, .T. ) ;
#2744 = EDGE_CURVE ( 'NONE', #2920, #1608, #1457, .T. ) ;
#2745 = VERTEX_POINT ( 'NONE', #4594 ) ;
#2746 = DIRECTION ( 'NONE',  ( 0.6454576877239461830, 0.7637960286346457961, -0.000000000000000000 ) ) ;
#2747 = LINE ( 'NONE', #2297, #247 ) ;
#2748 = CARTESIAN_POINT ( 'NONE',  ( -0.7445391920026180888, 3.849532746617914558, 0.000000000000000000 ) ) ;
#2749 = COORDINATED_UNIVERSAL_TIME_OFFSET ( 7, 0, .BEHIND. ) ;
#2750 = PLANE ( 'NONE',  #125 ) ;
#2751 = LINE ( 'NONE', #4135, #338 ) ;
#2752 = VERTEX_POINT ( 'NONE', #4982 ) ;
#2753 = DIRECTION ( 'NONE',  ( -0.1667687467161024784, -0.9859960370705048716, -0.000000000000000000 ) ) ;
#2754 = VERTEX_POINT ( 'NONE', #1808 ) ;
#2755 =( NAMED_UNIT ( * ) SI_UNIT ( $, .STERADIAN. ) SOLID_ANGLE_UNIT ( ) );
#2756 = AXIS2_PLACEMENT_3D ( 'NONE', #2006, #134, #998 ) ;
#2757 = LINE ( 'NONE', #4110, #3780 ) ;
#2758 = DIRECTION ( 'NONE',  ( 0.000000000000000000, 0.000000000000000000, -1.000000000000000000 ) ) ;
#2759 = ORIENTED_EDGE ( 'NONE', *, *, #5013, .F. ) ;
#2760 = VECTOR ( 'NONE', #5541, 39.37007874015748143 ) ;
#2761 = DIRECTION ( 'NONE',  ( -1.000000000000000000, 0.000000000000000000, 0.000000000000000000 ) ) ;
#2762 = ORIENTED_EDGE ( 'NONE', *, *, #3600, .T. ) ;
#2763 = EDGE_CURVE ( 'NONE', #1592, #2666, #5548, .T. ) ;
#2764 = CARTESIAN_POINT ( 'NONE',  ( -3.438427391718029025, -1.874122030408098105, 0.000000000000000000 ) ) ;
#2765 = SECURITY_CLASSIFICATION ( '', '', #2639 ) ;
#2766 = CARTESIAN_POINT ( 'NONE',  ( -2.491528817477570712, -3.027461829221038681, -0.9842519685039370358 ) ) ;
#2767 = ADVANCED_FACE ( 'NONE', ( #5488 ), #5577, .T. ) ;
#2768 = ORIENTED_EDGE ( 'NONE', *, *, #5798, .F. ) ;
#2769 = DIRECTION ( 'NONE',  ( 0.6293203910498669229, -0.7771459614569470320, -0.000000000000000000 ) ) ;
#2770 = AXIS2_PLACEMENT_3D ( 'NONE', #3934, #4891, #5753 ) ;
#2771 = LINE ( 'NONE', #1763, #4899 ) ;
#2772 = EDGE_CURVE ( 'NONE', #4344, #5553, #90, .T. ) ;
#2773 = ORIENTED_EDGE ( 'NONE', *, *, #3437, .T. ) ;
#2774 = EDGE_CURVE ( 'NONE', #4160, #3886, #5070, .T. ) ;
#2775 = VERTEX_POINT ( 'NONE', #4535 ) ;
#2776 = DIRECTION ( 'NONE',  ( 0.7071067811865715536, 0.000000000000000000, 0.7071067811865232589 ) ) ;
#2777 = VECTOR ( 'NONE', #2043, 39.37007874015748143 ) ;
#2778 = CARTESIAN_POINT ( 'NONE',  ( -2.342385370536713918, -2.810688491151484225, 0.000000000000000000 ) ) ;
#2779 = LINE ( 'NONE', #3292, #984 ) ;
#2780 = COORDINATED_UNIVERSAL_TIME_OFFSET ( 7, 0, .BEHIND. ) ;
#2781 = DIRECTION ( 'NONE',  ( 0.000000000000000000, 0.000000000000000000, 1.000000000000000000 ) ) ;
#2782 = AXIS2_PLACEMENT_3D ( 'NONE', #2429, #1422, #3810 ) ;
#2783 = ADVANCED_FACE ( 'NONE', ( #2343 ), #1429, .T. ) ;
#2784 = LINE ( 'NONE', #943, #4242 ) ;
#2785 = ORIENTED_EDGE ( 'NONE', *, *, #5476, .T. ) ;
#2786 = DIMENSIONAL_EXPONENTS ( 1.000000000000000000, 0.000000000000000000, 0.000000000000000000, 0.000000000000000000, 0.000000000000000000, 0.000000000000000000, 0.000000000000000000 ) ;
#2787 = AXIS2_PLACEMENT_3D ( 'NONE', #462, #4643, #914 ) ;
#2788 = VERTEX_POINT ( 'NONE', #5015 ) ;
#2789 = CARTESIAN_POINT ( 'NONE',  ( -2.957142700102131982, 2.132184708941004203, 0.000000000000000000 ) ) ;
#2790 = LINE ( 'NONE', #4710, #1167 ) ;
#2791 =( LENGTH_UNIT ( ) NAMED_UNIT ( * ) SI_UNIT ( $, .METRE. ) );
#2792 = PLANE ( 'NONE',  #5303 ) ;
#2793 = DIRECTION ( 'NONE',  ( -0.9335804264972069610, -0.3583679495452866126, 0.000000000000000000 ) ) ;
#2794 = AXIS2_PLACEMENT_3D ( 'NONE', #788, #3050, #3557 ) ;
#2795 = ORIENTED_EDGE ( 'NONE', *, *, #417, .F. ) ;
#2796 = ADVANCED_FACE ( 'NONE', ( #5041 ), #3247, .T. ) ;
#2797 = VECTOR ( 'NONE', #4752, 39.37007874015748143 ) ;
#2798 = DIRECTION ( 'NONE',  ( -0.5848541210270195023, 0.8111384944124599983, 0.000000000000000000 ) ) ;
#2799 = VERTEX_POINT ( 'NONE', #120 ) ;
#2800 = LINE ( 'NONE', #472, #4824 ) ;
#2801 = DIRECTION ( 'NONE',  ( -0.9694766605923662572, -0.2451836139848538321, 0.000000000000000000 ) ) ;
#2802 = VECTOR ( 'NONE', #5447, 39.37007874015748143 ) ;
#2803 = EDGE_CURVE ( 'NONE', #3196, #1107, #953, .T. ) ;
#2804 = VERTEX_POINT ( 'NONE', #3216 ) ;
#2805 = EDGE_CURVE ( 'NONE', #1768, #1399, #534, .T. ) ;
#2806 = DIRECTION ( 'NONE',  ( 0.5533915492433452155, -0.8329212407100987647, -0.000000000000000000 ) ) ;
#2807 = VECTOR ( 'NONE', #4324, 39.37007874015748143 ) ;
#2808 = DIRECTION ( 'NONE',  ( 0.2890317969444651247, 0.9573194975320691302, 0.000000000000000000 ) ) ;
#2809 = ORIENTED_EDGE ( 'NONE', *, *, #1022, .T. ) ;
#2810 = ORIENTED_EDGE ( 'NONE', *, *, #2027, .T. ) ;
#2811 = ORIENTED_EDGE ( 'NONE', *, *, #3449, .T. ) ;
#2812 = AXIS2_PLACEMENT_3D ( 'NONE', #318, #3958, #5744 ) ;
#2813 = CARTESIAN_POINT ( 'NONE',  ( 1.654523236393758978, -3.549319536645150208, -0.9842519685039370358 ) ) ;
#2814 = LINE ( 'NONE', #2839, #5481 ) ;
#2815 = CARTESIAN_POINT ( 'NONE',  ( -0.7248524868474410798, -3.853288186474331578, 0.000000000000000000 ) ) ;
#2816 = APPROVAL_STATUS ( 'not_yet_approved' ) ;
#2817 = EDGE_CURVE ( 'NONE', #821, #5067, #3280, .T. ) ;
#2818 = DIRECTION ( 'NONE',  ( 1.000000000000000000, 0.000000000000000000, 0.000000000000000000 ) ) ;
#2819 = AXIS2_PLACEMENT_3D ( 'NONE', #5695, #4809, #4840 ) ;
#2820 = VERTEX_POINT ( 'NONE', #3761 ) ;
#2821 = VECTOR ( 'NONE', #2484, 39.37007874015748143 ) ;
#2822 = ORIENTED_EDGE ( 'NONE', *, *, #3515, .F. ) ;
#2823 = CARTESIAN_POINT ( 'NONE',  ( 3.431047940055531598, 1.897669889299057777, -0.9842519685039370358 ) ) ;
#2824 = CARTESIAN_POINT ( 'NONE',  ( -0.4415339394159286668, 3.816066333846669600, 0.000000000000000000 ) ) ;
#2825 = DIRECTION ( 'NONE',  ( -0.08367784333232269889, 0.9964928592495037041, -0.000000000000000000 ) ) ;
#2826 = FACE_OUTER_BOUND ( 'NONE', #3741, .T. ) ;
#2827 = ORIENTED_EDGE ( 'NONE', *, *, #1843, .F. ) ;
#2828 = EDGE_CURVE ( 'NONE', #2122, #1687, #2255, .T. ) ;
#2829 = DIRECTION ( 'NONE',  ( -0.5269557954966960223, 0.8498926929868524383, -0.000000000000000000 ) ) ;
#2830 = VERTEX_POINT ( 'NONE', #4655 ) ;
#2831 = CARTESIAN_POINT ( 'NONE',  ( 3.904152404960770095, -0.5075677283880895008, -0.9842519685039370358 ) ) ;
#2832 = CARTESIAN_POINT ( 'NONE',  ( -3.159767491679426499, 2.313219771552998516, -0.9842519685039370358 ) ) ;
#2833 = LINE ( 'NONE', #160, #4104 ) ;
#2834 = CARTESIAN_POINT ( 'NONE',  ( -1.202081876751668110, -3.732055752168870200, 0.000000000000000000 ) ) ;
#2835 = ORIENTED_EDGE ( 'NONE', *, *, #1496, .T. ) ;
#2836 = VERTEX_POINT ( 'NONE', #559 ) ;
#2837 = ORIENTED_EDGE ( 'NONE', *, *, #1245, .F. ) ;
#2838 = LINE ( 'NONE', #4218, #2852 ) ;
#2839 = CARTESIAN_POINT ( 'NONE',  ( -3.618551719338272132, 0.4438333429151095078, 0.000000000000000000 ) ) ;
#2840 = CARTESIAN_POINT ( 'NONE',  ( 3.800170738207024002, -0.9653721231663299207, -0.9842519685039370358 ) ) ;
#2841 = ADVANCED_FACE ( 'NONE', ( #4115 ), #4085, .F. ) ;
#2842 = DIRECTION ( 'NONE',  ( -0.08367784333232269889, 0.9964928592495037041, -0.000000000000000000 ) ) ;
#2843 = VERTEX_POINT ( 'NONE', #5458 ) ;
#2844 = VERTEX_POINT ( 'NONE', #4563 ) ;
#2845 = CARTESIAN_POINT ( 'NONE',  ( -3.547110816026485924, -0.8970751792485043286, 0.000000000000000000 ) ) ;
#2846 = CARTESIAN_POINT ( 'NONE',  ( -1.357336933402973456, -5.016461946803570271, 0.9842519685039370358 ) ) ;
#2847 = CARTESIAN_POINT ( 'NONE',  ( 3.177932213730624511, -2.296516453379937595, 0.000000000000000000 ) ) ;
#2848 = PERSON_AND_ORGANIZATION ( #2281, #778 ) ;
#2849 = LINE ( 'NONE', #4681, #2533 ) ;
#2850 = DIRECTION ( 'NONE',  ( -0.000000000000000000, -0.000000000000000000, -1.000000000000000000 ) ) ;
#2851 = ORIENTED_EDGE ( 'NONE', *, *, #5543, .F. ) ;
#2852 = VECTOR ( 'NONE', #3802, 39.37007874015748854 ) ;
#2853 = DIRECTION ( 'NONE',  ( -0.7217602280983689278, 0.6921431738703996972, -0.000000000000000000 ) ) ;
#2854 = VERTEX_POINT ( 'NONE', #27 ) ;
#2855 = DIRECTION ( 'NONE',  ( 0.9916547108600352045, -0.1289222030105748595, 0.000000000000000000 ) ) ;
#2856 = CARTESIAN_POINT ( 'NONE',  ( 2.860184818956968744, -2.705434124400388107, 0.000000000000000000 ) ) ;
#2857 = EDGE_CURVE ( 'NONE', #2820, #4606, #1841, .T. ) ;
#2858 = ORIENTED_EDGE ( 'NONE', *, *, #3414, .T. ) ;
#2859 = FACE_OUTER_BOUND ( 'NONE', #749, .T. ) ;
#2860 = LINE ( 'NONE', #4693, #1463 ) ;
#2861 = VERTEX_POINT ( 'NONE', #5605 ) ;
#2862 = VERTEX_POINT ( 'NONE', #4356 ) ;
#2863 = ORIENTED_EDGE ( 'NONE', *, *, #3505, .T. ) ;
#2864 = EDGE_CURVE ( 'NONE', #1305, #4034, #5159, .T. ) ;
#2865 = VECTOR ( 'NONE', #5214, 39.37007874015748854 ) ;
#2866 = LINE ( 'NONE', #1475, #858 ) ;
#2867 = CARTESIAN_POINT ( 'NONE',  ( 0.2157467967959711963, 3.639279860285746349, 0.000000000000000000 ) ) ;
#2868 = CARTESIAN_POINT ( 'NONE',  ( -2.864327676106160236, -2.670345160624388203, 0.000000000000000000 ) ) ;
#2869 = FACE_OUTER_BOUND ( 'NONE', #4120, .T. ) ;
#2870 = VECTOR ( 'NONE', #4463, 39.37007874015748143 ) ;
#2871 = ORIENTED_EDGE ( 'NONE', *, *, #4204, .T. ) ;
#2872 = ADVANCED_FACE ( 'NONE', ( #3364 ), #1964, .T. ) ;
#2873 = APPLICATION_CONTEXT ( 'configuration controlled 3d designs of mechanical parts and assemblies' ) ;
#2874 = ORIENTED_EDGE ( 'NONE', *, *, #4748, .F. ) ;
#2875 = LINE ( 'NONE', #1481, #2821 ) ;
#2876 = VECTOR ( 'NONE', #5270, 39.37007874015748143 ) ;
#2877 = EDGE_CURVE ( 'NONE', #482, #3104, #3904, .T. ) ;
#2878 = PLANE ( 'NONE',  #5731 ) ;
#2879 = CARTESIAN_POINT ( 'NONE',  ( -3.635771949497371480, 1.454743497743118175, -0.9842519685039370358 ) ) ;
#2880 = PERSON_AND_ORGANIZATION_ROLE ( 'creator' ) ;
#2881 = LINE ( 'NONE', #3389, #5208 ) ;
#2882 = LINE ( 'NONE', #3213, #1751 ) ;
#2883 = VECTOR ( 'NONE', #5087, 39.37007874015748143 ) ;
#2884 = VERTEX_POINT ( 'NONE', #719 ) ;
#2885 = LINE ( 'NONE', #655, #1341 ) ;
#2886 = EDGE_LOOP ( 'NONE', ( #2306, #5698, #5407, #2372 ) ) ;
#2887 = VECTOR ( 'NONE', #256, 39.37007874015748854 ) ;
#2888 = DIRECTION ( 'NONE',  ( 0.5388783372146348505, 0.8423836048266788445, 0.000000000000000000 ) ) ;
#2889 = EDGE_CURVE ( 'NONE', #564, #2920, #2465, .T. ) ;
#2890 = PLANE ( 'NONE',  #1468 ) ;
#2891 = VECTOR ( 'NONE', #2200, 39.37007874015748143 ) ;
#2892 = PRODUCT_DEFINITION_SHAPE ( 'NONE', 'NONE',  #3584 ) ;
#2893 = ORIENTED_EDGE ( 'NONE', *, *, #3371, .F. ) ;
#2894 = PLANE ( 'NONE',  #571 ) ;
#2895 = CARTESIAN_POINT ( 'NONE',  ( -3.149606299212598604, 0.3149606299212594496, 0.9842519685039370358 ) ) ;
#2896 = AXIS2_PLACEMENT_3D ( 'NONE', #5816, #1720, #4928 ) ;
#2897 = CARTESIAN_POINT ( 'NONE',  ( 2.485223221547337769, -3.026347939688968758, -0.9842519685039370358 ) ) ;
#2898 = ORIENTED_EDGE ( 'NONE', *, *, #4694, .T. ) ;
#2899 = ORIENTED_EDGE ( 'NONE', *, *, #4820, .F. ) ;
#2900 = VECTOR ( 'NONE', #2161, 39.37007874015748854 ) ;
#2901 = EDGE_CURVE ( 'NONE', #1337, #1599, #1042, .T. ) ;
#2902 = DIRECTION ( 'NONE',  ( 0.8660254037844360431, 0.5000000000000043299, 0.000000000000000000 ) ) ;
#2903 = CARTESIAN_POINT ( 'NONE',  ( 3.212578281954777015, 1.751022501485436145, -0.9842519685039370358 ) ) ;
#2904 = CARTESIAN_POINT ( 'NONE',  ( -3.789430508301935951, 0.9875893558196916500, -0.9842519685039370358 ) ) ;
#2905 = LINE ( 'NONE', #4310, #1837 ) ;
#2906 = EDGE_CURVE ( 'NONE', #5356, #5586, #5693, .T. ) ;
#2907 = VECTOR ( 'NONE', #610, 39.37007874015748854 ) ;
#2908 = VERTEX_POINT ( 'NONE', #4776 ) ;
#2909 = ORIENTED_EDGE ( 'NONE', *, *, #2131, .F. ) ;
#2910 = CARTESIAN_POINT ( 'NONE',  ( 0.000000000000000000, 0.000000000000000000, 0.7086614173228346081 ) ) ;
#2911 = VECTOR ( 'NONE', #5724, 39.37007874015748143 ) ;
#2912 = CARTESIAN_POINT ( 'NONE',  ( -3.635771949497371480, 1.454743497743118175, 0.000000000000000000 ) ) ;
#2913 = DIRECTION ( 'NONE',  ( -0.7217602280983610452, 0.6921431738704079129, -0.000000000000000000 ) ) ;
#2914 = PERSON_AND_ORGANIZATION ( #2281, #778 ) ;
#2915 = CARTESIAN_POINT ( 'NONE',  ( -2.957142700102131982, 2.132184708941004203, -0.9842519685039370358 ) ) ;
#2916 = CARTESIAN_POINT ( 'NONE',  ( 1.139111972095421921, -3.463138532724043817, -0.9842519685039370358 ) ) ;
#2917 = ORIENTED_EDGE ( 'NONE', *, *, #1668, .F. ) ;
#2918 = AXIS2_PLACEMENT_3D ( 'NONE', #3901, #1573, #266 ) ;
#2919 = CARTESIAN_POINT ( 'NONE',  ( -3.915982066072372980, 0.01416937462815733191, -0.9842519685039370358 ) ) ;
#2920 = VERTEX_POINT ( 'NONE', #5131 ) ;
#2921 = DIRECTION ( 'NONE',  ( 0.9335804264971990785, 0.3583679495453072628, -0.000000000000000000 ) ) ;
#2922 = EDGE_CURVE ( 'NONE', #5553, #3080, #2885, .T. ) ;
#2923 = CARTESIAN_POINT ( 'NONE',  ( -3.159767491679426499, 2.313219771552998516, -0.9842519685039370358 ) ) ;
#2924 = ORIENTED_EDGE ( 'NONE', *, *, #4862, .T. ) ;
#2925 = DIRECTION ( 'NONE',  ( 0.000000000000000000, -1.000000000000000000, 0.000000000000000000 ) ) ;
#2926 = DIRECTION ( 'NONE',  ( 0.000000000000000000, 0.000000000000000000, 1.000000000000000000 ) ) ;
#2927 = ORIENTED_EDGE ( 'NONE', *, *, #222, .F. ) ;
#2928 = EDGE_LOOP ( 'NONE', ( #5469, #4615, #1257, #4038 ) ) ;
#2929 = PLANE ( 'NONE',  #3046 ) ;
#2930 = PLANE ( 'NONE',  #2499 ) ;
#2931 = DIRECTION ( 'NONE',  ( 1.000000000000000000, 0.000000000000000000, 0.000000000000000000 ) ) ;
#2932 = EDGE_CURVE ( 'NONE', #4243, #1575, #210, .T. ) ;
#2933 = ORIENTED_EDGE ( 'NONE', *, *, #2368, .F. ) ;
#2934 = ORIENTED_EDGE ( 'NONE', *, *, #2057, .F. ) ;
#2935 = DIRECTION ( 'NONE',  ( 0.9711342799096357448, 0.2385334575785821032, -0.000000000000000000 ) ) ;
#2936 = CARTESIAN_POINT ( 'NONE',  ( -2.485223221547316896, 3.026347939688987410, -0.9842519685039370358 ) ) ;
#2937 = PLANE ( 'NONE',  #124 ) ;
#2938 = CALENDAR_DATE ( 2025, 2, 4 ) ;
#2939 = CARTESIAN_POINT ( 'NONE',  ( 3.891198466669556932, -0.4814721889165519686, 0.000000000000000000 ) ) ;
#2940 = LINE ( 'NONE', #2581, #2132 ) ;
#2941 = VERTEX_POINT ( 'NONE', #1990 ) ;
#2942 = CARTESIAN_POINT ( 'NONE',  ( 1.660353717370592008, 3.551966569229675130, -0.9842519685039370358 ) ) ;
#2943 = ORIENTED_EDGE ( 'NONE', *, *, #1711, .T. ) ;
#2944 = CARTESIAN_POINT ( 'NONE',  ( 3.635771949497380362, -1.454743497743093084, -0.9842519685039370358 ) ) ;
#2945 = CARTESIAN_POINT ( 'NONE',  ( -2.313657855930896012, -2.817426468871621292, -0.9842519685039370358 ) ) ;
#2946 = CONICAL_SURFACE ( 'NONE', #2567, 1.850393700787403617, 0.7853981633974471688 ) ;
#2947 = EDGE_CURVE ( 'NONE', #193, #4663, #4749, .T. ) ;
#2948 = ORIENTED_EDGE ( 'NONE', *, *, #1057, .T. ) ;
#2949 = EDGE_CURVE ( 'NONE', #1687, #1592, #5192, .T. ) ;
#2950 = VECTOR ( 'NONE', #4865, 39.37007874015748143 ) ;
#2951 = DIRECTION ( 'NONE',  ( -0.2079116908177665590, 0.9781476007338040235, 0.000000000000000000 ) ) ;
#2952 = CYLINDRICAL_SURFACE ( 'NONE', #49, 5.905511811023622215 ) ;
#2953 = ORIENTED_EDGE ( 'NONE', *, *, #2322, .T. ) ;
#2954 = ORIENTED_EDGE ( 'NONE', *, *, #572, .F. ) ;
#2955 = CC_DESIGN_APPROVAL ( #5774, ( #2481 ) ) ;
#2956 = CARTESIAN_POINT ( 'NONE',  ( -1.143211394872559739, -3.475601634973340293, -0.9842519685039370358 ) ) ;
#2957 = CC_DESIGN_PERSON_AND_ORGANIZATION_ASSIGNMENT ( #3842, #4679, ( #5633 ) ) ;
#2958 = CARTESIAN_POINT ( 'NONE',  ( -0.3894572505819719477, -0.5920507194245610005, 0.000000000000000000 ) ) ;
#2959 = CARTESIAN_POINT ( 'NONE',  ( 0.6701682815978529106, 3.583542807913608019, 0.000000000000000000 ) ) ;
#2960 = EDGE_CURVE ( 'NONE', #3525, #91, #4718, .T. ) ;
#2961 = VERTEX_POINT ( 'NONE', #5634 ) ;
#2962 = ORIENTED_EDGE ( 'NONE', *, *, #2176, .F. ) ;
#2963 = LINE ( 'NONE', #3536, #4329 ) ;
#2964 = CARTESIAN_POINT ( 'NONE',  ( 2.498550600357383633, -3.042577180206898824, -0.9842519685039370358 ) ) ;
#2965 = LINE ( 'NONE', #2045, #1636 ) ;
#2966 = COORDINATED_UNIVERSAL_TIME_OFFSET ( 7, 0, .BEHIND. ) ;
#2967 = VECTOR ( 'NONE', #3899, 39.37007874015748143 ) ;
#2968 = PLANE ( 'NONE',  #2918 ) ;
#2969 = AXIS2_PLACEMENT_3D ( 'NONE', #2456, #4286, #2485 ) ;
#2970 = DIRECTION ( 'NONE',  ( -0.3583679495453072628, 0.9335804264971990785, 0.000000000000000000 ) ) ;
#2971 = VECTOR ( 'NONE', #5776, 39.37007874015748854 ) ;
#2972 = ORIENTED_EDGE ( 'NONE', *, *, #5074, .F. ) ;
#2973 = VECTOR ( 'NONE', #1958, 39.37007874015748143 ) ;
#2974 = CARTESIAN_POINT ( 'NONE',  ( -0.2561938912452965678, 3.912493535560177982, -0.9842519685039370358 ) ) ;
#2975 = ORIENTED_EDGE ( 'NONE', *, *, #5251, .T. ) ;
#2976 = ADVANCED_FACE ( 'NONE', ( #593 ), #3849, .T. ) ;
#2977 = DIRECTION ( 'NONE',  ( 0.000000000000000000, 0.000000000000000000, -1.000000000000000000 ) ) ;
#2978 = DIRECTION ( 'NONE',  ( -0.8068849024499782363, 0.5907086881012407753, 0.000000000000000000 ) ) ;
#2979 = EDGE_CURVE ( 'NONE', #1973, #2209, #5448, .T. ) ;
#2980 = VECTOR ( 'NONE', #5120, 39.37007874015748854 ) ;
#2981 = ORIENTED_EDGE ( 'NONE', *, *, #5326, .T. ) ;
#2982 = CARTESIAN_POINT ( 'NONE',  ( -3.920859670823413357, -0.01002084936996175575, -0.9842519685039370358 ) ) ;
#2983 = EDGE_CURVE ( 'NONE', #1310, #3311, #4265, .T. ) ;
#2984 = CARTESIAN_POINT ( 'NONE',  ( 2.864327676106141585, 2.670345160624409520, -0.9842519685039370358 ) ) ;
#2985 = VECTOR ( 'NONE', #1115, 39.37007874015748854 ) ;
#2986 = ORIENTED_EDGE ( 'NONE', *, *, #3527, .T. ) ;
#2987 = ORIENTED_EDGE ( 'NONE', *, *, #5566, .T. ) ;
#2988 = EDGE_CURVE ( 'NONE', #3801, #5275, #3791, .T. ) ;
#2989 = LINE ( 'NONE', #4819, #1524 ) ;
#2990 = VECTOR ( 'NONE', #3998, 39.37007874015748854 ) ;
#2991 = CARTESIAN_POINT ( 'NONE',  ( -2.313657855930896012, -2.817426468871621292, 0.000000000000000000 ) ) ;
#2992 = PRODUCT_DEFINITION_SHAPE ( 'NONE', 'NONE',  #5906 ) ;
#2993 = DIRECTION ( 'NONE',  ( 0.000000000000000000, 0.000000000000000000, -1.000000000000000000 ) ) ;
#2994 = EDGE_CURVE ( 'NONE', #238, #1142, #1134, .T. ) ;
#2995 = ORIENTED_EDGE ( 'NONE', *, *, #3588, .T. ) ;
#2996 = VECTOR ( 'NONE', #2468, 39.37007874015748143 ) ;
#2997 = ORIENTED_EDGE ( 'NONE', *, *, #3285, .T. ) ;
#2998 = ADVANCED_FACE ( 'NONE', ( #5244 ), #4806, .T. ) ;
#2999 = ORIENTED_EDGE ( 'NONE', *, *, #3742, .F. ) ;
#3000 = LINE ( 'NONE', #2068, #1838 ) ;
#3001 = FACE_OUTER_BOUND ( 'NONE', #3420, .T. ) ;
#3002 = CARTESIAN_POINT ( 'NONE',  ( -2.498550600357361873, 3.042577180206916587, 0.000000000000000000 ) ) ;
#3003 = APPROVAL_ROLE ( '' ) ;
#3004 = LINE ( 'NONE', #4832, #5869 ) ;
#3005 = AXIS2_PLACEMENT_3D ( 'NONE', #4099, #3228, #1443 ) ;
#3006 = DIRECTION ( 'NONE',  ( 0.1909343189809991903, 0.9816028147042274998, 0.000000000000000000 ) ) ;
#3007 = ORIENTED_EDGE ( 'NONE', *, *, #580, .F. ) ;
#3008 = VECTOR ( 'NONE', #1136, 39.37007874015748143 ) ;
#3009 = CARTESIAN_POINT ( 'NONE',  ( 0.2429483282524564913, 3.650714331222773890, -0.9842519685039370358 ) ) ;
#3010 = ORIENTED_EDGE ( 'NONE', *, *, #5616, .F. ) ;
#3011 = DIRECTION ( 'NONE',  ( -0.1149371504928618642, 0.9933727656003970008, 0.000000000000000000 ) ) ;
#3012 = CARTESIAN_POINT ( 'NONE',  ( -0.2317451337921310750, 3.909144472380302826, 0.000000000000000000 ) ) ;
#3013 = CARTESIAN_POINT ( 'NONE',  ( -1.564176084546617274, 3.293062064149653967, -0.9842519685039370358 ) ) ;
#3014 = AXIS2_PLACEMENT_3D ( 'NONE', #978, #2309, #1925 ) ;
#3015 = EDGE_CURVE ( 'NONE', #1221, #5830, #2642, .T. ) ;
#3016 = ORIENTED_EDGE ( 'NONE', *, *, #98, .F. ) ;
#3017 = CARTESIAN_POINT ( 'NONE',  ( -0.6960833833717243735, 3.578599237858710591, -0.9842519685039370358 ) ) ;
#3018 = CARTESIAN_POINT ( 'NONE',  ( -1.654523236393733221, 3.549319536645159534, -0.9842519685039370358 ) ) ;
#3019 = ORIENTED_EDGE ( 'NONE', *, *, #4111, .F. ) ;
#3020 = ORIENTED_EDGE ( 'NONE', *, *, #4298, .F. ) ;
#3021 = DIRECTION ( 'NONE',  ( 0.000000000000000000, 0.000000000000000000, 1.000000000000000000 ) ) ;
#3022 = PLANE ( 'NONE',  #4797 ) ;
#3023 = CARTESIAN_POINT ( 'NONE',  ( 2.313657855930875584, 2.817426468871639056, -0.9842519685039370358 ) ) ;
#3024 = ORIENTED_EDGE ( 'NONE', *, *, #1678, .T. ) ;
#3025 = ORIENTED_EDGE ( 'NONE', *, *, #2536, .F. ) ;
#3026 = EDGE_CURVE ( 'NONE', #3163, #3721, #2668, .T. ) ;
#3027 = ORIENTED_EDGE ( 'NONE', *, *, #5050, .T. ) ;
#3028 = DIRECTION ( 'NONE',  ( -0.9907478404714428200, 0.1357155724343102055, -0.000000000000000000 ) ) ;
#3029 = CARTESIAN_POINT ( 'NONE',  ( 3.221773970811660615, -2.092244480211265412, 0.000000000000000000 ) ) ;
#3030 = DIRECTION ( 'NONE',  ( -0.7071067811865353603, 0.000000000000000000, -0.7071067811865595631 ) ) ;
#3031 = APPROVAL_ROLE ( '' ) ;
#3032 = DIRECTION ( 'NONE',  ( -0.05917892698292611525, 0.9982473914822664884, 0.000000000000000000 ) ) ;
#3033 = ORIENTED_EDGE ( 'NONE', *, *, #5374, .T. ) ;
#3034 = CARTESIAN_POINT ( 'NONE',  ( -3.649212047090996336, 1.434047562348446325, 0.000000000000000000 ) ) ;
#3035 = ORIENTED_EDGE ( 'NONE', *, *, #4845, .T. ) ;
#3036 = CARTESIAN_POINT ( 'NONE',  ( 3.615245126993661628, 0.4700077164874497671, -0.9842519685039370358 ) ) ;
#3037 = CARTESIAN_POINT ( 'NONE',  ( 2.491528817477546287, 3.027461829221056888, 0.000000000000000000 ) ) ;
#3038 = PRODUCT_RELATED_PRODUCT_CATEGORY ( 'detail', '', ( #2462 ) ) ;
#3039 = DIRECTION ( 'NONE',  ( 0.000000000000000000, 0.000000000000000000, -1.000000000000000000 ) ) ;
#3040 = ORIENTED_EDGE ( 'NONE', *, *, #931, .F. ) ;
#3041 = CARTESIAN_POINT ( 'NONE',  ( 3.658765332166196149, -0.01323867571228875759, -0.9842519685039370358 ) ) ;
#3042 = EDGE_CURVE ( 'NONE', #3236, #3196, #4837, .T. ) ;
#3043 = CARTESIAN_POINT ( 'NONE',  ( -3.646204138890994706, -1.428394795045114352, -0.9842519685039370358 ) ) ;
#3044 = VERTEX_POINT ( 'NONE', #4499 ) ;
#3045 = VERTEX_POINT ( 'NONE', #356 ) ;
#3046 = AXIS2_PLACEMENT_3D ( 'NONE', #2035, #5589, #5561 ) ;
#3047 = DIRECTION ( 'NONE',  ( -0.9694766605923662572, -0.2451836139848538321, 0.000000000000000000 ) ) ;
#3048 = EDGE_CURVE ( 'NONE', #2844, #708, #296, .T. ) ;
#3049 = FACE_OUTER_BOUND ( 'NONE', #4515, .T. ) ;
#3050 = DIRECTION ( 'NONE',  ( 0.1460830285624158398, -0.9892723329629877771, 0.000000000000000000 ) ) ;
#3051 = ORIENTED_EDGE ( 'NONE', *, *, #5697, .T. ) ;
#3052 = EDGE_CURVE ( 'NONE', #2232, #200, #4054, .T. ) ;
#3053 = ORIENTED_EDGE ( 'NONE', *, *, #4963, .T. ) ;
#3054 = ORIENTED_EDGE ( 'NONE', *, *, #1934, .F. ) ;
#3055 = LINE ( 'NONE', #1212, #2971 ) ;
#3056 = CARTESIAN_POINT ( 'NONE',  ( 0.000000000000000000, 0.000000000000000000, 0.9842519685039370358 ) ) ;
#3057 = CARTESIAN_POINT ( 'NONE',  ( 1.654523236393758978, -3.549319536645150208, 0.000000000000000000 ) ) ;
#3058 = CALENDAR_DATE ( 2025, 2, 4 ) ;
#3059 = LOCAL_TIME ( 11, 53, 13.00000000000000000, #1859 ) ;
#3060 = LINE ( 'NONE', #4888, #4913 ) ;
#3061 = ADVANCED_FACE ( 'NONE', ( #1628 ), #4381, .T. ) ;
#3062 = ORIENTED_EDGE ( 'NONE', *, *, #5783, .F. ) ;
#3063 = EDGE_CURVE ( 'NONE', #5035, #3507, #2192, .T. ) ;
#3064 = VECTOR ( 'NONE', #3419, 39.37007874015748854 ) ;
#3065 = DIRECTION ( 'NONE',  ( 0.000000000000000000, 0.000000000000000000, -1.000000000000000000 ) ) ;
#3066 = VERTEX_POINT ( 'NONE', #4444 ) ;
#3067 = DIRECTION ( 'NONE',  ( -0.8211492091337093679, 0.5707135676844239391, 0.000000000000000000 ) ) ;
#3068 = LINE ( 'NONE', #4927, #4249 ) ;
#3069 = LINE ( 'NONE', #5696, #3759 ) ;
#3070 = VERTEX_POINT ( 'NONE', #5839 ) ;
#3071 = ADVANCED_FACE ( 'NONE', ( #2556 ), #855, .T. ) ;
#3072 = CARTESIAN_POINT ( 'NONE',  ( -0.2614224015898720666, -3.928318893370163600, 0.000000000000000000 ) ) ;
#3073 = CARTESIAN_POINT ( 'NONE',  ( 3.800170738207024002, -0.9653721231663295876, -0.9842519685039370358 ) ) ;
#3074 = ORIENTED_EDGE ( 'NONE', *, *, #2602, .T. ) ;
#3075 = VECTOR ( 'NONE', #3893, 39.37007874015748143 ) ;
#3076 = ORIENTED_EDGE ( 'NONE', *, *, #5837, .T. ) ;
#3077 = LINE ( 'NONE', #2956, #474 ) ;
#3078 = DIRECTION ( 'NONE',  ( 0.8957117602394090161, 0.4446351791849352808, -0.000000000000000000 ) ) ;
#3079 = VECTOR ( 'NONE', #197, 39.37007874015748854 ) ;
#3080 = VERTEX_POINT ( 'NONE', #5812 ) ;
#3081 = ORIENTED_EDGE ( 'NONE', *, *, #3015, .F. ) ;
#3082 = EDGE_CURVE ( 'NONE', #4425, #3614, #1716, .T. ) ;
#3083 = VECTOR ( 'NONE', #4333, 39.37007874015748854 ) ;
#3084 = ORIENTED_EDGE ( 'NONE', *, *, #1245, .T. ) ;
#3085 = CARTESIAN_POINT ( 'NONE',  ( -3.655269316823482662, 1.462544775913134032, -0.9842519685039370358 ) ) ;
#3086 = LINE ( 'NONE', #2609, #3155 ) ;
#3087 = LINE ( 'NONE', #4918, #5177 ) ;
#3088 = COORDINATED_UNIVERSAL_TIME_OFFSET ( 7, 0, .BEHIND. ) ;
#3089 = FACE_BOUND ( 'NONE', #802, .T. ) ;
#3090 = VECTOR ( 'NONE', #3122, 39.37007874015748143 ) ;
#3091 = VERTEX_POINT ( 'NONE', #5309 ) ;
#3092 = VECTOR ( 'NONE', #469, 39.37007874015748854 ) ;
#3093 = DIRECTION ( 'NONE',  ( -0.000000000000000000, -0.000000000000000000, -1.000000000000000000 ) ) ;
#3094 = ORIENTED_EDGE ( 'NONE', *, *, #3873, .F. ) ;
#3095 = DIRECTION ( 'NONE',  ( 0.9218631515884987415, 0.3875155864521072080, 0.000000000000000000 ) ) ;
#3096 = DIRECTION ( 'NONE',  ( -0.1838258569393816655, 0.9829588263607493825, 0.000000000000000000 ) ) ;
#3097 = FACE_OUTER_BOUND ( 'NONE', #5829, .T. ) ;
#3098 = CIRCLE ( 'NONE', #525, 1.968503937007874072 ) ;
#3099 = VERTEX_POINT ( 'NONE', #3034 ) ;
#3100 = EDGE_CURVE ( 'NONE', #395, #5732, #4863, .T. ) ;
#3101 = LINE ( 'NONE', #4870, #3775 ) ;
#3102 = CARTESIAN_POINT ( 'NONE',  ( -2.676187639391424788, -2.494946640143706595, -0.9842519685039370358 ) ) ;
#3103 = EDGE_LOOP ( 'NONE', ( #5335, #1095, #5178, #1096 ) ) ;
#3104 = VERTEX_POINT ( 'NONE', #4924 ) ;
#3105 = CIRCLE ( 'NONE', #1392, 5.905511811023622215 ) ;
#3106 = DIRECTION ( 'NONE',  ( -0.3714863730819298326, -0.9284384064731667774, 0.000000000000000000 ) ) ;
#3107 = DIRECTION ( 'NONE',  ( 0.8862035792312157323, -0.4632960351198594506, 0.000000000000000000 ) ) ;
#3108 = ORIENTED_EDGE ( 'NONE', *, *, #226, .F. ) ;
#3109 = ORIENTED_EDGE ( 'NONE', *, *, #1030, .F. ) ;
#3110 = EDGE_LOOP ( 'NONE', ( #5355, #271, #297, #5851 ) ) ;
#3111 = LINE ( 'NONE', #3686, #4772 ) ;
#3112 = LINE ( 'NONE', #2127, #5409 ) ;
#3113 = PLANE ( 'NONE',  #5456 ) ;
#3114 = COORDINATED_UNIVERSAL_TIME_OFFSET ( 7, 0, .BEHIND. ) ;
#3115 = EDGE_CURVE ( 'NONE', #2775, #2347, #4469, .T. ) ;
#3116 = CARTESIAN_POINT ( 'NONE',  ( 3.396960491656520365, -1.359190360663478314, -0.9842519685039370358 ) ) ;
#3117 = ORIENTED_EDGE ( 'NONE', *, *, #5837, .F. ) ;
#3118 = CARTESIAN_POINT ( 'NONE',  ( -1.540304569228679199, -3.304295146596687438, -0.9842519685039370358 ) ) ;
#3119 = EDGE_LOOP ( 'NONE', ( #4312, #862, #2376, #5576 ) ) ;
#3120 = FACE_OUTER_BOUND ( 'NONE', #347, .T. ) ;
#3121 = CARTESIAN_POINT ( 'NONE',  ( 3.796478068656873539, 0.9601409204826065746, -0.9842519685039370358 ) ) ;
#3122 = DIRECTION ( 'NONE',  ( 0.000000000000000000, 0.000000000000000000, 1.000000000000000000 ) ) ;
#3123 = VERTEX_POINT ( 'NONE', #2584 ) ;
#3124 = CARTESIAN_POINT ( 'NONE',  ( -3.800170738207018672, 0.9653721231663574542, -0.9842519685039370358 ) ) ;
#3125 = CARTESIAN_POINT ( 'NONE',  ( 0.5099999999999976774, 6.245698675651472736E-17, -0.9842519685039370358 ) ) ;
#3126 = EDGE_CURVE ( 'NONE', #3630, #535, #3573, .T. ) ;
#3127 = ORIENTED_EDGE ( 'NONE', *, *, #1968, .T. ) ;
#3128 = EDGE_CURVE ( 'NONE', #4940, #2752, #410, .T. ) ;
#3129 = CARTESIAN_POINT ( 'NONE',  ( 3.920859670823414689, 0.01002084936998866478, 0.000000000000000000 ) ) ;
#3130 = DIRECTION ( 'NONE',  ( 0.9916547108600352045, -0.1289222030105748873, 0.000000000000000000 ) ) ;
#3131 = VERTEX_POINT ( 'NONE', #744 ) ;
#3132 = ORIENTED_EDGE ( 'NONE', *, *, #499, .F. ) ;
#3133 = VECTOR ( 'NONE', #3623, 39.37007874015748143 ) ;
#3134 = EDGE_CURVE ( 'NONE', #1679, #5587, #326, .T. ) ;
#3135 = ORIENTED_EDGE ( 'NONE', *, *, #3907, .F. ) ;
#3136 = CARTESIAN_POINT ( 'NONE',  ( 2.934141554642695660, -2.479541857136743577, 0.000000000000000000 ) ) ;
#3137 = PLANE ( 'NONE',  #5673 ) ;
#3138 = FACE_OUTER_BOUND ( 'NONE', #2344, .T. ) ;
#3139 = DATE_AND_TIME ( #547, #4875 ) ;
#3140 = EDGE_CURVE ( 'NONE', #5397, #2174, #5276, .T. ) ;
#3141 = DIRECTION ( 'NONE',  ( 0.2079116908177599254, -0.9781476007338054668, -0.000000000000000000 ) ) ;
#3143 = FACE_BOUND ( 'NONE', #3710, .T. ) ;
#3142 = VECTOR ( 'NONE', #890, 39.37007874015748854 ) ;
#3144 = EDGE_LOOP ( 'NONE', ( #5796, #1938, #366, #2061 ) ) ;
#3145 = SECURITY_CLASSIFICATION ( '', '', #3657 ) ;
#3146 = FACE_OUTER_BOUND ( 'NONE', #1979, .T. ) ;
#3147 = DIRECTION ( 'NONE',  ( -0.8712138111201985780, 0.4909037536151245606, -0.000000000000000000 ) ) ;
#3148 = LINE ( 'NONE', #2167, #633 ) ;
#3149 = DIRECTION ( 'NONE',  ( 0.7071067811865353603, 8.659560562354783714E-17, -0.7071067811865595631 ) ) ;
#3150 = VECTOR ( 'NONE', #2617, 39.37007874015748854 ) ;
#3151 = EDGE_CURVE ( 'NONE', #3962, #4257, #1688, .T. ) ;
#3152 = VERTEX_POINT ( 'NONE', #1451 ) ;
#3153 = CARTESIAN_POINT ( 'NONE',  ( 3.635771949497380362, -1.454743497743093084, -0.9842519685039370358 ) ) ;
#3154 = DIRECTION ( 'NONE',  ( 0.000000000000000000, 0.000000000000000000, 1.000000000000000000 ) ) ;
#3155 = VECTOR ( 'NONE', #264, 39.37007874015748143 ) ;
#3156 = EDGE_CURVE ( 'NONE', #3857, #309, #5897, .T. ) ;
#3157 = ORIENTED_EDGE ( 'NONE', *, *, #4165, .F. ) ;
#3158 = DIRECTION ( 'NONE',  ( 0.7360970871197500820, 0.6768759696826436301, -0.000000000000000000 ) ) ;
#3159 = ADVANCED_FACE ( 'NONE', ( #1800 ), #3632, .T. ) ;
#3160 = DIRECTION ( 'NONE',  ( 0.6346318524907751391, -0.7728146037725522888, 0.000000000000000000 ) ) ;
#3161 = VECTOR ( 'NONE', #1148, 39.37007874015748143 ) ;
#3162 = VERTEX_POINT ( 'NONE', #526 ) ;
#3163 = VERTEX_POINT ( 'NONE', #2823 ) ;
#3164 = ORIENTED_EDGE ( 'NONE', *, *, #3431, .T. ) ;
#3165 = DIRECTION ( 'NONE',  ( 0.000000000000000000, 0.000000000000000000, -1.000000000000000000 ) ) ;
#3166 = VECTOR ( 'NONE', #1910, 39.37007874015748143 ) ;
#3167 = CARTESIAN_POINT ( 'NONE',  ( 0.000000000000000000, 0.000000000000000000, 0.000000000000000000 ) ) ;
#3168 = DIRECTION ( 'NONE',  ( -0.07323819712760465395, -0.9973144772244600942, 0.000000000000000000 ) ) ;
#3169 = APPROVAL_DATE_TIME ( #4164, #1111 ) ;
#3170 = EDGE_CURVE ( 'NONE', #5255, #3507, #1421, .T. ) ;
#3171 = CARTESIAN_POINT ( 'NONE',  ( -3.394491399054546665, 1.329786721077433009, 0.000000000000000000 ) ) ;
#3172 = CARTESIAN_POINT ( 'NONE',  ( -2.755905511811024056, 0.3149606299212595051, 0.000000000000000000 ) ) ;
#3173 = AXIS2_PLACEMENT_3D ( 'NONE', #3085, #4916, #5831 ) ;
#3174 = VECTOR ( 'NONE', #4902, 39.37007874015748143 ) ;
#3175 = ORIENTED_EDGE ( 'NONE', *, *, #3140, .T. ) ;
#3176 = PLANE ( 'NONE',  #869 ) ;
#3177 = EDGE_LOOP ( 'NONE', ( #1497, #1852, #4765, #3910 ) ) ;
#3178 = LINE ( 'NONE', #4142, #2282 ) ;
#3179 = VECTOR ( 'NONE', #3039, 39.37007874015748143 ) ;
#3180 = DIRECTION ( 'NONE',  ( -0.3647579126929523796, 0.9311023923972489014, 0.000000000000000000 ) ) ;
#3181 = CARTESIAN_POINT ( 'NONE',  ( 0.7198634713867416712, -3.849274333629758793, -0.9842519685039370358 ) ) ;
#3182 = AXIS2_PLACEMENT_3D ( 'NONE', #5478, #1889, #48 ) ;
#3183 = CARTESIAN_POINT ( 'NONE',  ( -3.193458639419133771, -2.302575279633936045, -0.9842519685039370358 ) ) ;
#3184 = EDGE_LOOP ( 'NONE', ( #3225, #2383, #5877, #1472 ) ) ;
#3185 = CARTESIAN_POINT ( 'NONE',  ( 3.936982101785621690, -0.01424536000502846754, -0.9842519685039370358 ) ) ;
#3186 = DIRECTION ( 'NONE',  ( 0.9999934538535477646, -0.003618321441277383855, 0.000000000000000000 ) ) ;
#3187 = VECTOR ( 'NONE', #641, 39.37007874015748854 ) ;
#3188 = EDGE_CURVE ( 'NONE', #1294, #733, #946, .T. ) ;
#3189 = ADVANCED_FACE ( 'NONE', ( #4976 ), #5093, .T. ) ;
#3190 = VERTEX_POINT ( 'NONE', #3663 ) ;
#3191 = AXIS2_PLACEMENT_3D ( 'NONE', #4088, #3494, #4931 ) ;
#3192 = LINE ( 'NONE', #4569, #2477 ) ;
#3193 = CARTESIAN_POINT ( 'NONE',  ( -2.506971211764406071, 3.014686769648894149, -0.9842519685039370358 ) ) ;
#3194 = AXIS2_PLACEMENT_3D ( 'NONE', #5154, #5217, #3843 ) ;
#3195 = ORIENTED_EDGE ( 'NONE', *, *, #1725, .T. ) ;
#3196 = VERTEX_POINT ( 'NONE', #4649 ) ;
#3197 = EDGE_LOOP ( 'NONE', ( #1275, #3258, #2425, #5677 ) ) ;
#3198 = ORIENTED_EDGE ( 'NONE', *, *, #3431, .F. ) ;
#3199 = CARTESIAN_POINT ( 'NONE',  ( -2.342385370536713918, -2.810688491151484225, -0.9842519685039370358 ) ) ;
#3200 = CARTESIAN_POINT ( 'NONE',  ( -0.6701682815978780017, -3.583542807913603134, 0.000000000000000000 ) ) ;
#3201 = CARTESIAN_POINT ( 'NONE',  ( 3.886879271373971267, 0.4767450500436776761, -0.9842519685039370358 ) ) ;
#3202 = APPROVAL_ROLE ( '' ) ;
#3203 = CARTESIAN_POINT ( 'NONE',  ( 3.665738097670556694, 1.148772685634995572, 0.000000000000000000 ) ) ;
#3204 = CARTESIAN_POINT ( 'NONE',  ( -3.646204138890994706, -1.428394795045114352, 0.000000000000000000 ) ) ;
#3205 = ADVANCED_BREP_SHAPE_REPRESENTATION ( '', ( #4702, #204 ), #4680 ) ;
#3206 = ORIENTED_EDGE ( 'NONE', *, *, #4541, .F. ) ;
#3207 = DIMENSIONAL_EXPONENTS ( 1.000000000000000000, 0.000000000000000000, 0.000000000000000000, 0.000000000000000000, 0.000000000000000000, 0.000000000000000000, 0.000000000000000000 ) ;
#3208 = ADVANCED_FACE ( 'NONE', ( #553 ), #83, .F. ) ;
#3209 = DIRECTION ( 'NONE',  ( 0.4225025492268855154, -0.9063617356755432342, 0.000000000000000000 ) ) ;
#3210 = ORIENTED_EDGE ( 'NONE', *, *, #5315, .T. ) ;
#3211 = DIRECTION ( 'NONE',  ( 7.924065335586056303E-17, -9.395002703190021071E-18, 1.000000000000000000 ) ) ;
#3212 = DIRECTION ( 'NONE',  ( 0.9925617027126559799, 0.1217426232186294977, 0.000000000000000000 ) ) ;
#3213 = CARTESIAN_POINT ( 'NONE',  ( 2.110251718344210214, 3.298780683556140403, -0.9842519685039370358 ) ) ;
#3214 = VERTEX_POINT ( 'NONE', #2305 ) ;
#3215 = ADVANCED_FACE ( 'NONE', ( #4588 ), #3176, .T. ) ;
#3216 = CARTESIAN_POINT ( 'NONE',  ( -0.7198634713867139157, 3.849274333629763678, -0.9842519685039370358 ) ) ;
#3217 = VERTEX_POINT ( 'NONE', #5451 ) ;
#3218 = DIRECTION ( 'NONE',  ( 0.7637960286346114902, -0.6454576877239870392, 0.000000000000000000 ) ) ;
#3219 = EDGE_CURVE ( 'NONE', #193, #5764, #494, .T. ) ;
#3220 = FACE_OUTER_BOUND ( 'NONE', #4470, .T. ) ;
#3221 = ORIENTED_EDGE ( 'NONE', *, *, #1471, .T. ) ;
#3222 = EDGE_CURVE ( 'NONE', #3235, #2476, #54, .T. ) ;
#3223 = CARTESIAN_POINT ( 'NONE',  ( 3.655269316823491987, -1.462544775913108719, -0.9842519685039370358 ) ) ;
#3224 = LINE ( 'NONE', #6, #5372 ) ;
#3225 = ORIENTED_EDGE ( 'NONE', *, *, #3128, .F. ) ;
#3226 = EDGE_LOOP ( 'NONE', ( #4139, #1440, #4070, #5157 ) ) ;
#3227 = PLANE ( 'NONE',  #3717 ) ;
#3228 = DIRECTION ( 'NONE',  ( -0.000000000000000000, -0.000000000000000000, -1.000000000000000000 ) ) ;
#3229 = CARTESIAN_POINT ( 'NONE',  ( 2.333985849692230552, -2.800609689914965728, -0.9842519685039370358 ) ) ;
#3230 = CALENDAR_DATE ( 2025, 2, 4 ) ;
#3231 = DIRECTION ( 'NONE',  ( 0.08367784333231570448, -0.9964928592495042592, -0.000000000000000000 ) ) ;
#3232 = DIRECTION ( 'NONE',  ( -0.04187565372919953982, -0.9991228300988583833, -0.000000000000000000 ) ) ;
#3233 = ADVANCED_FACE ( 'NONE', ( #5870 ), #4108, .F. ) ;
#3234 = VECTOR ( 'NONE', #5617, 39.37007874015748854 ) ;
#3235 = VERTEX_POINT ( 'NONE', #2363 ) ;
#3236 = VERTEX_POINT ( 'NONE', #2729 ) ;
#3237 = CARTESIAN_POINT ( 'NONE',  ( 1.663395863097975047, -3.568353290061193839, 0.000000000000000000 ) ) ;
#3238 = DIRECTION ( 'NONE',  ( 0.3189593092980400613, 0.9477684100095956632, -0.000000000000000000 ) ) ;
#3239 = CARTESIAN_POINT ( 'NONE',  ( 0.7237238462180665133, -3.869916639215543963, -0.9842519685039370358 ) ) ;
#3240 = CIRCLE ( 'NONE', #672, 0.7086614173228329427 ) ;
#3241 = DIRECTION ( 'NONE',  ( -0.9311023923972489014, -0.3647579126929523796, 0.000000000000000000 ) ) ;
#3242 = EDGE_CURVE ( 'NONE', #3991, #3466, #1777, .T. ) ;
#3243 = DIRECTION ( 'NONE',  ( 0.08367784333231570448, -0.9964928592495042592, 0.000000000000000000 ) ) ;
#3244 = ORIENTED_EDGE ( 'NONE', *, *, #2289, .T. ) ;
#3245 = EDGE_CURVE ( 'NONE', #2941, #3305, #1867, .T. ) ;
#3246 = VECTOR ( 'NONE', #3158, 39.37007874015748143 ) ;
#3247 = PLANE ( 'NONE',  #3472 ) ;
#3248 = ORIENTED_EDGE ( 'NONE', *, *, #5599, .T. ) ;
#3249 = PLANE ( 'NONE',  #532 ) ;
#3250 = LOCAL_TIME ( 11, 53, 13.00000000000000000, #5714 ) ;
#3251 = CARTESIAN_POINT ( 'NONE',  ( -3.904152404960765654, 0.5075677283881184776, -0.9842519685039370358 ) ) ;
#3252 = VERTEX_POINT ( 'NONE', #1832 ) ;
#3253 = EDGE_CURVE ( 'NONE', #100, #2820, #5421, .T. ) ;
#3254 = CARTESIAN_POINT ( 'NONE',  ( -2.851323949116951528, -2.691318025225501565, -0.9842519685039370358 ) ) ;
#3255 = CONICAL_SURFACE ( 'NONE', #4018, 0.5000000000000000000, 0.7853981633974824739 ) ;
#3256 = VECTOR ( 'NONE', #2697, 39.37007874015748143 ) ;
#3257 = FACE_OUTER_BOUND ( 'NONE', #2886, .T. ) ;
#3258 = ORIENTED_EDGE ( 'NONE', *, *, #3971, .F. ) ;
#3259 = VECTOR ( 'NONE', #1982, 39.37007874015748143 ) ;
#3260 = ORIENTED_EDGE ( 'NONE', *, *, #60, .F. ) ;
#3261 = CARTESIAN_POINT ( 'NONE',  ( 2.086324520973354080, -3.313965344743833974, -0.9842519685039370358 ) ) ;
#3262 = VECTOR ( 'NONE', #3357, 39.37007874015748854 ) ;
#3263 = CARTESIAN_POINT ( 'NONE',  ( -2.967784830495930670, -2.139857990211982752, -0.9842519685039370358 ) ) ;
#3264 = PLANE ( 'NONE',  #4803 ) ;
#3265 = ITEM_DEFINED_TRANSFORMATION ( 'NONE', 'NONE', #2664,  #204 ) ;
#3266 = CARTESIAN_POINT ( 'NONE',  ( 1.885819052223990600, 3.346789653719395297, 0.000000000000000000 ) ) ;
#3267 = VECTOR ( 'NONE', #3300, 39.37007874015748143 ) ;
#3268 = ADVANCED_FACE ( 'NONE', ( #3146 ), #2249, .F. ) ;
#3269 = ORIENTED_EDGE ( 'NONE', *, *, #5476, .F. ) ;
#3270 = VECTOR ( 'NONE', #1414, 39.37007874015748143 ) ;
#3271 = VERTEX_POINT ( 'NONE', #4228 ) ;
#3272 = DIRECTION ( 'NONE',  ( 0.8498926929868525493, 0.5269557954966961333, -0.000000000000000000 ) ) ;
#3273 = CARTESIAN_POINT ( 'NONE',  ( 1.663395863097975047, -3.568353290061193839, -0.9842519685039370358 ) ) ;
#3274 = LENGTH_MEASURE_WITH_UNIT ( LENGTH_MEASURE( 0.02539999999999999897 ), #2791 );
#3275 = CARTESIAN_POINT ( 'NONE',  ( 3.907723239026205331, 0.4793016662150773599, -0.9842519685039370358 ) ) ;
#3276 = CARTESIAN_POINT ( 'NONE',  ( 2.092440788019375386, 3.315860751651740213, -0.9842519685039370358 ) ) ;
#3277 = VECTOR ( 'NONE', #2379, 39.37007874015748854 ) ;
#3278 = ORIENTED_EDGE ( 'NONE', *, *, #5204, .T. ) ;
#3279 = VECTOR ( 'NONE', #2144, 39.37007874015748143 ) ;
#3280 = LINE ( 'NONE', #447, #3571 ) ;
#3281 = VERTEX_POINT ( 'NONE', #5124 ) ;
#3282 = DIRECTION ( 'NONE',  ( -0.1289222030105748873, -0.9916547108600353155, 0.000000000000000000 ) ) ;
#3283 = DIRECTION ( 'NONE',  ( -0.05917892698292611525, 0.9982473914822664884, 0.000000000000000000 ) ) ;
#3284 = VECTOR ( 'NONE', #4860, 39.37007874015748854 ) ;
#3285 = EDGE_CURVE ( 'NONE', #4069, #2804, #5571, .T. ) ;
#3286 = DIRECTION ( 'NONE',  ( 0.4162807922603646293, -0.9092361090470851837, -0.000000000000000000 ) ) ;
#3287 = CARTESIAN_POINT ( 'NONE',  ( -0.6701682815978780017, -3.583542807913603134, -0.9842519685039370358 ) ) ;
#3288 = ORIENTED_EDGE ( 'NONE', *, *, #5183, .T. ) ;
#3289 = VERTEX_POINT ( 'NONE', #2912 ) ;
#3290 = DIRECTION ( 'NONE',  ( -0.7071067811865466846, 0.000000000000000000, -0.7071067811865483499 ) ) ;
#3291 = LINE ( 'NONE', #5143, #1855 ) ;
#3292 = CARTESIAN_POINT ( 'NONE',  ( 3.655269316823491987, -1.462544775913108719, 0.000000000000000000 ) ) ;
#3293 = DIRECTION ( 'NONE',  ( -0.7264869440150649726, 0.6871802675977037866, 0.000000000000000000 ) ) ;
#3294 = VECTOR ( 'NONE', #3808, 39.37007874015748854 ) ;
#3295 = ORIENTED_EDGE ( 'NONE', *, *, #4527, .T. ) ;
#3296 = APPLICATION_CONTEXT ( 'configuration controlled 3d designs of mechanical parts and assemblies' ) ;
#3297 = ORIENTED_EDGE ( 'NONE', *, *, #333, .T. ) ;
#3298 = CARTESIAN_POINT ( 'NONE',  ( 3.795186570408787929, 0.9847841750862833532, -0.9842519685039370358 ) ) ;
#3299 = FACE_OUTER_BOUND ( 'NONE', #493, .T. ) ;
#3300 = DIRECTION ( 'NONE',  ( 0.000000000000000000, 0.000000000000000000, -1.000000000000000000 ) ) ;
#3301 = EDGE_CURVE ( 'NONE', #2844, #5103, #4974, .T. ) ;
#3302 = DATE_AND_TIME ( #4743, #4300 ) ;
#3303 = LINE ( 'NONE', #4591, #5109 ) ;
#3304 = CARTESIAN_POINT ( 'NONE',  ( 0.2429483282524564081, 3.650714331222773890, 0.000000000000000000 ) ) ;
#3305 = VERTEX_POINT ( 'NONE', #1035 ) ;
#3306 = DIRECTION ( 'NONE',  ( 0.1976573403791088979, 0.9802711746217253053, -0.000000000000000000 ) ) ;
#3307 = VERTEX_POINT ( 'NONE', #3358 ) ;
#3308 = LINE ( 'NONE', #5579, #2527 ) ;
#3309 = FACE_OUTER_BOUND ( 'NONE', #2711, .T. ) ;
#3310 = EDGE_CURVE ( 'NONE', #4486, #5568, #3809, .T. ) ;
#3311 = VERTEX_POINT ( 'NONE', #2936 ) ;
#3312 = DIRECTION ( 'NONE',  ( 0.000000000000000000, 0.000000000000000000, -1.000000000000000000 ) ) ;
#3313 = CARTESIAN_POINT ( 'NONE',  ( 1.680164903353871031, 3.537253484062976572, -0.9842519685039370358 ) ) ;
#3314 = EDGE_CURVE ( 'NONE', #309, #5518, #5597, .T. ) ;
#3315 = EDGE_LOOP ( 'NONE', ( #4138, #3076, #4028, #3498 ) ) ;
#3316 = EDGE_LOOP ( 'NONE', ( #4247, #4511, #4656, #492 ) ) ;
#3317 = ORIENTED_EDGE ( 'NONE', *, *, #2492, .F. ) ;
#3318 = EDGE_CURVE ( 'NONE', #3217, #3356, #5184, .T. ) ;
#3319 = CARTESIAN_POINT ( 'NONE',  ( 1.143211394872535314, 3.475601634973349174, -0.9842519685039370358 ) ) ;
#3320 = DIRECTION ( 'NONE',  ( 0.000000000000000000, 0.000000000000000000, 1.000000000000000000 ) ) ;
#3321 = CARTESIAN_POINT ( 'NONE',  ( -1.196629132011934882, 3.728698839192857495, -0.9842519685039370358 ) ) ;
#3322 = CARTESIAN_POINT ( 'NONE',  ( 0.000000000000000000, 0.000000000000000000, 0.9842519685039370358 ) ) ;
#3323 = ADVANCED_FACE ( 'NONE', ( #3299 ), #4768, .T. ) ;
#3324 = ORIENTED_EDGE ( 'NONE', *, *, #508, .F. ) ;
#3325 = EDGE_CURVE ( 'NONE', #2754, #2092, #5626, .T. ) ;
#3326 = ORIENTED_EDGE ( 'NONE', *, *, #769, .T. ) ;
#3327 = PLANE ( 'NONE',  #3587 ) ;
#3328 = CARTESIAN_POINT ( 'NONE',  ( 1.230142518461498913, 3.739890424108065492, -0.9842519685039370358 ) ) ;
#3329 = LINE ( 'NONE', #1895, #313 ) ;
#3330 = APPROVAL_DATE_TIME ( #3302, #2259 ) ;
#3331 = PLANE ( 'NONE',  #919 ) ;
#3332 = LINE ( 'NONE', #5514, #4996 ) ;
#3333 = ORIENTED_EDGE ( 'NONE', *, *, #3414, .F. ) ;
#3334 = VECTOR ( 'NONE', #1174, 39.37007874015748143 ) ;
#3335 = DIRECTION ( 'NONE',  ( 0.8780440832604149426, 0.4785797612220740183, 0.000000000000000000 ) ) ;
#3336 = ORIENTED_EDGE ( 'NONE', *, *, #4071, .T. ) ;
#3337 = CARTESIAN_POINT ( 'NONE',  ( -1.118029937265927698, 3.483783586529589638, -0.9842519685039370358 ) ) ;
#3338 = LINE ( 'NONE', #4268, #36 ) ;
#3339 = CIRCLE ( 'NONE', #960, 0.5099999999999987876 ) ;
#3340 = ADVANCED_FACE ( 'NONE', ( #5237 ), #2878, .T. ) ;
#3341 = ORIENTED_EDGE ( 'NONE', *, *, #5249, .F. ) ;
#3342 = APPROVAL_PERSON_ORGANIZATION ( #1241, #4387, #3031 ) ;
#3343 = LINE ( 'NONE', #635, #4006 ) ;
#3344 = ADVANCED_FACE ( 'NONE', ( #1483 ), #5659, .T. ) ;
#3345 = CARTESIAN_POINT ( 'NONE',  ( -0.2561938912452962902, 3.912493535560177982, 0.000000000000000000 ) ) ;
#3346 = CARTESIAN_POINT ( 'NONE',  ( 3.443140960486543278, -1.909138896539957830, -0.9842519685039370358 ) ) ;
#3347 = VERTEX_POINT ( 'NONE', #3840 ) ;
#3348 = ORIENTED_EDGE ( 'NONE', *, *, #147, .T. ) ;
#3349 = VECTOR ( 'NONE', #3093, 39.37007874015748143 ) ;
#3350 = CARTESIAN_POINT ( 'NONE',  ( 3.809751892482085900, -0.9928854504882097531, -0.9842519685039370358 ) ) ;
#3351 = CARTESIAN_POINT ( 'NONE',  ( -3.883327484294515131, 0.5048603397977036167, -0.9842519685039370358 ) ) ;
#3352 = DIRECTION ( 'NONE',  ( 0.8462611919888496370, 0.5327682375420023098, -0.000000000000000000 ) ) ;
#3353 = DIRECTION ( 'NONE',  ( -0.1976573403791088979, -0.9802711746217253053, 0.000000000000000000 ) ) ;
#3354 = VERTEX_POINT ( 'NONE', #1569 ) ;
#3355 = ADVANCED_FACE ( 'NONE', ( #4317 ), #5547, .F. ) ;
#3356 = VERTEX_POINT ( 'NONE', #4798 ) ;
#3357 = DIRECTION ( 'NONE',  ( -0.7965299180241973698, -0.6045991148623732769, -0.000000000000000000 ) ) ;
#3358 = CARTESIAN_POINT ( 'NONE',  ( -0.6985884400707049746, -3.591477858736623840, 0.000000000000000000 ) ) ;
#3359 = CARTESIAN_POINT ( 'NONE',  ( 3.527830252438391323, 0.9194119271521559167, -0.9842519685039370358 ) ) ;
#3360 = LINE ( 'NONE', #2915, #4634 ) ;
#3361 = LINE ( 'NONE', #1624, #139 ) ;
#3362 = VECTOR ( 'NONE', #3530, 39.37007874015748854 ) ;
#3363 = ORIENTED_EDGE ( 'NONE', *, *, #1381, .F. ) ;
#3364 = FACE_OUTER_BOUND ( 'NONE', #4394, .T. ) ;
#3365 = ORIENTED_EDGE ( 'NONE', *, *, #4938, .F. ) ;
#3366 = CARTESIAN_POINT ( 'NONE',  ( 0.2600279630001866016, 3.907365067591684671, 0.000000000000000000 ) ) ;
#3367 = FACE_OUTER_BOUND ( 'NONE', #4728, .T. ) ;
#3368 = VECTOR ( 'NONE', #5742, 39.37007874015748143 ) ;
#3369 = VECTOR ( 'NONE', #2737, 39.37007874015748143 ) ;
#3370 = ORIENTED_EDGE ( 'NONE', *, *, #5145, .T. ) ;
#3371 = EDGE_CURVE ( 'NONE', #616, #4567, #1957, .T. ) ;
#3372 = FACE_OUTER_BOUND ( 'NONE', #1830, .T. ) ;
#3373 = EDGE_CURVE ( 'NONE', #5694, #91, #1594, .T. ) ;
#3374 = VECTOR ( 'NONE', #2732, 39.37007874015747433 ) ;
#3375 = CARTESIAN_POINT ( 'NONE',  ( 0.7248524868474198746, 3.853288186474339128, 0.000000000000000000 ) ) ;
#3376 = VERTEX_POINT ( 'NONE', #619 ) ;
#3377 = VERTEX_POINT ( 'NONE', #4709 ) ;
#3378 = AXIS2_PLACEMENT_3D ( 'NONE', #490, #2301, #5535 ) ;
#3379 = CARTESIAN_POINT ( 'NONE',  ( -1.971642285115443149, -3.082104105629882795, -0.9842519685039370358 ) ) ;
#3380 = CARTESIAN_POINT ( 'NONE',  ( -0.7445391920026180888, 3.849532746617914558, -0.9842519685039370358 ) ) ;
#3381 = LINE ( 'NONE', #2452, #32 ) ;
#3382 = VECTOR ( 'NONE', #1351, 39.37007874015748143 ) ;
#3383 = ORIENTED_EDGE ( 'NONE', *, *, #3873, .T. ) ;
#3384 = ORIENTED_EDGE ( 'NONE', *, *, #533, .T. ) ;
#3385 = DIRECTION ( 'NONE',  ( 0.4352310993723084720, 0.9003187714022027333, -0.000000000000000000 ) ) ;
#3386 = AXIS2_PLACEMENT_3D ( 'NONE', #5317, #5847, #3581 ) ;
#3387 = DIRECTION ( 'NONE',  ( -1.000000000000000000, 0.000000000000000000, 0.000000000000000000 ) ) ;
#3388 = DIRECTION ( 'NONE',  ( 0.9802711746217253053, -0.1976573403791088979, 0.000000000000000000 ) ) ;
#3389 = CARTESIAN_POINT ( 'NONE',  ( 1.118029937265952567, -3.483783586529581200, -0.9842519685039370358 ) ) ;
#3390 = FACE_OUTER_BOUND ( 'NONE', #1088, .T. ) ;
#3391 = ORIENTED_EDGE ( 'NONE', *, *, #2979, .T. ) ;
#3392 = VECTOR ( 'NONE', #2195, 39.37007874015748143 ) ;
#3393 = EDGE_CURVE ( 'NONE', #5136, #3728, #1511, .T. ) ;
#3394 = DIRECTION ( 'NONE',  ( 0.000000000000000000, 0.000000000000000000, -1.000000000000000000 ) ) ;
#3395 = ORIENTED_EDGE ( 'NONE', *, *, #5439, .T. ) ;
#3396 = CARTESIAN_POINT ( 'NONE',  ( -3.159767491679426499, 2.313219771552998516, 0.000000000000000000 ) ) ;
#3397 = CARTESIAN_POINT ( 'NONE',  ( -2.333985849692210568, 2.800609689914983491, -0.9842519685039370358 ) ) ;
#3398 = CC_DESIGN_DATE_AND_TIME_ASSIGNMENT ( #3715, #3626, ( #2481 ) ) ;
#3399 = ORIENTED_EDGE ( 'NONE', *, *, #4255, .T. ) ;
#3400 = EDGE_CURVE ( 'NONE', #3466, #5285, #111, .T. ) ;
#3401 = LINE ( 'NONE', #5226, #5664 ) ;
#3402 = CARTESIAN_POINT ( 'NONE',  ( 2.648531142354100698, 2.505231999194815096, 0.000000000000000000 ) ) ;
#3403 = ORIENTED_EDGE ( 'NONE', *, *, #4361, .T. ) ;
#3404 = VERTEX_POINT ( 'NONE', #1067 ) ;
#3405 = DIRECTION ( 'NONE',  ( 0.000000000000000000, 0.000000000000000000, 1.000000000000000000 ) ) ;
#3406 = CARTESIAN_POINT ( 'NONE',  ( 3.915982066072373868, -0.01416937462812822672, -0.9842519685039370358 ) ) ;
#3407 = DIRECTION ( 'NONE',  ( 0.8211492091337052601, -0.5707135676844297123, 0.000000000000000000 ) ) ;
#3408 = ORIENTED_EDGE ( 'NONE', *, *, #3669, .T. ) ;
#3409 = EDGE_LOOP ( 'NONE', ( #5440, #4818, #4684, #1907 ) ) ;
#3410 = CARTESIAN_POINT ( 'NONE',  ( -0.2600279630001867126, -3.907365067591686003, -0.9842519685039370358 ) ) ;
#3411 = CARTESIAN_POINT ( 'NONE',  ( -3.655269316823482662, 1.462544775913134032, -0.9842519685039370358 ) ) ;
#3412 = LINE ( 'NONE', #5713, #1550 ) ;
#3413 = PERSON_AND_ORGANIZATION_ROLE ( 'design_owner' ) ;
#3414 = EDGE_CURVE ( 'NONE', #3758, #2232, #2428, .T. ) ;
#3415 = CARTESIAN_POINT ( 'NONE',  ( -2.086324520973327434, 3.313965344743846408, -0.9842519685039370358 ) ) ;
#3416 = FACE_OUTER_BOUND ( 'NONE', #5007, .T. ) ;
#3417 = VERTEX_POINT ( 'NONE', #1708 ) ;
#3418 = EDGE_CURVE ( 'NONE', #3307, #2084, #4011, .T. ) ;
#3419 = DIRECTION ( 'NONE',  ( 0.8813034520649754011, 0.4725507648690853157, -0.000000000000000000 ) ) ;
#3420 = EDGE_LOOP ( 'NONE', ( #1104, #1229, #1509, #2491 ) ) ;
#3421 = LINE ( 'NONE', #2944, #5298 ) ;
#3422 = CARTESIAN_POINT ( 'NONE',  ( -3.540526166488271453, 0.9227206959896865346, -0.9842519685039370358 ) ) ;
#3423 = EDGE_CURVE ( 'NONE', #4445, #395, #3443, .T. ) ;
#3424 = CIRCLE ( 'NONE', #4958, 0.5099999999999976774 ) ;
#3425 = EDGE_LOOP ( 'NONE', ( #4915, #790, #704, #1005 ) ) ;
#3426 = ADVANCED_FACE ( 'NONE', ( #2184 ), #3255, .F. ) ;
#3427 = VECTOR ( 'NONE', #2339, 39.37007874015748143 ) ;
#3428 = LINE ( 'NONE', #2982, #5756 ) ;
#3429 = FACE_OUTER_BOUND ( 'NONE', #2656, .T. ) ;
#3430 = ORIENTED_EDGE ( 'NONE', *, *, #5004, .F. ) ;
#3431 = EDGE_CURVE ( 'NONE', #1287, #2125, #5642, .T. ) ;
#3432 = ORIENTED_EDGE ( 'NONE', *, *, #2447, .F. ) ;
#3433 = SECURITY_CLASSIFICATION ( '', '', #5661 ) ;
#3434 = CARTESIAN_POINT ( 'NONE',  ( -2.952221833808766238, 2.161278617480546949, -0.9842519685039370358 ) ) ;
#3435 = CARTESIAN_POINT ( 'NONE',  ( -2.520503077421372140, -3.024416511787257011, -0.9842519685039370358 ) ) ;
#3436 = LINE ( 'NONE', #702, #323 ) ;
#3437 = EDGE_CURVE ( 'NONE', #4940, #2623, #3985, .T. ) ;
#3438 = ORIENTED_EDGE ( 'NONE', *, *, #3156, .F. ) ;
#3439 = VECTOR ( 'NONE', #2106, 39.37007874015748143 ) ;
#3440 = ORIENTED_EDGE ( 'NONE', *, *, #2335, .F. ) ;
#3441 = ORIENTED_EDGE ( 'NONE', *, *, #179, .F. ) ;
#3442 = CYLINDRICAL_SURFACE ( 'NONE', #2684, 0.5000000000000000000 ) ;
#3443 = LINE ( 'NONE', #3029, #2967 ) ;
#3444 = CARTESIAN_POINT ( 'NONE',  ( -3.221773970811731225, 2.092244480211201019, 0.000000000000000000 ) ) ;
#3445 = DATE_AND_TIME ( #3058, #3250 ) ;
#3446 = CARTESIAN_POINT ( 'NONE',  ( -0.6960833833717243735, 3.578599237858710591, -0.9842519685039370358 ) ) ;
#3447 = VECTOR ( 'NONE', #1662, 39.37007874015748143 ) ;
#3448 = DIRECTION ( 'NONE',  ( 0.4067366430757942131, 0.9135454576426035311, -0.000000000000000000 ) ) ;
#3449 = EDGE_CURVE ( 'NONE', #5470, #1928, #4405, .T. ) ;
#3450 = EDGE_CURVE ( 'NONE', #5266, #1518, #3086, .T. ) ;
#3451 = ORIENTED_EDGE ( 'NONE', *, *, #1668, .T. ) ;
#3452 = VECTOR ( 'NONE', #4858, 39.37007874015748143 ) ;
#3453 = DIRECTION ( 'NONE',  ( -0.000000000000000000, -0.000000000000000000, -1.000000000000000000 ) ) ;
#3454 = ORIENTED_EDGE ( 'NONE', *, *, #2774, .F. ) ;
#3455 = CARTESIAN_POINT ( 'NONE',  ( -3.665738097670580675, -1.148772685634797952, 0.000000000000000000 ) ) ;
#3456 = LINE ( 'NONE', #184, #3582 ) ;
#3457 = LINE ( 'NONE', #4416, #5849 ) ;
#3458 = AXIS2_PLACEMENT_3D ( 'NONE', #5892, #2271, #1446 ) ;
#3459 = AXIS2_PLACEMENT_3D ( 'NONE', #2444, #4273, #4182 ) ;
#3460 = ORIENTED_EDGE ( 'NONE', *, *, #5069, .T. ) ;
#3461 = CARTESIAN_POINT ( 'NONE',  ( -1.680164903353896566, -3.537253484062966802, 0.000000000000000000 ) ) ;
#3462 = FACE_OUTER_BOUND ( 'NONE', #475, .T. ) ;
#3463 = VECTOR ( 'NONE', #1667, 39.37007874015748143 ) ;
#3464 = VERTEX_POINT ( 'NONE', #288 ) ;
#3465 = ADVANCED_FACE ( 'NONE', ( #3565 ), #5389, .T. ) ;
#3466 = VERTEX_POINT ( 'NONE', #824 ) ;
#3467 = LINE ( 'NONE', #4340, #1 ) ;
#3468 = VECTOR ( 'NONE', #321, 39.37007874015748854 ) ;
#3469 = PLANE ( 'NONE',  #2303 ) ;
#3470 = LINE ( 'NONE', #4367, #2311 ) ;
#3471 = ORIENTED_EDGE ( 'NONE', *, *, #226, .T. ) ;
#3472 = AXIS2_PLACEMENT_3D ( 'NONE', #3183, #2798, #4625 ) ;
#3473 = VERTEX_POINT ( 'NONE', #1239 ) ;
#3474 = APPROVAL ( #5504, 'UNSPECIFIED' ) ;
#3475 = ORIENTED_EDGE ( 'NONE', *, *, #4302, .T. ) ;
#3476 = LINE ( 'NONE', #5302, #402 ) ;
#3477 = CARTESIAN_POINT ( 'NONE',  ( -0.3894572505819719477, -0.5920507194245610005, 0.9842519685039370358 ) ) ;
#3478 = CARTESIAN_POINT ( 'NONE',  ( -0.2165232238326587344, 3.652376857874462868, -0.9842519685039370358 ) ) ;
#3479 = PERSON_AND_ORGANIZATION ( #2281, #778 ) ;
#3480 = AXIS2_PLACEMENT_3D ( 'NONE', #136, #1947, #1976 ) ;
#3481 = LINE ( 'NONE', #5307, #4620 ) ;
#3482 = ORIENTED_EDGE ( 'NONE', *, *, #1231, .F. ) ;
#3483 = AXIS2_PLACEMENT_3D ( 'NONE', #4296, #2024, #360 ) ;
#3484 = EDGE_CURVE ( 'NONE', #3091, #5255, #1737, .T. ) ;
#3485 = CARTESIAN_POINT ( 'NONE',  ( 0.1850914000094958101, 0.6840629927459395132, 0.9842519685039370358 ) ) ;
#3486 = ORIENTED_EDGE ( 'NONE', *, *, #5069, .F. ) ;
#3487 = DIRECTION ( 'NONE',  ( 0.000000000000000000, 0.000000000000000000, 1.000000000000000000 ) ) ;
#3488 = PLANE ( 'NONE',  #3681 ) ;
#3489 = LINE ( 'NONE', #5313, #3179 ) ;
#3490 = AXIS2_PLACEMENT_3D ( 'NONE', #24, #4172, #86 ) ;
#3491 = EDGE_CURVE ( 'NONE', #3162, #616, #4373, .T. ) ;
#3492 = APPLICATION_CONTEXT ( 'configuration controlled 3d designs of mechanical parts and assemblies' ) ;
#3493 = ORIENTED_EDGE ( 'NONE', *, *, #3140, .F. ) ;
#3494 = DIRECTION ( 'NONE',  ( -0.8462611919888457512, -0.5327682375420085270, 0.000000000000000000 ) ) ;
#3495 = DIRECTION ( 'NONE',  ( -0.000000000000000000, 0.000000000000000000, -1.000000000000000000 ) ) ;
#3496 = EDGE_CURVE ( 'NONE', #4264, #1734, #5712, .T. ) ;
#3498 = ORIENTED_EDGE ( 'NONE', *, *, #239, .T. ) ;
#3497 = VECTOR ( 'NONE', #1822, 39.37007874015748143 ) ;
#3499 = ORIENTED_EDGE ( 'NONE', *, *, #2464, .T. ) ;
#3500 = DIRECTION ( 'NONE',  ( 0.7431448254773955764, -0.6691306063588566833, -0.000000000000000000 ) ) ;
#3501 = EDGE_CURVE ( 'NONE', #2861, #4838, #5358, .T. ) ;
#3502 = CARTESIAN_POINT ( 'NONE',  ( 2.864327676106141585, 2.670345160624409520, -0.9842519685039370358 ) ) ;
#3503 = DIRECTION ( 'NONE',  ( 1.000000000000000000, 0.000000000000000000, 0.000000000000000000 ) ) ;
#3504 = EDGE_CURVE ( 'NONE', #5830, #2836, #4435, .T. ) ;
#3505 = EDGE_CURVE ( 'NONE', #2862, #4403, #1619, .T. ) ;
#3506 = ORIENTED_EDGE ( 'NONE', *, *, #1171, .F. ) ;
#3507 = VERTEX_POINT ( 'NONE', #376 ) ;
#3508 = ORIENTED_EDGE ( 'NONE', *, *, #3704, .T. ) ;
#3509 = CARTESIAN_POINT ( 'NONE',  ( 0.5213547671928383531, 3.805982618286568808, 0.000000000000000000 ) ) ;
#3510 = DIRECTION ( 'NONE',  ( -0.9335804264971990785, -0.3583679495453072628, 0.000000000000000000 ) ) ;
#3511 = CARTESIAN_POINT ( 'NONE',  ( -3.836260344080005158, -0.2010498853847363376, 0.000000000000000000 ) ) ;
#3512 = APPROVAL_ROLE ( '' ) ;
#3513 = LINE ( 'NONE', #354, #2900 ) ;
#3514 = ORIENTED_EDGE ( 'NONE', *, *, #4313, .T. ) ;
#3515 = EDGE_CURVE ( 'NONE', #1942, #363, #3112, .T. ) ;
#3516 = CARTESIAN_POINT ( 'NONE',  ( -3.406707454805978585, -1.334572341900280179, -0.9842519685039370358 ) ) ;
#3517 = ORIENTED_EDGE ( 'NONE', *, *, #3515, .T. ) ;
#3518 = CARTESIAN_POINT ( 'NONE',  ( 3.540526166488277227, -0.9227206959896633309, 0.000000000000000000 ) ) ;
#3519 = CARTESIAN_POINT ( 'NONE',  ( 1.540304569228654330, 3.304295146596698096, -0.9842519685039370358 ) ) ;
#3520 = DIRECTION ( 'NONE',  ( 0.000000000000000000, 0.000000000000000000, 1.000000000000000000 ) ) ;
#3521 = VERTEX_POINT ( 'NONE', #5269 ) ;
#3522 = DIRECTION ( 'NONE',  ( 0.2521929044240116546, 0.9676769806904478299, -0.000000000000000000 ) ) ;
#3523 = DIRECTION ( 'NONE',  ( 0.000000000000000000, 0.000000000000000000, 1.000000000000000000 ) ) ;
#3524 = ADVANCED_FACE ( 'NONE', ( #3001 ), #5392, .T. ) ;
#3525 = VERTEX_POINT ( 'NONE', #4857 ) ;
#3526 = ORIENTED_EDGE ( 'NONE', *, *, #1544, .T. ) ;
#3527 = EDGE_CURVE ( 'NONE', #2534, #698, #1654, .T. ) ;
#3528 = VECTOR ( 'NONE', #4878, 39.37007874015748143 ) ;
#3529 = CARTESIAN_POINT ( 'NONE',  ( 0.2429483282524564636, 3.650714331222773890, -0.9842519685039370358 ) ) ;
#3530 = DIRECTION ( 'NONE',  ( -0.7314407669569671366, -0.6819049819684583902, 0.000000000000000000 ) ) ;
#3531 = CARTESIAN_POINT ( 'NONE',  ( -0.5000000000000000000, 6.123233995736766036E-17, 0.6986614173228364866 ) ) ;
#3532 = ORIENTED_EDGE ( 'NONE', *, *, #3579, .T. ) ;
#3533 =( GEOMETRIC_REPRESENTATION_CONTEXT ( 3 ) GLOBAL_UNCERTAINTY_ASSIGNED_CONTEXT ( ( #214 ) ) GLOBAL_UNIT_ASSIGNED_CONTEXT ( ( #4351, #3876, #2487 ) ) REPRESENTATION_CONTEXT ( 'NONE', 'WORKASPACE' ) );
#3534 = ORIENTED_EDGE ( 'NONE', *, *, #428, .T. ) ;
#3535 = ORIENTED_EDGE ( 'NONE', *, *, #1929, .F. ) ;
#3536 = CARTESIAN_POINT ( 'NONE',  ( 2.485223221547337769, -3.026347939688968758, -0.9842519685039370358 ) ) ;
#3537 = DIRECTION ( 'NONE',  ( 1.000000000000000000, 0.000000000000000000, 0.000000000000000000 ) ) ;
#3538 = CARTESIAN_POINT ( 'NONE',  ( -3.540526166488271453, 0.9227206959896865346, -0.9842519685039370358 ) ) ;
#3539 = PERSON_AND_ORGANIZATION ( #2281, #778 ) ;
#3540 = CC_DESIGN_SECURITY_CLASSIFICATION ( #864, ( #1535 ) ) ;
#3541 = FACE_OUTER_BOUND ( 'NONE', #2544, .T. ) ;
#3542 = VERTEX_POINT ( 'NONE', #764 ) ;
#3543 = EDGE_CURVE ( 'NONE', #2585, #2754, #2577, .T. ) ;
#3544 = AXIS2_PLACEMENT_3D ( 'NONE', #3118, #1304, #3990 ) ;
#3545 = DIRECTION ( 'NONE',  ( 0.5327682375420085270, -0.8462611919888456402, 0.000000000000000000 ) ) ;
#3546 = ORIENTED_EDGE ( 'NONE', *, *, #2178, .T. ) ;
#3547 = DIRECTION ( 'NONE',  ( 0.06640129000382763436, 0.9977929989160213564, -0.000000000000000000 ) ) ;
#3548 = DIRECTION ( 'NONE',  ( -0.3055737433196590302, 0.9521684133563826924, 0.000000000000000000 ) ) ;
#3549 = CARTESIAN_POINT ( 'NONE',  ( -1.139111972095397274, 3.463138532724052254, -0.9842519685039370358 ) ) ;
#3550 = ORIENTED_EDGE ( 'NONE', *, *, #1568, .F. ) ;
#3551 = VECTOR ( 'NONE', #2550, 39.37007874015748854 ) ;
#3552 = CARTESIAN_POINT ( 'NONE',  ( 1.545847799209257412, -3.316186605134838761, 0.000000000000000000 ) ) ;
#3553 = LINE ( 'NONE', #4089, #1936 ) ;
#3554 = ORIENTED_EDGE ( 'NONE', *, *, #1231, .T. ) ;
#3555 = EDGE_LOOP ( 'NONE', ( #2899, #2155, #3633, #5059 ) ) ;
#3556 = DIRECTION ( 'NONE',  ( 0.9916547108600352045, -0.1289222030105748873, 0.000000000000000000 ) ) ;
#3557 = DIRECTION ( 'NONE',  ( 0.9892723329629875550, 0.1460830285624158120, 0.000000000000000000 ) ) ;
#3558 = VECTOR ( 'NONE', #3353, 39.37007874015748143 ) ;
#3559 = ORIENTED_EDGE ( 'NONE', *, *, #2983, .T. ) ;
#3560 = AXIS2_PLACEMENT_3D ( 'NONE', #737, #4010, #5268 ) ;
#3561 = ORIENTED_EDGE ( 'NONE', *, *, #152, .T. ) ;
#3562 = VECTOR ( 'NONE', #3186, 39.37007874015748854 ) ;
#3563 = ORIENTED_EDGE ( 'NONE', *, *, #5566, .F. ) ;
#3564 = LINE ( 'NONE', #2516, #606 ) ;
#3565 = FACE_OUTER_BOUND ( 'NONE', #1557, .T. ) ;
#3566 = CARTESIAN_POINT ( 'NONE',  ( -3.527830252438397984, -0.9194119271521306036, -0.9842519685039370358 ) ) ;
#3567 = DATE_AND_TIME ( #2611, #5248 ) ;
#3568 = CARTESIAN_POINT ( 'NONE',  ( 3.796478068656873539, 0.9601409204826065746, 0.000000000000000000 ) ) ;
#3569 = VECTOR ( 'NONE', #1713, 39.37007874015748143 ) ;
#3570 = ORIENTED_EDGE ( 'NONE', *, *, #417, .T. ) ;
#3571 = VECTOR ( 'NONE', #5102, 39.37007874015748143 ) ;
#3572 = VECTOR ( 'NONE', #5415, 39.37007874015748854 ) ;
#3573 = LINE ( 'NONE', #381, #972 ) ;
#3574 = ORIENTED_EDGE ( 'NONE', *, *, #4981, .T. ) ;
#3575 = LINE ( 'NONE', #1664, #4481 ) ;
#3576 = CARTESIAN_POINT ( 'NONE',  ( 0.2561938912453232131, -3.912493535560175761, -0.9842519685039370358 ) ) ;
#3577 = EDGE_CURVE ( 'NONE', #1142, #5136, #5028, .T. ) ;
#3578 = CARTESIAN_POINT ( 'NONE',  ( 2.321984220630427309, -2.827565790134533685, -0.9842519685039370358 ) ) ;
#3579 = EDGE_CURVE ( 'NONE', #1411, #3307, #2214, .T. ) ;
#3580 = ORIENTED_EDGE ( 'NONE', *, *, #1565, .T. ) ;
#3581 = DIRECTION ( 'NONE',  ( 0.000000000000000000, 0.000000000000000000, 1.000000000000000000 ) ) ;
#3582 = VECTOR ( 'NONE', #155, 39.37007874015748143 ) ;
#3583 = CARTESIAN_POINT ( 'NONE',  ( 2.110251718344210214, 3.298780683556140403, 0.000000000000000000 ) ) ;
#3584 = PRODUCT_DEFINITION ( 'UNKNOWN', '', #5633, #3854 ) ;
#3585 = ORIENTED_EDGE ( 'NONE', *, *, #3048, .T. ) ;
#3586 = ORIENTED_EDGE ( 'NONE', *, *, #5431, .T. ) ;
#3587 = AXIS2_PLACEMENT_3D ( 'NONE', #3751, #1567, #648 ) ;
#3588 = EDGE_CURVE ( 'NONE', #3739, #2534, #3768, .T. ) ;
#3589 = FACE_OUTER_BOUND ( 'NONE', #1706, .T. ) ;
#3590 = LINE ( 'NONE', #69, #4608 ) ;
#3591 = ORIENTED_EDGE ( 'NONE', *, *, #5167, .T. ) ;
#3592 = ORIENTED_EDGE ( 'NONE', *, *, #4990, .F. ) ;
#3593 = VERTEX_POINT ( 'NONE', #3713 ) ;
#3594 = CARTESIAN_POINT ( 'NONE',  ( 0.7477002634827616401, 3.843964181540408198, -0.9842519685039370358 ) ) ;
#3595 = FACE_OUTER_BOUND ( 'NONE', #2730, .T. ) ;
#3596 = DIRECTION ( 'NONE',  ( 0.3778407868184364138, 0.9258705848100072799, -0.000000000000000000 ) ) ;
#3597 = APPROVAL_DATE_TIME ( #4579, #1975 ) ;
#3598 = CARTESIAN_POINT ( 'NONE',  ( -2.844928467317112020, 2.691003219772601707, -0.9842519685039370358 ) ) ;
#3599 = LINE ( 'NONE', #3116, #3569 ) ;
#3600 = EDGE_CURVE ( 'NONE', #1118, #4403, #485, .T. ) ;
#3601 = ORIENTED_EDGE ( 'NONE', *, *, #4744, .T. ) ;
#3602 = ADVANCED_FACE ( 'NONE', ( #5053 ), #3137, .T. ) ;
#3603 = DIRECTION ( 'NONE',  ( 0.000000000000000000, 0.000000000000000000, -1.000000000000000000 ) ) ;
#3604 = ORIENTED_EDGE ( 'NONE', *, *, #2221, .F. ) ;
#3605 = LINE ( 'NONE', #4951, #2950 ) ;
#3606 = CARTESIAN_POINT ( 'NONE',  ( 0.000000000000000000, 0.000000000000000000, 0.000000000000000000 ) ) ;
#3607 = PLANE ( 'NONE',  #4334 ) ;
#3608 = APPLICATION_CONTEXT ( 'configuration controlled 3d designs of mechanical parts and assemblies' ) ;
#3609 = ADVANCED_FACE ( 'NONE', ( #3687 ), #3655, .T. ) ;
#3610 = ORIENTED_EDGE ( 'NONE', *, *, #1303, .F. ) ;
#3611 = DIRECTION ( 'NONE',  ( 1.000000000000000000, 0.000000000000000000, 0.000000000000000000 ) ) ;
#3612 = EDGE_CURVE ( 'NONE', #4266, #2483, #1885, .T. ) ;
#3613 = CARTESIAN_POINT ( 'NONE',  ( -3.438427391718029025, -1.874122030408098105, -0.9842519685039370358 ) ) ;
#3614 = VERTEX_POINT ( 'NONE', #3263 ) ;
#3615 = EDGE_CURVE ( 'NONE', #1759, #2264, #2747, .T. ) ;
#3616 = DIRECTION ( 'NONE',  ( 0.000000000000000000, 0.000000000000000000, 1.000000000000000000 ) ) ;
#3617 = CARTESIAN_POINT ( 'NONE',  ( 2.666591142528191849, -2.486000052373160685, -0.9842519685039370358 ) ) ;
#3618 = EDGE_CURVE ( 'NONE', #2347, #4061, #3098, .T. ) ;
#3619 = ORIENTED_EDGE ( 'NONE', *, *, #2261, .T. ) ;
#3620 = ORIENTED_EDGE ( 'NONE', *, *, #5386, .T. ) ;
#3621 = VECTOR ( 'NONE', #3290, 39.37007874015748143 ) ;
#3622 = ORIENTED_EDGE ( 'NONE', *, *, #760, .F. ) ;
#3623 = DIRECTION ( 'NONE',  ( 0.000000000000000000, 0.000000000000000000, -1.000000000000000000 ) ) ;
#3624 = LINE ( 'NONE', #545, #2140 ) ;
#3625 = DIRECTION ( 'NONE',  ( 0.3485720473218061888, 0.9372819894918948957, -0.000000000000000000 ) ) ;
#3626 = DATE_TIME_ROLE ( 'classification_date' ) ;
#3627 = CARTESIAN_POINT ( 'NONE',  ( 3.201058350784069084, -1.744743538943400063, -0.9842519685039370358 ) ) ;
#3629 = FACE_OUTER_BOUND ( 'NONE', #4095, .T. ) ;
#3628 = VECTOR ( 'NONE', #5278, 39.37007874015748143 ) ;
#3630 = VERTEX_POINT ( 'NONE', #2778 ) ;
#3631 = APPROVAL_PERSON_ORGANIZATION ( #46, #1975, #4642 ) ;
#3632 = PLANE ( 'NONE',  #5068 ) ;
#3633 = ORIENTED_EDGE ( 'NONE', *, *, #1721, .T. ) ;
#3634 = CARTESIAN_POINT ( 'NONE',  ( 1.221142664935925826, -3.725862526662084839, -0.9842519685039370358 ) ) ;
#3635 = EDGE_CURVE ( 'NONE', #5026, #4005, #2661, .T. ) ;
#3636 = LINE ( 'NONE', #923, #4736 ) ;
#3637 = ADVANCED_FACE ( 'NONE', ( #4491 ), #4609, .F. ) ;
#3638 = CARTESIAN_POINT ( 'NONE',  ( -1.230142518461525114, -3.739890424108056166, 0.000000000000000000 ) ) ;
#3639 = AXIS2_PLACEMENT_3D ( 'NONE', #5667, #1600, #241 ) ;
#3640 = DIRECTION ( 'NONE',  ( 0.000000000000000000, 0.000000000000000000, 1.000000000000000000 ) ) ;
#3641 = ORIENTED_EDGE ( 'NONE', *, *, #5195, .T. ) ;
#3642 = DIRECTION ( 'NONE',  ( 0.9907478404714428200, -0.1357155724343102055, -0.000000000000000000 ) ) ;
#3643 = PLANE ( 'NONE',  #3945 ) ;
#3644 = ORIENTED_EDGE ( 'NONE', *, *, #5365, .F. ) ;
#3645 = VECTOR ( 'NONE', #203, 39.37007874015748143 ) ;
#3646 = PLANE ( 'NONE',  #1056 ) ;
#3647 = LINE ( 'NONE', #453, #1271 ) ;
#3648 = ADVANCED_FACE ( 'NONE', ( #3595 ), #1384, .T. ) ;
#3649 = AXIS2_PLACEMENT_3D ( 'NONE', #1589, #5680, #757 ) ;
#3650 = ORIENTED_EDGE ( 'NONE', *, *, #5520, .T. ) ;
#3651 = VERTEX_POINT ( 'NONE', #459 ) ;
#3652 = ORIENTED_EDGE ( 'NONE', *, *, #2685, .T. ) ;
#3653 = LINE ( 'NONE', #1322, #1428 ) ;
#3654 = VECTOR ( 'NONE', #106, 39.37007874015748143 ) ;
#3655 = PLANE ( 'NONE',  #2522 ) ;
#3656 = CARTESIAN_POINT ( 'NONE',  ( -2.097512746228356484, 3.331736976334054301, -0.9842519685039370358 ) ) ;
#3657 = SECURITY_CLASSIFICATION_LEVEL ( 'unclassified' ) ;
#3658 = CARTESIAN_POINT ( 'NONE',  ( 0.000000000000000000, 0.000000000000000000, 0.9842519685039370358 ) ) ;
#3659 = CARTESIAN_POINT ( 'NONE',  ( 2.648531142354100698, 2.505231999194815096, -0.9842519685039370358 ) ) ;
#3660 = VECTOR ( 'NONE', #1227, 39.37007874015748854 ) ;
#3661 = ADVANCED_FACE ( 'NONE', ( #940 ), #4075, .F. ) ;
#3662 = VERTEX_POINT ( 'NONE', #2689 ) ;
#3663 = CARTESIAN_POINT ( 'NONE',  ( 0.2165232238326829928, -3.652376857874449989, -0.9842519685039370358 ) ) ;
#3664 = ORIENTED_EDGE ( 'NONE', *, *, #3709, .F. ) ;
#3665 = DIRECTION ( 'NONE',  ( 0.000000000000000000, 0.000000000000000000, 1.000000000000000000 ) ) ;
#3666 = AXIS2_PLACEMENT_3D ( 'NONE', #5218, #2970, #1158 ) ;
#3667 = CARTESIAN_POINT ( 'NONE',  ( 3.800170738207024002, -0.9653721231663299207, 0.000000000000000000 ) ) ;
#3668 = CARTESIAN_POINT ( 'NONE',  ( 0.7477002634827616401, 3.843964181540408198, -0.9842519685039370358 ) ) ;
#3669 = EDGE_CURVE ( 'NONE', #5587, #535, #5862, .T. ) ;
#3670 = AXIS2_PLACEMENT_3D ( 'NONE', #3888, #1169, #5701 ) ;
#3671 = CARTESIAN_POINT ( 'NONE',  ( -3.456866469529207286, -1.884172288275858698, -0.9842519685039370358 ) ) ;
#3672 = ORIENTED_EDGE ( 'NONE', *, *, #5133, .F. ) ;
#3673 = CARTESIAN_POINT ( 'NONE',  ( -3.443140960486529956, 1.909138896539981811, 0.000000000000000000 ) ) ;
#3674 = CARTESIAN_POINT ( 'NONE',  ( 1.230142518461498913, 3.739890424108065492, 0.000000000000000000 ) ) ;
#3675 = ADVANCED_FACE ( 'NONE', ( #878 ), #2422, .F. ) ;
#3676 = EDGE_LOOP ( 'NONE', ( #2042, #1681, #4572, #357 ) ) ;
#3677 = VECTOR ( 'NONE', #4267, 39.37007874015748854 ) ;
#3678 = PLANE ( 'NONE',  #3999 ) ;
#3679 = EDGE_CURVE ( 'NONE', #542, #579, #3624, .T. ) ;
#3680 = LINE ( 'NONE', #510, #228 ) ;
#3681 = AXIS2_PLACEMENT_3D ( 'NONE', #3606, #1223, #4866 ) ;
#3682 = ORIENTED_EDGE ( 'NONE', *, *, #4027, .F. ) ;
#3683 = ORIENTED_EDGE ( 'NONE', *, *, #371, .T. ) ;
#3684 = ORIENTED_EDGE ( 'NONE', *, *, #4240, .F. ) ;
#3685 = EDGE_CURVE ( 'NONE', #2323, #4425, #3777, .T. ) ;
#3686 = CARTESIAN_POINT ( 'NONE',  ( 0.5000000000000000000, 0.000000000000000000, 0.6986614173228364866 ) ) ;
#3687 = FACE_OUTER_BOUND ( 'NONE', #2107, .T. ) ;
#3688 = CARTESIAN_POINT ( 'NONE',  ( 3.796478068656873539, 0.9601409204826065746, -0.9842519685039370358 ) ) ;
#3689 = DIRECTION ( 'NONE',  ( 0.5792811723426701809, -0.8151277957285604225, 0.000000000000000000 ) ) ;
#3690 = EDGE_CURVE ( 'NONE', #604, #3190, #4700, .T. ) ;
#3691 = CARTESIAN_POINT ( 'NONE',  ( -3.634934338765077211, -5.525806714629228900, 0.9842519685039370358 ) ) ;
#3692 = ORIENTED_EDGE ( 'NONE', *, *, #1999, .F. ) ;
#3693 = ORIENTED_EDGE ( 'NONE', *, *, #1587, .F. ) ;
#3694 = CARTESIAN_POINT ( 'NONE',  ( -3.177932213730608968, 2.296516453379957579, -0.9842519685039370358 ) ) ;
#3695 = ORIENTED_EDGE ( 'NONE', *, *, #5794, .F. ) ;
#3696 = PLANE ( 'NONE',  #3014 ) ;
#3697 = LINE ( 'NONE', #979, #332 ) ;
#3698 = EDGE_CURVE ( 'NONE', #439, #3311, #3744, .T. ) ;
#3699 = ORIENTED_EDGE ( 'NONE', *, *, #3423, .T. ) ;
#3700 = DIRECTION ( 'NONE',  ( -0.000000000000000000, -0.000000000000000000, -1.000000000000000000 ) ) ;
#3701 = VERTEX_POINT ( 'NONE', #5563 ) ;
#3702 = DIRECTION ( 'NONE',  ( 0.9676769806904494953, -0.2521929044240053819, 0.000000000000000000 ) ) ;
#3703 = LINE ( 'NONE', #5580, #2408 ) ;
#3704 = EDGE_CURVE ( 'NONE', #4061, #2347, #430, .T. ) ;
#3705 = ORIENTED_EDGE ( 'NONE', *, *, #2441, .F. ) ;
#3706 = PRODUCT ( '3D Modeling Practice , SolidWorks tutorial , How to create a 3D model of a pawl', '3D Modeling Practice , SolidWorks tutorial , How to create a 3D model of a pawl', '', ( #1596 ) ) ;
#3707 = DIRECTION ( 'NONE',  ( 0.000000000000000000, 0.000000000000000000, -1.000000000000000000 ) ) ;
#3708 = DIRECTION ( 'NONE',  ( 0.000000000000000000, 0.000000000000000000, 1.000000000000000000 ) ) ;
#3709 = EDGE_CURVE ( 'NONE', #3356, #2836, #3803, .T. ) ;
#3710 = EDGE_LOOP ( 'NONE', ( #3391, #1479 ) ) ;
#3711 = ORIENTED_EDGE ( 'NONE', *, *, #4103, .F. ) ;
#3712 = CARTESIAN_POINT ( 'NONE',  ( -1.357336933402973456, -5.016461946803570271, 0.000000000000000000 ) ) ;
#3713 = CARTESIAN_POINT ( 'NONE',  ( 3.177932213730624511, -2.296516453379937595, -0.9842519685039370358 ) ) ;
#3714 = DIRECTION ( 'NONE',  ( -0.4225025492268791871, 0.9063617356755462318, 0.000000000000000000 ) ) ;
#3715 = DATE_AND_TIME ( #487, #5727 ) ;
#3716 = CARTESIAN_POINT ( 'NONE',  ( 2.506971211764428276, -3.014686769648874609, -0.9842519685039370358 ) ) ;
#3717 = AXIS2_PLACEMENT_3D ( 'NONE', #5501, #2687, #4128 ) ;
#3718 = CARTESIAN_POINT ( 'NONE',  ( -3.891198466669551603, 0.4814721889165781699, -0.9842519685039370358 ) ) ;
#3719 = VECTOR ( 'NONE', #876, 39.37007874015748143 ) ;
#3720 = ORIENTED_EDGE ( 'NONE', *, *, #1533, .T. ) ;
#3721 = VERTEX_POINT ( 'NONE', #4668 ) ;
#3722 = DIRECTION ( 'NONE',  ( -0.9945218953682745111, 0.1045284632676427017, 0.000000000000000000 ) ) ;
#3723 = CARTESIAN_POINT ( 'NONE',  ( 3.641834205707309646, 1.452681862574111138, 0.000000000000000000 ) ) ;
#3724 = LINE ( 'NONE', #3239, #3142 ) ;
#3725 = CARTESIAN_POINT ( 'NONE',  ( -3.665757450382869820, -1.436054774381703147, -0.9842519685039370358 ) ) ;
#3726 = CARTESIAN_POINT ( 'NONE',  ( -1.660353717370620430, -3.551966569229664472, 0.000000000000000000 ) ) ;
#3727 = ADVANCED_FACE ( 'NONE', ( #750 ), #2419, .F. ) ;
#3728 = VERTEX_POINT ( 'NONE', #5591 ) ;
#3729 = LOCAL_TIME ( 11, 53, 13.00000000000000000, #2330 ) ;
#3730 = DIRECTION ( 'NONE',  ( 0.000000000000000000, 0.000000000000000000, -1.000000000000000000 ) ) ;
#3731 = VERTEX_POINT ( 'NONE', #2903 ) ;
#3732 = LINE ( 'NONE', #5550, #2143 ) ;
#3733 = CARTESIAN_POINT ( 'NONE',  ( 2.844928467317130227, -2.691003219772580390, -0.9842519685039370358 ) ) ;
#3734 = ORIENTED_EDGE ( 'NONE', *, *, #1315, .T. ) ;
#3735 = LINE ( 'NONE', #4244, #4391 ) ;
#3736 = VECTOR ( 'NONE', #2853, 39.37007874015748854 ) ;
#3737 = LINE ( 'NONE', #4662, #4706 ) ;
#3738 = VECTOR ( 'NONE', #5182, 39.37007874015748143 ) ;
#3739 = VERTEX_POINT ( 'NONE', #2387 ) ;
#3740 = VECTOR ( 'NONE', #1068, 39.37007874015748854 ) ;
#3741 = EDGE_LOOP ( 'NONE', ( #2515, #5132, #3438, #3248 ) ) ;
#3742 = EDGE_CURVE ( 'NONE', #1080, #4454, #4339, .T. ) ;
#3743 = CARTESIAN_POINT ( 'NONE',  ( 3.458597086866651349, -1.671951157986353742, 0.000000000000000000 ) ) ;
#3744 = LINE ( 'NONE', #5117, #3187 ) ;
#3745 = LINE ( 'NONE', #3688, #4222 ) ;
#3746 = DIRECTION ( 'NONE',  ( 0.000000000000000000, 0.000000000000000000, 1.000000000000000000 ) ) ;
#3747 = VECTOR ( 'NONE', #5865, 39.37007874015748143 ) ;
#3748 = ORIENTED_EDGE ( 'NONE', *, *, #3063, .F. ) ;
#3749 = AXIS2_PLACEMENT_3D ( 'NONE', #1083, #4301, #216 ) ;
#3750 = ORIENTED_EDGE ( 'NONE', *, *, #3600, .F. ) ;
#3751 = CARTESIAN_POINT ( 'NONE',  ( -2.498550600357361873, 3.042577180206916587, -0.9842519685039370358 ) ) ;
#3752 = CARTESIAN_POINT ( 'NONE',  ( -0.2429483282524556309, -3.650714331222761455, -0.9842519685039370358 ) ) ;
#3753 = PLANE ( 'NONE',  #1355 ) ;
#3754 = EDGE_CURVE ( 'NONE', #2537, #5009, #5618, .T. ) ;
#3755 = CARTESIAN_POINT ( 'NONE',  ( 3.635771949497380362, -1.454743497743093084, 0.000000000000000000 ) ) ;
#3756 = CARTESIAN_POINT ( 'NONE',  ( -0.7445391920026180888, 3.849532746617914558, -0.9842519685039370358 ) ) ;
#3757 = VECTOR ( 'NONE', #1137, 39.37007874015748143 ) ;
#3758 = VERTEX_POINT ( 'NONE', #3461 ) ;
#3759 = VECTOR ( 'NONE', #5670, 39.37007874015748143 ) ;
#3760 = EDGE_CURVE ( 'NONE', #373, #4781, #574, .T. ) ;
#3761 = CARTESIAN_POINT ( 'NONE',  ( 3.212578281954777015, 1.751022501485436145, 0.000000000000000000 ) ) ;
#3762 = ORIENTED_EDGE ( 'NONE', *, *, #2545, .F. ) ;
#3763 = FACE_OUTER_BOUND ( 'NONE', #1912, .T. ) ;
#3764 = CARTESIAN_POINT ( 'NONE',  ( -1.545847799209233875, 3.316186605134848531, 0.000000000000000000 ) ) ;
#3765 = EDGE_CURVE ( 'NONE', #1599, #4069, #4251, .T. ) ;
#3766 = ORIENTED_EDGE ( 'NONE', *, *, #263, .T. ) ;
#3767 = DIRECTION ( 'NONE',  ( 0.000000000000000000, 0.000000000000000000, 1.000000000000000000 ) ) ;
#3768 = CIRCLE ( 'NONE', #3005, 5.905511811023622215 ) ;
#3769 = DIRECTION ( 'NONE',  ( 0.9694766605923644809, 0.2451836139848606599, 0.000000000000000000 ) ) ;
#3770 = CC_DESIGN_DATE_AND_TIME_ASSIGNMENT ( #3445, #826, ( #2765 ) ) ;
#3771 = ORIENTED_EDGE ( 'NONE', *, *, #300, .T. ) ;
#3772 = EDGE_CURVE ( 'NONE', #398, #2248, #2563, .T. ) ;
#3773 = ORIENTED_EDGE ( 'NONE', *, *, #4997, .T. ) ;
#3774 = ORIENTED_EDGE ( 'NONE', *, *, #5292, .F. ) ;
#3775 = VECTOR ( 'NONE', #388, 39.37007874015748854 ) ;
#3776 = CARTESIAN_POINT ( 'NONE',  ( -2.506971211764406071, 3.014686769648894149, -0.9842519685039370358 ) ) ;
#3777 = LINE ( 'NONE', #4843, #4725 ) ;
#3778 = CARTESIAN_POINT ( 'NONE',  ( -3.891198466669551603, 0.4814721889165781699, -0.9842519685039370358 ) ) ;
#3779 = DIRECTION ( 'NONE',  ( 0.9443763702374785574, 0.3288666467385904513, -0.000000000000000000 ) ) ;
#3780 = VECTOR ( 'NONE', #4144, 39.37007874015748143 ) ;
#3781 = EDGE_LOOP ( 'NONE', ( #1404, #2141, #3348, #654 ) ) ;
#3782 = ORIENTED_EDGE ( 'NONE', *, *, #1050, .T. ) ;
#3783 = PLANE ( 'NONE',  #2392 ) ;
#3784 = DIRECTION ( 'NONE',  ( 1.000000000000000000, 0.000000000000000000, 0.000000000000000000 ) ) ;
#3785 = DIRECTION ( 'NONE',  ( 0.000000000000000000, 0.000000000000000000, -1.000000000000000000 ) ) ;
#3786 = CARTESIAN_POINT ( 'NONE',  ( 0.2600279630001866016, 3.907365067591684671, -0.9842519685039370358 ) ) ;
#3787 = CARTESIAN_POINT ( 'NONE',  ( 2.860184818956968744, -2.705434124400388107, -0.9842519685039370358 ) ) ;
#3788 = EDGE_CURVE ( 'NONE', #4184, #3044, #3942, .T. ) ;
#3789 = ORIENTED_EDGE ( 'NONE', *, *, #333, .F. ) ;
#3790 = EDGE_CURVE ( 'NONE', #3163, #398, #3291, .T. ) ;
#3791 = LINE ( 'NONE', #5220, #1542 ) ;
#3792 = ORIENTED_EDGE ( 'NONE', *, *, #2105, .T. ) ;
#3793 = DIRECTION ( 'NONE',  ( 0.7314407669569621406, 0.6819049819684637193, 0.000000000000000000 ) ) ;
#3794 = CARTESIAN_POINT ( 'NONE',  ( 3.176712214370010390, -2.325624756304075280, -0.9842519685039370358 ) ) ;
#3795 = EDGE_CURVE ( 'NONE', #2752, #542, #104, .T. ) ;
#3796 = ORIENTED_EDGE ( 'NONE', *, *, #5343, .F. ) ;
#3797 = DIRECTION ( 'NONE',  ( 0.07323819712762687228, 0.9973144772244584289, -0.000000000000000000 ) ) ;
#3798 = DIRECTION ( 'NONE',  ( 0.9631625667976569938, 0.2689198206152699222, -0.000000000000000000 ) ) ;
#3799 = ORIENTED_EDGE ( 'NONE', *, *, #3188, .F. ) ;
#3800 = EDGE_CURVE ( 'NONE', #2274, #1942, #2814, .T. ) ;
#3801 = VERTEX_POINT ( 'NONE', #4640 ) ;
#3802 = DIRECTION ( 'NONE',  ( -0.9218631515884959660, -0.3875155864521135918, -0.000000000000000000 ) ) ;
#3803 = LINE ( 'NONE', #2007, #4629 ) ;
#3804 = CARTESIAN_POINT ( 'NONE',  ( 0.6960833833717487984, -3.578599237858704818, -0.9842519685039370358 ) ) ;
#3805 = DIRECTION ( 'NONE',  ( 0.000000000000000000, 0.000000000000000000, 1.000000000000000000 ) ) ;
#3806 = ORIENTED_EDGE ( 'NONE', *, *, #3577, .F. ) ;
#3807 = ORIENTED_EDGE ( 'NONE', *, *, #4148, .F. ) ;
#3808 = DIRECTION ( 'NONE',  ( 0.4162807922604309652, -0.9092361090470548746, -0.000000000000000000 ) ) ;
#3809 = LINE ( 'NONE', #3752, #2385 ) ;
#3810 = DIRECTION ( 'NONE',  ( 0.000000000000000000, 0.000000000000000000, 1.000000000000000000 ) ) ;
#3811 = PERSON_AND_ORGANIZATION ( #2281, #778 ) ;
#3812 = DIRECTION ( 'NONE',  ( -0.9499321677234462413, 0.3124561996892274429, 0.000000000000000000 ) ) ;
#3813 = CARTESIAN_POINT ( 'NONE',  ( -0.6725800753332268345, 3.596439219653319253, -0.9842519685039370358 ) ) ;
#3814 = ORIENTED_EDGE ( 'NONE', *, *, #1219, .T. ) ;
#3815 = ADVANCED_FACE ( 'NONE', ( #4219 ), #4187, .T. ) ;
#3816 = CIRCLE ( 'NONE', #5524, 0.5000000000000000000 ) ;
#3817 = EDGE_CURVE ( 'NONE', #2585, #2174, #1059, .T. ) ;
#3818 = CARTESIAN_POINT ( 'NONE',  ( -3.635771949497371480, 1.454743497743118175, -0.9842519685039370358 ) ) ;
#3819 = ORIENTED_EDGE ( 'NONE', *, *, #3848, .T. ) ;
#3820 = CARTESIAN_POINT ( 'NONE',  ( 3.394491399054555991, -1.329786721077409251, -0.9842519685039370358 ) ) ;
#3821 = LINE ( 'NONE', #2923, #1366 ) ;
#3822 = VERTEX_POINT ( 'NONE', #3153 ) ;
#3823 = APPROVAL_PERSON_ORGANIZATION ( #461, #3474, #3202 ) ;
#3824 = DIRECTION ( 'NONE',  ( -1.000000000000000000, 0.000000000000000000, 0.000000000000000000 ) ) ;
#3825 = DIRECTION ( 'NONE',  ( 0.3124561996892207816, 0.9499321677234484618, 0.000000000000000000 ) ) ;
#3826 = FACE_OUTER_BOUND ( 'NONE', #2029, .T. ) ;
#3827 = ORIENTED_EDGE ( 'NONE', *, *, #1665, .T. ) ;
#3828 = ORIENTED_EDGE ( 'NONE', *, *, #88, .F. ) ;
#3829 = VECTOR ( 'NONE', #5366, 39.37007874015748143 ) ;
#3830 = LINE ( 'NONE', #5649, #4096 ) ;
#3831 = DIRECTION ( 'NONE',  ( 0.8862035792312157323, -0.4632960351198594506, -0.000000000000000000 ) ) ;
#3832 = FACE_OUTER_BOUND ( 'NONE', #4150, .T. ) ;
#3833 = ADVANCED_FACE ( 'NONE', ( #4537 ), #4030, .T. ) ;
#3834 = CARTESIAN_POINT ( 'NONE',  ( -1.221142664935901179, 3.725862526662091945, -0.9842519685039370358 ) ) ;
#3835 = EDGE_CURVE ( 'NONE', #5103, #2861, #4155, .T. ) ;
#3836 = ORIENTED_EDGE ( 'NONE', *, *, #2380, .T. ) ;
#3837 = EDGE_LOOP ( 'NONE', ( #1427, #1669, #5887, #1480 ) ) ;
#3838 = CARTESIAN_POINT ( 'NONE',  ( 3.883327484294520460, -0.5048603397976748619, 0.000000000000000000 ) ) ;
#3839 = CLOSED_SHELL ( 'NONE', ( #3524, #2400, #3355, #2783, #771, #4369, #1318, #4898, #5233, #2727, #780, #4534, #2307, #2073, #2767, #2622, #2976, #3609, #446, #3061, #440, #5656, #4683, #707, #3340, #3189, #5729, #2234, #2872, #3864, #4947, #322, #3933, #3833, #841, #5445, #751, #157, #607, #2190, #4008, #899, #4438, #1208, #3159, #5726, #2796, #1984, #3602, #2508, #644, #3071, #4815, #1114, #269, #1744, #4659, #5749, #949, #3648, #1289, #5643, #192, #2381, #1516, #5079, #1346, #1388, #2172, #5179, #3855, #1408, #3344, #4619, #2254, #4195, #4923, #4179, #660, #1559, #5554, #1010, #2715, #1119, #4050, #5811, #4052, #2645, #4848, #5039, #1398, #5822, #4568, #4929, #3465, #406, #1603, #1159, #4232, #3215, #2461, #4378, #2112, #2998, #399, #5852, #1376, #697, #3815, #2555, #1279, #519, #852, #4380, #1807, #756, #1797, #3995, #336, #4420, #3727, #273, #1143, #4562, #4402, #3884, #645, #3233, #699, #1826, #359, #2202, #438, #5024, #2431, #2012, #5609, #5613, #2358, #5493, #2841, #1519, #792, #4015, #3268, #1133, #688, #3637, #1648, #5463, #37, #1918, #671, #1084, #1633, #117, #3208, #3661, #5314, #5721, #3426, #3675, #5362 ) ) ;
#3840 = CARTESIAN_POINT ( 'NONE',  ( 3.547110816026481039, 0.8970751792485293086, -0.9842519685039370358 ) ) ;
#3841 = CARTESIAN_POINT ( 'NONE',  ( -3.883327484294515131, 0.5048603397977036167, -0.9842519685039370358 ) ) ;
#3842 = PERSON_AND_ORGANIZATION ( #2281, #778 ) ;
#3843 = DIRECTION ( 'NONE',  ( 0.000000000000000000, 0.000000000000000000, 1.000000000000000000 ) ) ;
#3844 = LINE ( 'NONE', #1574, #4427 ) ;
#3845 = CC_DESIGN_PERSON_AND_ORGANIZATION_ASSIGNMENT ( #5002, #1887, ( #3145 ) ) ;
#3846 = VECTOR ( 'NONE', #3141, 39.37007874015748143 ) ;
#3847 = EDGE_LOOP ( 'NONE', ( #819, #2060, #220, #4930 ) ) ;
#3848 = EDGE_CURVE ( 'NONE', #3236, #373, #3101, .T. ) ;
#3849 = PLANE ( 'NONE',  #3639 ) ;
#3850 = ORIENTED_EDGE ( 'NONE', *, *, #3063, .T. ) ;
#3851 = VECTOR ( 'NONE', #1880, 39.37007874015748854 ) ;
#3852 = LINE ( 'NONE', #5669, #3008 ) ;
#3853 = DIRECTION ( 'NONE',  ( 0.000000000000000000, 0.000000000000000000, 1.000000000000000000 ) ) ;
#3854 = DESIGN_CONTEXT ( 'detailed design', #3492, 'design' ) ;
#3855 = ADVANCED_FACE ( 'NONE', ( #4985 ), #5878, .T. ) ;
#3856 = VECTOR ( 'NONE', #4476, 39.37007874015748143 ) ;
#3857 = VERTEX_POINT ( 'NONE', #3552 ) ;
#3858 = FACE_OUTER_BOUND ( 'NONE', #947, .T. ) ;
#3859 = VECTOR ( 'NONE', #5875, 39.37007874015748143 ) ;
#3860 = DIRECTION ( 'NONE',  ( -0.000000000000000000, -0.000000000000000000, -1.000000000000000000 ) ) ;
#3861 = VERTEX_POINT ( 'NONE', #2624 ) ;
#3862 = ORIENTED_EDGE ( 'NONE', *, *, #5902, .T. ) ;
#3863 = VECTOR ( 'NONE', #2246, 39.37007874015748143 ) ;
#3864 = ADVANCED_FACE ( 'NONE', ( #1338 ), #2674, .T. ) ;
#3865 = LINE ( 'NONE', #1146, #665 ) ;
#3866 = LINE ( 'NONE', #2063, #4417 ) ;
#3867 = LINE ( 'NONE', #1917, #2219 ) ;
#3868 = AXIS2_PLACEMENT_3D ( 'NONE', #516, #5000, #2328 ) ;
#3869 = EDGE_LOOP ( 'NONE', ( #2152, #172, #4174, #3132 ) ) ;
#3870 = EDGE_CURVE ( 'NONE', #3070, #2084, #836, .T. ) ;
#3871 = VERTEX_POINT ( 'NONE', #2592 ) ;
#3872 = CARTESIAN_POINT ( 'NONE',  ( -2.952221833808766238, 2.161278617480546949, -0.9842519685039370358 ) ) ;
#3873 = EDGE_CURVE ( 'NONE', #1287, #1973, #2230, .T. ) ;
#3874 = CARTESIAN_POINT ( 'NONE',  ( 0.7237238462180665133, -3.869916639215543963, 0.000000000000000000 ) ) ;
#3875 = FACE_OUTER_BOUND ( 'NONE', #2582, .T. ) ;
#3876 =( NAMED_UNIT ( * ) PLANE_ANGLE_UNIT ( ) SI_UNIT ( $, .RADIAN. ) );
#3877 = DIRECTION ( 'NONE',  ( 0.9218631515884987415, 0.3875155864521072080, -0.000000000000000000 ) ) ;
#3878 = LINE ( 'NONE', #2553, #3284 ) ;
#3879 = EDGE_LOOP ( 'NONE', ( #5190, #1752, #1473, #2180 ) ) ;
#3880 = VECTOR ( 'NONE', #5716, 39.37007874015748854 ) ;
#3881 = CARTESIAN_POINT ( 'NONE',  ( 2.851323949116932877, 2.691318025225522881, -0.9842519685039370358 ) ) ;
#3882 = ORIENTED_EDGE ( 'NONE', *, *, #3134, .F. ) ;
#3883 = LINE ( 'NONE', #1992, #3677 ) ;
#3884 = ADVANCED_FACE ( 'NONE', ( #2649 ), #964, .F. ) ;
#3885 = LINE ( 'NONE', #1250, #2996 ) ;
#3886 = VERTEX_POINT ( 'NONE', #3041 ) ;
#3887 = CARTESIAN_POINT ( 'NONE',  ( 2.485223221547337769, -3.026347939688968758, 0.000000000000000000 ) ) ;
#3888 = CARTESIAN_POINT ( 'NONE',  ( 3.809751892482085900, -0.9928854504882097531, -0.9842519685039370358 ) ) ;
#3889 = ORIENTED_EDGE ( 'NONE', *, *, #4119, .F. ) ;
#3890 = ORIENTED_EDGE ( 'NONE', *, *, #3222, .F. ) ;
#3891 = ADVANCED_FACE ( 'NONE', ( #1226 ), #4507, .F. ) ;
#3892 = CARTESIAN_POINT ( 'NONE',  ( 0.7198634713867416712, -3.849274333629758793, -0.9842519685039370358 ) ) ;
#3893 = DIRECTION ( 'NONE',  ( 0.000000000000000000, 0.000000000000000000, -1.000000000000000000 ) ) ;
#3894 = CARTESIAN_POINT ( 'NONE',  ( -3.440703102058737972, 1.880107214813813155, -0.9842519685039370358 ) ) ;
#3895 = EDGE_LOOP ( 'NONE', ( #2809, #2003, #5129, #3288 ) ) ;
#3896 = ORIENTED_EDGE ( 'NONE', *, *, #2221, .T. ) ;
#3897 = ORIENTED_EDGE ( 'NONE', *, *, #2983, .F. ) ;
#3898 = LINE ( 'NONE', #3924, #3368 ) ;
#3899 = DIRECTION ( 'NONE',  ( 0.5446390350150414061, 0.8386705679454147244, -0.000000000000000000 ) ) ;
#3900 = DIRECTION ( 'NONE',  ( -0.4290504594760634616, -0.9032805229956963888, 0.000000000000000000 ) ) ;
#3901 = CARTESIAN_POINT ( 'NONE',  ( 3.665757450382860494, 1.436054774381729127, -0.9842519685039370358 ) ) ;
#3902 = CARTESIAN_POINT ( 'NONE',  ( 0.000000000000000000, 0.000000000000000000, -0.9842519685039370358 ) ) ;
#3903 = VERTEX_POINT ( 'NONE', #1311 ) ;
#3904 = LINE ( 'NONE', #2528, #2807 ) ;
#3905 = ORIENTED_EDGE ( 'NONE', *, *, #5338, .F. ) ;
#3906 = CARTESIAN_POINT ( 'NONE',  ( 0.7198634713867416712, -3.849274333629758793, -0.9842519685039370358 ) ) ;
#3907 = EDGE_CURVE ( 'NONE', #3871, #1883, #4901, .T. ) ;
#3908 = DIRECTION ( 'NONE',  ( -0.9676769806904478299, 0.2521929044240117102, 0.000000000000000000 ) ) ;
#3909 = AXIS2_PLACEMENT_3D ( 'NONE', #5321, #3021, #4789 ) ;
#3910 = ORIENTED_EDGE ( 'NONE', *, *, #2743, .F. ) ;
#3911 = VECTOR ( 'NONE', #3286, 39.37007874015748854 ) ;
#3912 = DIRECTION ( 'NONE',  ( -0.9676769806904478299, 0.2521929044240117102, 0.000000000000000000 ) ) ;
#3913 = ORIENTED_EDGE ( 'NONE', *, *, #4759, .T. ) ;
#3914 = ORIENTED_EDGE ( 'NONE', *, *, #2424, .T. ) ;
#3915 = ORGANIZATION ( 'NAUO-ORG2', 'UNSPECIFIED', 'UNSPECIFIED' ) ;
#3916 = CARTESIAN_POINT ( 'NONE',  ( 3.795186570408787929, 0.9847841750862833532, -0.9842519685039370358 ) ) ;
#3917 = CARTESIAN_POINT ( 'NONE',  ( 0.1850914000094958101, 0.6840629927459395132, 0.000000000000000000 ) ) ;
#3918 = LINE ( 'NONE', #343, #4808 ) ;
#3919 = EDGE_CURVE ( 'NONE', #2274, #4480, #335, .T. ) ;
#3920 = ORIENTED_EDGE ( 'NONE', *, *, #2261, .F. ) ;
#3921 = AXIS2_PLACEMENT_3D ( 'NONE', #2964, #584, #676 ) ;
#3922 = ORIENTED_EDGE ( 'NONE', *, *, #3579, .F. ) ;
#3923 = ORIENTED_EDGE ( 'NONE', *, *, #5365, .T. ) ;
#3924 = CARTESIAN_POINT ( 'NONE',  ( -1.221142664935901179, 3.725862526662091945, -0.9842519685039370358 ) ) ;
#3925 = DIRECTION ( 'NONE',  ( -0.9916547108600343163, 0.1289222030105822425, 0.000000000000000000 ) ) ;
#3926 = CARTESIAN_POINT ( 'NONE',  ( -2.844928467317112020, 2.691003219772601707, 0.000000000000000000 ) ) ;
#3927 = APPLICATION_PROTOCOL_DEFINITION ( 'international standard', 'config_control_design', 1994, #2873 ) ;
#3928 = VECTOR ( 'NONE', #1267, 39.37007874015748143 ) ;
#3929 = CARTESIAN_POINT ( 'NONE',  ( 1.451484836370173115, 3.556755017394592766, 0.000000000000000000 ) ) ;
#3930 = DIRECTION ( 'NONE',  ( -0.8780440832604183843, -0.4785797612220678565, 0.000000000000000000 ) ) ;
#3931 = ORIENTED_EDGE ( 'NONE', *, *, #2632, .T. ) ;
#3932 = VECTOR ( 'NONE', #5390, 39.37007874015748854 ) ;
#3933 = ADVANCED_FACE ( 'NONE', ( #863 ), #1696, .T. ) ;
#3934 = CARTESIAN_POINT ( 'NONE',  ( -2.333985849692210568, 2.800609689914983491, -0.9842519685039370358 ) ) ;
#3935 = EDGE_LOOP ( 'NONE', ( #1616, #647, #51, #3508 ) ) ;
#3936 = DIRECTION ( 'NONE',  ( 0.5707135676844239391, 0.8211492091337093679, -0.000000000000000000 ) ) ;
#3937 = DIRECTION ( 'NONE',  ( -0.000000000000000000, -0.000000000000000000, -1.000000000000000000 ) ) ;
#3938 = FACE_OUTER_BOUND ( 'NONE', #132, .T. ) ;
#3939 = EDGE_CURVE ( 'NONE', #4486, #3991, #1253, .T. ) ;
#3940 = VECTOR ( 'NONE', #3160, 39.37007874015748854 ) ;
#3941 = EDGE_LOOP ( 'NONE', ( #2023, #4479, #1382, #905 ) ) ;
#3942 = LINE ( 'NONE', #5086, #151 ) ;
#3943 = EDGE_CURVE ( 'NONE', #3099, #3525, #4451, .T. ) ;
#3944 = CARTESIAN_POINT ( 'NONE',  ( 2.844928467317130227, -2.691003219772580390, -0.9842519685039370358 ) ) ;
#3945 = AXIS2_PLACEMENT_3D ( 'NONE', #5044, #4986, #2258 ) ;
#3946 = ORIENTED_EDGE ( 'NONE', *, *, #4483, .F. ) ;
#3947 = ORIENTED_EDGE ( 'NONE', *, *, #5495, .F. ) ;
#3948 = CARTESIAN_POINT ( 'NONE',  ( -2.844928467317112020, 2.691003219772601707, -0.9842519685039370358 ) ) ;
#3949 = CC_DESIGN_PERSON_AND_ORGANIZATION_ASSIGNMENT ( #3479, #5306, ( #2462 ) ) ;
#3950 = LINE ( 'NONE', #3380, #4033 ) ;
#3951 = PLANE ( 'NONE',  #2794 ) ;
#3952 = EDGE_CURVE ( 'NONE', #2209, #1973, #5395, .T. ) ;
#3953 = EDGE_LOOP ( 'NONE', ( #2628, #5885, #1347, #3451 ) ) ;
#3954 = VECTOR ( 'NONE', #1555, 39.37007874015748854 ) ;
#3955 = VERTEX_POINT ( 'NONE', #1284 ) ;
#3956 = ORIENTED_EDGE ( 'NONE', *, *, #1877, .F. ) ;
#3957 = LINE ( 'NONE', #1735, #5262 ) ;
#3958 = DIRECTION ( 'NONE',  ( 0.000000000000000000, 0.000000000000000000, -1.000000000000000000 ) ) ;
#3959 = CARTESIAN_POINT ( 'NONE',  ( 1.540304569228654330, 3.304295146596698096, -0.9842519685039370358 ) ) ;
#3960 = DATE_TIME_ROLE ( 'creation_date' ) ;
#3961 = PLANE ( 'NONE',  #3666 ) ;
#3962 = VERTEX_POINT ( 'NONE', #1017 ) ;
#3963 = VECTOR ( 'NONE', #3642, 39.37007874015748143 ) ;
#3964 = DIRECTION ( 'NONE',  ( -0.5269557954966960223, 0.8498926929868524383, -0.000000000000000000 ) ) ;
#3965 = VERTEX_POINT ( 'NONE', #4151 ) ;
#3966 = DIRECTION ( 'NONE',  ( -0.000000000000000000, 0.000000000000000000, -1.000000000000000000 ) ) ;
#3967 = EDGE_CURVE ( 'NONE', #2136, #1768, #3308, .T. ) ;
#3968 = LINE ( 'NONE', #1278, #1865 ) ;
#3969 = CARTESIAN_POINT ( 'NONE',  ( 3.176424590560685601, 2.290293241805331448, -0.9842519685039370358 ) ) ;
#3970 = VECTOR ( 'NONE', #1623, 39.37007874015748854 ) ;
#3971 = EDGE_CURVE ( 'NONE', #1650, #227, #5519, .T. ) ;
#3972 = ORIENTED_EDGE ( 'NONE', *, *, #2424, .F. ) ;
#3973 = DIRECTION ( 'NONE',  ( 1.000000000000000000, 0.000000000000000000, -0.000000000000000000 ) ) ;
#3974 = CARTESIAN_POINT ( 'NONE',  ( -1.971642285115443594, -3.082104105629883239, 0.000000000000000000 ) ) ;
#3975 = ORIENTED_EDGE ( 'NONE', *, *, #4981, .F. ) ;
#3976 = VERTEX_POINT ( 'NONE', #5072 ) ;
#3977 = CARTESIAN_POINT ( 'NONE',  ( 3.431047940055531598, 1.897669889299057777, 0.000000000000000000 ) ) ;
#3978 = CARTESIAN_POINT ( 'NONE',  ( -2.952221833808766238, 2.161278617480546949, 0.000000000000000000 ) ) ;
#3979 = DIRECTION ( 'NONE',  ( -0.9945218953682745111, 0.1045284632676427017, -0.000000000000000000 ) ) ;
#3980 = EDGE_CURVE ( 'NONE', #200, #3377, #2800, .T. ) ;
#3981 = ORIENTED_EDGE ( 'NONE', *, *, #5145, .F. ) ;
#3982 = ORIENTED_EDGE ( 'NONE', *, *, #260, .F. ) ;
#3983 = ORIENTED_EDGE ( 'NONE', *, *, #1891, .F. ) ;
#3984 = DIRECTION ( 'NONE',  ( 0.2890317969444651247, 0.9573194975320691302, -0.000000000000000000 ) ) ;
#3985 = LINE ( 'NONE', #4943, #1447 ) ;
#3986 = DIRECTION ( 'NONE',  ( -0.9258705848100072799, 0.3778407868184364138, -0.000000000000000000 ) ) ;
#3987 = PERSON_AND_ORGANIZATION ( #2281, #778 ) ;
#3988 = DIRECTION ( 'NONE',  ( -0.1045284632676500985, -0.9945218953682737340, 0.000000000000000000 ) ) ;
#3989 = ORIENTED_EDGE ( 'NONE', *, *, #4440, .F. ) ;
#3990 = DIRECTION ( 'NONE',  ( 0.9997806834748453886, 0.02094241988336053434, 0.000000000000000000 ) ) ;
#3991 = VERTEX_POINT ( 'NONE', #985 ) ;
#3992 = CARTESIAN_POINT ( 'NONE',  ( 3.646204138890985380, 1.428394795045139887, -0.9842519685039370358 ) ) ;
#3993 = CARTESIAN_POINT ( 'NONE',  ( -3.396960491656510595, 1.359190360663501629, -0.9842519685039370358 ) ) ;
#3994 = PLANE ( 'NONE',  #2896 ) ;
#3995 = ADVANCED_FACE ( 'NONE', ( #4207 ), #122, .F. ) ;
#3996 = ORIENTED_EDGE ( 'NONE', *, *, #4236, .T. ) ;
#3997 = CARTESIAN_POINT ( 'NONE',  ( 0.000000000000000000, 0.000000000000000000, 0.000000000000000000 ) ) ;
#3998 = DIRECTION ( 'NONE',  ( -0.3189593092980400613, -0.9477684100095956632, 0.000000000000000000 ) ) ;
#3999 = AXIS2_PLACEMENT_3D ( 'NONE', #5380, #1761, #5435 ) ;
#4000 = EDGE_LOOP ( 'NONE', ( #639, #2604, #1703, #835 ) ) ;
#4001 = ORIENTED_EDGE ( 'NONE', *, *, #344, .F. ) ;
#4002 = VECTOR ( 'NONE', #1436, 39.37007874015748854 ) ;
#4003 = LINE ( 'NONE', #2290, #3246 ) ;
#4004 = PLANE ( 'NONE',  #4129 ) ;
#4005 = VERTEX_POINT ( 'NONE', #2736 ) ;
#4006 = VECTOR ( 'NONE', #1630, 39.37007874015748854 ) ;
#4007 = EDGE_LOOP ( 'NONE', ( #1965, #1048, #5635, #1073 ) ) ;
#4008 = ADVANCED_FACE ( 'NONE', ( #2316 ), #5134, .T. ) ;
#4009 = ORIENTED_EDGE ( 'NONE', *, *, #1228, .F. ) ;
#4010 = DIRECTION ( 'NONE',  ( -0.5907086881012351132, -0.8068849024499824552, 0.000000000000000000 ) ) ;
#4011 = LINE ( 'NONE', #738, #4311 ) ;
#4012 = DIRECTION ( 'NONE',  ( 0.000000000000000000, 0.000000000000000000, 1.000000000000000000 ) ) ;
#4013 = PERSON_AND_ORGANIZATION ( #2281, #778 ) ;
#4014 = LOCAL_TIME ( 11, 53, 13.00000000000000000, #2579 ) ;
#4015 = ADVANCED_FACE ( 'NONE', ( #536 ), #3249, .F. ) ;
#4016 = LINE ( 'NONE', #5781, #3863 ) ;
#4017 = VERTEX_POINT ( 'NONE', #4177 ) ;
#4018 = AXIS2_PLACEMENT_3D ( 'NONE', #1298, #4349, #3537 ) ;
#4019 = VECTOR ( 'NONE', #3603, 39.37007874015748143 ) ;
#4020 = CARTESIAN_POINT ( 'NONE',  ( -2.864327676106160236, -2.670345160624388203, -0.9842519685039370358 ) ) ;
#4021 = ORIENTED_EDGE ( 'NONE', *, *, #5801, .T. ) ;
#4022 = PLANE ( 'NONE',  #5629 ) ;
#4023 = CARTESIAN_POINT ( 'NONE',  ( 3.547110816026481039, 0.8970751792485293086, 0.000000000000000000 ) ) ;
#4024 = PRODUCT_RELATED_PRODUCT_CATEGORY ( 'detail', '', ( #3706 ) ) ;
#4025 = LINE ( 'NONE', #2647, #3374 ) ;
#4026 = APPLICATION_CONTEXT ( 'configuration controlled 3d designs of mechanical parts and assemblies' ) ;
#4027 = EDGE_CURVE ( 'NONE', #5732, #3701, #2373, .T. ) ;
#4028 = ORIENTED_EDGE ( 'NONE', *, *, #1315, .F. ) ;
#4029 = VECTOR ( 'NONE', #1324, 39.37007874015748143 ) ;
#4030 = PLANE ( 'NONE',  #1764 ) ;
#4031 = CARTESIAN_POINT ( 'NONE',  ( 3.886879271373971267, 0.4767450500436776761, 0.000000000000000000 ) ) ;
#4032 = ORIENTED_EDGE ( 'NONE', *, *, #2744, .T. ) ;
#4033 = VECTOR ( 'NONE', #4850, 39.37007874015748143 ) ;
#4034 = VERTEX_POINT ( 'NONE', #63 ) ;
#4035 = LINE ( 'NONE', #1787, #1900 ) ;
#4036 = LINE ( 'NONE', #3617, #4510 ) ;
#4037 = VECTOR ( 'NONE', #3979, 39.37007874015748143 ) ;
#4038 = ORIENTED_EDGE ( 'NONE', *, *, #1951, .F. ) ;
#4039 = EDGE_CURVE ( 'NONE', #4781, #4217, #3732, .T. ) ;
#4040 = ORIENTED_EDGE ( 'NONE', *, *, #2093, .F. ) ;
#4041 = AXIS2_PLACEMENT_3D ( 'NONE', #1432, #986, #185 ) ;
#4042 = ORIENTED_EDGE ( 'NONE', *, *, #3939, .T. ) ;
#4043 = DIRECTION ( 'NONE',  ( 0.6211477802783058610, 0.7836934573258433900, 0.000000000000000000 ) ) ;
#4044 = DIRECTION ( 'NONE',  ( 0.000000000000000000, 0.000000000000000000, 1.000000000000000000 ) ) ;
#4045 = FACE_OUTER_BOUND ( 'NONE', #1652, .T. ) ;
#4046 = DATE_TIME_ROLE ( 'classification_date' ) ;
#4047 = LINE ( 'NONE', #2692, #4897 ) ;
#4048 = CARTESIAN_POINT ( 'NONE',  ( -0.3894572505819719477, -0.5920507194245610005, 0.9842519685039370358 ) ) ;
#4049 = VECTOR ( 'NONE', #3930, 39.37007874015748143 ) ;
#4050 = ADVANCED_FACE ( 'NONE', ( #3763 ), #1460, .T. ) ;
#4051 = ORIENTED_EDGE ( 'NONE', *, *, #3943, .F. ) ;
#4052 = ADVANCED_FACE ( 'NONE', ( #595 ), #1875, .T. ) ;
#4053 = VECTOR ( 'NONE', #5889, 39.37007874015748143 ) ;
#4054 = LINE ( 'NONE', #1190, #3439 ) ;
#4055 = ORIENTED_EDGE ( 'NONE', *, *, #73, .T. ) ;
#4056 = FACE_OUTER_BOUND ( 'NONE', #4998, .T. ) ;
#4057 = DIRECTION ( 'NONE',  ( -0.8813034520649754011, -0.4725507648690853157, 0.000000000000000000 ) ) ;
#4058 = CARTESIAN_POINT ( 'NONE',  ( 2.491528817477546287, 3.027461829221056888, -0.9842519685039370358 ) ) ;
#4059 = EDGE_CURVE ( 'NONE', #1599, #4332, #1844, .T. ) ;
#4060 = AXIS2_PLACEMENT_3D ( 'NONE', #3185, #2406, #4239 ) ;
#4061 = VERTEX_POINT ( 'NONE', #5461 ) ;
#4062 = EDGE_CURVE ( 'NONE', #91, #3289, #1369, .T. ) ;
#4063 = CARTESIAN_POINT ( 'NONE',  ( -0.2952755905511810774, 0.000000000000000000, 0.9842519685039370358 ) ) ;
#4064 = AXIS2_PLACEMENT_3D ( 'NONE', #2910, #110, #201 ) ;
#4065 = CARTESIAN_POINT ( 'NONE',  ( -2.321984220630407325, 2.827565790134550561, -0.9842519685039370358 ) ) ;
#4066 = ORIENTED_EDGE ( 'NONE', *, *, #4466, .F. ) ;
#4067 = DIRECTION ( 'NONE',  ( 0.000000000000000000, 0.000000000000000000, -1.000000000000000000 ) ) ;
#4068 = CARTESIAN_POINT ( 'NONE',  ( 2.520503077421349492, 3.024416511787275663, 0.000000000000000000 ) ) ;
#4069 = VERTEX_POINT ( 'NONE', #5017 ) ;
#4070 = ORIENTED_EDGE ( 'NONE', *, *, #918, .T. ) ;
#4071 = EDGE_CURVE ( 'NONE', #2470, #906, #4117, .T. ) ;
#4072 = EDGE_CURVE ( 'NONE', #754, #382, #30, .T. ) ;
#4073 = ORIENTED_EDGE ( 'NONE', *, *, #3967, .F. ) ;
#4074 = LINE ( 'NONE', #1350, #5430 ) ;
#4075 = PLANE ( 'NONE',  #1004 ) ;
#4076 = CARTESIAN_POINT ( 'NONE',  ( -3.635771949497371480, 1.454743497743118175, -0.9842519685039370358 ) ) ;
#4077 = CALENDAR_DATE ( 2025, 2, 4 ) ;
#4078 = FACE_OUTER_BOUND ( 'NONE', #568, .T. ) ;
#4079 = LINE ( 'NONE', #1301, #5197 ) ;
#4080 = ORIENTED_EDGE ( 'NONE', *, *, #2308, .T. ) ;
#4081 = CARTESIAN_POINT ( 'NONE',  ( 3.789430508301940836, -0.9875893558196664479, -0.9842519685039370358 ) ) ;
#4082 = VERTEX_POINT ( 'NONE', #2764 ) ;
#4083 = CARTESIAN_POINT ( 'NONE',  ( -0.2614224015898720666, -3.928318893370163600, -0.9842519685039370358 ) ) ;
#4084 = DIRECTION ( 'NONE',  ( 0.01047178411622601973, 0.9999451693655123652, -0.000000000000000000 ) ) ;
#4085 = PLANE ( 'NONE',  #1850 ) ;
#4086 = VERTEX_POINT ( 'NONE', #4596 ) ;
#4087 = EDGE_CURVE ( 'NONE', #1360, #3614, #503, .T. ) ;
#4088 = CARTESIAN_POINT ( 'NONE',  ( 2.097512746228380909, -3.331736976334037870, -0.9842519685039370358 ) ) ;
#4089 = CARTESIAN_POINT ( 'NONE',  ( 3.212578281954777903, 1.751022501485436811, -0.9842519685039370358 ) ) ;
#4090 = VERTEX_POINT ( 'NONE', #5222 ) ;
#4091 = LINE ( 'NONE', #5, #295 ) ;
#4092 = DIRECTION ( 'NONE',  ( -0.4632960351198595617, -0.8862035792312159543, 0.000000000000000000 ) ) ;
#4093 = CC_DESIGN_DATE_AND_TIME_ASSIGNMENT ( #3139, #4046, ( #864 ) ) ;
#4094 = ORIENTED_EDGE ( 'NONE', *, *, #5790, .F. ) ;
#4095 = EDGE_LOOP ( 'NONE', ( #2051, #1191, #2173, #38, #1663, #2049 ) ) ;
#4096 = VECTOR ( 'NONE', #5173, 39.37007874015748143 ) ;
#4097 = VERTEX_POINT ( 'NONE', #4358 ) ;
#4098 = CARTESIAN_POINT ( 'NONE',  ( -1.654523236393733221, 3.549319536645159534, -0.9842519685039370358 ) ) ;
#4099 = CARTESIAN_POINT ( 'NONE',  ( -3.634934338765077211, -5.525806714629228900, 0.9842519685039370358 ) ) ;
#4100 = CARTESIAN_POINT ( 'NONE',  ( 2.967784830495915127, 2.139857990212003624, -0.9842519685039370358 ) ) ;
#4101 = PERSON_AND_ORGANIZATION_ROLE ( 'design_supplier' ) ;
#4102 = CARTESIAN_POINT ( 'NONE',  ( -0.9163322455407851841, 3.730636634645136951, 0.000000000000000000 ) ) ;
#4103 = EDGE_CURVE ( 'NONE', #3045, #3214, #3852, .T. ) ;
#4105 = LINE ( 'NONE', #3659, #5288 ) ;
#4104 = VECTOR ( 'NONE', #4660, 39.37007874015748143 ) ;
#4106 = VERTEX_POINT ( 'NONE', #3396 ) ;
#4107 = EDGE_LOOP ( 'NONE', ( #3040, #423, #303, #3430 ) ) ;
#4108 = PLANE ( 'NONE',  #4210 ) ;
#4109 = EDGE_LOOP ( 'NONE', ( #4032, #2448, #4881, #5267 ) ) ;
#4110 = CARTESIAN_POINT ( 'NONE',  ( -2.865043435987260523, 2.676708255603866604, -0.9842519685039370358 ) ) ;
#4111 = EDGE_CURVE ( 'NONE', #4184, #4243, #4778, .T. ) ;
#4112 = CARTESIAN_POINT ( 'NONE',  ( 1.114020812259810311, 3.471291144755961788, 0.000000000000000000 ) ) ;
#4113 = EDGE_CURVE ( 'NONE', #698, #708, #345, .T. ) ;
#4114 = VECTOR ( 'NONE', #3209, 39.37007874015748854 ) ;
#4115 = FACE_OUTER_BOUND ( 'NONE', #211, .T. ) ;
#4116 = ORIENTED_EDGE ( 'NONE', *, *, #3491, .F. ) ;
#4117 = LINE ( 'NONE', #3673, #5014 ) ;
#4118 = CARTESIAN_POINT ( 'NONE',  ( 2.851323949116932877, 2.691318025225522881, 0.000000000000000000 ) ) ;
#4119 = EDGE_CURVE ( 'NONE', #501, #4017, #3883, .T. ) ;
#4120 = EDGE_LOOP ( 'NONE', ( #215, #646, #1230, #1819 ) ) ;
#4121 = VECTOR ( 'NONE', #554, 39.37007874015748143 ) ;
#4122 = EDGE_CURVE ( 'NONE', #1458, #5710, #5246, .T. ) ;
#4123 = DIRECTION ( 'NONE',  ( 0.000000000000000000, 0.000000000000000000, -1.000000000000000000 ) ) ;
#4124 = LINE ( 'NONE', #4157, #1742 ) ;
#4125 = AXIS2_PLACEMENT_3D ( 'NONE', #5833, #4578, #5474 ) ;
#4126 = VERTEX_POINT ( 'NONE', #4751 ) ;
#4127 = EDGE_LOOP ( 'NONE', ( #3475, #995, #10, #5122 ) ) ;
#4128 = DIRECTION ( 'NONE',  ( 0.000000000000000000, 0.000000000000000000, 1.000000000000000000 ) ) ;
#4129 = AXIS2_PLACEMENT_3D ( 'NONE', #818, #3078, #283 ) ;
#4130 = DIRECTION ( 'NONE',  ( -0.3778407868184642804, -0.9258705848099959557, 0.000000000000000000 ) ) ;
#4131 = CARTESIAN_POINT ( 'NONE',  ( -2.851323949116951528, -2.691318025225501565, 0.000000000000000000 ) ) ;
#4132 = DATE_AND_TIME ( #5088, #1439 ) ;
#4133 = EDGE_CURVE ( 'NONE', #2575, #3464, #2559, .T. ) ;
#4134 = DIRECTION ( 'NONE',  ( 0.1289222030105822148, 0.9916547108600343163, -0.000000000000000000 ) ) ;
#4135 = CARTESIAN_POINT ( 'NONE',  ( 0.7517099172480279368, 3.864578010646565254, -0.9842519685039370358 ) ) ;
#4136 = VECTOR ( 'NONE', #5888, 39.37007874015748854 ) ;
#4137 = AXIS2_PLACEMENT_3D ( 'NONE', #4539, #1755, #3154 ) ;
#4138 = ORIENTED_EDGE ( 'NONE', *, *, #2057, .T. ) ;
#4139 = ORIENTED_EDGE ( 'NONE', *, *, #4554, .F. ) ;
#4140 = DIRECTION ( 'NONE',  ( -0.8780440832604183843, -0.4785797612220678010, 0.000000000000000000 ) ) ;
#4141 = ORIENTED_EDGE ( 'NONE', *, *, #1064, .T. ) ;
#4142 = CARTESIAN_POINT ( 'NONE',  ( -1.451484836370075415, -3.556755017394658935, 0.000000000000000000 ) ) ;
#4143 = VECTOR ( 'NONE', #2168, 39.37007874015748143 ) ;
#4144 = DIRECTION ( 'NONE',  ( 0.000000000000000000, 0.000000000000000000, -1.000000000000000000 ) ) ;
#4145 = FACE_OUTER_BOUND ( 'NONE', #2312, .T. ) ;
#4146 = VERTEX_POINT ( 'NONE', #3012 ) ;
#4147 = VECTOR ( 'NONE', #1116, 39.37007874015748854 ) ;
#4148 = EDGE_CURVE ( 'NONE', #5427, #4567, #1631, .T. ) ;
#4149 = DIRECTION ( 'NONE',  ( 0.000000000000000000, 0.000000000000000000, 1.000000000000000000 ) ) ;
#4150 = EDGE_LOOP ( 'NONE', ( #3799, #4774, #2466, #809 ) ) ;
#4151 = CARTESIAN_POINT ( 'NONE',  ( 3.646204138890985380, 1.428394795045139887, -0.9842519685039370358 ) ) ;
#4152 = CARTESIAN_POINT ( 'NONE',  ( -2.485223221547316896, 3.026347939688987410, -0.9842519685039370358 ) ) ;
#4153 = EDGE_CURVE ( 'NONE', #3507, #2410, #5161, .T. ) ;
#4154 = ORIENTED_EDGE ( 'NONE', *, *, #489, .T. ) ;
#4155 = CIRCLE ( 'NONE', #4730, 0.3937007874015737707 ) ;
#4156 = DIRECTION ( 'NONE',  ( 0.000000000000000000, 0.000000000000000000, 1.000000000000000000 ) ) ;
#4157 = CARTESIAN_POINT ( 'NONE',  ( -2.844928467317112020, 2.691003219772601707, -0.9842519685039370358 ) ) ;
#4158 = VECTOR ( 'NONE', #1513, 39.37007874015748143 ) ;
#4159 = ORIENTED_EDGE ( 'NONE', *, *, #5581, .F. ) ;
#4160 = VERTEX_POINT ( 'NONE', #1163 ) ;
#4161 = CARTESIAN_POINT ( 'NONE',  ( 2.864327676106141585, 2.670345160624409520, -0.9842519685039370358 ) ) ;
#4162 = DIRECTION ( 'NONE',  ( 0.000000000000000000, 0.000000000000000000, 1.000000000000000000 ) ) ;
#4163 = CARTESIAN_POINT ( 'NONE',  ( -2.086324520973327434, 3.313965344743846408, -0.9842519685039370358 ) ) ;
#4164 = DATE_AND_TIME ( #1353, #1156 ) ;
#4165 = EDGE_CURVE ( 'NONE', #3044, #3758, #3456, .T. ) ;
#4166 = DIRECTION ( 'NONE',  ( 0.000000000000000000, 0.000000000000000000, 1.000000000000000000 ) ) ;
#4167 = FACE_OUTER_BOUND ( 'NONE', #286, .T. ) ;
#4168 = ORIENTED_EDGE ( 'NONE', *, *, #23, .T. ) ;
#4169 = ORIENTED_EDGE ( 'NONE', *, *, #4153, .F. ) ;
#4170 = DIRECTION ( 'NONE',  ( -0.9991228300988583833, 0.04187565372919953982, 0.000000000000000000 ) ) ;
#4171 = LINE ( 'NONE', #3359, #4504 ) ;
#4172 = DIRECTION ( 'NONE',  ( -0.000000000000000000, -0.000000000000000000, -1.000000000000000000 ) ) ;
#4173 = CARTESIAN_POINT ( 'NONE',  ( 1.678487988567899380, -3.543433228938410284, -0.9842519685039370358 ) ) ;
#4174 = ORIENTED_EDGE ( 'NONE', *, *, #2275, .F. ) ;
#4175 = DIRECTION ( 'NONE',  ( -0.1838258569393816655, 0.9829588263607493825, 0.000000000000000000 ) ) ;
#4176 = ORIENTED_EDGE ( 'NONE', *, *, #5297, .F. ) ;
#4177 = CARTESIAN_POINT ( 'NONE',  ( 3.176424590560685601, 2.290293241805331004, 0.000000000000000000 ) ) ;
#4178 = DIRECTION ( 'NONE',  ( 0.000000000000000000, 0.000000000000000000, 1.000000000000000000 ) ) ;
#4179 = ADVANCED_FACE ( 'NONE', ( #657 ), #1520, .T. ) ;
#4180 = ORIENTED_EDGE ( 'NONE', *, *, #5801, .F. ) ;
#4181 = CARTESIAN_POINT ( 'NONE',  ( -3.492853262546613102, -1.599153079067614280, 0.000000000000000000 ) ) ;
#4182 = DIRECTION ( 'NONE',  ( 0.5180270093731250691, 0.8553642601605097040, 0.000000000000000000 ) ) ;
#4183 = EDGE_LOOP ( 'NONE', ( #5019, #1053, #2972, #3796 ) ) ;
#4184 = VERTEX_POINT ( 'NONE', #1602 ) ;
#4185 = ORIENTED_EDGE ( 'NONE', *, *, #1815, .T. ) ;
#4186 = CARTESIAN_POINT ( 'NONE',  ( 0.04022762069299553461, 3.841314387355917681, 0.000000000000000000 ) ) ;
#4187 = PLANE ( 'NONE',  #3480 ) ;
#4188 = DIRECTION ( 'NONE',  ( 0.6211477802783058610, 0.7836934573258432790, -0.000000000000000000 ) ) ;
#4189 = CARTESIAN_POINT ( 'NONE',  ( 2.864327676106141585, 2.670345160624409520, -0.9842519685039370358 ) ) ;
#4190 = VECTOR ( 'NONE', #2902, 39.37007874015748143 ) ;
#4191 = ORIENTED_EDGE ( 'NONE', *, *, #23, .F. ) ;
#4192 = EDGE_CURVE ( 'NONE', #5802, #3822, #3421, .T. ) ;
#4193 = VERTEX_POINT ( 'NONE', #3366 ) ;
#4194 = CARTESIAN_POINT ( 'NONE',  ( -0.5000000000000000000, 6.123233995736766036E-17, -0.9842519685039370358 ) ) ;
#4195 = ADVANCED_FACE ( 'NONE', ( #5607 ), #1966, .T. ) ;
#4196 = DIRECTION ( 'NONE',  ( 0.3124561996892208371, 0.9499321677234484618, 0.000000000000000000 ) ) ;
#4197 = CARTESIAN_POINT ( 'NONE',  ( -3.645645426253484978, -0.01319120336470889360, 0.000000000000000000 ) ) ;
#4198 = SHAPE_REPRESENTATION_RELATIONSHIP ( 'NONE' , 'NONE' ,  #5789, #3205 ) ;
#4199 = VECTOR ( 'NONE', #3312, 39.37007874015748143 ) ;
#4200 = DIRECTION ( 'NONE',  ( 0.000000000000000000, 0.000000000000000000, 1.000000000000000000 ) ) ;
#4201 = LINE ( 'NONE', #2433, #2228 ) ;
#4202 = ORIENTED_EDGE ( 'NONE', *, *, #2979, .F. ) ;
#4203 = CC_DESIGN_SECURITY_CLASSIFICATION ( #3433, ( #5633 ) ) ;
#4204 = EDGE_CURVE ( 'NONE', #2720, #2122, #2078, .T. ) ;
#4205 = CARTESIAN_POINT ( 'NONE',  ( 2.844928467317130227, -2.691003219772580390, -0.9842519685039370358 ) ) ;
#4206 = ORIENTED_EDGE ( 'NONE', *, *, #5692, .F. ) ;
#4207 = FACE_OUTER_BOUND ( 'NONE', #4007, .T. ) ;
#4208 = EDGE_CURVE ( 'NONE', #4403, #682, #1076, .T. ) ;
#4209 = CARTESIAN_POINT ( 'NONE',  ( -0.2329879015075837501, 3.930107840481365411, 0.000000000000000000 ) ) ;
#4210 = AXIS2_PLACEMENT_3D ( 'NONE', #4529, #3272, #1008 ) ;
#4211 = ORIENTED_EDGE ( 'NONE', *, *, #5119, .F. ) ;
#4212 = FACE_OUTER_BOUND ( 'NONE', #3879, .T. ) ;
#4213 = CARTESIAN_POINT ( 'NONE',  ( 3.615245126993661628, 0.4700077164874497671, -0.9842519685039370358 ) ) ;
#4214 = EDGE_LOOP ( 'NONE', ( #1409, #4595, #3748, #3534 ) ) ;
#4215 = ORIENTED_EDGE ( 'NONE', *, *, #237, .T. ) ;
#4216 = VECTOR ( 'NONE', #3986, 39.37007874015748143 ) ;
#4217 = VERTEX_POINT ( 'NONE', #4720 ) ;
#4218 = CARTESIAN_POINT ( 'NONE',  ( 0.2157467967959711963, 3.639279860285746349, -0.9842519685039370358 ) ) ;
#4219 = FACE_OUTER_BOUND ( 'NONE', #66, .T. ) ;
#4220 = LINE ( 'NONE', #1977, #1459 ) ;
#4221 = DIRECTION ( 'NONE',  ( -0.1909343189810061014, -0.9816028147042260565, 0.000000000000000000 ) ) ;
#4222 = VECTOR ( 'NONE', #5118, 39.37007874015748854 ) ;
#4223 = EDGE_CURVE ( 'NONE', #5067, #5507, #629, .T. ) ;
#4224 = ORIENTED_EDGE ( 'NONE', *, *, #3496, .T. ) ;
#4225 = VECTOR ( 'NONE', #5770, 39.37007874015748854 ) ;
#4226 = ORIENTED_EDGE ( 'NONE', *, *, #900, .T. ) ;
#4227 = LINE ( 'NONE', #1981, #3294 ) ;
#4228 = CARTESIAN_POINT ( 'NONE',  ( -2.109362553940015150, 3.305121872449975129, -0.9842519685039370358 ) ) ;
#4229 = CARTESIAN_POINT ( 'NONE',  ( 2.952221833808782225, -2.161278617480526965, 0.000000000000000000 ) ) ;
#4230 = DIRECTION ( 'NONE',  ( 1.224646799147353207E-16, 1.000000000000000000, 0.000000000000000000 ) ) ;
#4231 = DIRECTION ( 'NONE',  ( 0.9859960370705060928, -0.1667687467160955395, 0.000000000000000000 ) ) ;
#4232 = ADVANCED_FACE ( 'NONE', ( #2467 ), #212, .T. ) ;
#4233 = FACE_OUTER_BOUND ( 'NONE', #3953, .T. ) ;
#4234 = VECTOR ( 'NONE', #2978, 39.37007874015748854 ) ;
#4235 = ORIENTED_EDGE ( 'NONE', *, *, #3310, .T. ) ;
#4236 = EDGE_CURVE ( 'NONE', #1536, #5694, #1719, .T. ) ;
#4237 = DIRECTION ( 'NONE',  ( 1.000000000000000000, 0.000000000000000000, 0.000000000000000000 ) ) ;
#4238 = ORIENTED_EDGE ( 'NONE', *, *, #5050, .F. ) ;
#4239 = DIRECTION ( 'NONE',  ( 0.9999934538535477646, -0.003618321441277383855, 0.000000000000000000 ) ) ;
#4240 = EDGE_CURVE ( 'NONE', #5881, #1625, #833, .T. ) ;
#4241 = DIRECTION ( 'NONE',  ( 0.6768759696826436301, -0.7360970871197500820, 0.000000000000000000 ) ) ;
#4242 = VECTOR ( 'NONE', #662, 39.37007874015748143 ) ;
#4243 = VERTEX_POINT ( 'NONE', #1334 ) ;
#4244 = CARTESIAN_POINT ( 'NONE',  ( -1.964572205751035749, 3.071052039643690890, -0.9842519685039370358 ) ) ;
#4245 = VECTOR ( 'NONE', #5530, 39.37007874015748143 ) ;
#4246 = CARTESIAN_POINT ( 'NONE',  ( 3.628255628666700261, -0.4716991747334620677, -0.9842519685039370358 ) ) ;
#4247 = ORIENTED_EDGE ( 'NONE', *, *, #3698, .T. ) ;
#4248 = ORIENTED_EDGE ( 'NONE', *, *, #1047, .T. ) ;
#4249 = VECTOR ( 'NONE', #3548, 39.37007874015748854 ) ;
#4250 = LINE ( 'NONE', #2449, #198 ) ;
#4251 = LINE ( 'NONE', #3017, #1950 ) ;
#4252 = CARTESIAN_POINT ( 'NONE',  ( 1.964572205751057288, -3.071052039643677567, 0.000000000000000000 ) ) ;
#4253 = CARTESIAN_POINT ( 'NONE',  ( -0.7198634713867139157, 3.849274333629763678, -0.9842519685039370358 ) ) ;
#4254 = VECTOR ( 'NONE', #2935, 39.37007874015748143 ) ;
#4255 = EDGE_CURVE ( 'NONE', #2575, #945, #3068, .T. ) ;
#4256 = ORIENTED_EDGE ( 'NONE', *, *, #4646, .T. ) ;
#4257 = VERTEX_POINT ( 'NONE', #2646 ) ;
#4258 = LINE ( 'NONE', #4194, #3738 ) ;
#4259 = DIRECTION ( 'NONE',  ( -0.1838258569393816655, 0.9829588263607493825, 0.000000000000000000 ) ) ;
#4260 = DIRECTION ( 'NONE',  ( -0.9925617027126568681, -0.1217426232186223506, 0.000000000000000000 ) ) ;
#4261 = DATE_AND_TIME ( #2430, #2191 ) ;
#4262 = LINE ( 'NONE', #5662, #350 ) ;
#4263 = PLANE ( 'NONE',  #514 ) ;
#4264 = VERTEX_POINT ( 'NONE', #891 ) ;
#4265 = LINE ( 'NONE', #182, #3064 ) ;
#4266 = VERTEX_POINT ( 'NONE', #3121 ) ;
#4267 = DIRECTION ( 'NONE',  ( 0.8111384944124558904, 0.5848541210270251645, 0.000000000000000000 ) ) ;
#4268 = CARTESIAN_POINT ( 'NONE',  ( -3.816837246426639574, -0.9652898188380080180, -0.9842519685039370358 ) ) ;
#4269 = UNCERTAINTY_MEASURE_WITH_UNIT (LENGTH_MEASURE( 1.000000000000000082E-05 ), #1423, 'distance_accuracy_value', 'NONE');
#4270 = ADVANCED_FACE ( 'NONE', ( #1307 ), #5369, .T. ) ;
#4271 = ORIENTED_EDGE ( 'NONE', *, *, #3615, .T. ) ;
#4272 = CYLINDRICAL_SURFACE ( 'NONE', #1529, 1.968503937007874072 ) ;
#4273 = DIRECTION ( 'NONE',  ( 0.8553642601605097040, -0.5180270093731250691, 0.000000000000000000 ) ) ;
#4274 = LINE ( 'NONE', #3402, #4338 ) ;
#4275 = ORIENTED_EDGE ( 'NONE', *, *, #5896, .F. ) ;
#4276 = ORIENTED_EDGE ( 'NONE', *, *, #2988, .T. ) ;
#4277 = DIRECTION ( 'NONE',  ( -0.9999451693655121431, 0.01047178411624809929, -0.000000000000000000 ) ) ;
#4278 = CC_DESIGN_PERSON_AND_ORGANIZATION_ASSIGNMENT ( #1325, #1773, ( #1535 ) ) ;
#4279 = DIRECTION ( 'NONE',  ( -0.000000000000000000, 0.000000000000000000, 1.000000000000000000 ) ) ;
#4280 = FACE_OUTER_BOUND ( 'NONE', #1547, .T. ) ;
#4281 = LINE ( 'NONE', #4703, #3558 ) ;
#4282 = EDGE_CURVE ( 'NONE', #268, #5255, #1666, .T. ) ;
#4283 = ORIENTED_EDGE ( 'NONE', *, *, #5715, .F. ) ;
#4284 = ORIENTED_EDGE ( 'NONE', *, *, #5223, .F. ) ;
#4285 = DIRECTION ( 'NONE',  ( -0.5388783372146411788, -0.8423836048266748477, 0.000000000000000000 ) ) ;
#4286 = DIRECTION ( 'NONE',  ( -0.000000000000000000, -0.000000000000000000, -1.000000000000000000 ) ) ;
#4287 = LINE ( 'NONE', #2396, #789 ) ;
#4288 = EDGE_CURVE ( 'NONE', #3162, #4785, #413, .T. ) ;
#4289 = PERSON_AND_ORGANIZATION ( #2281, #778 ) ;
#4290 = LINE ( 'NONE', #652, #3970 ) ;
#4291 = CARTESIAN_POINT ( 'NONE',  ( 2.333985849692230552, -2.800609689914965728, 0.000000000000000000 ) ) ;
#4292 = ORIENTED_EDGE ( 'NONE', *, *, #2805, .F. ) ;
#4293 = AXIS2_PLACEMENT_3D ( 'NONE', #5735, #2630, #4456 ) ;
#4294 = DIRECTION ( 'NONE',  ( -0.5533915492433514327, 0.8329212407100946569, -0.000000000000000000 ) ) ;
#4295 = EDGE_LOOP ( 'NONE', ( #3862, #1320, #2893, #466 ) ) ;
#4296 = CARTESIAN_POINT ( 'NONE',  ( 2.879688058885678359, 2.684665283340409658, -0.9842519685039370358 ) ) ;
#4297 = LINE ( 'NONE', #3422, #615 ) ;
#4298 = EDGE_CURVE ( 'NONE', #1113, #5091, #3968, .T. ) ;
#4299 = ORIENTED_EDGE ( 'NONE', *, *, #989, .F. ) ;
#4300 = LOCAL_TIME ( 11, 53, 13.00000000000000000, #2519 ) ;
#4301 = DIRECTION ( 'NONE',  ( -0.9521684133563804719, -0.3055737433196658581, 0.000000000000000000 ) ) ;
#4302 = EDGE_CURVE ( 'NONE', #2745, #316, #5815, .T. ) ;
#4303 = PLANE ( 'NONE',  #3182 ) ;
#4304 = ORIENTED_EDGE ( 'NONE', *, *, #3685, .F. ) ;
#4305 = ORIENTED_EDGE ( 'NONE', *, *, #2901, .T. ) ;
#4306 = EDGE_CURVE ( 'NONE', #5732, #590, #859, .T. ) ;
#4307 = VECTOR ( 'NONE', #5784, 39.37007874015748143 ) ;
#4308 = LINE ( 'NONE', #3743, #292 ) ;
#4309 = CARTESIAN_POINT ( 'NONE',  ( 0.2157467967959711963, 3.639279860285746349, -0.9842519685039370358 ) ) ;
#4310 = CARTESIAN_POINT ( 'NONE',  ( -0.5000000000000000000, 6.123233995736766036E-17, 0.6986614173228364866 ) ) ;
#4311 = VECTOR ( 'NONE', #2517, 39.37007874015748854 ) ;
#4312 = ORIENTED_EDGE ( 'NONE', *, *, #4330, .F. ) ;
#4313 = EDGE_CURVE ( 'NONE', #5285, #3190, #2671, .T. ) ;
#4314 = ORIENTED_EDGE ( 'NONE', *, *, #4554, .T. ) ;
#4315 = DIRECTION ( 'NONE',  ( 0.000000000000000000, 0.000000000000000000, 1.000000000000000000 ) ) ;
#4316 = VECTOR ( 'NONE', #5305, 39.37007874015748854 ) ;
#4317 = FACE_OUTER_BOUND ( 'NONE', #2719, .T. ) ;
#4318 = DIRECTION ( 'NONE',  ( 0.000000000000000000, 0.000000000000000000, 1.000000000000000000 ) ) ;
#4319 = LENGTH_MEASURE_WITH_UNIT ( LENGTH_MEASURE( 0.02539999999999999897 ), #5628 );
#4320 = CARTESIAN_POINT ( 'NONE',  ( 3.534391290191080337, -0.8938583722439459311, -0.9842519685039370358 ) ) ;
#4321 = FACE_OUTER_BOUND ( 'NONE', #674, .T. ) ;
#4322 = VECTOR ( 'NONE', #5592, 39.37007874015748854 ) ;
#4323 = VERTEX_POINT ( 'NONE', #4023 ) ;
#4324 = DIRECTION ( 'NONE',  ( 0.000000000000000000, 0.000000000000000000, -1.000000000000000000 ) ) ;
#4325 = VERTEX_POINT ( 'NONE', #4415 ) ;
#4326 = VECTOR ( 'NONE', #2151, 39.37007874015748143 ) ;
#4327 = CARTESIAN_POINT ( 'NONE',  ( -2.121568256750556269, -3.316470885144390479, 0.000000000000000000 ) ) ;
#4328 = CARTESIAN_POINT ( 'NONE',  ( -3.176712214369994403, 2.325624756304098373, -0.9842519685039370358 ) ) ;
#4329 = VECTOR ( 'NONE', #4796, 39.37007874015748143 ) ;
#4330 = EDGE_CURVE ( 'NONE', #4217, #3857, #3148, .T. ) ;
#4331 = VECTOR ( 'NONE', #3908, 39.37007874015748143 ) ;
#4332 = VERTEX_POINT ( 'NONE', #5842 ) ;
#4333 = DIRECTION ( 'NONE',  ( -0.9925617027126568681, -0.1217426232186223506, 0.000000000000000000 ) ) ;
#4334 = AXIS2_PLACEMENT_3D ( 'NONE', #3181, #4084, #4532 ) ;
#4335 = CARTESIAN_POINT ( 'NONE',  ( 0.2614224015898720666, 3.928318893370163600, -0.9842519685039370358 ) ) ;
#4336 = ORIENTED_EDGE ( 'NONE', *, *, #3704, .F. ) ;
#4337 = ORIENTED_EDGE ( 'NONE', *, *, #881, .T. ) ;
#4338 = VECTOR ( 'NONE', #1863, 39.37007874015748854 ) ;
#4339 = CIRCLE ( 'NONE', #1757, 0.5000000000000000000 ) ;
#4340 = CARTESIAN_POINT ( 'NONE',  ( 3.907723239026205331, 0.4793016662150773599, 0.000000000000000000 ) ) ;
#4341 = LINE ( 'NONE', #2991, #29 ) ;
#4342 = PLANE ( 'NONE',  #506 ) ;
#4343 = VECTOR ( 'NONE', #4421, 39.37007874015748143 ) ;
#4344 = VERTEX_POINT ( 'NONE', #1749 ) ;
#4345 = ORIENTED_EDGE ( 'NONE', *, *, #414, .F. ) ;
#4346 = EDGE_CURVE ( 'NONE', #316, #698, #3105, .T. ) ;
#4347 = VERTEX_POINT ( 'NONE', #3037 ) ;
#4348 = FACE_OUTER_BOUND ( 'NONE', #2595, .T. ) ;
#4349 = DIRECTION ( 'NONE',  ( 0.000000000000000000, 0.000000000000000000, 1.000000000000000000 ) ) ;
#4350 = CARTESIAN_POINT ( 'NONE',  ( 3.159767491679445151, -2.313219771552977644, 0.000000000000000000 ) ) ;
#4351 =( CONVERSION_BASED_UNIT ( 'INCH', #4319 ) LENGTH_UNIT ( ) NAMED_UNIT ( #2786 ) );
#4352 = CARTESIAN_POINT ( 'NONE',  ( -3.149606299212598604, 0.3149606299212594496, 0.000000000000000000 ) ) ;
#4353 = DIRECTION ( 'NONE',  ( -0.7431448254774002393, 0.6691306063588513542, -0.000000000000000000 ) ) ;
#4354 = VERTEX_POINT ( 'NONE', #4894 ) ;
#4355 = AXIS2_PLACEMENT_3D ( 'NONE', #4621, #5454, #4200 ) ;
#4356 = CARTESIAN_POINT ( 'NONE',  ( 2.491528817477546287, 3.027461829221056888, -0.9842519685039370358 ) ) ;
#4357 = ORIENTED_EDGE ( 'NONE', *, *, #5546, .F. ) ;
#4358 = CARTESIAN_POINT ( 'NONE',  ( -2.676187639391423900, -2.494946640143706595, 0.000000000000000000 ) ) ;
#4359 = CARTESIAN_POINT ( 'NONE',  ( -3.615245126993665625, -0.4700077164874228441, 0.000000000000000000 ) ) ;
#4360 = ORIENTED_EDGE ( 'NONE', *, *, #4753, .T. ) ;
#4361 = EDGE_CURVE ( 'NONE', #3473, #1305, #2226, .T. ) ;
#4362 = CARTESIAN_POINT ( 'NONE',  ( -1.202081876751667888, -3.732055752168870200, -0.9842519685039370358 ) ) ;
#4363 = EDGE_LOOP ( 'NONE', ( #4807, #2683, #2505, #480 ) ) ;
#4364 = EDGE_LOOP ( 'NONE', ( #4842, #4545 ) ) ;
#4365 = DIRECTION ( 'NONE',  ( -0.000000000000000000, 0.000000000000000000, -1.000000000000000000 ) ) ;
#4366 = CARTESIAN_POINT ( 'NONE',  ( -3.631574120736964062, -0.4454306051332427852, -0.9842519685039370358 ) ) ;
#4367 = CARTESIAN_POINT ( 'NONE',  ( 3.631574120736961397, 0.4454306051332688754, -0.9842519685039370358 ) ) ;
#4368 = ORIENTED_EDGE ( 'NONE', *, *, #4027, .T. ) ;
#4369 = ADVANCED_FACE ( 'NONE', ( #5873, #1780 ), #3488, .T. ) ;
#4370 = VERTEX_POINT ( 'NONE', #776 ) ;
#4371 = ORIENTED_EDGE ( 'NONE', *, *, #4715, .F. ) ;
#4372 = CARTESIAN_POINT ( 'NONE',  ( -3.796478068656880200, -0.9601409204825802624, -0.9842519685039370358 ) ) ;
#4373 = LINE ( 'NONE', #5806, #591 ) ;
#4374 = CARTESIAN_POINT ( 'NONE',  ( -3.915982066072372980, 0.01416937462815733191, -0.9842519685039370358 ) ) ;
#4375 = DATE_AND_TIME ( #740, #4965 ) ;
#4376 = FACE_OUTER_BOUND ( 'NONE', #3316, .T. ) ;
#4377 = CARTESIAN_POINT ( 'NONE',  ( -0.2600279630001867126, -3.907365067591686003, -0.9842519685039370358 ) ) ;
#4378 = ADVANCED_FACE ( 'NONE', ( #2587 ), #807, .T. ) ;
#4379 = EDGE_LOOP ( 'NONE', ( #3486, #4399, #99, #3807 ) ) ;
#4380 = ADVANCED_FACE ( 'NONE', ( #4559 ), #2792, .F. ) ;
#4381 = PLANE ( 'NONE',  #2770 ) ;
#4382 = ORIENTED_EDGE ( 'NONE', *, *, #2560, .T. ) ;
#4383 = DIRECTION ( 'NONE',  ( 0.000000000000000000, 0.000000000000000000, 1.000000000000000000 ) ) ;
#4384 = CARTESIAN_POINT ( 'NONE',  ( 2.097512746228380909, -3.331736976334037870, -0.9842519685039370358 ) ) ;
#4385 = PLANE ( 'NONE',  #1651 ) ;
#4386 = VECTOR ( 'NONE', #5258, 39.37007874015748854 ) ;
#4387 = APPROVAL ( #378, 'UNSPECIFIED' ) ;
#4388 = VERTEX_POINT ( 'NONE', #57 ) ;
#4389 = EDGE_CURVE ( 'NONE', #569, #1883, #1835, .T. ) ;
#4390 = DIRECTION ( 'NONE',  ( 0.3288666467385841785, -0.9443763702374806668, -0.000000000000000000 ) ) ;
#4391 = VECTOR ( 'NONE', #2348, 39.37007874015748143 ) ;
#4392 = DIRECTION ( 'NONE',  ( 0.9781476007338041345, 0.2079116908177665868, -0.000000000000000000 ) ) ;
#4393 = ORIENTED_EDGE ( 'NONE', *, *, #4466, .T. ) ;
#4394 = EDGE_LOOP ( 'NONE', ( #2557, #2975, #4804, #5846 ) ) ;
#4395 = CC_DESIGN_SECURITY_CLASSIFICATION ( #2765, ( #1622 ) ) ;
#4396 = LINE ( 'NONE', #1204, #1803 ) ;
#4397 = DIRECTION ( 'NONE',  ( 0.000000000000000000, 0.000000000000000000, 1.000000000000000000 ) ) ;
#4398 = CARTESIAN_POINT ( 'NONE',  ( -0.2420771438722214564, 3.637623295260771439, -0.9842519685039370358 ) ) ;
#4399 = ORIENTED_EDGE ( 'NONE', *, *, #3042, .F. ) ;
#4400 = VECTOR ( 'NONE', #1098, 39.37007874015748143 ) ;
#4401 = ORIENTED_EDGE ( 'NONE', *, *, #5172, .T. ) ;
#4402 = ADVANCED_FACE ( 'NONE', ( #1424 ), #5574, .F. ) ;
#4403 = VERTEX_POINT ( 'NONE', #1361 ) ;
#4404 = CARTESIAN_POINT ( 'NONE',  ( -2.851323949116951528, -2.691318025225501565, -0.9842519685039370358 ) ) ;
#4405 = LINE ( 'NONE', #2549, #2390 ) ;
#4406 = FACE_OUTER_BOUND ( 'NONE', #5782, .T. ) ;
#4407 = APPROVAL_DATE_TIME ( #5834, #4387 ) ;
#4408 = EDGE_CURVE ( 'NONE', #2525, #4264, #2251, .T. ) ;
#4409 = DIRECTION ( 'NONE',  ( 0.7431448254773955764, -0.6691306063588566833, -0.000000000000000000 ) ) ;
#4410 = VECTOR ( 'NONE', #4315, 39.37007874015748143 ) ;
#4411 = ORIENTED_EDGE ( 'NONE', *, *, #1462, .F. ) ;
#4412 = DIRECTION ( 'NONE',  ( -0.6402077816650285635, -0.7682017939939629336, 0.000000000000000000 ) ) ;
#4413 = ORIENTED_EDGE ( 'NONE', *, *, #4990, .T. ) ;
#4414 = DIRECTION ( 'NONE',  ( -0.2689198206152767501, 0.9631625667976551064, 0.000000000000000000 ) ) ;
#4415 = CARTESIAN_POINT ( 'NONE',  ( -3.915982066072372980, 0.01416937462815733191, 0.000000000000000000 ) ) ;
#4416 = CARTESIAN_POINT ( 'NONE',  ( -1.949286717914295641, 3.096291379983275416, -0.9842519685039370358 ) ) ;
#4417 = VECTOR ( 'NONE', #2008, 39.37007874015748854 ) ;
#4418 = VECTOR ( 'NONE', #2993, 39.37007874015748143 ) ;
#4419 = ORIENTED_EDGE ( 'NONE', *, *, #3100, .T. ) ;
#4420 = ADVANCED_FACE ( 'NONE', ( #1486 ), #3696, .F. ) ;
#4421 = DIRECTION ( 'NONE',  ( 0.000000000000000000, 0.000000000000000000, -1.000000000000000000 ) ) ;
#4422 = DIRECTION ( 'NONE',  ( -0.6768759696826858185, 0.7360970871197113352, 0.000000000000000000 ) ) ;
#4423 = VECTOR ( 'NONE', #5762, 39.37007874015748143 ) ;
#4424 = ORIENTED_EDGE ( 'NONE', *, *, #3817, .T. ) ;
#4425 = VERTEX_POINT ( 'NONE', #467 ) ;
#4426 = CARTESIAN_POINT ( 'NONE',  ( 2.498550600357383633, -3.042577180206898824, -0.9842519685039370358 ) ) ;
#4427 = VECTOR ( 'NONE', #3006, 39.37007874015748854 ) ;
#4428 = LINE ( 'NONE', #1701, #3362 ) ;
#4429 = CARTESIAN_POINT ( 'NONE',  ( -0.6985884400707047526, -3.591477858736622952, -0.9842519685039370358 ) ) ;
#4430 = ORIENTED_EDGE ( 'NONE', *, *, #1364, .F. ) ;
#4431 = VECTOR ( 'NONE', #3730, 39.37007874015748143 ) ;
#4432 = ORIENTED_EDGE ( 'NONE', *, *, #4192, .F. ) ;
#4433 = VERTEX_POINT ( 'NONE', #3667 ) ;
#4434 = LINE ( 'NONE', #4372, #1273 ) ;
#4435 = LINE ( 'NONE', #2637, #5450 ) ;
#4436 = CARTESIAN_POINT ( 'NONE',  ( 1.949286717914318734, -3.096291379983260317, -0.9842519685039370358 ) ) ;
#4437 = COORDINATED_UNIVERSAL_TIME_OFFSET ( 7, 0, .BEHIND. ) ;
#4438 = ADVANCED_FACE ( 'NONE', ( #5127 ), #1897, .T. ) ;
#4439 = DIRECTION ( 'NONE',  ( 0.9945218953682736229, -0.1045284632676500569, -0.000000000000000000 ) ) ;
#4440 = EDGE_CURVE ( 'NONE', #1294, #2423, #2757, .T. ) ;
#4441 = EDGE_CURVE ( 'NONE', #3521, #1629, #3303, .T. ) ;
#4442 = ORIENTED_EDGE ( 'NONE', *, *, #886, .T. ) ;
#4443 = VECTOR ( 'NONE', #811, 39.37007874015748854 ) ;
#4444 = CARTESIAN_POINT ( 'NONE',  ( -1.850393700787403617, 0.000000000000000000, 0.7086614173228346081 ) ) ;
#4445 = VERTEX_POINT ( 'NONE', #3755 ) ;
#4446 = LINE ( 'NONE', #1331, #4775 ) ;
#4447 = DIRECTION ( 'NONE',  ( -0.9997806834748452776, -0.02094241988336797630, 0.000000000000000000 ) ) ;
#4448 = LINE ( 'NONE', #5012, #4525 ) ;
#4449 = VECTOR ( 'NONE', #948, 39.37007874015748143 ) ;
#4450 = ORIENTED_EDGE ( 'NONE', *, *, #1694, .T. ) ;
#4451 = LINE ( 'NONE', #5375, #4533 ) ;
#4452 = FACE_OUTER_BOUND ( 'NONE', #4295, .T. ) ;
#4453 = EDGE_LOOP ( 'NONE', ( #2909, #1814, #663, #2065 ) ) ;
#4454 = VERTEX_POINT ( 'NONE', #2701 ) ;
#4455 = EDGE_CURVE ( 'NONE', #4433, #2908, #1011, .T. ) ;
#4456 = DIRECTION ( 'NONE',  ( 1.000000000000000000, 0.000000000000000000, 0.000000000000000000 ) ) ;
#4457 = FACE_OUTER_BOUND ( 'NONE', #443, .T. ) ;
#4458 = ORIENTED_EDGE ( 'NONE', *, *, #5639, .T. ) ;
#4459 = ORIENTED_EDGE ( 'NONE', *, *, #5516, .T. ) ;
#4460 = CC_DESIGN_PERSON_AND_ORGANIZATION_ASSIGNMENT ( #3539, #4611, ( #2409 ) ) ;
#4461 = ORIENTED_EDGE ( 'NONE', *, *, #4671, .T. ) ;
#4462 = CARTESIAN_POINT ( 'NONE',  ( 0.000000000000000000, 0.000000000000000000, -0.9842519685039370358 ) ) ;
#4463 = DIRECTION ( 'NONE',  ( -0.9945218953682745111, 0.1045284632676427017, -0.000000000000000000 ) ) ;
#4464 = CARTESIAN_POINT ( 'NONE',  ( 3.915982066072373868, -0.01416937462812822672, -0.9842519685039370358 ) ) ;
#4465 = CALENDAR_DATE ( 2025, 2, 4 ) ;
#4466 = EDGE_CURVE ( 'NONE', #5568, #2336, #5065, .T. ) ;
#4467 = CARTESIAN_POINT ( 'NONE',  ( 3.396960491656520809, -1.359190360663478980, 0.000000000000000000 ) ) ;
#4468 = ORIENTED_EDGE ( 'NONE', *, *, #1721, .F. ) ;
#4469 = LINE ( 'NONE', #773, #1255 ) ;
#4470 = EDGE_LOOP ( 'NONE', ( #4500, #2211, #3889, #743 ) ) ;
#4471 = PLANE ( 'NONE',  #861 ) ;
#4472 = DIRECTION ( 'NONE',  ( 0.8660254037844360431, 0.5000000000000043299, 0.000000000000000000 ) ) ;
#4473 = LINE ( 'NONE', #4058, #3859 ) ;
#4474 = ORIENTED_EDGE ( 'NONE', *, *, #3919, .T. ) ;
#4475 = DIRECTION ( 'NONE',  ( 0.000000000000000000, 0.000000000000000000, 1.000000000000000000 ) ) ;
#4476 = DIRECTION ( 'NONE',  ( 0.000000000000000000, 0.000000000000000000, -1.000000000000000000 ) ) ;
#4477 = EDGE_CURVE ( 'NONE', #2189, #4370, #1112, .T. ) ;
#4478 = AXIS2_PLACEMENT_3D ( 'NONE', #5883, #5497, #1405 ) ;
#4479 = ORIENTED_EDGE ( 'NONE', *, *, #4583, .T. ) ;
#4480 = VERTEX_POINT ( 'NONE', #1453 ) ;
#4481 = VECTOR ( 'NONE', #3487, 39.37007874015748143 ) ;
#4482 = LINE ( 'NONE', #4961, #1435 ) ;
#4483 = EDGE_CURVE ( 'NONE', #3152, #2854, #4531, .T. ) ;
#4484 = DIRECTION ( 'NONE',  ( 0.2890317969444651247, 0.9573194975320691302, -0.000000000000000000 ) ) ;
#4485 = EDGE_CURVE ( 'NONE', #3662, #3521, #5900, .T. ) ;
#4486 = VERTEX_POINT ( 'NONE', #5096 ) ;
#4487 = ORIENTED_EDGE ( 'NONE', *, *, #344, .T. ) ;
#4488 = VECTOR ( 'NONE', #1106, 39.37007874015748143 ) ;
#4489 = ORIENTED_EDGE ( 'NONE', *, *, #3943, .T. ) ;
#4490 = CARTESIAN_POINT ( 'NONE',  ( -2.855803267411598956, 0.6957765282587463629, 0.9842519685039370358 ) ) ;
#4491 = FACE_OUTER_BOUND ( 'NONE', #3425, .T. ) ;
#4492 = FACE_OUTER_BOUND ( 'NONE', #4557, .T. ) ;
#4493 = PERSON_AND_ORGANIZATION_ROLE ( 'design_supplier' ) ;
#4494 = CARTESIAN_POINT ( 'NONE',  ( 1.196629132011961749, -3.728698839192850389, -0.9842519685039370358 ) ) ;
#4495 = ORIENTED_EDGE ( 'NONE', *, *, #5183, .F. ) ;
#4496 = EDGE_CURVE ( 'NONE', #821, #564, #1804, .T. ) ;
#4497 = VECTOR ( 'NONE', #3510, 39.37007874015748854 ) ;
#4498 = AXIS2_PLACEMENT_3D ( 'NONE', #2395, #231, #3784 ) ;
#4499 = CARTESIAN_POINT ( 'NONE',  ( -1.569805223055889210, -3.304913097202750283, 0.000000000000000000 ) ) ;
#4500 = ORIENTED_EDGE ( 'NONE', *, *, #3772, .T. ) ;
#4501 = FACE_OUTER_BOUND ( 'NONE', #512, .T. ) ;
#4502 = DIRECTION ( 'NONE',  ( -1.000000000000000000, 0.000000000000000000, 0.000000000000000000 ) ) ;
#4503 = DIRECTION ( 'NONE',  ( -0.6996633405133643180, 0.7144726796328044749, 0.000000000000000000 ) ) ;
#4504 = VECTOR ( 'NONE', #5185, 39.37007874015748854 ) ;
#4505 = ORIENTED_EDGE ( 'NONE', *, *, #1913, .F. ) ;
#4506 = VECTOR ( 'NONE', #14, 39.37007874015748143 ) ;
#4507 = PLANE ( 'NONE',  #1198 ) ;
#4508 = DIRECTION ( 'NONE',  ( 0.000000000000000000, 0.000000000000000000, 1.000000000000000000 ) ) ;
#4509 = EDGE_CURVE ( 'NONE', #1552, #268, #3636, .T. ) ;
#4510 = VECTOR ( 'NONE', #4484, 39.37007874015748854 ) ;
#4511 = ORIENTED_EDGE ( 'NONE', *, *, #2247, .T. ) ;
#4512 = CARTESIAN_POINT ( 'NONE',  ( 1.678487988567899380, -3.543433228938410284, 0.000000000000000000 ) ) ;
#4513 = LINE ( 'NONE', #5047, #5562 ) ;
#4514 = VECTOR ( 'NONE', #777, 39.37007874015748854 ) ;
#4515 = EDGE_LOOP ( 'NONE', ( #1391, #5042, #1931, #3175 ) ) ;
#4516 = ORIENTED_EDGE ( 'NONE', *, *, #5107, .T. ) ;
#4517 = AXIS2_PLACEMENT_3D ( 'NONE', #924, #1836, #2196 ) ;
#4518 = ORIENTED_EDGE ( 'NONE', *, *, #4153, .T. ) ;
#4519 = CARTESIAN_POINT ( 'NONE',  ( -2.600235973385654376, 2.827735377768792802, 0.000000000000000000 ) ) ;
#4520 = DIRECTION ( 'NONE',  ( -0.9973144772244600942, 0.07323819712760465395, 0.000000000000000000 ) ) ;
#4521 = DIRECTION ( 'NONE',  ( 0.8386705679454279361, -0.5446390350150212001, 0.000000000000000000 ) ) ;
#4522 = CONTEXT_DEPENDENT_SHAPE_REPRESENTATION ( #670, #612 ) ;
#4523 = DIRECTION ( 'NONE',  ( -0.7637960286346457961, 0.6454576877239461830, 0.000000000000000000 ) ) ;
#4524 = LINE ( 'NONE', #800, #240 ) ;
#4525 = VECTOR ( 'NONE', #5370, 39.37007874015748854 ) ;
#4526 = ORIENTED_EDGE ( 'NONE', *, *, #872, .F. ) ;
#4527 = EDGE_CURVE ( 'NONE', #840, #1679, #5037, .T. ) ;
#4528 = VECTOR ( 'NONE', #1197, 39.37007874015748854 ) ;
#4529 = CARTESIAN_POINT ( 'NONE',  ( -2.864327676106160236, -2.670345160624388203, -0.9842519685039370358 ) ) ;
#4530 = CARTESIAN_POINT ( 'NONE',  ( -1.223580884155805570, -3.719941684073323707, -0.9842519685039370358 ) ) ;
#4531 = LINE ( 'NONE', #444, #441 ) ;
#4532 = DIRECTION ( 'NONE',  ( 0.000000000000000000, 0.000000000000000000, 1.000000000000000000 ) ) ;
#4533 = VECTOR ( 'NONE', #364, 39.37007874015748143 ) ;
#4534 = ADVANCED_FACE ( 'NONE', ( #2017 ), #5187, .T. ) ;
#4535 = CARTESIAN_POINT ( 'NONE',  ( 1.968503937007874072, 2.410722045565655947E-16, 0.5905511811023637092 ) ) ;
#4536 = ORIENTED_EDGE ( 'NONE', *, *, #1533, .F. ) ;
#4537 = FACE_OUTER_BOUND ( 'NONE', #2474, .T. ) ;
#4538 = VECTOR ( 'NONE', #4472, 39.37007874015748143 ) ;
#4539 = CARTESIAN_POINT ( 'NONE',  ( 2.110251718344210214, 3.298780683556140403, -0.9842519685039370358 ) ) ;
#4540 = ORIENTED_EDGE ( 'NONE', *, *, #2718, .F. ) ;
#4541 = EDGE_CURVE ( 'NONE', #1881, #4193, #205, .T. ) ;
#4542 = DIRECTION ( 'NONE',  ( 0.000000000000000000, 0.000000000000000000, 1.000000000000000000 ) ) ;
#4543 = DIRECTION ( 'NONE',  ( 0.000000000000000000, 0.000000000000000000, 1.000000000000000000 ) ) ;
#4544 = ORIENTED_EDGE ( 'NONE', *, *, #4408, .F. ) ;
#4545 = ORIENTED_EDGE ( 'NONE', *, *, #4738, .T. ) ;
#4546 = EDGE_CURVE ( 'NONE', #3271, #431, #4801, .T. ) ;
#4547 = EDGE_LOOP ( 'NONE', ( #1328, #3592, #3441, #3317 ) ) ;
#4548 = CARTESIAN_POINT ( 'NONE',  ( -3.641834205707319416, -1.452681862574085159, -0.9842519685039370358 ) ) ;
#4549 = CARTESIAN_POINT ( 'NONE',  ( 3.796478068656873539, 0.9601409204826065746, -0.9842519685039370358 ) ) ;
#4550 = CARTESIAN_POINT ( 'NONE',  ( -1.680164903353896566, -3.537253484062966802, -0.9842519685039370358 ) ) ;
#4551 = COORDINATED_UNIVERSAL_TIME_OFFSET ( 7, 0, .BEHIND. ) ;
#4552 = LINE ( 'NONE', #1416, #795 ) ;
#4553 = DIRECTION ( 'NONE',  ( 0.000000000000000000, 0.000000000000000000, 1.000000000000000000 ) ) ;
#4554 = EDGE_CURVE ( 'NONE', #339, #2575, #4290, .T. ) ;
#4555 = EDGE_LOOP ( 'NONE', ( #2382, #4489, #1178, #3692 ) ) ;
#4556 = CARTESIAN_POINT ( 'NONE',  ( 1.942296803007413031, 3.085188440085361083, -0.9842519685039370358 ) ) ;
#4557 = EDGE_LOOP ( 'NONE', ( #5856, #2554, #981, #1087 ) ) ;
#4558 = LINE ( 'NONE', #5512, #3427 ) ;
#4559 = FACE_OUTER_BOUND ( 'NONE', #3869, .T. ) ;
#4560 = EDGE_CURVE ( 'NONE', #4941, #5324, #5240, .T. ) ;
#4561 = DIRECTION ( 'NONE',  ( -1.000000000000000000, 0.000000000000000000, 0.000000000000000000 ) ) ;
#4562 = ADVANCED_FACE ( 'NONE', ( #2488 ), #2432, .F. ) ;
#4563 = CARTESIAN_POINT ( 'NONE',  ( 0.1850914000094958101, 0.6840629927459395132, 0.9842519685039370358 ) ) ;
#4564 = ORIENTED_EDGE ( 'NONE', *, *, #2828, .T. ) ;
#4565 = DIRECTION ( 'NONE',  ( 0.000000000000000000, 0.000000000000000000, -1.000000000000000000 ) ) ;
#4566 = DIRECTION ( 'NONE',  ( 0.04187565372919254542, 0.9991228300988586053, -0.000000000000000000 ) ) ;
#4567 = VERTEX_POINT ( 'NONE', #5601 ) ;
#4568 = ADVANCED_FACE ( 'NONE', ( #2459 ), #2968, .T. ) ;
#4569 = CARTESIAN_POINT ( 'NONE',  ( 1.143211394872535092, 3.475601634973348730, -0.9842519685039370358 ) ) ;
#4570 = CARTESIAN_POINT ( 'NONE',  ( -0.2614224015898720666, -3.928318893370163600, -0.9842519685039370358 ) ) ;
#4571 = ORIENTED_EDGE ( 'NONE', *, *, #2616, .T. ) ;
#4572 = ORIENTED_EDGE ( 'NONE', *, *, #2100, .F. ) ;
#4573 = ORIENTED_EDGE ( 'NONE', *, *, #4694, .F. ) ;
#4574 = VECTOR ( 'NONE', #3047, 39.37007874015748143 ) ;
#4575 = ORIENTED_EDGE ( 'NONE', *, *, #3919, .F. ) ;
#4576 = DIRECTION ( 'NONE',  ( -0.7360970871197500820, -0.6768759696826436301, 0.000000000000000000 ) ) ;
#4577 = CARTESIAN_POINT ( 'NONE',  ( 3.886879271373971267, 0.4767450500436776761, -0.9842519685039370358 ) ) ;
#4578 = DIRECTION ( 'NONE',  ( 0.9032805229956994975, -0.4290504594760570778, 0.000000000000000000 ) ) ;
#4579 = DATE_AND_TIME ( #5864, #4782 ) ;
#4580 = DIRECTION ( 'NONE',  ( 0.000000000000000000, 0.000000000000000000, 1.000000000000000000 ) ) ;
#4582 = DIRECTION ( 'NONE',  ( -0.9372819894918947847, 0.3485720473218061888, -0.000000000000000000 ) ) ;
#4581 = VECTOR ( 'NONE', #3966, 39.37007874015748143 ) ;
#4583 = EDGE_CURVE ( 'NONE', #2512, #4781, #4262, .T. ) ;
#4584 = ORIENTED_EDGE ( 'NONE', *, *, #88, .T. ) ;
#4585 = CC_DESIGN_APPROVAL ( #1901, ( #1622 ) ) ;
#4586 = ORIENTED_EDGE ( 'NONE', *, *, #1281, .T. ) ;
#4587 = EDGE_CURVE ( 'NONE', #373, #1107, #2881, .T. ) ;
#4588 = FACE_OUTER_BOUND ( 'NONE', #2391, .T. ) ;
#4589 = LINE ( 'NONE', #3478, #2876 ) ;
#4590 = CARTESIAN_POINT ( 'NONE',  ( 0.000000000000000000, 0.000000000000000000, 0.000000000000000000 ) ) ;
#4591 = CARTESIAN_POINT ( 'NONE',  ( 3.886879271373971267, 0.4767450500436776761, -0.9842519685039370358 ) ) ;
#4592 = CARTESIAN_POINT ( 'NONE',  ( 3.176424590560685601, 2.290293241805331004, -0.9842519685039370358 ) ) ;
#4593 = VERTEX_POINT ( 'NONE', #2939 ) ;
#4594 = CARTESIAN_POINT ( 'NONE',  ( -3.149606299212598604, 0.08661417322834606691, 0.000000000000000000 ) ) ;
#4595 = ORIENTED_EDGE ( 'NONE', *, *, #3170, .T. ) ;
#4596 = CARTESIAN_POINT ( 'NONE',  ( -1.143211394872559739, -3.475601634973340293, 0.000000000000000000 ) ) ;
#4597 = LINE ( 'NONE', #504, #2990 ) ;
#4598 = VECTOR ( 'NONE', #1923, 39.37007874015748854 ) ;
#4599 = EDGE_LOOP ( 'NONE', ( #1272, #856, #1342, #5754 ) ) ;
#4600 = EDGE_CURVE ( 'NONE', #733, #4106, #714, .T. ) ;
#4601 = AXIS2_PLACEMENT_3D ( 'NONE', #232, #1684, #5687 ) ;
#4602 = PLANE ( 'NONE',  #5241 ) ;
#4603 = CARTESIAN_POINT ( 'NONE',  ( -2.941635510506599438, -2.153528524337615213, -0.9842519685039370358 ) ) ;
#4604 = AXIS2_PLACEMENT_3D ( 'NONE', #4790, #2088, #196 ) ;
#4605 = ORIENTED_EDGE ( 'NONE', *, *, #508, .T. ) ;
#4606 = VERTEX_POINT ( 'NONE', #1038 ) ;
#4607 = CARTESIAN_POINT ( 'NONE',  ( -0.7198634713867139157, 3.849274333629763678, 0.000000000000000000 ) ) ;
#4608 = VECTOR ( 'NONE', #1345, 39.37007874015748854 ) ;
#4609 = PLANE ( 'NONE',  #816 ) ;
#4610 = FACE_OUTER_BOUND ( 'NONE', #4547, .T. ) ;
#4611 = PERSON_AND_ORGANIZATION_ROLE ( 'creator' ) ;
#4612 = LINE ( 'NONE', #520, #3846 ) ;
#4613 = DIRECTION ( 'NONE',  ( 0.000000000000000000, 0.000000000000000000, -1.000000000000000000 ) ) ;
#4614 = AXIS2_PLACEMENT_3D ( 'NONE', #1906, #1993, #1494 ) ;
#4615 = ORIENTED_EDGE ( 'NONE', *, *, #2289, .F. ) ;
#4616 = ORIENTED_EDGE ( 'NONE', *, *, #3449, .F. ) ;
#4617 = DIRECTION ( 'NONE',  ( -0.4909037536151313330, -0.8712138111201949142, 0.000000000000000000 ) ) ;
#4618 = CARTESIAN_POINT ( 'NONE',  ( -3.540526166488271453, 0.9227206959896865346, 0.000000000000000000 ) ) ;
#4619 = ADVANCED_FACE ( 'NONE', ( #2521 ), #177, .T. ) ;
#4620 = VECTOR ( 'NONE', #235, 39.37007874015748143 ) ;
#4621 = CARTESIAN_POINT ( 'NONE',  ( -3.646204138890994706, -1.428394795045114352, -0.9842519685039370358 ) ) ;
#4622 = LINE ( 'NONE', #1039, #5854 ) ;
#4623 = ORIENTED_EDGE ( 'NONE', *, *, #4823, .F. ) ;
#4624 = AXIS2_PLACEMENT_3D ( 'NONE', #1491, #500, #4175 ) ;
#4625 = DIRECTION ( 'NONE',  ( -0.8111384944124599983, -0.5848541210270195023, 0.000000000000000000 ) ) ;
#4626 = VERTEX_POINT ( 'NONE', #1101 ) ;
#4627 = DIRECTION ( 'NONE',  ( -0.2451836139848538043, 0.9694766605923662572, 0.000000000000000000 ) ) ;
#4628 = LINE ( 'NONE', #2497, #4331 ) ;
#4629 = VECTOR ( 'NONE', #4279, 39.37007874015748143 ) ;
#4630 = ORIENTED_EDGE ( 'NONE', *, *, #3980, .T. ) ;
#4631 = PLANE ( 'NONE',  #2091 ) ;
#4632 = DIRECTION ( 'NONE',  ( -0.5327682375420023098, 0.8462611919888496370, 0.000000000000000000 ) ) ;
#4633 = EDGE_CURVE ( 'NONE', #5103, #759, #2849, .T. ) ;
#4634 = VECTOR ( 'NONE', #5272, 39.37007874015748854 ) ;
#4635 = ORIENTED_EDGE ( 'NONE', *, *, #181, .F. ) ;
#4636 = ORIENTED_EDGE ( 'NONE', *, *, #1905, .F. ) ;
#4637 = ORIENTED_EDGE ( 'NONE', *, *, #4823, .T. ) ;
#4638 = EDGE_CURVE ( 'NONE', #5802, #590, #680, .T. ) ;
#4639 = CARTESIAN_POINT ( 'NONE',  ( -3.424775095144347858, 1.898955465685492117, -0.9842519685039370358 ) ) ;
#4640 = CARTESIAN_POINT ( 'NONE',  ( -3.440703102058737972, 1.880107214813813155, -0.9842519685039370358 ) ) ;
#4641 = CARTESIAN_POINT ( 'NONE',  ( 3.540526166488277227, -0.9227206959896633309, -0.9842519685039370358 ) ) ;
#4642 = APPROVAL_ROLE ( '' ) ;
#4643 = DIRECTION ( 'NONE',  ( -0.2588190451025155769, -0.9659258262890696445, 0.000000000000000000 ) ) ;
#4644 = EDGE_CURVE ( 'NONE', #3104, #5568, #2047, .T. ) ;
#4645 = ORIENTED_EDGE ( 'NONE', *, *, #3971, .T. ) ;
#4646 = EDGE_CURVE ( 'NONE', #4838, #2745, #1986, .T. ) ;
#4647 = ORIENTED_EDGE ( 'NONE', *, *, #1753, .T. ) ;
#4648 = LINE ( 'NONE', #3298, #694 ) ;
#4649 = CARTESIAN_POINT ( 'NONE',  ( 0.7445391920026457333, -3.849532746617909229, -0.9842519685039370358 ) ) ;
#4650 = DIRECTION ( 'NONE',  ( -0.9933727656003981110, -0.1149371504928517335, 0.000000000000000000 ) ) ;
#4651 =( NAMED_UNIT ( * ) PLANE_ANGLE_UNIT ( ) SI_UNIT ( $, .RADIAN. ) );
#4652 = CARTESIAN_POINT ( 'NONE',  ( -3.188348529410514054, -1.767862618196045510, 0.000000000000000000 ) ) ;
#4653 = PLANE ( 'NONE',  #2513 ) ;
#4654 = EDGE_LOOP ( 'NONE', ( #3109, #1868, #5081, #4345 ) ) ;
#4655 = CARTESIAN_POINT ( 'NONE',  ( -0.5099999999999976774, 0.000000000000000000, -0.9842519685039370358 ) ) ;
#4656 = ORIENTED_EDGE ( 'NONE', *, *, #279, .F. ) ;
#4657 = DIRECTION ( 'NONE',  ( 0.9933727656003970008, 0.1149371504928618642, -0.000000000000000000 ) ) ;
#4658 = CARTESIAN_POINT ( 'NONE',  ( -3.888686575760354813, -0.5013558528757698918, -0.9842519685039370358 ) ) ;
#4659 = ADVANCED_FACE ( 'NONE', ( #623 ), #3331, .T. ) ;
#4660 = DIRECTION ( 'NONE',  ( -0.2890317969444720081, -0.9573194975320671318, -0.000000000000000000 ) ) ;
#4661 = EDGE_CURVE ( 'NONE', #2423, #4716, #3360, .T. ) ;
#4662 = CARTESIAN_POINT ( 'NONE',  ( -0.2157467967959966759, -3.639279860285744572, 0.000000000000000000 ) ) ;
#4663 = VERTEX_POINT ( 'NONE', #5747 ) ;
#4664 = ORIENTED_EDGE ( 'NONE', *, *, #3765, .T. ) ;
#4665 = ORIENTED_EDGE ( 'NONE', *, *, #4862, .F. ) ;
#4666 = EDGE_CURVE ( 'NONE', #5702, #2585, #291, .T. ) ;
#4667 = CARTESIAN_POINT ( 'NONE',  ( -3.149606299212598604, 0.08661417322834606691, 0.9842519685039370358 ) ) ;
#4668 = CARTESIAN_POINT ( 'NONE',  ( 3.438427391718017478, 1.874122030408123418, -0.9842519685039370358 ) ) ;
#4669 = CARTESIAN_POINT ( 'NONE',  ( 1.564176084546640366, -3.293062064149642421, -0.9842519685039370358 ) ) ;
#4670 = DIRECTION ( 'NONE',  ( -0.7071067811865715536, 8.659560562355227448E-17, 0.7071067811865232589 ) ) ;
#4671 = EDGE_CURVE ( 'NONE', #1552, #5228, #1657, .T. ) ;
#4672 = VECTOR ( 'NONE', #4761, 39.37007874015748143 ) ;
#4673 = ORIENTED_EDGE ( 'NONE', *, *, #4587, .F. ) ;
#4674 = EDGE_CURVE ( 'NONE', #4193, #1135, #3004, .T. ) ;
#4675 = ORIENTED_EDGE ( 'NONE', *, *, #1554, .F. ) ;
#4676 = CARTESIAN_POINT ( 'NONE',  ( 1.196629132011961749, -3.728698839192850389, 0.000000000000000000 ) ) ;
#4677 = CARTESIAN_POINT ( 'NONE',  ( -2.860184818956949648, 2.705434124400408535, -0.9842519685039370358 ) ) ;
#4678 = DIRECTION ( 'NONE',  ( -0.9542403285162659454, -0.2990407922561216791, 0.000000000000000000 ) ) ;
#4679 = PERSON_AND_ORGANIZATION_ROLE ( 'creator' ) ;
#4680 =( GEOMETRIC_REPRESENTATION_CONTEXT ( 3 ) GLOBAL_UNCERTAINTY_ASSIGNED_CONTEXT ( ( #4269 ) ) GLOBAL_UNIT_ASSIGNED_CONTEXT ( ( #1423, #1896, #2755 ) ) REPRESENTATION_CONTEXT ( 'NONE', 'WORKASPACE' ) );
#4681 = CARTESIAN_POINT ( 'NONE',  ( -2.855803267411598956, 0.6957765282587463629, 0.9842519685039370358 ) ) ;
#4682 = CARTESIAN_POINT ( 'NONE',  ( 2.321984220630427309, -2.827565790134533685, 0.000000000000000000 ) ) ;
#4683 = ADVANCED_FACE ( 'NONE', ( #4376 ), #3327, .T. ) ;
#4684 = ORIENTED_EDGE ( 'NONE', *, *, #4895, .F. ) ;
#4685 = AXIS2_PLACEMENT_3D ( 'NONE', #2212, #1792, #2660 ) ;
#4686 = CARTESIAN_POINT ( 'NONE',  ( 3.406707454805968815, 1.334572341900303716, -0.9842519685039370358 ) ) ;
#4687 = EDGE_LOOP ( 'NONE', ( #5827, #3408, #5824, #3027 ) ) ;
#4688 = CARTESIAN_POINT ( 'NONE',  ( -3.424775095144347858, 1.898955465685492117, -0.9842519685039370358 ) ) ;
#4689 = DIRECTION ( 'NONE',  ( 0.7264869440150698576, -0.6871802675976986796, 0.000000000000000000 ) ) ;
#4690 = DESIGN_CONTEXT ( 'detailed design', #3296, 'design' ) ;
#4691 = ORIENTED_EDGE ( 'NONE', *, *, #2447, .T. ) ;
#4692 = DIRECTION ( 'NONE',  ( 0.7965299180241932619, 0.6045991148623788281, 0.000000000000000000 ) ) ;
#4693 = CARTESIAN_POINT ( 'NONE',  ( -2.658062645101037624, 2.514247798669474232, -0.9842519685039370358 ) ) ;
#4694 = EDGE_CURVE ( 'NONE', #5300, #5033, #1152, .T. ) ;
#4695 = EDGE_CURVE ( 'NONE', #191, #1294, #2875, .T. ) ;
#4696 = ORIENTED_EDGE ( 'NONE', *, *, #3219, .T. ) ;
#4697 = VECTOR ( 'NONE', #3168, 39.37007874015748854 ) ;
#4698 = EDGE_LOOP ( 'NONE', ( #1262, #1150, #5341, #3454 ) ) ;
#4699 = DIRECTION ( 'NONE',  ( 0.3055737433196658026, -0.9521684133563803609, 0.000000000000000000 ) ) ;
#4700 = LINE ( 'NONE', #1915, #5767 ) ;
#4701 = DIRECTION ( 'NONE',  ( -0.4225025492268791871, 0.9063617356755462318, 0.000000000000000000 ) ) ;
#4702 = MANIFOLD_SOLID_BREP ( 'Chamfer3', #3839 ) ;
#4703 = CARTESIAN_POINT ( 'NONE',  ( -3.765736244292321011, 0.7593056185736161146, 0.000000000000000000 ) ) ;
#4704 = AXIS2_PLACEMENT_3D ( 'NONE', #1233, #1147, #5295 ) ;
#4705 = ORIENTED_EDGE ( 'NONE', *, *, #3393, .T. ) ;
#4706 = VECTOR ( 'NONE', #5585, 39.37007874015748143 ) ;
#4707 = EDGE_LOOP ( 'NONE', ( #1799, #5022, #5412, #996 ) ) ;
#4708 = CARTESIAN_POINT ( 'NONE',  ( -3.789430508301935951, 0.9875893558196916500, -0.9842519685039370358 ) ) ;
#4709 = CARTESIAN_POINT ( 'NONE',  ( -1.143211394872559739, -3.475601634973340293, -0.9842519685039370358 ) ) ;
#4710 = CARTESIAN_POINT ( 'NONE',  ( 3.177932213730624511, -2.296516453379937595, -0.9842519685039370358 ) ) ;
#4711 = PERSON_AND_ORGANIZATION_ROLE ( 'classification_officer' ) ;
#4712 = CARTESIAN_POINT ( 'NONE',  ( -0.2157467967959966759, -3.639279860285744572, -0.9842519685039370358 ) ) ;
#4713 = CARTESIAN_POINT ( 'NONE',  ( -3.384779387378535009, -1.354316462495585904, -0.9842519685039370358 ) ) ;
#4714 = VECTOR ( 'NONE', #1019, 39.37007874015748143 ) ;
#4715 = EDGE_CURVE ( 'NONE', #4480, #570, #618, .T. ) ;
#4716 = VERTEX_POINT ( 'NONE', #3872 ) ;
#4717 = VECTOR ( 'NONE', #2310, 39.37007874015748143 ) ;
#4718 = LINE ( 'NONE', #3818, #2291 ) ;
#4719 = ORIENTED_EDGE ( 'NONE', *, *, #41, .T. ) ;
#4720 = CARTESIAN_POINT ( 'NONE',  ( 1.221142664935925826, -3.725862526662084839, 0.000000000000000000 ) ) ;
#4721 = PLANE ( 'NONE',  #236 ) ;
#4722 = CC_DESIGN_PERSON_AND_ORGANIZATION_ASSIGNMENT ( #2691, #5475, ( #2481 ) ) ;
#4723 = ORIENTED_EDGE ( 'NONE', *, *, #2416, .T. ) ;
#4724 = LINE ( 'NONE', #4181, #3911 ) ;
#4725 = VECTOR ( 'NONE', #3831, 39.37007874015748854 ) ;
#4726 = DIRECTION ( 'NONE',  ( 0.000000000000000000, 0.000000000000000000, 1.000000000000000000 ) ) ;
#4727 = FACE_OUTER_BOUND ( 'NONE', #3781, .T. ) ;
#4728 = EDGE_LOOP ( 'NONE', ( #3922, #3580, #2265, #2067 ) ) ;
#4729 = VERTEX_POINT ( 'NONE', #2845 ) ;
#4730 = AXIS2_PLACEMENT_3D ( 'NONE', #897, #4475, #3611 ) ;
#4731 = EDGE_CURVE ( 'NONE', #227, #2248, #4227, .T. ) ;
#4732 = DIRECTION ( 'NONE',  ( 0.000000000000000000, 0.000000000000000000, 1.000000000000000000 ) ) ;
#4733 = CARTESIAN_POINT ( 'NONE',  ( 1.203046233541992027, -3.748694540773152006, 0.000000000000000000 ) ) ;
#4734 = LINE ( 'NONE', #1444, #3270 ) ;
#4735 = DIRECTION ( 'NONE',  ( 0.8813034520649760672, 0.4725507648690840390, -0.000000000000000000 ) ) ;
#4736 = VECTOR ( 'NONE', #2731, 39.37007874015748143 ) ;
#4737 = EDGE_LOOP ( 'NONE', ( #5290, #5683, #2659, #3432 ) ) ;
#4738 = EDGE_CURVE ( 'NONE', #3417, #3066, #729, .T. ) ;
#4739 = ORIENTED_EDGE ( 'NONE', *, *, #959, .F. ) ;
#4740 = DIRECTION ( 'NONE',  ( -0.9999934538535477646, 0.003618321441284822349, 0.000000000000000000 ) ) ;
#4741 = DIRECTION ( 'NONE',  ( 0.000000000000000000, 0.000000000000000000, -1.000000000000000000 ) ) ;
#4742 = FACE_OUTER_BOUND ( 'NONE', #4861, .T. ) ;
#4743 = CALENDAR_DATE ( 2025, 2, 4 ) ;
#4744 = EDGE_CURVE ( 'NONE', #1883, #5586, #2014, .T. ) ;
#4745 = DIRECTION ( 'NONE',  ( -0.000000000000000000, 0.000000000000000000, 1.000000000000000000 ) ) ;
#4746 = CARTESIAN_POINT ( 'NONE',  ( -2.865043435987260523, 2.676708255603866604, -0.9842519685039370358 ) ) ;
#4747 = ORIENTED_EDGE ( 'NONE', *, *, #5520, .F. ) ;
#4748 = EDGE_CURVE ( 'NONE', #2002, #5420, #4648, .T. ) ;
#4749 = LINE ( 'NONE', #4686, #115 ) ;
#4750 = EDGE_LOOP ( 'NONE', ( #4760, #2835, #2822, #2210 ) ) ;
#4751 = CARTESIAN_POINT ( 'NONE',  ( -1.202081876751668110, -3.732055752168870200, -0.9842519685039370358 ) ) ;
#4752 = DIRECTION ( 'NONE',  ( 0.000000000000000000, 0.000000000000000000, -1.000000000000000000 ) ) ;
#4753 = EDGE_CURVE ( 'NONE', #2483, #2002, #4767, .T. ) ;
#4754 = MANIFOLD_SOLID_BREP ( 'Boss-Extrude1', #1828 ) ;
#4755 = ORIENTED_EDGE ( 'NONE', *, *, #5616, .T. ) ;
#4756 = PLANE ( 'NONE',  #1363 ) ;
#4757 = LINE ( 'NONE', #3346, #903 ) ;
#4758 = ORIENTED_EDGE ( 'NONE', *, *, #3151, .T. ) ;
#4759 = EDGE_CURVE ( 'NONE', #4332, #4146, #1125, .T. ) ;
#4760 = ORIENTED_EDGE ( 'NONE', *, *, #1839, .T. ) ;
#4761 = DIRECTION ( 'NONE',  ( 0.000000000000000000, 0.000000000000000000, 1.000000000000000000 ) ) ;
#4762 = CARTESIAN_POINT ( 'NONE',  ( -1.223580884155805570, -3.719941684073323707, -0.9842519685039370358 ) ) ;
#4763 = PRODUCT_DEFINITION_SHAPE ( 'NONE', 'NONE',  #2409 ) ;
#4764 = LINE ( 'NONE', #669, #3079 ) ;
#4765 = ORIENTED_EDGE ( 'NONE', *, *, #3242, .F. ) ;
#4766 = ORIENTED_EDGE ( 'NONE', *, *, #4072, .T. ) ;
#4767 = LINE ( 'NONE', #5625, #5646 ) ;
#4768 = CYLINDRICAL_SURFACE ( 'NONE', #2969, 5.905511811023622215 ) ;
#4769 = CARTESIAN_POINT ( 'NONE',  ( -3.618551719338272132, 0.4438333429151095078, -0.9842519685039370358 ) ) ;
#4770 = APPROVAL_DATE_TIME ( #4800, #1217 ) ;
#4771 = CARTESIAN_POINT ( 'NONE',  ( 2.957142700102147970, -2.132184708940983331, -0.9842519685039370358 ) ) ;
#4773 = CARTESIAN_POINT ( 'NONE',  ( 2.485223221547337769, -3.026347939688968758, -0.9842519685039370358 ) ) ;
#4772 = VECTOR ( 'NONE', #2776, 39.37007874015748854 ) ;
#4774 = ORIENTED_EDGE ( 'NONE', *, *, #4440, .T. ) ;
#4775 = VECTOR ( 'NONE', #4383, 39.37007874015748143 ) ;
#4776 = CARTESIAN_POINT ( 'NONE',  ( 3.628255628666700261, -0.4716991747334620677, 0.000000000000000000 ) ) ;
#4777 = VERTEX_POINT ( 'NONE', #3838 ) ;
#4778 = LINE ( 'NONE', #243, #2911 ) ;
#4779 = CARTESIAN_POINT ( 'NONE',  ( 3.635771949497380362, -1.454743497743093084, -0.9842519685039370358 ) ) ;
#4780 = CC_DESIGN_APPROVAL ( #1217, ( #5633 ) ) ;
#4781 = VERTEX_POINT ( 'NONE', #4676 ) ;
#4782 = LOCAL_TIME ( 11, 53, 13.00000000000000000, #2724 ) ;
#4783 = LINE ( 'NONE', #691, #2124 ) ;
#4784 = CARTESIAN_POINT ( 'NONE',  ( -3.618551719338272132, 0.4438333429151095078, -0.9842519685039370358 ) ) ;
#4785 = VERTEX_POINT ( 'NONE', #2455 ) ;
#4786 = EDGE_CURVE ( 'NONE', #4160, #4344, #5150, .T. ) ;
#4787 = ORIENTED_EDGE ( 'NONE', *, *, #3373, .T. ) ;
#4788 = VECTOR ( 'NONE', #5334, 39.37007874015748143 ) ;
#4789 = DIRECTION ( 'NONE',  ( 1.000000000000000000, 0.000000000000000000, -0.000000000000000000 ) ) ;
#4790 = CARTESIAN_POINT ( 'NONE',  ( -2.507058603133009544, -3.008284141073540141, -0.9842519685039370358 ) ) ;
#4791 = CONTEXT_DEPENDENT_SHAPE_REPRESENTATION ( #2608, #2992 ) ;
#4792 = FACE_OUTER_BOUND ( 'NONE', #4000, .T. ) ;
#4793 = EDGE_LOOP ( 'NONE', ( #2438, #1065, #4401, #617 ) ) ;
#4794 = ORIENTED_EDGE ( 'NONE', *, *, #209, .F. ) ;
#4795 = ORIENTED_EDGE ( 'NONE', *, *, #279, .T. ) ;
#4796 = DIRECTION ( 'NONE',  ( -0.8813034520649760672, -0.4725507648690840390, 0.000000000000000000 ) ) ;
#4797 = AXIS2_PLACEMENT_3D ( 'NONE', #3406, #1676, #5322 ) ;
#4798 = CARTESIAN_POINT ( 'NONE',  ( 1.680164903353871031, 3.537253484062976572, -0.9842519685039370358 ) ) ;
#4799 = DIRECTION ( 'NONE',  ( -0.8111384944124598873, -0.5848541210270195023, 0.000000000000000000 ) ) ;
#4800 = DATE_AND_TIME ( #2938, #2197 ) ;
#4801 = LINE ( 'NONE', #3415, #5112 ) ;
#4802 = LINE ( 'NONE', #4291, #5191 ) ;
#4803 = AXIS2_PLACEMENT_3D ( 'NONE', #3321, #1477, #1028 ) ;
#4804 = ORIENTED_EDGE ( 'NONE', *, *, #4071, .F. ) ;
#4805 = EDGE_CURVE ( 'NONE', #100, #3376, #1066, .T. ) ;
#4806 = PLANE ( 'NONE',  #5257 ) ;
#4807 = ORIENTED_EDGE ( 'NONE', *, *, #5494, .T. ) ;
#4808 = VECTOR ( 'NONE', #4910, 39.37007874015748854 ) ;
#4809 = DIRECTION ( 'NONE',  ( 0.000000000000000000, 0.000000000000000000, 1.000000000000000000 ) ) ;
#4810 = CARTESIAN_POINT ( 'NONE',  ( 3.795186570408787929, 0.9847841750862833532, 0.000000000000000000 ) ) ;
#4811 = VECTOR ( 'NONE', #305, 39.37007874015748143 ) ;
#4812 = ORIENTED_EDGE ( 'NONE', *, *, #2857, .T. ) ;
#4813 = CARTESIAN_POINT ( 'NONE',  ( 1.678487988567899380, -3.543433228938410284, -0.9842519685039370358 ) ) ;
#4814 = VECTOR ( 'NONE', #2621, 39.37007874015748143 ) ;
#4815 = ADVANCED_FACE ( 'NONE', ( #1097 ), #2426, .T. ) ;
#4816 = DIRECTION ( 'NONE',  ( 0.5269557954966960223, -0.8498926929868524383, -0.000000000000000000 ) ) ;
#4817 = ORIENTED_EDGE ( 'NONE', *, *, #2922, .F. ) ;
#4818 = ORIENTED_EDGE ( 'NONE', *, *, #2901, .F. ) ;
#4819 = CARTESIAN_POINT ( 'NONE',  ( 1.850393700787403617, 2.266078722831719035E-16, 0.7086614173228346081 ) ) ;
#4820 = EDGE_CURVE ( 'NONE', #3281, #1080, #4258, .T. ) ;
#4821 = CARTESIAN_POINT ( 'NONE',  ( 2.110251718344210214, 3.298780683556140403, -0.9842519685039370358 ) ) ;
#4822 = LINE ( 'NONE', #1702, #4037 ) ;
#4823 = EDGE_CURVE ( 'NONE', #1337, #1113, #230, .T. ) ;
#4824 = VECTOR ( 'NONE', #1431, 39.37007874015748854 ) ;
#4825 = ORIENTED_EDGE ( 'NONE', *, *, #2131, .T. ) ;
#4826 = ORIENTED_EDGE ( 'NONE', *, *, #3245, .T. ) ;
#4827 = ORIENTED_EDGE ( 'NONE', *, *, #4695, .T. ) ;
#4828 = LINE ( 'NONE', #3509, #877 ) ;
#4829 = DIRECTION ( 'NONE',  ( 0.9735789028731610673, -0.2283508701106525263, -0.000000000000000000 ) ) ;
#4830 = DIRECTION ( 'NONE',  ( -0.9032805229956963888, 0.4290504594760634616, 0.000000000000000000 ) ) ;
#4831 = PERSON_AND_ORGANIZATION ( #2281, #778 ) ;
#4832 = CARTESIAN_POINT ( 'NONE',  ( 0.9942598375717547343, 3.710628229743047957, 0.000000000000000000 ) ) ;
#4833 = CARTESIAN_POINT ( 'NONE',  ( 2.109362553940037355, -3.305121872449963583, 0.000000000000000000 ) ) ;
#4834 = CC_DESIGN_DATE_AND_TIME_ASSIGNMENT ( #4261, #1985, ( #3433 ) ) ;
#4835 = ORIENTED_EDGE ( 'NONE', *, *, #5209, .F. ) ;
#4836 = EDGE_CURVE ( 'NONE', #604, #2336, #5685, .T. ) ;
#4837 = LINE ( 'NONE', #2164, #5354 ) ;
#4838 = VERTEX_POINT ( 'NONE', #2362 ) ;
#4839 = CARTESIAN_POINT ( 'NONE',  ( -2.520503077421372140, -3.024416511787257011, -0.9842519685039370358 ) ) ;
#4840 = DIRECTION ( 'NONE',  ( 1.000000000000000000, 0.000000000000000000, 0.000000000000000000 ) ) ;
#4841 = LINE ( 'NONE', #3397, #1180 ) ;
#4842 = ORIENTED_EDGE ( 'NONE', *, *, #925, .T. ) ;
#4843 = CARTESIAN_POINT ( 'NONE',  ( -2.941635510506599438, -2.153528524337615213, 0.000000000000000000 ) ) ;
#4844 = CARTESIAN_POINT ( 'NONE',  ( -2.110251718344233751, -3.298780683556122195, -0.9842519685039370358 ) ) ;
#4845 = EDGE_CURVE ( 'NONE', #4090, #275, #1921, .T. ) ;
#4846 = ORIENTED_EDGE ( 'NONE', *, *, #5536, .F. ) ;
#4847 = ORIENTED_EDGE ( 'NONE', *, *, #147, .F. ) ;
#4848 = ADVANCED_FACE ( 'NONE', ( #1955 ), #3783, .T. ) ;
#4849 = CARTESIAN_POINT ( 'NONE',  ( 0.000000000000000000, 0.000000000000000000, -0.9842519685039370358 ) ) ;
#4850 = DIRECTION ( 'NONE',  ( 0.000000000000000000, 0.000000000000000000, -1.000000000000000000 ) ) ;
#4851 = CARTESIAN_POINT ( 'NONE',  ( 1.221142664935925826, -3.725862526662084839, -0.9842519685039370358 ) ) ;
#4852 = ORIENTED_EDGE ( 'NONE', *, *, #596, .F. ) ;
#4853 = ORIENTED_EDGE ( 'NONE', *, *, #5867, .F. ) ;
#4854 = EDGE_CURVE ( 'NONE', #2657, #821, #3055, .T. ) ;
#4855 = ORIENTED_EDGE ( 'NONE', *, *, #838, .F. ) ;
#4856 = DIRECTION ( 'NONE',  ( 0.000000000000000000, 0.000000000000000000, 1.000000000000000000 ) ) ;
#4857 = CARTESIAN_POINT ( 'NONE',  ( -3.649212047090996336, 1.434047562348446325, -0.9842519685039370358 ) ) ;
#4858 = DIRECTION ( 'NONE',  ( 0.4446351791849285640, -0.8957117602394123468, -0.000000000000000000 ) ) ;
#4859 = APPROVAL_STATUS ( 'not_yet_approved' ) ;
#4860 = DIRECTION ( 'NONE',  ( 0.9694766605923644809, 0.2451836139848606044, 0.000000000000000000 ) ) ;
#4861 = EDGE_LOOP ( 'NONE', ( #1144, #605, #3550, #3664 ) ) ;
#4862 = EDGE_CURVE ( 'NONE', #682, #1640, #1618, .T. ) ;
#4863 = LINE ( 'NONE', #830, #1071 ) ;
#4864 = ORIENTED_EDGE ( 'NONE', *, *, #1022, .F. ) ;
#4865 = DIRECTION ( 'NONE',  ( 0.000000000000000000, 0.000000000000000000, -1.000000000000000000 ) ) ;
#4866 = DIRECTION ( 'NONE',  ( 1.000000000000000000, 0.000000000000000000, -0.000000000000000000 ) ) ;
#4867 = LINE ( 'NONE', #274, #5090 ) ;
#4868 = VECTOR ( 'NONE', #544, 39.37007874015748854 ) ;
#4869 = ORIENTED_EDGE ( 'NONE', *, *, #1905, .T. ) ;
#4870 = CARTESIAN_POINT ( 'NONE',  ( 1.139111972095421921, -3.463138532724043817, 0.000000000000000000 ) ) ;
#4871 = VECTOR ( 'NONE', #1802, 39.37007874015748854 ) ;
#4872 = CARTESIAN_POINT ( 'NONE',  ( -1.971642285115443594, -3.082104105629883239, -0.9842519685039370358 ) ) ;
#4873 = ORIENTED_EDGE ( 'NONE', *, *, #3612, .F. ) ;
#4874 = ORIENTED_EDGE ( 'NONE', *, *, #3505, .F. ) ;
#4875 = LOCAL_TIME ( 11, 53, 13.00000000000000000, #2780 ) ;
#4876 = EDGE_CURVE ( 'NONE', #3728, #3955, #3476, .T. ) ;
#4877 = EDGE_CURVE ( 'NONE', #3190, #3045, #3957, .T. ) ;
#4878 = DIRECTION ( 'NONE',  ( 0.000000000000000000, 0.000000000000000000, -1.000000000000000000 ) ) ;
#4879 = CARTESIAN_POINT ( 'NONE',  ( -3.936982101785621690, 0.01424536000505773232, -0.9842519685039370358 ) ) ;
#4880 = CARTESIAN_POINT ( 'NONE',  ( 2.865043435987280951, -2.676708255603842623, 0.000000000000000000 ) ) ;
#4881 = ORIENTED_EDGE ( 'NONE', *, *, #2322, .F. ) ;
#4882 = ORIENTED_EDGE ( 'NONE', *, *, #5876, .F. ) ;
#4883 = ORIENTED_EDGE ( 'NONE', *, *, #1030, .T. ) ;
#4884 = DIRECTION ( 'NONE',  ( 0.05917892698293292925, -0.9982473914822660443, 0.000000000000000000 ) ) ;
#4885 = DIRECTION ( 'NONE',  ( 1.000000000000000000, 0.000000000000000000, 0.000000000000000000 ) ) ;
#4886 = DIRECTION ( 'NONE',  ( 0.9372819894918924533, -0.3485720473218127391, -0.000000000000000000 ) ) ;
#4887 = DATE_AND_TIME ( #5780, #4014 ) ;
#4888 = CARTESIAN_POINT ( 'NONE',  ( 3.789430508301940836, -0.9875893558196664479, -0.9842519685039370358 ) ) ;
#4889 = ORIENTED_EDGE ( 'NONE', *, *, #2763, .F. ) ;
#4890 = AXIS2_PLACEMENT_3D ( 'NONE', #5330, #4830, #3900 ) ;
#4891 = DIRECTION ( 'NONE',  ( -0.9135454576426006446, 0.4067366430758009854, 0.000000000000000000 ) ) ;
#4892 = ORIENTED_EDGE ( 'NONE', *, *, #4932, .F. ) ;
#4893 = DIRECTION ( 'NONE',  ( 1.000000000000000000, 0.000000000000000000, 0.000000000000000000 ) ) ;
#4894 = CARTESIAN_POINT ( 'NONE',  ( 1.143211394872535314, 3.475601634973349174, 0.000000000000000000 ) ) ;
#4895 = EDGE_CURVE ( 'NONE', #4146, #1337, #4828, .T. ) ;
#4896 = DIRECTION ( 'NONE',  ( -0.3124561996892274429, -0.9499321677234461303, 0.000000000000000000 ) ) ;
#4897 = VECTOR ( 'NONE', #4166, 39.37007874015748143 ) ;
#4898 = ADVANCED_FACE ( 'NONE', ( #2126 ), #3442, .F. ) ;
#4899 = VECTOR ( 'NONE', #3708, 39.37007874015748143 ) ;
#4900 = ORIENTED_EDGE ( 'NONE', *, *, #1891, .T. ) ;
#4901 = LINE ( 'NONE', #781, #4343 ) ;
#4902 = DIRECTION ( 'NONE',  ( -0.4446351791849352253, 0.8957117602394089051, -0.000000000000000000 ) ) ;
#4903 = VECTOR ( 'NONE', #3495, 39.37007874015748143 ) ;
#4904 = CC_DESIGN_DATE_AND_TIME_ASSIGNMENT ( #5891, #913, ( #3145 ) ) ;
#4905 = ORIENTED_EDGE ( 'NONE', *, *, #5418, .T. ) ;
#4906 = ORIENTED_EDGE ( 'NONE', *, *, #3618, .T. ) ;
#4907 = EDGE_CURVE ( 'NONE', #1135, #5402, #2156, .T. ) ;
#4908 = DIRECTION ( 'NONE',  ( 0.000000000000000000, 0.000000000000000000, -1.000000000000000000 ) ) ;
#4909 = AXIS2_PLACEMENT_3D ( 'NONE', #25, #468, #4561 ) ;
#4910 = DIRECTION ( 'NONE',  ( -0.9735789028731627326, 0.2283508701106452543, -0.000000000000000000 ) ) ;
#4911 = EDGE_CURVE ( 'NONE', #2264, #1673, #4434, .T. ) ;
#4912 = ORIENTED_EDGE ( 'NONE', *, *, #5426, .T. ) ;
#4913 = VECTOR ( 'NONE', #1686, 39.37007874015748143 ) ;
#4914 = ORIENTED_EDGE ( 'NONE', *, *, #4509, .T. ) ;
#4915 = ORIENTED_EDGE ( 'NONE', *, *, #371, .F. ) ;
#4916 = DIRECTION ( 'NONE',  ( 0.3714863730819360499, 0.9284384064731642239, -0.000000000000000000 ) ) ;
#4917 = DIRECTION ( 'NONE',  ( -0.5327682375420023098, 0.8462611919888496370, 0.000000000000000000 ) ) ;
#4918 = CARTESIAN_POINT ( 'NONE',  ( -0.7198634713867139157, 3.849274333629763678, -0.9842519685039370358 ) ) ;
#4919 = APPROVAL_DATE_TIME ( #2098, #5880 ) ;
#4920 = PLANE ( 'NONE',  #718 ) ;
#4921 = ORIENTED_EDGE ( 'NONE', *, *, #3698, .F. ) ;
#4922 = VECTOR ( 'NONE', #5792, 39.37007874015748143 ) ;
#4923 = ADVANCED_FACE ( 'NONE', ( #5805 ), #349, .T. ) ;
#4924 = CARTESIAN_POINT ( 'NONE',  ( -0.7248524868474410798, -3.853288186474331578, -0.9842519685039370358 ) ) ;
#4925 = ORIENTED_EDGE ( 'NONE', *, *, #2960, .T. ) ;
#4926 = DIRECTION ( 'NONE',  ( -0.8068849024499782363, 0.5907086881012407753, 0.000000000000000000 ) ) ;
#4927 = CARTESIAN_POINT ( 'NONE',  ( -1.203046233541965382, 3.748694540773160444, 0.000000000000000000 ) ) ;
#4928 = DIRECTION ( 'NONE',  ( 0.5388783372146348505, 0.8423836048266788445, 0.000000000000000000 ) ) ;
#4929 = ADVANCED_FACE ( 'NONE', ( #1182 ), #317, .T. ) ;
#4930 = ORIENTED_EDGE ( 'NONE', *, *, #1999, .T. ) ;
#4931 = DIRECTION ( 'NONE',  ( 0.5327682375420084160, -0.8462611919888456402, 0.000000000000000000 ) ) ;
#4932 = EDGE_CURVE ( 'NONE', #550, #2884, #375, .T. ) ;
#4933 = CARTESIAN_POINT ( 'NONE',  ( 2.225323117522907790, -3.131333822286030522, 0.000000000000000000 ) ) ;
#4934 = ORIENTED_EDGE ( 'NONE', *, *, #1064, .F. ) ;
#4935 = ORIENTED_EDGE ( 'NONE', *, *, #1456, .F. ) ;
#4936 = CARTESIAN_POINT ( 'NONE',  ( -3.886879271373974820, -0.4767450500436496985, 0.000000000000000000 ) ) ;
#4937 = PLANE ( 'NONE',  #2032 ) ;
#4938 = EDGE_CURVE ( 'NONE', #779, #2315, #2963, .T. ) ;
#4939 = ORIENTED_EDGE ( 'NONE', *, *, #3685, .T. ) ;
#4940 = VERTEX_POINT ( 'NONE', #4404 ) ;
#4941 = VERTEX_POINT ( 'NONE', #1265 ) ;
#4942 = DIRECTION ( 'NONE',  ( 1.000000000000000000, 0.000000000000000000, 0.000000000000000000 ) ) ;
#4943 = CARTESIAN_POINT ( 'NONE',  ( -2.313657855930896012, -2.817426468871621292, -0.9842519685039370358 ) ) ;
#4944 = DIRECTION ( 'NONE',  ( 0.6534206039901068186, -0.7569950556517552887, -0.000000000000000000 ) ) ;
#4945 = APPROVAL_STATUS ( 'not_yet_approved' ) ;
#4946 = LINE ( 'NONE', #1740, #1474 ) ;
#4947 = ADVANCED_FACE ( 'NONE', ( #4348 ), #2636, .T. ) ;
#4948 = EDGE_LOOP ( 'NONE', ( #2198, #3620, #1124, #1943 ) ) ;
#4949 = CARTESIAN_POINT ( 'NONE',  ( 2.097512746228380909, -3.331736976334037870, 0.000000000000000000 ) ) ;
#4950 = ORIENTED_EDGE ( 'NONE', *, *, #2247, .F. ) ;
#4951 = CARTESIAN_POINT ( 'NONE',  ( 3.431047940055531598, 1.897669889299057777, -0.9842519685039370358 ) ) ;
#4952 = EDGE_CURVE ( 'NONE', #3731, #3721, #822, .T. ) ;
#4953 = DIRECTION ( 'NONE',  ( -0.9631625667976549954, -0.2689198206152766946, -0.000000000000000000 ) ) ;
#4954 = LINE ( 'NONE', #2253, #1941 ) ;
#4955 = VERTEX_POINT ( 'NONE', #287 ) ;
#4956 = DIRECTION ( 'NONE',  ( 0.2079116908177599254, -0.9781476007338054668, 0.000000000000000000 ) ) ;
#4957 = DIRECTION ( 'NONE',  ( 0.000000000000000000, 0.000000000000000000, -1.000000000000000000 ) ) ;
#4958 = AXIS2_PLACEMENT_3D ( 'NONE', #5408, #1343, #393 ) ;
#4959 = ORIENTED_EDGE ( 'NONE', *, *, #2022, .F. ) ;
#4960 = VECTOR ( 'NONE', #5368, 39.37007874015748143 ) ;
#4961 = CARTESIAN_POINT ( 'NONE',  ( -1.678487988567875844, 3.543433228938418722, -0.9842519685039370358 ) ) ;
#4962 = LINE ( 'NONE', #2292, #129 ) ;
#4963 = EDGE_CURVE ( 'NONE', #2799, #1411, #3564, .T. ) ;
#4964 = ORIENTED_EDGE ( 'NONE', *, *, #5433, .F. ) ;
#4965 = LOCAL_TIME ( 11, 53, 13.00000000000000000, #3088 ) ;
#4966 = ORIENTED_EDGE ( 'NONE', *, *, #3128, .T. ) ;
#4967 = ORIENTED_EDGE ( 'NONE', *, *, #886, .F. ) ;
#4968 = FACE_OUTER_BOUND ( 'NONE', #3119, .T. ) ;
#4969 = DIRECTION ( 'NONE',  ( -0.8553642601605060403, 0.5180270093731311754, 0.000000000000000000 ) ) ;
#4970 = DIRECTION ( 'NONE',  ( 0.3288666467385841785, -0.9443763702374806668, 0.000000000000000000 ) ) ;
#4971 = COORDINATED_UNIVERSAL_TIME_OFFSET ( 7, 0, .BEHIND. ) ;
#4972 = DIRECTION ( 'NONE',  ( -0.9916547108600342053, 0.1289222030105821870, 0.000000000000000000 ) ) ;
#4973 = PLANE ( 'NONE',  #1756 ) ;
#4974 = CIRCLE ( 'NONE', #397, 5.905511811023622215 ) ;
#4975 = ORIENTED_EDGE ( 'NONE', *, *, #2436, .T. ) ;
#4976 = FACE_OUTER_BOUND ( 'NONE', #5310, .T. ) ;
#4977 = CARTESIAN_POINT ( 'NONE',  ( 2.676187639391406137, 2.494946640143726135, -0.9842519685039370358 ) ) ;
#4978 = DIRECTION ( 'NONE',  ( 0.000000000000000000, 0.000000000000000000, -1.000000000000000000 ) ) ;
#4979 = DIRECTION ( 'NONE',  ( 0.6293203910498452736, -0.7771459614569645735, -0.000000000000000000 ) ) ;
#4980 = VECTOR ( 'NONE', #5236, 39.37007874015748854 ) ;
#4981 = EDGE_CURVE ( 'NONE', #4257, #5507, #3000, .T. ) ;
#4982 = CARTESIAN_POINT ( 'NONE',  ( -2.864327676106160236, -2.670345160624388203, -0.9842519685039370358 ) ) ;
#4983 = ORIENTED_EDGE ( 'NONE', *, *, #5697, .F. ) ;
#4984 = AXIS2_PLACEMENT_3D ( 'NONE', #3656, #3352, #5054 ) ;
#4985 = FACE_OUTER_BOUND ( 'NONE', #4214, .T. ) ;
#4986 = DIRECTION ( 'NONE',  ( 0.5848541210270252755, -0.8111384944124560015, 0.000000000000000000 ) ) ;
#4987 = VECTOR ( 'NONE', #1553, 39.37007874015748143 ) ;
#4988 = ORIENTED_EDGE ( 'NONE', *, *, #3188, .T. ) ;
#4989 = CARTESIAN_POINT ( 'NONE',  ( 0.2329879015076105897, -3.930107840481363635, 0.000000000000000000 ) ) ;
#4990 = EDGE_CURVE ( 'NONE', #2136, #974, #3898, .T. ) ;
#4991 = FACE_OUTER_BOUND ( 'NONE', #1848, .T. ) ;
#4992 = VECTOR ( 'NONE', #5492, 39.37007874015748143 ) ;
#4993 = ORIENTED_EDGE ( 'NONE', *, *, #5639, .F. ) ;
#4994 = ORIENTED_EDGE ( 'NONE', *, *, #152, .F. ) ;
#4995 = ORIENTED_EDGE ( 'NONE', *, *, #4165, .T. ) ;
#4996 = VECTOR ( 'NONE', #1454, 39.37007874015748143 ) ;
#4997 = EDGE_CURVE ( 'NONE', #581, #3271, #1653, .T. ) ;
#4998 = EDGE_LOOP ( 'NONE', ( #5452, #2785, #4766, #2238 ) ) ;
#4999 = LINE ( 'NONE', #5414, #4136 ) ;
#5000 = DIRECTION ( 'NONE',  ( 0.4999999999999980571, -0.8660254037844398178, 0.000000000000000000 ) ) ;
#5001 = FACE_OUTER_BOUND ( 'NONE', #1528, .T. ) ;
#5002 = PERSON_AND_ORGANIZATION ( #2001, #3915 ) ;
#5003 = DIRECTION ( 'NONE',  ( 0.08367784333231570448, -0.9964928592495042592, -0.000000000000000000 ) ) ;
#5004 = EDGE_CURVE ( 'NONE', #3861, #1625, #2296, .T. ) ;
#5005 = CARTESIAN_POINT ( 'NONE',  ( -0.2317451337921310750, 3.909144472380302826, -0.9842519685039370358 ) ) ;
#5006 = AXIS2_PLACEMENT_3D ( 'NONE', #4335, #249, #2059 ) ;
#5007 = EDGE_LOOP ( 'NONE', ( #600, #4825, #3947, #5299 ) ) ;
#5008 = CARTESIAN_POINT ( 'NONE',  ( 3.199822720625502992, -1.774224781408665130, -0.9842519685039370358 ) ) ;
#5009 = VERTEX_POINT ( 'NONE', #4161 ) ;
#5010 = DIRECTION ( 'NONE',  ( 0.000000000000000000, 0.000000000000000000, 1.000000000000000000 ) ) ;
#5011 = CC_DESIGN_PERSON_AND_ORGANIZATION_ASSIGNMENT ( #4013, #5331, ( #186 ) ) ;
#5012 = CARTESIAN_POINT ( 'NONE',  ( 2.520503077421349492, 3.024416511787275663, -0.9842519685039370358 ) ) ;
#5013 = EDGE_CURVE ( 'NONE', #3871, #4325, #4999, .T. ) ;
#5014 = VECTOR ( 'NONE', #928, 39.37007874015748854 ) ;
#5015 = CARTESIAN_POINT ( 'NONE',  ( 0.5000000000000000000, 0.000000000000000000, -0.9742519685039391364 ) ) ;
#5016 = VERTEX_POINT ( 'NONE', #910 ) ;
#5017 = CARTESIAN_POINT ( 'NONE',  ( -0.6725800753332270565, 3.596439219653320141, -0.9842519685039370358 ) ) ;
#5018 = CARTESIAN_POINT ( 'NONE',  ( 3.201058350784069084, -1.744743538943400063, 0.000000000000000000 ) ) ;
#5019 = ORIENTED_EDGE ( 'NONE', *, *, #1613, .F. ) ;
#5020 = DIRECTION ( 'NONE',  ( 0.9284384064731666664, -0.3714863730819297771, 0.000000000000000000 ) ) ;
#5021 = DIRECTION ( 'NONE',  ( 0.000000000000000000, 0.000000000000000000, 1.000000000000000000 ) ) ;
#5022 = ORIENTED_EDGE ( 'NONE', *, *, #2492, .T. ) ;
#5023 = ORIENTED_EDGE ( 'NONE', *, *, #5876, .T. ) ;
#5024 = ADVANCED_FACE ( 'NONE', ( #1383 ), #3227, .F. ) ;
#5025 = ORIENTED_EDGE ( 'NONE', *, *, #3504, .T. ) ;
#5026 = VERTEX_POINT ( 'NONE', #2267 ) ;
#5027 = LINE ( 'NONE', #966, #1997 ) ;
#5028 = LINE ( 'NONE', #13, #908 ) ;
#5029 = CARTESIAN_POINT ( 'NONE',  ( 3.649212047091005662, -1.434047562348421678, 0.000000000000000000 ) ) ;
#5030 = PERSON_AND_ORGANIZATION ( #2281, #778 ) ;
#5031 = DIRECTION ( 'NONE',  ( 1.000000000000000000, 0.000000000000000000, 0.000000000000000000 ) ) ;
#5032 = CARTESIAN_POINT ( 'NONE',  ( 2.342385370536693490, 2.810688491151502877, -0.9842519685039370358 ) ) ;
#5033 = VERTEX_POINT ( 'NONE', #4098 ) ;
#5034 = CARTESIAN_POINT ( 'NONE',  ( -3.456866469529207286, -1.884172288275858698, -0.9842519685039370358 ) ) ;
#5035 = VERTEX_POINT ( 'NONE', #1412 ) ;
#5036 = DIRECTION ( 'NONE',  ( 0.9258705848100072799, -0.3778407868184364138, -0.000000000000000000 ) ) ;
#5037 = LINE ( 'NONE', #1396, #4449 ) ;
#5038 = CARTESIAN_POINT ( 'NONE',  ( -3.795186570408795479, -0.9847841750862568189, -0.9842519685039370358 ) ) ;
#5039 = ADVANCED_FACE ( 'NONE', ( #74 ), #5052, .T. ) ;
#5040 = ORIENTED_EDGE ( 'NONE', *, *, #3310, .F. ) ;
#5041 = FACE_OUTER_BOUND ( 'NONE', #1237, .T. ) ;
#5042 = ORIENTED_EDGE ( 'NONE', *, *, #3543, .T. ) ;
#5043 = CARTESIAN_POINT ( 'NONE',  ( -2.648531142354117573, -2.505231999194796444, -0.9842519685039370358 ) ) ;
#5044 = CARTESIAN_POINT ( 'NONE',  ( 3.193458639419117340, 2.302575279633958250, -0.9842519685039370358 ) ) ;
#5045 = ORIENTED_EDGE ( 'NONE', *, *, #4560, .F. ) ;
#5046 = DIRECTION ( 'NONE',  ( 1.000000000000000000, 0.000000000000000000, 0.000000000000000000 ) ) ;
#5047 = CARTESIAN_POINT ( 'NONE',  ( 3.915982066072373868, -0.01416937462812822672, -0.9842519685039370358 ) ) ;
#5048 = ORIENTED_EDGE ( 'NONE', *, *, #4932, .T. ) ;
#5049 = VERTEX_POINT ( 'NONE', #12 ) ;
#5050 = EDGE_CURVE ( 'NONE', #3630, #2623, #2721, .T. ) ;
#5051 = AXIS2_PLACEMENT_3D ( 'NONE', #5472, #484, #4043 ) ;
#5052 = PLANE ( 'NONE',  #4685 ) ;
#5053 = FACE_OUTER_BOUND ( 'NONE', #1302, .T. ) ;
#5054 = DIRECTION ( 'NONE',  ( -0.5327682375420023098, 0.8462611919888496370, 0.000000000000000000 ) ) ;
#5055 = APPROVAL_DATE_TIME ( #15, #5774 ) ;
#5056 = DIRECTION ( 'NONE',  ( -0.8712138111201948032, 0.4909037536151312775, -0.000000000000000000 ) ) ;
#5058 = FACE_OUTER_BOUND ( 'NONE', #285, .T. ) ;
#5057 = AXIS2_PLACEMENT_3D ( 'NONE', #233, #145, #586 ) ;
#5059 = ORIENTED_EDGE ( 'NONE', *, *, #1929, .T. ) ;
#5060 = CC_DESIGN_APPROVAL ( #1111, ( #3145 ) ) ;
#5061 = ORIENTED_EDGE ( 'NONE', *, *, #4059, .T. ) ;
#5062 = DIRECTION ( 'NONE',  ( 0.000000000000000000, 0.000000000000000000, 1.000000000000000000 ) ) ;
#5063 = FACE_OUTER_BOUND ( 'NONE', #5113, .T. ) ;
#5064 = CARTESIAN_POINT ( 'NONE',  ( 2.941635510506584339, 2.153528524337635641, 0.000000000000000000 ) ) ;
#5065 = LINE ( 'NONE', #4083, #2716 ) ;
#5066 = CARTESIAN_POINT ( 'NONE',  ( 2.952221833808781781, -2.161278617480526965, -0.9842519685039370358 ) ) ;
#5067 = VERTEX_POINT ( 'NONE', #4548 ) ;
#5068 = AXIS2_PLACEMENT_3D ( 'NONE', #5034, #20, #4140 ) ;
#5069 = EDGE_CURVE ( 'NONE', #3196, #5427, #3653, .T. ) ;
#5070 = LINE ( 'NONE', #895, #146 ) ;
#5071 = ORIENTED_EDGE ( 'NONE', *, *, #4753, .F. ) ;
#5072 = CARTESIAN_POINT ( 'NONE',  ( 1.202081876751644351, 3.732055752168879525, 0.000000000000000000 ) ) ;
#5073 = DIRECTION ( 'NONE',  ( 0.000000000000000000, 0.000000000000000000, -1.000000000000000000 ) ) ;
#5074 = EDGE_CURVE ( 'NONE', #4388, #934, #5861, .T. ) ;
#5075 = ORIENTED_EDGE ( 'NONE', *, *, #3501, .T. ) ;
#5076 = VECTOR ( 'NONE', #4886, 39.37007874015748854 ) ;
#5077 = CARTESIAN_POINT ( 'NONE',  ( 3.920859670823414689, 0.01002084936998866478, -0.9842519685039370358 ) ) ;
#5078 = LINE ( 'NONE', #992, #5750 ) ;
#5079 = ADVANCED_FACE ( 'NONE', ( #4968 ), #1769, .T. ) ;
#5080 = VECTOR ( 'NONE', #4944, 39.37007874015748143 ) ;
#5081 = ORIENTED_EDGE ( 'NONE', *, *, #5167, .F. ) ;
#5082 = EDGE_CURVE ( 'NONE', #1221, #2204, #5027, .T. ) ;
#5083 = ORIENTED_EDGE ( 'NONE', *, *, #827, .T. ) ;
#5084 = DIRECTION ( 'NONE',  ( 0.06640129000382763436, 0.9977929989160213564, -0.000000000000000000 ) ) ;
#5085 = VECTOR ( 'NONE', #5884, 39.37007874015748854 ) ;
#5086 = CARTESIAN_POINT ( 'NONE',  ( -1.540304569228679199, -3.304295146596687438, 0.000000000000000000 ) ) ;
#5087 = DIRECTION ( 'NONE',  ( 0.5180270093731251801, 0.8553642601605097040, -0.000000000000000000 ) ) ;
#5088 = CALENDAR_DATE ( 2025, 2, 4 ) ;
#5089 = DIRECTION ( 'NONE',  ( 0.000000000000000000, 0.000000000000000000, 1.000000000000000000 ) ) ;
#5090 = VECTOR ( 'NONE', #244, 39.37007874015748143 ) ;
#5091 = VERTEX_POINT ( 'NONE', #4607 ) ;
#5092 = ORIENTED_EDGE ( 'NONE', *, *, #3318, .F. ) ;
#5093 = PLANE ( 'NONE',  #5828 ) ;
#5094 = DIRECTION ( 'NONE',  ( 0.4225025492268855154, -0.9063617356755432342, 0.000000000000000000 ) ) ;
#5095 = VECTOR ( 'NONE', #5631, 39.37007874015748854 ) ;
#5096 = CARTESIAN_POINT ( 'NONE',  ( -0.2429483282524556309, -3.650714331222761455, 0.000000000000000000 ) ) ;
#5097 = LINE ( 'NONE', #5066, #4717 ) ;
#5098 = ORIENTED_EDGE ( 'NONE', *, *, #4485, .F. ) ;
#5099 = AXIS2_PLACEMENT_3D ( 'NONE', #5005, #2694, #637 ) ;
#5100 = EDGE_CURVE ( 'NONE', #4106, #2941, #515, .T. ) ;
#5101 = VECTOR ( 'NONE', #5304, 39.37007874015748143 ) ;
#5102 = DIRECTION ( 'NONE',  ( 0.000000000000000000, 0.000000000000000000, -1.000000000000000000 ) ) ;
#5103 = VERTEX_POINT ( 'NONE', #4490 ) ;
#5104 = DIRECTION ( 'NONE',  ( -0.8386705679454147244, 0.5446390350150414061, 0.000000000000000000 ) ) ;
#5105 = LINE ( 'NONE', #5637, #2695 ) ;
#5106 = VECTOR ( 'NONE', #449, 39.37007874015748143 ) ;
#5107 = EDGE_CURVE ( 'NONE', #708, #759, #5340, .T. ) ;
#5108 = EDGE_CURVE ( 'NONE', #4454, #4370, #3111, .T. ) ;
#5109 = VECTOR ( 'NONE', #5010, 39.37007874015748143 ) ;
#5110 = CARTESIAN_POINT ( 'NONE',  ( 3.780812053188503885, 0.6802754607060100822, 0.000000000000000000 ) ) ;
#5111 = PLANE ( 'NONE',  #893 ) ;
#5112 = VECTOR ( 'NONE', #1157, 39.37007874015748854 ) ;
#5113 = EDGE_LOOP ( 'NONE', ( #3604, #5193, #3570, #3644 ) ) ;
#5114 = EDGE_CURVE ( 'NONE', #2788, #3281, #3816, .T. ) ;
#5115 = ORIENTED_EDGE ( 'NONE', *, *, #3371, .T. ) ;
#5116 = CARTESIAN_POINT ( 'NONE',  ( 0.2165232238326829928, -3.652376857874449989, 0.000000000000000000 ) ) ;
#5117 = CARTESIAN_POINT ( 'NONE',  ( -2.498550600357361873, 3.042577180206916587, -0.9842519685039370358 ) ) ;
#5118 = DIRECTION ( 'NONE',  ( 0.05233595624296316640, -0.9986295347545728340, -0.000000000000000000 ) ) ;
#5119 = EDGE_CURVE ( 'NONE', #2092, #5702, #401, .T. ) ;
#5120 = DIRECTION ( 'NONE',  ( -0.9631625667976549954, -0.2689198206152766946, -0.000000000000000000 ) ) ;
#5121 = ORIENTED_EDGE ( 'NONE', *, *, #735, .T. ) ;
#5122 = ORIENTED_EDGE ( 'NONE', *, *, #1426, .T. ) ;
#5123 = DIRECTION ( 'NONE',  ( 0.000000000000000000, 0.000000000000000000, -1.000000000000000000 ) ) ;
#5124 = CARTESIAN_POINT ( 'NONE',  ( -0.5000000000000000000, 6.123233995736766036E-17, -0.9742519685039391364 ) ) ;
#5125 = CARTESIAN_POINT ( 'NONE',  ( -3.631574120736965394, -0.4454306051332429517, 0.000000000000000000 ) ) ;
#5126 = DATE_AND_TIME ( #2458, #5348 ) ;
#5127 = FACE_OUTER_BOUND ( 'NONE', #5791, .T. ) ;
#5128 = DIRECTION ( 'NONE',  ( 0.000000000000000000, 0.000000000000000000, 1.000000000000000000 ) ) ;
#5129 = ORIENTED_EDGE ( 'NONE', *, *, #4122, .F. ) ;
#5130 = EDGE_CURVE ( 'NONE', #616, #3123, #432, .T. ) ;
#5131 = CARTESIAN_POINT ( 'NONE',  ( -3.212578281954790782, -1.751022501485414162, -0.9842519685039370358 ) ) ;
#5132 = ORIENTED_EDGE ( 'NONE', *, *, #1951, .T. ) ;
#5133 = EDGE_CURVE ( 'NONE', #3377, #685, #4074, .T. ) ;
#5134 = PLANE ( 'NONE',  #725 ) ;
#5135 = DIRECTION ( 'NONE',  ( 0.4725507648690854268, -0.8813034520649754011, 0.000000000000000000 ) ) ;
#5136 = VERTEX_POINT ( 'NONE', #3319 ) ;
#5137 = CARTESIAN_POINT ( 'NONE',  ( -3.615245126993665625, -0.4700077164874228441, -0.9842519685039370358 ) ) ;
#5138 = CARTESIAN_POINT ( 'NONE',  ( 0.000000000000000000, 0.000000000000000000, -0.9842519685039370358 ) ) ;
#5139 = EDGE_LOOP ( 'NONE', ( #3081, #909, #3471, #1031 ) ) ;
#5140 = ORIENTED_EDGE ( 'NONE', *, *, #4062, .F. ) ;
#5141 = ORIENTED_EDGE ( 'NONE', *, *, #4744, .F. ) ;
#5142 = FACE_OUTER_BOUND ( 'NONE', #1972, .T. ) ;
#5143 = CARTESIAN_POINT ( 'NONE',  ( 2.941635510506584339, 2.153528524337635641, -0.9842519685039370358 ) ) ;
#5144 = CARTESIAN_POINT ( 'NONE',  ( -1.663395863097950178, 3.568353290061205385, -0.9842519685039370358 ) ) ;
#5145 = EDGE_CURVE ( 'NONE', #2174, #4193, #1120, .T. ) ;
#5146 = DIRECTION ( 'NONE',  ( -0.000000000000000000, -0.000000000000000000, -1.000000000000000000 ) ) ;
#5147 = CIRCLE ( 'NONE', #4293, 1.968503937007874072 ) ;
#5148 = ORIENTED_EDGE ( 'NONE', *, *, #3527, .F. ) ;
#5149 = ORIENTED_EDGE ( 'NONE', *, *, #4119, .T. ) ;
#5150 = LINE ( 'NONE', #552, #2025 ) ;
#5151 = CARTESIAN_POINT ( 'NONE',  ( 0.2420771438722214564, -3.637623295260771439, 0.000000000000000000 ) ) ;
#5152 = LINE ( 'NONE', #585, #2973 ) ;
#5153 = AXIS2_PLACEMENT_3D ( 'NONE', #412, #2224, #1306 ) ;
#5154 = CARTESIAN_POINT ( 'NONE',  ( -3.796478068656880200, -0.9601409204825802624, -0.9842519685039370358 ) ) ;
#5155 = DIRECTION ( 'NONE',  ( 0.000000000000000000, 0.000000000000000000, 1.000000000000000000 ) ) ;
#5156 = CC_DESIGN_PERSON_AND_ORGANIZATION_ASSIGNMENT ( #5030, #969, ( #864 ) ) ;
#5157 = ORIENTED_EDGE ( 'NONE', *, *, #4133, .F. ) ;
#5158 = LOCAL_TIME ( 11, 53, 13.00000000000000000, #4437 ) ;
#5159 = LINE ( 'NONE', #2493, #2046 ) ;
#5160 = ORIENTED_EDGE ( 'NONE', *, *, #692, .T. ) ;
#5161 = LINE ( 'NONE', #721, #2427 ) ;
#5162 = LINE ( 'NONE', #1967, #2797 ) ;
#5163 = EDGE_CURVE ( 'NONE', #734, #3070, #1089, .T. ) ;
#5164 = EDGE_LOOP ( 'NONE', ( #4336, #340 ) ) ;
#5165 = CARTESIAN_POINT ( 'NONE',  ( 1.196629132011961749, -3.728698839192850389, -0.9842519685039370358 ) ) ;
#5166 = DIRECTION ( 'NONE',  ( 0.9499321677234484618, -0.3124561996892207816, 0.000000000000000000 ) ) ;
#5167 = EDGE_CURVE ( 'NONE', #5091, #339, #666, .T. ) ;
#5168 = DIRECTION ( 'NONE',  ( -1.000000000000000000, 0.000000000000000000, 0.000000000000000000 ) ) ;
#5169 = ORIENTED_EDGE ( 'NONE', *, *, #925, .F. ) ;
#5170 = AXIS2_PLACEMENT_3D ( 'NONE', #1924, #4678, #5540 ) ;
#5171 = ORIENTED_EDGE ( 'NONE', *, *, #1219, .F. ) ;
#5172 = EDGE_CURVE ( 'NONE', #3376, #3731, #3830, .T. ) ;
#5173 = DIRECTION ( 'NONE',  ( -0.8211492091337093679, 0.5707135676844240502, -0.000000000000000000 ) ) ;
#5174 = DIRECTION ( 'NONE',  ( 0.5269557954966960223, -0.8498926929868524383, -0.000000000000000000 ) ) ;
#5175 = FACE_OUTER_BOUND ( 'NONE', #5622, .T. ) ;
#5176 = CARTESIAN_POINT ( 'NONE',  ( 0.000000000000000000, 0.000000000000000000, 0.7086614173228346081 ) ) ;
#5177 = VECTOR ( 'NONE', #825, 39.37007874015748143 ) ;
#5178 = ORIENTED_EDGE ( 'NONE', *, *, #4963, .F. ) ;
#5179 = ADVANCED_FACE ( 'NONE', ( #5142 ), #1946, .T. ) ;
#5180 = CIRCLE ( 'NONE', #1177, 1.968503937007874072 ) ;
#5181 = ORIENTED_EDGE ( 'NONE', *, *, #3052, .T. ) ;
#5182 = DIRECTION ( 'NONE',  ( 0.000000000000000000, 0.000000000000000000, 1.000000000000000000 ) ) ;
#5183 = EDGE_CURVE ( 'NONE', #1458, #1470, #608, .T. ) ;
#5184 = LINE ( 'NONE', #1126, #4400 ) ;
#5185 = DIRECTION ( 'NONE',  ( -0.6534206039901121477, 0.7569950556517505147, -0.000000000000000000 ) ) ;
#5186 = CARTESIAN_POINT ( 'NONE',  ( -3.629942430963195577, 3.819971926347003777, -0.9842519685039367028 ) ) ;
#5187 = PLANE ( 'NONE',  #1770 ) ;
#5188 = PLANE ( 'NONE',  #1847 ) ;
#5189 = AXIS2_PLACEMENT_3D ( 'NONE', #365, #1697, #5793 ) ;
#5190 = ORIENTED_EDGE ( 'NONE', *, *, #2864, .F. ) ;
#5191 = VECTOR ( 'NONE', #3448, 39.37007874015748854 ) ;
#5192 = LINE ( 'NONE', #3881, #1817 ) ;
#5193 = ORIENTED_EDGE ( 'NONE', *, *, #1554, .T. ) ;
#5194 = DIRECTION ( 'NONE',  ( 0.9991228300988587163, -0.04187565372919255235, 0.000000000000000000 ) ) ;
#5195 = EDGE_CURVE ( 'NONE', #3962, #2657, #1530, .T. ) ;
#5196 = PLANE ( 'NONE',  #4614 ) ;
#5197 = VECTOR ( 'NONE', #5361, 39.37007874015748143 ) ;
#5198 = ORIENTED_EDGE ( 'NONE', *, *, #2105, .F. ) ;
#5199 = PLANE ( 'NONE',  #2405 ) ;
#5200 = CARTESIAN_POINT ( 'NONE',  ( -1.680164903353896566, -3.537253484062966802, -0.9842519685039370358 ) ) ;
#5201 = ORIENTED_EDGE ( 'NONE', *, *, #2004, .T. ) ;
#5202 = ORIENTED_EDGE ( 'NONE', *, *, #5074, .T. ) ;
#5203 = VECTOR ( 'NONE', #4978, 39.37007874015748143 ) ;
#5204 = EDGE_CURVE ( 'NONE', #3701, #4433, #4308, .T. ) ;
#5205 = LINE ( 'NONE', #3776, #1051 ) ;
#5206 = LINE ( 'NONE', #4366, #2596 ) ;
#5207 = CARTESIAN_POINT ( 'NONE',  ( 3.645645426253485422, 0.01319120336473597263, -0.9842519685039370358 ) ) ;
#5208 = VECTOR ( 'NONE', #1130, 39.37007874015748143 ) ;
#5209 = EDGE_CURVE ( 'NONE', #2754, #5397, #2838, .T. ) ;
#5210 = ORIENTED_EDGE ( 'NONE', *, *, #1813, .T. ) ;
#5211 = PERSON ( 'NAUO-PER1', 'UNSPECIFIED', 'UNSPECIFIED', ('UNSPECIFIED'), ('UNSPECIFIED'), ('UNSPECIFIED') ) ;
#5212 = ORIENTED_EDGE ( 'NONE', *, *, #1200, .T. ) ;
#5213 = DIRECTION ( 'NONE',  ( -0.05233595624296316640, 0.9986295347545728340, -0.000000000000000000 ) ) ;
#5214 = DIRECTION ( 'NONE',  ( 0.9711342799096357448, 0.2385334575785816869, -0.000000000000000000 ) ) ;
#5215 = CARTESIAN_POINT ( 'NONE',  ( -2.755905511811024056, 0.3139174288148154357, 0.000000000000000000 ) ) ;
#5216 = PERSON_AND_ORGANIZATION ( #2281, #778 ) ;
#5217 = DIRECTION ( 'NONE',  ( 0.9986295347545751655, 0.05233595624291986770, -0.000000000000000000 ) ) ;
#5218 = CARTESIAN_POINT ( 'NONE',  ( 2.086324520973354080, -3.313965344743833974, -0.9842519685039370358 ) ) ;
#5219 = ORIENTED_EDGE ( 'NONE', *, *, #1893, .F. ) ;
#5220 = CARTESIAN_POINT ( 'NONE',  ( -3.424775095144347858, 1.898955465685492117, -0.9842519685039370358 ) ) ;
#5221 = ORIENTED_EDGE ( 'NONE', *, *, #5195, .F. ) ;
#5222 = CARTESIAN_POINT ( 'NONE',  ( 3.159767491679445151, -2.313219771552977644, -0.9842519685039370358 ) ) ;
#5223 = EDGE_CURVE ( 'NONE', #1305, #1310, #5205, .T. ) ;
#5224 = CARTESIAN_POINT ( 'NONE',  ( 3.883327484294520460, -0.5048603397976748619, -0.9842519685039370358 ) ) ;
#5225 = ORIENTED_EDGE ( 'NONE', *, *, #3848, .F. ) ;
#5226 = CARTESIAN_POINT ( 'NONE',  ( 2.290412775090560071, 3.084043417929804853, 0.000000000000000000 ) ) ;
#5227 = PLANE ( 'NONE',  #3378 ) ;
#5228 = VERTEX_POINT ( 'NONE', #2813 ) ;
#5229 = ORIENTED_EDGE ( 'NONE', *, *, #4583, .F. ) ;
#5230 = CARTESIAN_POINT ( 'NONE',  ( -1.678487988567875844, 3.543433228938418722, -0.9842519685039370358 ) ) ;
#5231 = PLANE ( 'NONE',  #1736 ) ;
#5232 = LINE ( 'NONE', #2959, #2980 ) ;
#5233 = ADVANCED_FACE ( 'NONE', ( #1058 ), #2929, .T. ) ;
#5234 = ORIENTED_EDGE ( 'NONE', *, *, #3393, .F. ) ;
#5235 = ORIENTED_EDGE ( 'NONE', *, *, #3679, .T. ) ;
#5236 = DIRECTION ( 'NONE',  ( -0.9659258262890633162, 0.2588190451025387251, -0.000000000000000000 ) ) ;
#5237 = FACE_OUTER_BOUND ( 'NONE', #1522, .T. ) ;
#5238 = DIRECTION ( 'NONE',  ( 0.000000000000000000, 0.000000000000000000, -1.000000000000000000 ) ) ;
#5239 = APPLICATION_PROTOCOL_DEFINITION ( 'international standard', 'config_control_design', 1994, #3492 ) ;
#5240 = LINE ( 'NONE', #5688, #537 ) ;
#5242 = DIRECTION ( 'NONE',  ( 0.9982473914822665995, 0.05917892698292612219, -0.000000000000000000 ) ) ;
#5241 = AXIS2_PLACEMENT_3D ( 'NONE', #2739, #2175, #3616 ) ;
#5243 = ORIENTED_EDGE ( 'NONE', *, *, #1678, .F. ) ;
#5244 = FACE_OUTER_BOUND ( 'NONE', #1758, .T. ) ;
#5245 = ORIENTED_EDGE ( 'NONE', *, *, #4485, .T. ) ;
#5246 = LINE ( 'NONE', #4327, #436 ) ;
#5247 = DIRECTION ( 'NONE',  ( 0.000000000000000000, 0.000000000000000000, 1.000000000000000000 ) ) ;
#5248 = LOCAL_TIME ( 11, 53, 13.00000000000000000, #3114 ) ;
#5249 = EDGE_CURVE ( 'NONE', #590, #2652, #5529, .T. ) ;
#5250 = EDGE_LOOP ( 'NONE', ( #2927, #1024, #2562, #4141 ) ) ;
#5251 = EDGE_CURVE ( 'NONE', #5275, #906, #1974, .T. ) ;
#5252 = DIRECTION ( 'NONE',  ( 0.000000000000000000, 0.000000000000000000, 1.000000000000000000 ) ) ;
#5253 = CARTESIAN_POINT ( 'NONE',  ( 2.676187639391406137, 2.494946640143726135, 0.000000000000000000 ) ) ;
#5254 = EDGE_LOOP ( 'NONE', ( #5277, #1489, #1765, #4468 ) ) ;
#5255 = VERTEX_POINT ( 'NONE', #3261 ) ;
#5256 = AXIS2_PLACEMENT_3D ( 'NONE', #3056, #351, #4885 ) ;
#5257 = AXIS2_PLACEMENT_3D ( 'NONE', #1517, #2222, #1246 ) ;
#5258 = DIRECTION ( 'NONE',  ( 0.3189593092980693712, 0.9477684100095857822, -0.000000000000000000 ) ) ;
#5259 = CC_DESIGN_PERSON_AND_ORGANIZATION_ASSIGNMENT ( #2914, #3413, ( #3706 ) ) ;
#5260 = DIRECTION ( 'NONE',  ( -0.3875155864521136473, 0.9218631515884960770, 0.000000000000000000 ) ) ;
#5261 = FACE_OUTER_BOUND ( 'NONE', #284, .T. ) ;
#5262 = VECTOR ( 'NONE', #4884, 39.37007874015748854 ) ;
#5263 = EDGE_CURVE ( 'NONE', #1107, #2512, #2866, .T. ) ;
#5264 = VECTOR ( 'NONE', #265, 39.37007874015748854 ) ;
#5265 = EDGE_LOOP ( 'NONE', ( #4432, #5648, #958, #5219 ) ) ;
#5266 = VERTEX_POINT ( 'NONE', #2418 ) ;
#5267 = ORIENTED_EDGE ( 'NONE', *, *, #2889, .T. ) ;
#5268 = DIRECTION ( 'NONE',  ( 0.8068849024499824552, -0.5907086881012351132, 0.000000000000000000 ) ) ;
#5269 = CARTESIAN_POINT ( 'NONE',  ( 3.886879271373971267, 0.4767450500436776761, -0.9842519685039370358 ) ) ;
#5270 = DIRECTION ( 'NONE',  ( 0.000000000000000000, 0.000000000000000000, -1.000000000000000000 ) ) ;
#5271 = PERSON_AND_ORGANIZATION ( #2281, #778 ) ;
#5272 = DIRECTION ( 'NONE',  ( -0.1667687467161024784, -0.9859960370705048716, -0.000000000000000000 ) ) ;
#5273 = DIRECTION ( 'NONE',  ( -1.000000000000000000, 0.000000000000000000, 0.000000000000000000 ) ) ;
#5274 = VECTOR ( 'NONE', #2925, 39.37007874015748143 ) ;
#5275 = VERTEX_POINT ( 'NONE', #4639 ) ;
#5276 = LINE ( 'NONE', #3009, #4307 ) ;
#5277 = ORIENTED_EDGE ( 'NONE', *, *, #5114, .T. ) ;
#5278 = DIRECTION ( 'NONE',  ( 0.2990407922560729959, -0.9542403285162811555, -0.000000000000000000 ) ) ;
#5279 = EDGE_CURVE ( 'NONE', #3066, #3404, #2354, .T. ) ;
#5280 = VECTOR ( 'NONE', #3520, 39.37007874015748143 ) ;
#5281 = DIRECTION ( 'NONE',  ( 0.8862035792312157323, -0.4632960351198594506, -0.000000000000000000 ) ) ;
#5282 = CARTESIAN_POINT ( 'NONE',  ( 1.196629132011961749, -3.728698839192850389, -0.9842519685039370358 ) ) ;
#5283 = EDGE_CURVE ( 'NONE', #2248, #4017, #4250, .T. ) ;
#5284 = AXIS2_PLACEMENT_3D ( 'NONE', #3787, #5602, #497 ) ;
#5285 = VERTEX_POINT ( 'NONE', #5116 ) ;
#5286 = DIRECTION ( 'NONE',  ( 0.000000000000000000, 0.000000000000000000, 1.000000000000000000 ) ) ;
#5287 = LINE ( 'NONE', #2501, #4423 ) ;
#5288 = VECTOR ( 'NONE', #4582, 39.37007874015748854 ) ;
#5289 = EDGE_CURVE ( 'NONE', #5654, #3739, #167, .T. ) ;
#5290 = ORIENTED_EDGE ( 'NONE', *, *, #937, .F. ) ;
#5291 = ORIENTED_EDGE ( 'NONE', *, *, #5709, .F. ) ;
#5292 = EDGE_CURVE ( 'NONE', #4729, #5836, #573, .T. ) ;
#5293 = VECTOR ( 'NONE', #2450, 39.37007874015748854 ) ;
#5294 = DIRECTION ( 'NONE',  ( 0.000000000000000000, 0.000000000000000000, 1.000000000000000000 ) ) ;
#5295 = DIRECTION ( 'NONE',  ( -0.9925617027126568681, -0.1217426232186223506, 0.000000000000000000 ) ) ;
#5296 = DIRECTION ( 'NONE',  ( -0.9477684100095858932, 0.3189593092980694267, 0.000000000000000000 ) ) ;
#5297 = EDGE_CURVE ( 'NONE', #4086, #3377, #3077, .T. ) ;
#5298 = VECTOR ( 'NONE', #1548, 39.37007874015748143 ) ;
#5299 = ORIENTED_EDGE ( 'NONE', *, *, #282, .F. ) ;
#5300 = VERTEX_POINT ( 'NONE', #5230 ) ;
#5301 = ORIENTED_EDGE ( 'NONE', *, *, #181, .T. ) ;
#5302 = CARTESIAN_POINT ( 'NONE',  ( 1.223580884155779813, 3.719941684073334365, -0.9842519685039370358 ) ) ;
#5303 = AXIS2_PLACEMENT_3D ( 'NONE', #556, #2366, #1870 ) ;
#5304 = DIRECTION ( 'NONE',  ( -0.000000000000000000, -0.000000000000000000, -1.000000000000000000 ) ) ;
#5305 = DIRECTION ( 'NONE',  ( -0.3288666467385903958, 0.9443763702374784463, -0.000000000000000000 ) ) ;
#5306 = PERSON_AND_ORGANIZATION_ROLE ( 'design_owner' ) ;
#5307 = CARTESIAN_POINT ( 'NONE',  ( -3.201058350784057538, 1.744743538943422712, 0.000000000000000000 ) ) ;
#5308 = ORIENTED_EDGE ( 'NONE', *, *, #2545, .T. ) ;
#5309 = CARTESIAN_POINT ( 'NONE',  ( 2.109362553940037355, -3.305121872449963583, -0.9842519685039370358 ) ) ;
#5310 = EDGE_LOOP ( 'NONE', ( #3972, #4826, #1689, #3054 ) ) ;
#5311 = FACE_OUTER_BOUND ( 'NONE', #4107, .T. ) ;
#5312 = CARTESIAN_POINT ( 'NONE',  ( -2.755905511811024056, 0.3149606299212595051, 0.9842519685039370358 ) ) ;
#5313 = CARTESIAN_POINT ( 'NONE',  ( 3.547110816026480595, 0.8970751792485291976, -0.9842519685039370358 ) ) ;
#5314 = ADVANCED_FACE ( 'NONE', ( #254, #310 ), #2569, .T. ) ;
#5315 = EDGE_CURVE ( 'NONE', #4777, #4593, #786, .T. ) ;
#5316 = ORIENTED_EDGE ( 'NONE', *, *, #5882, .T. ) ;
#5317 = CARTESIAN_POINT ( 'NONE',  ( -3.438427391718029025, -1.874122030408098105, -0.9842519685039370358 ) ) ;
#5318 = PLANE ( 'NONE',  #806 ) ;
#5319 = ORIENTED_EDGE ( 'NONE', *, *, #5882, .F. ) ;
#5320 = ORIENTED_EDGE ( 'NONE', *, *, #1762, .T. ) ;
#5321 = CARTESIAN_POINT ( 'NONE',  ( 0.000000000000000000, 0.000000000000000000, 0.7086614173228346081 ) ) ;
#5322 = DIRECTION ( 'NONE',  ( 0.000000000000000000, 0.000000000000000000, 1.000000000000000000 ) ) ;
#5323 = CARTESIAN_POINT ( 'NONE',  ( 2.507058603132984675, 3.008284141073557461, -0.9842519685039370358 ) ) ;
#5324 = VERTEX_POINT ( 'NONE', #3948 ) ;
#5325 = ORIENTED_EDGE ( 'NONE', *, *, #572, .T. ) ;
#5326 = EDGE_CURVE ( 'NONE', #315, #727, #4396, .T. ) ;
#5327 = EDGE_LOOP ( 'NONE', ( #4882, #180, #2414, #1635 ) ) ;
#5328 = DIRECTION ( 'NONE',  ( 0.000000000000000000, 0.000000000000000000, -1.000000000000000000 ) ) ;
#5329 = CARTESIAN_POINT ( 'NONE',  ( -3.149606299212598604, 0.3149606299212594496, 0.9842519685039370358 ) ) ;
#5330 = CARTESIAN_POINT ( 'NONE',  ( -1.689175037307336202, -3.556222531479120263, -0.9842519685039370358 ) ) ;
#5331 = PERSON_AND_ORGANIZATION_ROLE ( 'design_owner' ) ;
#5332 = DIRECTION ( 'NONE',  ( 1.000000000000000000, 0.000000000000000000, -0.000000000000000000 ) ) ;
#5333 = ORIENTED_EDGE ( 'NONE', *, *, #1705, .F. ) ;
#5334 = DIRECTION ( 'NONE',  ( 0.000000000000000000, 0.000000000000000000, -1.000000000000000000 ) ) ;
#5335 = ORIENTED_EDGE ( 'NONE', *, *, #22, .F. ) ;
#5336 = DIRECTION ( 'NONE',  ( 0.000000000000000000, 0.000000000000000000, 1.000000000000000000 ) ) ;
#5337 = DIRECTION ( 'NONE',  ( 0.6211477802783058610, 0.7836934573258432790, -0.000000000000000000 ) ) ;
#5338 = EDGE_CURVE ( 'NONE', #2040, #2315, #1232, .T. ) ;
#5339 = DIRECTION ( 'NONE',  ( 0.9735789028731610673, -0.2283508701106525540, 0.000000000000000000 ) ) ;
#5340 = CIRCLE ( 'NONE', #1332, 5.905511811023622215 ) ;
#5341 = ORIENTED_EDGE ( 'NONE', *, *, #989, .T. ) ;
#5342 = DIRECTION ( 'NONE',  ( -0.9676769806904478299, 0.2521929044240116546, 0.000000000000000000 ) ) ;
#5343 = EDGE_CURVE ( 'NONE', #3252, #4388, #3865, .T. ) ;
#5344 = VECTOR ( 'NONE', #5336, 39.37007874015748143 ) ;
#5345 = LINE ( 'NONE', #248, #3279 ) ;
#5346 = ORIENTED_EDGE ( 'NONE', *, *, #1665, .F. ) ;
#5347 = EDGE_LOOP ( 'NONE', ( #3836, #28, #4424, #3370, #1591, #2463, #5320, #464, #4637, #259, #3591, #4314, #3399, #1564, #1211, #770, #4337, #40, #4224, #1969, #873, #4795, #3403, #454, #4442, #4827, #4988, #5708, #1864, #3914, #3336, #4723, #5406, #199, #874, #408, #524, #2384, #1252, #3517, #1872, #5301, #2117, #1586, #5201, #5723, #2811, #3896, #1401, #3771, #1731, #3641, #2013, #2193, #2953, #4755, #4939, #140, #3051, #3766, #5121, #5235, #71, #380, #1464, #1247, #2074, #3499, #896, #4995, #2858, #4605, #656, #3053, #3532, #2565, #5316, #5739, #4042, #5569, #975, #3650, #1680, #2203, #5115, #2182, #3819, #1727, #5394, #1903, #1123, #5465, #2696, #3850, #4518, #118, #5212, #2111, #5048, #5210, #4450, #4248, #455, #4185, #261, #5871, #5202, #1434, #638, #3699, #4419, #4368, #3278, #2686, #392, #3210, #2446, #2351, #5740, #1295, #4912, #5741, #4055, #4080, #4360, #5751, #4696, #2404, #1899, #4812, #5083, #5023, #5149, #5411, #634, #2871, #4564, #5500, #3734, #5526, #2948, #3619, #4584, #1368, #5025, #1151, #2810, #207, #3326, #762 ) ) ;
#5348 = LOCAL_TIME ( 11, 53, 13.00000000000000000, #651 ) ;
#5349 = DIRECTION ( 'NONE',  ( -1.000000000000000000, 0.000000000000000000, 0.000000000000000000 ) ) ;
#5350 = FACE_OUTER_BOUND ( 'NONE', #5432, .T. ) ;
#5351 = FACE_OUTER_BOUND ( 'NONE', #1181, .T. ) ;
#5352 = ORIENTED_EDGE ( 'NONE', *, *, #2774, .T. ) ;
#5353 = EDGE_CURVE ( 'NONE', #1601, #2830, #1712, .T. ) ;
#5354 = VECTOR ( 'NONE', #3065, 39.37007874015748143 ) ;
#5355 = ORIENTED_EDGE ( 'NONE', *, *, #2353, .F. ) ;
#5356 = VERTEX_POINT ( 'NONE', #1675 ) ;
#5357 = CARTESIAN_POINT ( 'NONE',  ( 2.941635510506584339, 2.153528524337635641, -0.9842519685039370358 ) ) ;
#5358 = LINE ( 'NONE', #5329, #3928 ) ;
#5359 = PLANE ( 'NONE',  #4125 ) ;
#5360 = PERSON_AND_ORGANIZATION ( #2281, #778 ) ;
#5361 = DIRECTION ( 'NONE',  ( 0.000000000000000000, 0.000000000000000000, 1.000000000000000000 ) ) ;
#5362 = ADVANCED_FACE ( 'NONE', ( #755 ), #2946, .T. ) ;
#5363 = ORIENTED_EDGE ( 'NONE', *, *, #5765, .F. ) ;
#5364 = VECTOR ( 'NONE', #1184, 39.37007874015748143 ) ;
#5365 = EDGE_CURVE ( 'NONE', #4729, #3903, #2598, .T. ) ;
#5366 = DIRECTION ( 'NONE',  ( 0.000000000000000000, 0.000000000000000000, -1.000000000000000000 ) ) ;
#5367 = EDGE_LOOP ( 'NONE', ( #334, #1063, #2603, #4211 ) ) ;
#5368 = DIRECTION ( 'NONE',  ( -0.7360970871197113352, -0.6768759696826858185, 0.000000000000000000 ) ) ;
#5369 = CYLINDRICAL_SURFACE ( 'NONE', #823, 0.3937007874015740483 ) ;
#5370 = DIRECTION ( 'NONE',  ( 0.6402077816650226794, 0.7682017939939677076, 0.000000000000000000 ) ) ;
#5371 = VECTOR ( 'NONE', #5056, 39.37007874015748854 ) ;
#5372 = VECTOR ( 'NONE', #1851, 39.37007874015748854 ) ;
#5373 = ORIENTED_EDGE ( 'NONE', *, *, #3151, .F. ) ;
#5374 = EDGE_CURVE ( 'NONE', #2264, #4257, #341, .T. ) ;
#5375 = CARTESIAN_POINT ( 'NONE',  ( -3.649212047090996336, 1.434047562348445659, -0.9842519685039370358 ) ) ;
#5376 = PLANE ( 'NONE',  #1561 ) ;
#5377 = VECTOR ( 'NONE', #5521, 39.37007874015748143 ) ;
#5378 = ORIENTED_EDGE ( 'NONE', *, *, #4600, .F. ) ;
#5379 = VERTEX_POINT ( 'NONE', #3977 ) ;
#5380 = CARTESIAN_POINT ( 'NONE',  ( -3.615245126993665625, -0.4700077164874228441, -0.9842519685039370358 ) ) ;
#5381 = AXIS2_PLACEMENT_3D ( 'NONE', #2460, #2048, #5689 ) ;
#5382 = CARTESIAN_POINT ( 'NONE',  ( 1.971642285115419835, 3.082104105629897006, 0.000000000000000000 ) ) ;
#5383 = VERTEX_POINT ( 'NONE', #5797 ) ;
#5384 = VECTOR ( 'NONE', #1584, 39.37007874015748143 ) ;
#5385 = ORIENTED_EDGE ( 'NONE', *, *, #3082, .F. ) ;
#5386 = EDGE_CURVE ( 'NONE', #395, #5802, #280, .T. ) ;
#5387 = ORIENTED_EDGE ( 'NONE', *, *, #1839, .F. ) ;
#5388 = DIRECTION ( 'NONE',  ( -0.05233595624291986770, 0.9986295347545751655, -0.000000000000000000 ) ) ;
#5389 = PLANE ( 'NONE',  #396 ) ;
#5390 = DIRECTION ( 'NONE',  ( -0.8660254037844397068, -0.4999999999999980016, -0.000000000000000000 ) ) ;
#5391 = CALENDAR_DATE ( 2025, 2, 4 ) ;
#5392 = CONICAL_SURFACE ( 'NONE', #2812, 1.850393700787403617, 0.7853981633974471688 ) ;
#5393 = LINE ( 'NONE', #1356, #2802 ) ;
#5394 = ORIENTED_EDGE ( 'NONE', *, *, #4039, .T. ) ;
#5395 = CIRCLE ( 'NONE', #1760, 0.2952755905511810774 ) ;
#5396 = CARTESIAN_POINT ( 'NONE',  ( -2.507058603133009544, -3.008284141073540141, -0.9842519685039370358 ) ) ;
#5397 = VERTEX_POINT ( 'NONE', #3529 ) ;
#5398 = PLANE ( 'NONE',  #2573 ) ;
#5399 = CARTESIAN_POINT ( 'NONE',  ( 0.6701682815978529106, 3.583542807913608019, -0.9842519685039370358 ) ) ;
#5400 = CARTESIAN_POINT ( 'NONE',  ( -1.221142664935901179, 3.725862526662091945, 0.000000000000000000 ) ) ;
#5401 = VECTOR ( 'NONE', #2552, 39.37007874015748854 ) ;
#5402 = VERTEX_POINT ( 'NONE', #5679 ) ;
#5403 = EDGE_CURVE ( 'NONE', #3281, #2788, #5817, .T. ) ;
#5404 = DIRECTION ( 'NONE',  ( -0.000000000000000000, 0.000000000000000000, -1.000000000000000000 ) ) ;
#5405 = CARTESIAN_POINT ( 'NONE',  ( 3.936982101785621690, -0.01424536000502846754, -0.9842519685039370358 ) ) ;
#5406 = ORIENTED_EDGE ( 'NONE', *, *, #872, .T. ) ;
#5407 = ORIENTED_EDGE ( 'NONE', *, *, #2308, .F. ) ;
#5408 = CARTESIAN_POINT ( 'NONE',  ( 0.000000000000000000, 0.000000000000000000, -0.9842519685039370358 ) ) ;
#5409 = VECTOR ( 'NONE', #3925, 39.37007874015748854 ) ;
#5410 = CARTESIAN_POINT ( 'NONE',  ( -1.680164903353896566, -3.537253484062966802, -0.9842519685039370358 ) ) ;
#5411 = ORIENTED_EDGE ( 'NONE', *, *, #563, .T. ) ;
#5412 = ORIENTED_EDGE ( 'NONE', *, *, #4255, .F. ) ;
#5413 = ORIENTED_EDGE ( 'NONE', *, *, #3690, .F. ) ;
#5414 = CARTESIAN_POINT ( 'NONE',  ( -3.936982101785621690, 0.01424536000505773232, 0.000000000000000000 ) ) ;
#5415 = DIRECTION ( 'NONE',  ( 0.1667687467160955117, 0.9859960370705059818, -0.000000000000000000 ) ) ;
#5416 = DIRECTION ( 'NONE',  ( 0.000000000000000000, 0.000000000000000000, 1.000000000000000000 ) ) ;
#5417 = CARTESIAN_POINT ( 'NONE',  ( -2.491528817477570712, -3.027461829221038681, 0.000000000000000000 ) ) ;
#5418 = EDGE_CURVE ( 'NONE', #3404, #2775, #5147, .T. ) ;
#5419 = FACE_OUTER_BOUND ( 'NONE', #94, .T. ) ;
#5420 = VERTEX_POINT ( 'NONE', #3916 ) ;
#5421 = LINE ( 'NONE', #5482, #1627 ) ;
#5422 = ORIENTED_EDGE ( 'NONE', *, *, #3301, .T. ) ;
#5423 = CARTESIAN_POINT ( 'NONE',  ( 0.000000000000000000, 0.000000000000000000, 0.7086614173228346081 ) ) ;
#5424 = DIRECTION ( 'NONE',  ( -0.000000000000000000, -0.000000000000000000, -1.000000000000000000 ) ) ;
#5425 = PLANE ( 'NONE',  #4517 ) ;
#5426 = EDGE_CURVE ( 'NONE', #3080, #1629, #3467, .T. ) ;
#5427 = VERTEX_POINT ( 'NONE', #3892 ) ;
#5428 = DIRECTION ( 'NONE',  ( -0.8957117602394123468, -0.4446351791849285640, 0.000000000000000000 ) ) ;
#5429 = CARTESIAN_POINT ( 'NONE',  ( -1.196629132011934882, 3.728698839192857495, -0.9842519685039370358 ) ) ;
#5430 = VECTOR ( 'NONE', #1504, 39.37007874015748854 ) ;
#5431 = EDGE_CURVE ( 'NONE', #733, #4716, #1610, .T. ) ;
#5432 = EDGE_LOOP ( 'NONE', ( #3601, #4719, #2759, #2361 ) ) ;
#5433 = EDGE_CURVE ( 'NONE', #3417, #2775, #2989, .T. ) ;
#5434 = AXIS2_PLACEMENT_3D ( 'NONE', #922, #3665, #5484 ) ;
#5435 = DIRECTION ( 'NONE',  ( 0.5533915492433451044, -0.8329212407100987647, 0.000000000000000000 ) ) ;
#5436 = DIRECTION ( 'NONE',  ( -0.9735789028731627326, 0.2283508701106452543, 0.000000000000000000 ) ) ;
#5437 = ORIENTED_EDGE ( 'NONE', *, *, #2805, .T. ) ;
#5438 = ORIENTED_EDGE ( 'NONE', *, *, #1381, .T. ) ;
#5439 = EDGE_CURVE ( 'NONE', #2534, #2844, #3240, .T. ) ;
#5440 = ORIENTED_EDGE ( 'NONE', *, *, #4059, .F. ) ;
#5441 = DIRECTION ( 'NONE',  ( -0.000000000000000000, -0.000000000000000000, -1.000000000000000000 ) ) ;
#5442 = DIRECTION ( 'NONE',  ( 0.000000000000000000, 0.000000000000000000, -1.000000000000000000 ) ) ;
#5443 = DIRECTION ( 'NONE',  ( 0.5962248749656243740, 0.8028174751911081319, -0.000000000000000000 ) ) ;
#5444 = DATE_TIME_ROLE ( 'creation_date' ) ;
#5445 = ADVANCED_FACE ( 'NONE', ( #3589 ), #3678, .T. ) ;
#5446 = DIRECTION ( 'NONE',  ( 0.04187565372919254542, 0.9991228300988586053, -0.000000000000000000 ) ) ;
#5447 = DIRECTION ( 'NONE',  ( 0.000000000000000000, 0.000000000000000000, -1.000000000000000000 ) ) ;
#5448 = CIRCLE ( 'NONE', #5638, 0.2952755905511810774 ) ;
#5449 = ORIENTED_EDGE ( 'NONE', *, *, #3285, .F. ) ;
#5450 = VECTOR ( 'NONE', #2157, 39.37007874015748143 ) ;
#5451 = CARTESIAN_POINT ( 'NONE',  ( 1.569805223055866117, 3.304913097202761385, -0.9842519685039370358 ) ) ;
#5452 = ORIENTED_EDGE ( 'NONE', *, *, #263, .F. ) ;
#5453 = DIRECTION ( 'NONE',  ( 0.000000000000000000, 0.000000000000000000, -1.000000000000000000 ) ) ;
#5454 = DIRECTION ( 'NONE',  ( 0.9841956079692418813, 0.1770847403195839054, -0.000000000000000000 ) ) ;
#5455 = LINE ( 'NONE', #860, #5666 ) ;
#5456 = AXIS2_PLACEMENT_3D ( 'NONE', #4076, #4521, #4012 ) ;
#5457 = EDGE_CURVE ( 'NONE', #2854, #3822, #842, .T. ) ;
#5458 = CARTESIAN_POINT ( 'NONE',  ( -0.2165232238326586789, 3.652376857874462868, -0.9842519685039370358 ) ) ;
#5459 = ORIENTED_EDGE ( 'NONE', *, *, #583, .F. ) ;
#5460 = AXIS2_PLACEMENT_3D ( 'NONE', #5620, #1478, #3407 ) ;
#5461 = CARTESIAN_POINT ( 'NONE',  ( -1.968503937007874072, 0.000000000000000000, 0.000000000000000000 ) ) ;
#5462 = CARTESIAN_POINT ( 'NONE',  ( 3.166151998780375010, 2.312730528256720763, 0.000000000000000000 ) ) ;
#5463 = ADVANCED_FACE ( 'NONE', ( #2713 ), #452, .F. ) ;
#5464 = VECTOR ( 'NONE', #3746, 39.37007874015748143 ) ;
#5465 = ORIENTED_EDGE ( 'NONE', *, *, #3314, .T. ) ;
#5466 = CARTESIAN_POINT ( 'NONE',  ( -0.2429483282524556309, -3.650714331222761455, -0.9842519685039370358 ) ) ;
#5467 = LINE ( 'NONE', #2714, #3940 ) ;
#5468 = VECTOR ( 'NONE', #4689, 39.37007874015748143 ) ;
#5469 = ORIENTED_EDGE ( 'NONE', *, *, #4671, .F. ) ;
#5470 = VERTEX_POINT ( 'NONE', #4936 ) ;
#5471 = ORIENTED_EDGE ( 'NONE', *, *, #735, .F. ) ;
#5472 = CARTESIAN_POINT ( 'NONE',  ( 1.564176084546640366, -3.293062064149642421, -0.9842519685039370358 ) ) ;
#5473 = CARTESIAN_POINT ( 'NONE',  ( -1.964572205751035749, 3.071052039643690890, -0.9842519685039370358 ) ) ;
#5474 = DIRECTION ( 'NONE',  ( 0.4290504594760570223, 0.9032805229956993864, 0.000000000000000000 ) ) ;
#5475 = PERSON_AND_ORGANIZATION_ROLE ( 'classification_officer' ) ;
#5476 = EDGE_CURVE ( 'NONE', #1293, #754, #4035, .T. ) ;
#5477 = LINE ( 'NONE', #4102, #3161 ) ;
#5478 = CARTESIAN_POINT ( 'NONE',  ( 3.527830252438391323, 0.9194119271521559167, -0.9842519685039370358 ) ) ;
#5479 = VECTOR ( 'NONE', #4439, 39.37007874015748854 ) ;
#5480 = ORIENTED_EDGE ( 'NONE', *, *, #1335, .T. ) ;
#5481 = VECTOR ( 'NONE', #4390, 39.37007874015748854 ) ;
#5482 = CARTESIAN_POINT ( 'NONE',  ( 3.188348529410502064, 1.767862618196068158, 0.000000000000000000 ) ) ;
#5483 = FACE_OUTER_BOUND ( 'NONE', #229, .T. ) ;
#5484 = DIRECTION ( 'NONE',  ( 1.000000000000000000, 0.000000000000000000, 0.000000000000000000 ) ) ;
#5485 = DIRECTION ( 'NONE',  ( 0.8211492091337052601, -0.5707135676844297123, -0.000000000000000000 ) ) ;
#5486 = CARTESIAN_POINT ( 'NONE',  ( 2.507058603132984675, 3.008284141073557461, -0.9842519685039370358 ) ) ;
#5487 = VECTOR ( 'NONE', #5490, 39.37007874015748854 ) ;
#5488 = FACE_OUTER_BOUND ( 'NONE', #367, .T. ) ;
#5489 = ORIENTED_EDGE ( 'NONE', *, *, #1426, .F. ) ;
#5490 = DIRECTION ( 'NONE',  ( 0.9372819894918924533, -0.3485720473218127391, -0.000000000000000000 ) ) ;
#5491 = VECTOR ( 'NONE', #2279, 39.37007874015748854 ) ;
#5492 = DIRECTION ( 'NONE',  ( 0.3124561996892208371, 0.9499321677234484618, 0.000000000000000000 ) ) ;
#5493 = ADVANCED_FACE ( 'NONE', ( #1849 ), #4602, .F. ) ;
#5494 = EDGE_CURVE ( 'NONE', #759, #4838, #2658, .T. ) ;
#5495 = EDGE_CURVE ( 'NONE', #2830, #1601, #3424, .T. ) ;
#5496 = ORIENTED_EDGE ( 'NONE', *, *, #2679, .F. ) ;
#5497 = DIRECTION ( 'NONE',  ( -0.9841956079692386616, -0.1770847403196014747, 0.000000000000000000 ) ) ;
#5498 = DIRECTION ( 'NONE',  ( 0.2283508701106452543, 0.9735789028731627326, -0.000000000000000000 ) ) ;
#5499 = ORIENTED_EDGE ( 'NONE', *, *, #5439, .F. ) ;
#5500 = ORIENTED_EDGE ( 'NONE', *, *, #1103, .T. ) ;
#5501 = CARTESIAN_POINT ( 'NONE',  ( -0.2600279630001867126, -3.907365067591686003, -0.9842519685039370358 ) ) ;
#5502 = CARTESIAN_POINT ( 'NONE',  ( -2.879688058885697455, -2.684665283340388342, -0.9842519685039370358 ) ) ;
#5503 = DIRECTION ( 'NONE',  ( -0.4162807922604309652, 0.9092361090470548746, -0.000000000000000000 ) ) ;
#5504 = APPROVAL_STATUS ( 'not_yet_approved' ) ;
#5505 = FACE_OUTER_BOUND ( 'NONE', #2453, .T. ) ;
#5506 = CARTESIAN_POINT ( 'NONE',  ( -1.118029937265928364, 3.483783586529591414, 0.000000000000000000 ) ) ;
#5507 = VERTEX_POINT ( 'NONE', #868 ) ;
#5508 = VERTEX_POINT ( 'NONE', #2262 ) ;
#5509 = EDGE_CURVE ( 'NONE', #535, #840, #2678, .T. ) ;
#5510 = DIRECTION ( 'NONE',  ( 0.1045284632676427017, 0.9945218953682745111, -0.000000000000000000 ) ) ;
#5511 = EDGE_LOOP ( 'NONE', ( #4994, #2294, #5333, #1006 ) ) ;
#5512 = CARTESIAN_POINT ( 'NONE',  ( 2.985425655603097361, 2.417550028198173884, 0.000000000000000000 ) ) ;
#5513 = CARTESIAN_POINT ( 'NONE',  ( 3.618551719338275241, -0.4438333429150858045, 0.000000000000000000 ) ) ;
#5514 = CARTESIAN_POINT ( 'NONE',  ( -3.527830252438397984, -0.9194119271521306036, 0.000000000000000000 ) ) ;
#5515 = ORIENTED_EDGE ( 'NONE', *, *, #1846, .F. ) ;
#5516 = EDGE_CURVE ( 'NONE', #3305, #2566, #4003, .T. ) ;
#5517 = DIRECTION ( 'NONE',  ( -0.8780440832604183843, -0.4785797612220678565, 0.000000000000000000 ) ) ;
#5518 = VERTEX_POINT ( 'NONE', #4512 ) ;
#5519 = LINE ( 'NONE', #561, #915 ) ;
#5520 = EDGE_CURVE ( 'NONE', #5285, #3214, #1316, .T. ) ;
#5521 = DIRECTION ( 'NONE',  ( 0.7360970871197113352, 0.6768759696826858185, -0.000000000000000000 ) ) ;
#5522 = ORIENTED_EDGE ( 'NONE', *, *, #692, .F. ) ;
#5523 = CARTESIAN_POINT ( 'NONE',  ( -2.666591142528174085, 2.486000052373179781, -0.9842519685039370358 ) ) ;
#5524 = AXIS2_PLACEMENT_3D ( 'NONE', #1884, #5441, #4942 ) ;
#5525 = FACE_OUTER_BOUND ( 'NONE', #4654, .T. ) ;
#5526 = ORIENTED_EDGE ( 'NONE', *, *, #5896, .T. ) ;
#5527 = EDGE_LOOP ( 'NONE', ( #3827, #5559, #5624, #5352 ) ) ;
#5528 = VECTOR ( 'NONE', #3797, 39.37007874015748143 ) ;
#5529 = LINE ( 'NONE', #3350, #2278 ) ;
#5530 = DIRECTION ( 'NONE',  ( 0.000000000000000000, 0.000000000000000000, -1.000000000000000000 ) ) ;
#5531 = LINE ( 'NONE', #1948, #1079 ) ;
#5532 = SECURITY_CLASSIFICATION_LEVEL ( 'unclassified' ) ;
#5533 = FACE_OUTER_BOUND ( 'NONE', #2572, .T. ) ;
#5535 = DIRECTION ( 'NONE',  ( -0.6211477802783113011, -0.7836934573258389491, 0.000000000000000000 ) ) ;
#5534 = APPROVAL_PERSON_ORGANIZATION ( #798, #1901, #1300 ) ;
#5536 = EDGE_CURVE ( 'NONE', #2908, #1348, #5825, .T. ) ;
#5537 = ORIENTED_EDGE ( 'NONE', *, *, #5867, .T. ) ;
#5538 = ORIENTED_EDGE ( 'NONE', *, *, #2625, .T. ) ;
#5539 = CARTESIAN_POINT ( 'NONE',  ( 3.665757450382860494, 1.436054774381729127, 0.000000000000000000 ) ) ;
#5540 = DIRECTION ( 'NONE',  ( 0.000000000000000000, 0.000000000000000000, 1.000000000000000000 ) ) ;
#5541 = DIRECTION ( 'NONE',  ( -0.8862035792312191740, 0.4632960351198532889, -0.000000000000000000 ) ) ;
#5542 = CARTESIAN_POINT ( 'NONE',  ( -1.964572205751035749, 3.071052039643690890, 0.000000000000000000 ) ) ;
#5543 = EDGE_CURVE ( 'NONE', #963, #1944, #932, .T. ) ;
#5544 = CARTESIAN_POINT ( 'NONE',  ( 1.663395863097975047, -3.568353290061193839, -0.9842519685039370358 ) ) ;
#5545 = EDGE_LOOP ( 'NONE', ( #419, #907, #4215, #4846 ) ) ;
#5546 = EDGE_CURVE ( 'NONE', #1348, #1944, #4091, .T. ) ;
#5547 = CONICAL_SURFACE ( 'NONE', #4498, 0.5000000000000000000, 0.7853981633974824739 ) ;
#5548 = LINE ( 'NONE', #2371, #522 ) ;
#5549 = ORIENTED_EDGE ( 'NONE', *, *, #68, .F. ) ;
#5550 = CARTESIAN_POINT ( 'NONE',  ( 0.4415339394159680797, -3.816066333846669600, 0.000000000000000000 ) ) ;
#5551 = DIRECTION ( 'NONE',  ( 0.000000000000000000, 0.000000000000000000, 1.000000000000000000 ) ) ;
#5552 = VECTOR ( 'NONE', #3785, 39.37007874015748143 ) ;
#5553 = VERTEX_POINT ( 'NONE', #3129 ) ;
#5554 = ADVANCED_FACE ( 'NONE', ( #1290 ), #3646, .T. ) ;
#5555 = AXIS2_PLACEMENT_3D ( 'NONE', #2217, #4523, #2781 ) ;
#5556 = CARTESIAN_POINT ( 'NONE',  ( -3.431047940055543588, -1.897669889299034462, -0.9842519685039370358 ) ) ;
#5557 = CARTESIAN_POINT ( 'NONE',  ( -3.431047940055543588, -1.897669889299034462, -0.9842519685039370358 ) ) ;
#5558 = VECTOR ( 'NONE', #3798, 39.37007874015748854 ) ;
#5559 = ORIENTED_EDGE ( 'NONE', *, *, #1312, .T. ) ;
#5560 = ORIENTED_EDGE ( 'NONE', *, *, #4236, .F. ) ;
#5561 = DIRECTION ( 'NONE',  ( -0.8660254037844397068, -0.4999999999999980016, 0.000000000000000000 ) ) ;
#5562 = VECTOR ( 'NONE', #426, 39.37007874015748143 ) ;
#5563 = CARTESIAN_POINT ( 'NONE',  ( 3.789430508301940836, -0.9875893558196664479, 0.000000000000000000 ) ) ;
#5564 = DIRECTION ( 'NONE',  ( 0.000000000000000000, 0.000000000000000000, 1.000000000000000000 ) ) ;
#5565 = FACE_OUTER_BOUND ( 'NONE', #5734, .T. ) ;
#5566 = EDGE_CURVE ( 'NONE', #2525, #5300, #4482, .T. ) ;
#5567 = VECTOR ( 'NONE', #2440, 39.37007874015748854 ) ;
#5568 = VERTEX_POINT ( 'NONE', #5466 ) ;
#5569 = ORIENTED_EDGE ( 'NONE', *, *, #3242, .T. ) ;
#5570 = CARTESIAN_POINT ( 'NONE',  ( -3.936982101785621690, 0.01424536000505773232, -0.9842519685039370358 ) ) ;
#5571 = LINE ( 'NONE', #1539, #2104 ) ;
#5572 = DIRECTION ( 'NONE',  ( 0.6534206039901068186, -0.7569950556517552887, 0.000000000000000000 ) ) ;
#5573 = VECTOR ( 'NONE', #2758, 39.37007874015748143 ) ;
#5574 = PLANE ( 'NONE',  #4355 ) ;
#5575 = FACE_OUTER_BOUND ( 'NONE', #1920, .T. ) ;
#5576 = ORIENTED_EDGE ( 'NONE', *, *, #5599, .F. ) ;
#5577 = PLANE ( 'NONE',  #4624 ) ;
#5578 = ORIENTED_EDGE ( 'NONE', *, *, #3635, .F. ) ;
#5579 = CARTESIAN_POINT ( 'NONE',  ( -1.564176084546617274, 3.293062064149653967, 0.000000000000000000 ) ) ;
#5580 = CARTESIAN_POINT ( 'NONE',  ( 0.2600279630001866016, 3.907365067591684671, -0.9842519685039370358 ) ) ;
#5581 = EDGE_CURVE ( 'NONE', #4354, #5136, #3192, .T. ) ;
#5582 = VECTOR ( 'NONE', #529, 39.37007874015748143 ) ;
#5583 = ORIENTED_EDGE ( 'NONE', *, *, #3052, .F. ) ;
#5584 = PLANE ( 'NONE',  #1615 ) ;
#5585 = DIRECTION ( 'NONE',  ( 0.9218631515884987415, 0.3875155864521072080, -0.000000000000000000 ) ) ;
#5586 = VERTEX_POINT ( 'NONE', #34 ) ;
#5587 = VERTEX_POINT ( 'NONE', #509 ) ;
#5588 = EDGE_LOOP ( 'NONE', ( #921, #5760, #2011, #183 ) ) ;
#5589 = DIRECTION ( 'NONE',  ( -0.4999999999999980571, 0.8660254037844398178, 0.000000000000000000 ) ) ;
#5590 = CC_DESIGN_DATE_AND_TIME_ASSIGNMENT ( #1386, #5444, ( #2409 ) ) ;
#5591 = CARTESIAN_POINT ( 'NONE',  ( 1.223580884155779813, 3.719941684073334365, -0.9842519685039370358 ) ) ;
#5592 = DIRECTION ( 'NONE',  ( 0.4067366430757942131, 0.9135454576426035311, -0.000000000000000000 ) ) ;
#5593 = DIRECTION ( 'NONE',  ( -0.5388783372146411788, -0.8423836048266748477, 0.000000000000000000 ) ) ;
#5594 = ORIENTED_EDGE ( 'NONE', *, *, #1860, .T. ) ;
#5595 = ORIENTED_EDGE ( 'NONE', *, *, #165, .F. ) ;
#5596 = CARTESIAN_POINT ( 'NONE',  ( 3.907723239026205331, 0.4793016662150773599, -0.9842519685039370358 ) ) ;
#5597 = LINE ( 'NONE', #649, #2865 ) ;
#5598 = CARTESIAN_POINT ( 'NONE',  ( -0.2361917402197754312, -3.913751964236306335, -0.9842519685039370358 ) ) ;
#5599 = EDGE_CURVE ( 'NONE', #3857, #1210, #2320, .T. ) ;
#5600 = PERSON_AND_ORGANIZATION_ROLE ( 'design_supplier' ) ;
#5601 = CARTESIAN_POINT ( 'NONE',  ( 0.7198634713867416712, -3.849274333629758793, 0.000000000000000000 ) ) ;
#5602 = DIRECTION ( 'NONE',  ( -0.6871802675976986796, -0.7264869440150698576, 0.000000000000000000 ) ) ;
#5603 = ORIENTED_EDGE ( 'NONE', *, *, #3134, .T. ) ;
#5604 = EDGE_CURVE ( 'NONE', #5356, #5016, #1465, .T. ) ;
#5605 = CARTESIAN_POINT ( 'NONE',  ( -3.149606299212598604, 0.3149606299212594496, 0.9842519685039370358 ) ) ;
#5606 = ORIENTED_EDGE ( 'NONE', *, *, #1968, .F. ) ;
#5607 = FACE_OUTER_BOUND ( 'NONE', #867, .T. ) ;
#5608 = DIRECTION ( 'NONE',  ( 0.000000000000000000, 0.000000000000000000, 1.000000000000000000 ) ) ;
#5609 = ADVANCED_FACE ( 'NONE', ( #1020 ), #5584, .F. ) ;
#5610 = ORIENTED_EDGE ( 'NONE', *, *, #4877, .T. ) ;
#5611 = DIRECTION ( 'NONE',  ( -0.2385334575785817146, 0.9711342799096358558, 0.000000000000000000 ) ) ;
#5612 = CARTESIAN_POINT ( 'NONE',  ( 1.230142518461498913, 3.739890424108065492, -0.9842519685039370358 ) ) ;
#5613 = ADVANCED_FACE ( 'NONE', ( #1081 ), #1192, .F. ) ;
#5614 = ORIENTED_EDGE ( 'NONE', *, *, #5794, .T. ) ;
#5615 = ORIENTED_EDGE ( 'NONE', *, *, #2536, .T. ) ;
#5616 = EDGE_CURVE ( 'NONE', #4082, #2323, #1498, .T. ) ;
#5617 = DIRECTION ( 'NONE',  ( -0.9311023923972489014, -0.3647579126929523796, 0.000000000000000000 ) ) ;
#5618 = LINE ( 'NONE', #2355, #1195 ) ;
#5619 = CARTESIAN_POINT ( 'NONE',  ( 1.223580884155779813, 3.719941684073334365, -0.9842519685039370358 ) ) ;
#5620 = CARTESIAN_POINT ( 'NONE',  ( -3.188348529410514054, -1.767862618196045510, -0.9842519685039370358 ) ) ;
#5621 = VECTOR ( 'NONE', #2478, 39.37007874015748143 ) ;
#5622 = EDGE_LOOP ( 'NONE', ( #2145, #3526, #2123, #5437 ) ) ;
#5623 = EDGE_CURVE ( 'NONE', #5764, #100, #67, .T. ) ;
#5624 = ORIENTED_EDGE ( 'NONE', *, *, #4786, .F. ) ;
#5625 = CARTESIAN_POINT ( 'NONE',  ( 3.836260344080023810, 0.2010498853849040923, 0.000000000000000000 ) ) ;
#5626 = LINE ( 'NONE', #1153, #18 ) ;
#5627 = LINE ( 'NONE', #1540, #4121 ) ;
#5628 =( LENGTH_UNIT ( ) NAMED_UNIT ( * ) SI_UNIT ( $, .METRE. ) );
#5629 = AXIS2_PLACEMENT_3D ( 'NONE', #5755, #3936, #3067 ) ;
#5630 = DIRECTION ( 'NONE',  ( -0.6045991148623732769, 0.7965299180241975918, 0.000000000000000000 ) ) ;
#5631 = DIRECTION ( 'NONE',  ( 0.5388783372146348505, 0.8423836048266788445, 0.000000000000000000 ) ) ;
#5632 = ORIENTED_EDGE ( 'NONE', *, *, #1495, .F. ) ;
#5633 = PRODUCT_DEFINITION_FORMATION_WITH_SPECIFIED_SOURCE ( 'ANY', '', #3706, .NOT_KNOWN. ) ;
#5634 = CARTESIAN_POINT ( 'NONE',  ( 3.888686575760350816, 0.5013558528757980914, -0.9842519685039370358 ) ) ;
#5635 = ORIENTED_EDGE ( 'NONE', *, *, #2416, .F. ) ;
#5636 = DIRECTION ( 'NONE',  ( 0.000000000000000000, 0.000000000000000000, 1.000000000000000000 ) ) ;
#5637 = CARTESIAN_POINT ( 'NONE',  ( 3.440703102058751295, -1.880107214813790950, -0.9842519685039370358 ) ) ;
#5638 = AXIS2_PLACEMENT_3D ( 'NONE', #2403, #2437, #4237 ) ;
#5639 = EDGE_CURVE ( 'NONE', #2323, #1360, #1879, .T. ) ;
#5640 = VERTEX_POINT ( 'NONE', #5077 ) ;
#5641 = DIRECTION ( 'NONE',  ( -0.2890317969444720081, -0.9573194975320671318, 0.000000000000000000 ) ) ;
#5642 = CIRCLE ( 'NONE', #5256, 0.2952755905511810774 ) ;
#5643 = ADVANCED_FACE ( 'NONE', ( #2859 ), #4631, .T. ) ;
#5644 = CARTESIAN_POINT ( 'NONE',  ( 3.665757450382860494, 1.436054774381729127, -0.9842519685039370358 ) ) ;
#5645 = DIRECTION ( 'NONE',  ( 0.1909343189809991903, 0.9816028147042274998, 0.000000000000000000 ) ) ;
#5646 = VECTOR ( 'NONE', #5213, 39.37007874015748854 ) ;
#5647 = ORIENTED_EDGE ( 'NONE', *, *, #2526, .F. ) ;
#5648 = ORIENTED_EDGE ( 'NONE', *, *, #5386, .F. ) ;
#5649 = CARTESIAN_POINT ( 'NONE',  ( 3.188348529410502064, 1.767862618196068158, -0.9842519685039370358 ) ) ;
#5650 = DIRECTION ( 'NONE',  ( 1.000000000000000000, 0.000000000000000000, 0.000000000000000000 ) ) ;
#5651 = CARTESIAN_POINT ( 'NONE',  ( -2.957142700102131982, 2.132184708941004203, -0.9842519685039370358 ) ) ;
#5652 = LINE ( 'NONE', #1978, #1647 ) ;
#5653 = VECTOR ( 'NONE', #5564, 39.37007874015748143 ) ;
#5654 = VERTEX_POINT ( 'NONE', #990 ) ;
#5655 = AXIS2_PLACEMENT_3D ( 'NONE', #4603, #4092, #3107 ) ;
#5656 = ADVANCED_FACE ( 'NONE', ( #4212 ), #2894, .T. ) ;
#5657 = ORIENTED_EDGE ( 'NONE', *, *, #1471, .F. ) ;
#5658 = CARTESIAN_POINT ( 'NONE',  ( 3.641834205707309646, 1.452681862574111360, -0.9842519685039370358 ) ) ;
#5659 = PLANE ( 'NONE',  #3921 ) ;
#5660 = CARTESIAN_POINT ( 'NONE',  ( -2.648531142354117573, -2.505231999194796444, 0.000000000000000000 ) ) ;
#5661 = SECURITY_CLASSIFICATION_LEVEL ( 'unclassified' ) ;
#5662 = CARTESIAN_POINT ( 'NONE',  ( 1.196629132011961749, -3.728698839192850389, -0.9842519685039370358 ) ) ;
#5663 = LINE ( 'NONE', #267, #3468 ) ;
#5664 = VECTOR ( 'NONE', #276, 39.37007874015748854 ) ;
#5665 = ORIENTED_EDGE ( 'NONE', *, *, #1893, .T. ) ;
#5666 = VECTOR ( 'NONE', #1308, 39.37007874015748143 ) ;
#5667 = CARTESIAN_POINT ( 'NONE',  ( -1.203046233541965382, 3.748694540773160444, -0.9842519685039370358 ) ) ;
#5668 = ORIENTED_EDGE ( 'NONE', *, *, #952, .F. ) ;
#5669 = CARTESIAN_POINT ( 'NONE',  ( 0.2317451337921577481, -3.909144472380300606, -0.9842519685039370358 ) ) ;
#5670 = DIRECTION ( 'NONE',  ( 0.000000000000000000, 0.000000000000000000, -1.000000000000000000 ) ) ;
#5671 = VECTOR ( 'NONE', #3232, 39.37007874015748143 ) ;
#5672 = ORIENTED_EDGE ( 'NONE', *, *, #3222, .T. ) ;
#5673 = AXIS2_PLACEMENT_3D ( 'NONE', #5502, #1857, #2722 ) ;
#5674 = LINE ( 'NONE', #1639, #2313 ) ;
#5675 = CARTESIAN_POINT ( 'NONE',  ( -2.844928467317112020, 2.691003219772601707, -0.9842519685039370358 ) ) ;
#5676 = EDGE_LOOP ( 'NONE', ( #4009, #3773, #1821, #3693 ) ) ;
#5677 = ORIENTED_EDGE ( 'NONE', *, *, #5283, .F. ) ;
#5678 = AXIS2_PLACEMENT_3D ( 'NONE', #2170, #3522, #5342 ) ;
#5679 = CARTESIAN_POINT ( 'NONE',  ( 0.2361917402197727112, 3.913751964236304559, -0.9842519685039370358 ) ) ;
#5680 = DIRECTION ( 'NONE',  ( 0.9092361090470852947, 0.4162807922603646849, -0.000000000000000000 ) ) ;
#5681 = LINE ( 'NONE', #549, #2688 ) ;
#5682 = VECTOR ( 'NONE', #299, 39.37007874015748854 ) ;
#5683 = ORIENTED_EDGE ( 'NONE', *, *, #1783, .T. ) ;
#5684 = ORIENTED_EDGE ( 'NONE', *, *, #5546, .T. ) ;
#5685 = LINE ( 'NONE', #3410, #4980 ) ;
#5686 = DIRECTION ( 'NONE',  ( 0.1838258569393887432, -0.9829588263607481613, 0.000000000000000000 ) ) ;
#5687 = DIRECTION ( 'NONE',  ( 0.05917892698293292925, -0.9982473914822660443, 0.000000000000000000 ) ) ;
#5688 = CARTESIAN_POINT ( 'NONE',  ( -2.860184818956949648, 2.705434124400408535, -0.9842519685039370358 ) ) ;
#5689 = DIRECTION ( 'NONE',  ( 0.000000000000000000, 0.000000000000000000, 1.000000000000000000 ) ) ;
#5690 = EDGE_CURVE ( 'NONE', #579, #4940, #1939, .T. ) ;
#5691 = ORIENTED_EDGE ( 'NONE', *, *, #5798, .T. ) ;
#5692 = EDGE_CURVE ( 'NONE', #5300, #1196, #3735, .T. ) ;
#5693 = LINE ( 'NONE', #2919, #578 ) ;
#5694 = VERTEX_POINT ( 'NONE', #95 ) ;
#5695 = CARTESIAN_POINT ( 'NONE',  ( 0.000000000000000000, 0.000000000000000000, 0.000000000000000000 ) ) ;
#5696 = CARTESIAN_POINT ( 'NONE',  ( -1.569805223055889210, -3.304913097202750283, -0.9842519685039370358 ) ) ;
#5697 = EDGE_CURVE ( 'NONE', #727, #1293, #4724, .T. ) ;
#5698 = ORIENTED_EDGE ( 'NONE', *, *, #3612, .T. ) ;
#5699 = EDGE_CURVE ( 'NONE', #1310, #4941, #2833, .T. ) ;
#5700 = CARTESIAN_POINT ( 'NONE',  ( 3.443140960486543278, -1.909138896539957830, 0.000000000000000000 ) ) ;
#5701 = DIRECTION ( 'NONE',  ( 0.9676769806904494953, -0.2521929044240053264, 0.000000000000000000 ) ) ;
#5702 = VERTEX_POINT ( 'NONE', #565 ) ;
#5703 = ORIENTED_EDGE ( 'NONE', *, *, #4911, .T. ) ;
#5704 = CARTESIAN_POINT ( 'NONE',  ( 0.000000000000000000, 0.000000000000000000, 0.7086614173228346081 ) ) ;
#5705 = DIRECTION ( 'NONE',  ( 0.000000000000000000, 0.000000000000000000, -1.000000000000000000 ) ) ;
#5706 = CARTESIAN_POINT ( 'NONE',  ( -0.6725800753332270565, 3.596439219653320141, 0.000000000000000000 ) ) ;
#5707 = ORIENTED_EDGE ( 'NONE', *, *, #2022, .T. ) ;
#5708 = ORIENTED_EDGE ( 'NONE', *, *, #4600, .T. ) ;
#5709 = EDGE_CURVE ( 'NONE', #1820, #5049, #1970, .T. ) ;
#5710 = VERTEX_POINT ( 'NONE', #1523 ) ;
#5711 = DIRECTION ( 'NONE',  ( 0.9925617027126559799, 0.1217426232186295254, 0.000000000000000000 ) ) ;
#5712 = LINE ( 'NONE', #796, #119 ) ;
#5713 = CARTESIAN_POINT ( 'NONE',  ( 2.342385370536692601, 2.810688491151501989, -0.9842519685039370358 ) ) ;
#5714 = COORDINATED_UNIVERSAL_TIME_OFFSET ( 7, 0, .BEHIND. ) ;
#5715 = EDGE_CURVE ( 'NONE', #840, #1458, #3343, .T. ) ;
#5716 = DIRECTION ( 'NONE',  ( -0.8068849024499782363, 0.5907086881012407753, 0.000000000000000000 ) ) ;
#5718 = CARTESIAN_POINT ( 'NONE',  ( -0.2329879015075837501, 3.930107840481365411, -0.9842519685039370358 ) ) ;
#5717 = AXIS2_PLACEMENT_3D ( 'NONE', #1588, #1258, #817 ) ;
#5719 = ORIENTED_EDGE ( 'NONE', *, *, #4204, .F. ) ;
#5720 = VECTOR ( 'NONE', #3547, 39.37007874015748854 ) ;
#5721 = ADVANCED_FACE ( 'NONE', ( #2443 ), #4272, .T. ) ;
#5722 = CARTESIAN_POINT ( 'NONE',  ( -2.110251718344233751, -3.298780683556122195, -0.9842519685039370358 ) ) ;
#5723 = ORIENTED_EDGE ( 'NONE', *, *, #60, .T. ) ;
#5724 = DIRECTION ( 'NONE',  ( 0.000000000000000000, 0.000000000000000000, -1.000000000000000000 ) ) ;
#5725 = CARTESIAN_POINT ( 'NONE',  ( 0.2600279630001866016, 3.907365067591684671, -0.9842519685039370358 ) ) ;
#5726 = ADVANCED_FACE ( 'NONE', ( #4056 ), #2619, .T. ) ;
#5727 = LOCAL_TIME ( 11, 53, 13.00000000000000000, #2749 ) ;
#5728 = ORIENTED_EDGE ( 'NONE', *, *, #1937, .F. ) ;
#5729 = ADVANCED_FACE ( 'NONE', ( #4501 ), #5398, .T. ) ;
#5730 = LINE ( 'NONE', #4065, #2891 ) ;
#5731 = AXIS2_PLACEMENT_3D ( 'NONE', #4677, #143, #2015 ) ;
#5732 = VERTEX_POINT ( 'NONE', #3518 ) ;
#5733 = EDGE_CURVE ( 'NONE', #1575, #5710, #4446, .T. ) ;
#5734 = EDGE_LOOP ( 'NONE', ( #3164, #3792, #4202, #3094 ) ) ;
#5735 = CARTESIAN_POINT ( 'NONE',  ( 0.000000000000000000, 0.000000000000000000, 0.5905511811023637092 ) ) ;
#5736 = LINE ( 'NONE', #2479, #3075 ) ;
#5737 = CARTESIAN_POINT ( 'NONE',  ( 1.660353717370592008, 3.551966569229675130, -0.9842519685039370358 ) ) ;
#5738 = VECTOR ( 'NONE', #3030, 39.37007874015748854 ) ;
#5739 = ORIENTED_EDGE ( 'NONE', *, *, #1441, .T. ) ;
#5740 = ORIENTED_EDGE ( 'NONE', *, *, #2772, .T. ) ;
#5741 = ORIENTED_EDGE ( 'NONE', *, *, #2325, .T. ) ;
#5742 = DIRECTION ( 'NONE',  ( 0.000000000000000000, 0.000000000000000000, -1.000000000000000000 ) ) ;
#5743 = VECTOR ( 'NONE', #5003, 39.37007874015748143 ) ;
#5744 = DIRECTION ( 'NONE',  ( -1.000000000000000000, 0.000000000000000000, 0.000000000000000000 ) ) ;
#5745 = CARTESIAN_POINT ( 'NONE',  ( 3.406707454805969260, 1.334572341900303938, 0.000000000000000000 ) ) ;
#5746 = APPLICATION_PROTOCOL_DEFINITION ( 'international standard', 'config_control_design', 1994, #2293 ) ;
#5747 = CARTESIAN_POINT ( 'NONE',  ( 3.406707454805969260, 1.334572341900303938, -0.9842519685039370358 ) ) ;
#5748 = CARTESIAN_POINT ( 'NONE',  ( -2.934141554642534455, 2.479541857136875027, 0.000000000000000000 ) ) ;
#5749 = ADVANCED_FACE ( 'NONE', ( #3120 ), #4471, .T. ) ;
#5750 = VECTOR ( 'NONE', #4632, 39.37007874015748143 ) ;
#5751 = ORIENTED_EDGE ( 'NONE', *, *, #2353, .T. ) ;
#5752 = VECTOR ( 'NONE', #3984, 39.37007874015748854 ) ;
#5753 = DIRECTION ( 'NONE',  ( -0.4067366430758008744, -0.9135454576426004225, 0.000000000000000000 ) ) ;
#5754 = ORIENTED_EDGE ( 'NONE', *, *, #1753, .F. ) ;
#5755 = CARTESIAN_POINT ( 'NONE',  ( 3.188348529410502064, 1.767862618196068158, -0.9842519685039370358 ) ) ;
#5756 = VECTOR ( 'NONE', #1199, 39.37007874015748143 ) ;
#5757 = CARTESIAN_POINT ( 'NONE',  ( -3.149606299212598604, 0.08661417322834606691, 0.000000000000000000 ) ) ;
#5758 = CARTESIAN_POINT ( 'NONE',  ( -3.888686575760354813, -0.5013558528757698918, 0.000000000000000000 ) ) ;
#5759 = VECTOR ( 'NONE', #2130, 39.37007874015748143 ) ;
#5760 = ORIENTED_EDGE ( 'NONE', *, *, #2817, .T. ) ;
#5761 = CARTESIAN_POINT ( 'NONE',  ( -2.864327676106160236, -2.670345160624388203, -0.9842519685039370358 ) ) ;
#5762 = DIRECTION ( 'NONE',  ( 0.000000000000000000, 0.000000000000000000, 1.000000000000000000 ) ) ;
#5763 = AXIS2_PLACEMENT_3D ( 'NONE', #407, #828, #5332 ) ;
#5764 = VERTEX_POINT ( 'NONE', #2166 ) ;
#5765 = EDGE_CURVE ( 'NONE', #3965, #5764, #832, .T. ) ;
#5766 = ORIENTED_EDGE ( 'NONE', *, *, #4208, .T. ) ;
#5767 = VECTOR ( 'NONE', #1091, 39.37007874015748854 ) ;
#5768 = CARTESIAN_POINT ( 'NONE',  ( 3.640876060795769309, -1.225290167225080440, 0.000000000000000000 ) ) ;
#5769 = DIRECTION ( 'NONE',  ( -0.8498926929868525493, -0.5269557954966961333, 0.000000000000000000 ) ) ;
#5770 = DIRECTION ( 'NONE',  ( -0.8660254037844397068, -0.4999999999999980016, -0.000000000000000000 ) ) ;
#5771 = VECTOR ( 'NONE', #4953, 39.37007874015748854 ) ;
#5772 = EDGE_LOOP ( 'NONE', ( #4393, #1786, #70, #4235 ) ) ;
#5773 = ORIENTED_EDGE ( 'NONE', *, *, #2594, .T. ) ;
#5774 = APPROVAL ( #518, 'UNKNOWN' ) ;
#5775 = EDGE_LOOP ( 'NONE', ( #2033, #2369, #5719, #4168 ) ) ;
#5776 = DIRECTION ( 'NONE',  ( 0.1770847403195838776, -0.9841956079692417703, -0.000000000000000000 ) ) ;
#5777 = VECTOR ( 'NONE', #5485, 39.37007874015748854 ) ;
#5778 = DIRECTION ( 'NONE',  ( 0.7965299180241933730, 0.6045991148623788281, -0.000000000000000000 ) ) ;
#5779 = LINE ( 'NONE', #3511, #980 ) ;
#5780 = CALENDAR_DATE ( 2025, 2, 4 ) ;
#5781 = CARTESIAN_POINT ( 'NONE',  ( -3.458597086866612713, 1.671951157986414804, 0.000000000000000000 ) ) ;
#5782 = EDGE_LOOP ( 'NONE', ( #2627, #4536, #2165, #736 ) ) ;
#5783 = EDGE_CURVE ( 'NONE', #5379, #3163, #3605, .T. ) ;
#5784 = DIRECTION ( 'NONE',  ( 0.000000000000000000, 0.000000000000000000, 1.000000000000000000 ) ) ;
#5785 = ORIENTED_EDGE ( 'NONE', *, *, #3484, .F. ) ;
#5786 = LINE ( 'NONE', #1690, #4871 ) ;
#5787 = DIRECTION ( 'NONE',  ( 0.000000000000000000, 0.000000000000000000, -1.000000000000000000 ) ) ;
#5788 = PLANE ( 'NONE',  #2507 ) ;
#5789 = SHAPE_REPRESENTATION ( '1_2', ( #204 ), #4680 ) ;
#5790 = EDGE_CURVE ( 'NONE', #2623, #5587, #2194, .T. ) ;
#5791 = EDGE_LOOP ( 'NONE', ( #3574, #3221, #5221, #4758 ) ) ;
#5792 = DIRECTION ( 'NONE',  ( 0.000000000000000000, 0.000000000000000000, -1.000000000000000000 ) ) ;
#5793 = DIRECTION ( 'NONE',  ( 0.1838258569393887432, -0.9829588263607481613, 0.000000000000000000 ) ) ;
#5794 = EDGE_CURVE ( 'NONE', #5397, #1881, #805, .T. ) ;
#5795 = ORIENTED_EDGE ( 'NONE', *, *, #1312, .F. ) ;
#5796 = ORIENTED_EDGE ( 'NONE', *, *, #4911, .F. ) ;
#5797 = CARTESIAN_POINT ( 'NONE',  ( -2.321984220630407325, 2.827565790134550561, 0.000000000000000000 ) ) ;
#5798 = EDGE_CURVE ( 'NONE', #3593, #4090, #358, .T. ) ;
#5799 = CARTESIAN_POINT ( 'NONE',  ( -0.6985884400707049746, -3.591477858736623840, -0.9842519685039370358 ) ) ;
#5800 = LINE ( 'NONE', #5826, #987 ) ;
#5801 = EDGE_CURVE ( 'NONE', #4370, #2189, #3339, .T. ) ;
#5802 = VERTEX_POINT ( 'NONE', #1276 ) ;
#5803 = ORIENTED_EDGE ( 'NONE', *, *, #2772, .F. ) ;
#5804 = ORIENTED_EDGE ( 'NONE', *, *, #5623, .F. ) ;
#5805 = FACE_OUTER_BOUND ( 'NONE', #5895, .T. ) ;
#5806 = CARTESIAN_POINT ( 'NONE',  ( 0.6960833833717487984, -3.578599237858704818, 0.000000000000000000 ) ) ;
#5807 = CARTESIAN_POINT ( 'NONE',  ( 2.648531142354100698, 2.505231999194815096, -0.9842519685039370358 ) ) ;
#5808 = APPROVAL_DATE_TIME ( #4887, #307 ) ;
#5809 = CARTESIAN_POINT ( 'NONE',  ( -1.942296803007436123, -3.085188440085347317, -0.9842519685039370358 ) ) ;
#5810 = EDGE_LOOP ( 'NONE', ( #5785, #4505, #4169, #1321 ) ) ;
#5811 = ADVANCED_FACE ( 'NONE', ( #1718 ), #2644, .T. ) ;
#5812 = CARTESIAN_POINT ( 'NONE',  ( 3.631574120736961397, 0.4454306051332689864, 0.000000000000000000 ) ) ;
#5813 = ORIENTED_EDGE ( 'NONE', *, *, #2932, .T. ) ;
#5814 = DIRECTION ( 'NONE',  ( 0.3875155864521072080, -0.9218631515884987415, 0.000000000000000000 ) ) ;
#5815 = LINE ( 'NONE', #5757, #4538 ) ;
#5816 = CARTESIAN_POINT ( 'NONE',  ( 2.121568256750530956, 3.316470885144405578, -0.9842519685039370358 ) ) ;
#5817 = CIRCLE ( 'NONE', #5717, 0.5000000000000000000 ) ;
#5818 = EDGE_LOOP ( 'NONE', ( #19, #3269, #4983, #1674 ) ) ;
#5819 = DIRECTION ( 'NONE',  ( 0.000000000000000000, 0.000000000000000000, 1.000000000000000000 ) ) ;
#5820 = AXIS2_PLACEMENT_3D ( 'NONE', #127, #5611, #3767 ) ;
#5821 = LINE ( 'NONE', #5429, #422 ) ;
#5822 = ADVANCED_FACE ( 'NONE', ( #2558 ), #4022, .T. ) ;
#5823 = ORIENTED_EDGE ( 'NONE', *, *, #2949, .F. ) ;
#5824 = ORIENTED_EDGE ( 'NONE', *, *, #3126, .F. ) ;
#5825 = LINE ( 'NONE', #2653, #2005 ) ;
#5826 = CARTESIAN_POINT ( 'NONE',  ( 2.957142700102147970, -2.132184708940983331, 0.000000000000000000 ) ) ;
#5827 = ORIENTED_EDGE ( 'NONE', *, *, #5790, .T. ) ;
#5828 = AXIS2_PLACEMENT_3D ( 'NONE', #1894, #4170, #1359 ) ;
#5829 = EDGE_LOOP ( 'NONE', ( #5766, #2924, #3920, #2762 ) ) ;
#5830 = VERTEX_POINT ( 'NONE', #5841 ) ;
#5831 = DIRECTION ( 'NONE',  ( -0.9284384064731642239, 0.3714863730819360499, 0.000000000000000000 ) ) ;
#5832 = DIRECTION ( 'NONE',  ( 0.4785797612220740738, -0.8780440832604150536, 0.000000000000000000 ) ) ;
#5833 = CARTESIAN_POINT ( 'NONE',  ( 1.689175037307311333, 3.556222531479132254, -0.9842519685039370358 ) ) ;
#5834 = DATE_AND_TIME ( #4465, #9 ) ;
#5835 = FACE_OUTER_BOUND ( 'NONE', #3315, .T. ) ;
#5836 = VERTEX_POINT ( 'NONE', #1747 ) ;
#5837 = EDGE_CURVE ( 'NONE', #4626, #150, #3575, .T. ) ;
#5838 = AXIS2_PLACEMENT_3D ( 'NONE', #1778, #1330, #889 ) ;
#5839 = CARTESIAN_POINT ( 'NONE',  ( -0.7477002634827877303, -3.843964181540399316, -0.9842519685039370358 ) ) ;
#5840 = ORIENTED_EDGE ( 'NONE', *, *, #799, .F. ) ;
#5841 = CARTESIAN_POINT ( 'NONE',  ( 1.569805223055866117, 3.304913097202761385, 0.000000000000000000 ) ) ;
#5842 = CARTESIAN_POINT ( 'NONE',  ( -0.2317451337921310750, 3.909144472380302826, -0.9842519685039370358 ) ) ;
#5843 = CARTESIAN_POINT ( 'NONE',  ( 2.864327676106141585, 2.670345160624409520, 0.000000000000000000 ) ) ;
#5844 = VECTOR ( 'NONE', #546, 39.37007874015748143 ) ;
#5845 = AXIS2_PLACEMENT_3D ( 'NONE', #2542, #5296, #1260 ) ;
#5846 = ORIENTED_EDGE ( 'NONE', *, *, #1934, .T. ) ;
#5847 = DIRECTION ( 'NONE',  ( 0.9542403285162811555, 0.2990407922560729959, -0.000000000000000000 ) ) ;
#5848 = FACE_OUTER_BOUND ( 'NONE', #2741, .T. ) ;
#5849 = VECTOR ( 'NONE', #1692, 39.37007874015748143 ) ;
#5850 = ORIENTED_EDGE ( 'NONE', *, *, #5690, .T. ) ;
#5851 = ORIENTED_EDGE ( 'NONE', *, *, #2947, .F. ) ;
#5852 = ADVANCED_FACE ( 'NONE', ( #5311 ), #1222, .T. ) ;
#5853 = DIRECTION ( 'NONE',  ( 0.000000000000000000, 0.000000000000000000, -1.000000000000000000 ) ) ;
#5854 = VECTOR ( 'NONE', #5155, 39.37007874015748143 ) ;
#5855 = CARTESIAN_POINT ( 'NONE',  ( 1.545847799209257412, -3.316186605134838761, -0.9842519685039370358 ) ) ;
#5856 = ORIENTED_EDGE ( 'NONE', *, *, #3318, .T. ) ;
#5857 = AXIS2_PLACEMENT_3D ( 'NONE', #5809, #3988, #2665 ) ;
#5858 = ORIENTED_EDGE ( 'NONE', *, *, #1047, .F. ) ;
#5859 = AXIS2_PLACEMENT_3D ( 'NONE', #433, #1793, #2268 ) ;
#5860 = ORIENTED_EDGE ( 'NONE', *, *, #471, .F. ) ;
#5861 = LINE ( 'NONE', #3136, #566 ) ;
#5862 = LINE ( 'NONE', #1323, #4053 ) ;
#5863 = PLANE ( 'NONE',  #409 ) ;
#5864 = CALENDAR_DATE ( 2025, 2, 4 ) ;
#5865 = DIRECTION ( 'NONE',  ( -0.2990407922561216236, 0.9542403285162658344, -0.000000000000000000 ) ) ;
#5866 = PLANE ( 'NONE',  #5763 ) ;
#5867 = EDGE_CURVE ( 'NONE', #5553, #5640, #2137, .T. ) ;
#5868 = ORIENTED_EDGE ( 'NONE', *, *, #5108, .F. ) ;
#5869 = VECTOR ( 'NONE', #741, 39.37007874015748143 ) ;
#5870 = FACE_OUTER_BOUND ( 'NONE', #3184, .T. ) ;
#5871 = ORIENTED_EDGE ( 'NONE', *, *, #1502, .T. ) ;
#5872 = CARTESIAN_POINT ( 'NONE',  ( -0.2157467967959966759, -3.639279860285744572, -0.9842519685039370358 ) ) ;
#5873 = FACE_OUTER_BOUND ( 'NONE', #5347, .T. ) ;
#5874 = EDGE_CURVE ( 'NONE', #754, #315, #5786, .T. ) ;
#5875 = DIRECTION ( 'NONE',  ( 0.000000000000000000, 0.000000000000000000, -1.000000000000000000 ) ) ;
#5876 = EDGE_CURVE ( 'NONE', #5379, #501, #1869, .T. ) ;
#5877 = ORIENTED_EDGE ( 'NONE', *, *, #3679, .F. ) ;
#5878 = PLANE ( 'NONE',  #3191 ) ;
#5879 = CARTESIAN_POINT ( 'NONE',  ( 3.796478068656873539, 0.9601409204826065746, -0.9842519685039370358 ) ) ;
#5880 = APPROVAL ( #1685, 'UNSPECIFIED' ) ;
#5881 = VERTEX_POINT ( 'NONE', #2365 ) ;
#5882 = EDGE_CURVE ( 'NONE', #2084, #482, #3178, .T. ) ;
#5883 = CARTESIAN_POINT ( 'NONE',  ( 3.646204138890985380, 1.428394795045139887, -0.9842519685039370358 ) ) ;
#5884 = DIRECTION ( 'NONE',  ( 0.6402077816650226794, 0.7682017939939677076, 0.000000000000000000 ) ) ;
#5885 = ORIENTED_EDGE ( 'NONE', *, *, #1843, .T. ) ;
#5886 = ORIENTED_EDGE ( 'NONE', *, *, #2932, .F. ) ;
#5887 = ORIENTED_EDGE ( 'NONE', *, *, #3219, .F. ) ;
#5888 = DIRECTION ( 'NONE',  ( -0.9999934538535477646, 0.003618321441284822349, 0.000000000000000000 ) ) ;
#5889 = DIRECTION ( 'NONE',  ( 0.000000000000000000, 0.000000000000000000, 1.000000000000000000 ) ) ;
#5890 = CARTESIAN_POINT ( 'NONE',  ( -0.2420771438722214564, 3.637623295260771439, 0.000000000000000000 ) ) ;
#5891 = DATE_AND_TIME ( #4077, #3729 ) ;
#5892 = CARTESIAN_POINT ( 'NONE',  ( -1.654523236393733221, 3.549319536645159534, -0.9842519685039370358 ) ) ;
#5893 = CARTESIAN_POINT ( 'NONE',  ( 2.520503077421349492, 3.024416511787275663, -0.9842519685039370358 ) ) ;
#5894 = EDGE_CURVE ( 'NONE', #4217, #1041, #85, .T. ) ;
#5895 = EDGE_LOOP ( 'NONE', ( #3195, #3035, #804, #2574 ) ) ;
#5896 = EDGE_CURVE ( 'NONE', #150, #4347, #4558, .T. ) ;
#5897 = LINE ( 'NONE', #3237, #4114 ) ;
#5898 = ORIENTED_EDGE ( 'NONE', *, *, #5279, .T. ) ;
#5899 = SHAPE_REPRESENTATION_RELATIONSHIP ( 'NONE' , 'NONE' ,  #483, #370 ) ;
#5900 = LINE ( 'NONE', #3275, #1203 ) ;
#5901 = DIRECTION ( 'NONE',  ( -0.7144726796328044749, -0.6996633405133643180, 0.000000000000000000 ) ) ;
#5902 = EDGE_CURVE ( 'NONE', #3123, #5427, #3724, .T. ) ;
#5903 = DIRECTION ( 'NONE',  ( -0.5792811723427020443, 0.8151277957285378850, 0.000000000000000000 ) ) ;
#5904 = FACE_OUTER_BOUND ( 'NONE', #2179, .T. ) ;
#5905 = NEXT_ASSEMBLY_USAGE_OCCURRENCE ( 'NAUO1', ' ', ' ', #3584, #2409, $ ) ;
#5906 = NEXT_ASSEMBLY_USAGE_OCCURRENCE ( 'NAUO2', ' ', ' ', #3584, #2080, $ ) ;
ENDSEC;
END-ISO-10303-21;
