ISO-10303-21;
HEADER;
FILE_DESCRIPTION (( 'STEP AP214' ),
    '1' );
FILE_NAME ('Automotive Coolant Thermostat Housing.STEP',
    '2026-05-18T17:53:11',
    ( '' ),
    ( '' ),
    'SwSTEP 2.0',
    'SolidWorks 2022',
    '' );
FILE_SCHEMA (( 'AUTOMOTIVE_DESIGN' ));
ENDSEC;

DATA;
#1 = CARTESIAN_POINT ( 'NONE',  ( -0.3109430007005674068, 12.46939820607821225, 12.00454317596158482 ) ) ;
#2 = CARTESIAN_POINT ( 'NONE',  ( -7.138001965596336262, 7.254170816527689247, 8.377644673777730588 ) ) ;
#3 = LINE ( 'NONE', #2794, #3578 ) ;
#4 =( BOUNDED_SURFACE ( )  B_SPLINE_SURFACE ( 3, 2, ( 
 ( #4013, #729, #271 ),
 ( #5172, #1187, #1153 ),
 ( #2374, #3195, #706 ),
 ( #4714, #3988, #2825 ),
 ( #1080, #327, #2732 ),
 ( #1987, #1908, #787 ),
 ( #4740, #2405, #2797 ),
 ( #5139, #4354, #2430 ),
 ( #2348, #293, #1964 ),
 ( #3600, #5201, #4785 ),
 ( #350, #1720, #4977 ),
 ( #5037, #5012, #2619 ),
 ( #541, #890, #3010 ),
 ( #4224, #3753, #3386 ),
 ( #2178, #1776, #568 ),
 ( #2536, #4532, #4199 ),
 ( #4587, #1317, #1748 ),
 ( #82, #4142, #166 ),
 ( #3780, #2205, #106 ),
 ( #3358, #3808, #2948 ),
 ( #1347, #2118, #4953 ),
 ( #3837, #4557, #134 ),
 ( #4610, #1801, #3442 ),
 ( #2981, #188, #3415 ),
 ( #998, #1375, #973 ),
 ( #1401, #481, #3037 ),
 ( #4635, #2650, #4254 ),
 ( #603, #2151, #918 ),
 ( #2567, #2241, #3864 ),
 ( #4172, #3328, #4923 ),
 ( #949, #2595, #1292 ),
 ( #2925, #515, #4666 ),
 ( #3096, #1900, #3116 ),
 ( #2318, #2718, #4279 ),
 ( #3521, #3465, #2765 ),
 ( #3137, #3973, #1124 ) ),
 .UNSPECIFIED., .F., .F., .F. ) 
 B_SPLINE_SURFACE_WITH_KNOTS ( ( 4, 2, 2, 2, 2, 2, 2, 2, 2, 2, 2, 2, 2, 2, 2, 2, 2, 4 ),
 ( 3, 3 ),
 ( 0.000000000000000000, 0.002244618368593686263, 0.003366927552890529394, 0.004489236737187372525, 0.005611545921484216090, 0.006733855105781058788, 0.007295009697929479703, 0.007856164290077901485, 0.008978473474374745050, 0.01010078265867158862, 0.01122309184296843218, 0.01178424643511685396, 0.01234540102726527575, 0.01346771021156211758, 0.01459001939585895941, 0.01571232858015580297, 0.01683463776445264654, 0.01795694694874949010 ),
 ( 0.000000000000000000, 1.000000000000000000 ),
 .UNSPECIFIED. ) 
 GEOMETRIC_REPRESENTATION_ITEM ( )  RATIONAL_B_SPLINE_SURFACE ( (
 ( 1.000000000000000000, 0.9020981523775519761, 1.000000000000000000),
 ( 1.000000000000000000, 0.8931209985911062743, 1.000000000000000000),
 ( 1.000000000000000000, 0.8795553243670835020, 1.000000000000000000),
 ( 1.000000000000000000, 0.8545276642783303789, 1.000000000000000000),
 ( 1.000000000000000000, 0.8454698222321819223, 1.000000000000000000),
 ( 1.000000000000000000, 0.8266889633103720048, 1.000000000000000000),
 ( 1.000000000000000000, 0.8169129595870762151, 1.000000000000000000),
 ( 1.000000000000000000, 0.7970474409287223727, 1.000000000000000000),
 ( 1.000000000000000000, 0.7869632818244689521, 1.000000000000000000),
 ( 1.000000000000000000, 0.7676973161066686924, 1.000000000000000000),
 ( 1.000000000000000000, 0.7584336020516734278, 1.000000000000000000),
 ( 1.000000000000000000, 0.7456200509172555835, 1.000000000000000000),
 ( 1.000000000000000000, 0.7415303852797420214, 1.000000000000000000),
 ( 1.000000000000000000, 0.7338200614998591220, 1.000000000000000000),
 ( 1.000000000000000000, 0.7301885563738572671, 1.000000000000000000),
 ( 1.000000000000000000, 0.7203760275340777008, 1.000000000000000000),
 ( 1.000000000000000000, 0.7152029179682967142, 1.000000000000000000),
 ( 1.000000000000000000, 0.7080942514742706306, 1.000000000000000000),
 ( 1.000000000000000000, 0.7061599267848495121, 1.000000000000000000),
 ( 1.000000000000000000, 0.7059561604227837517, 1.000000000000000000),
 ( 1.000000000000000000, 0.7076757523906562763, 1.000000000000000000),
 ( 1.000000000000000000, 0.7126447988959453417, 1.000000000000000000),
 ( 1.000000000000000000, 0.7146986008538601665, 1.000000000000000000),
 ( 1.000000000000000000, 0.7195351775541564132, 1.000000000000000000),
 ( 1.000000000000000000, 0.7223339490569907761, 1.000000000000000000),
 ( 1.000000000000000000, 0.7315641244259258880, 1.000000000000000000),
 ( 1.000000000000000000, 0.7388203303628180230, 1.000000000000000000),
 ( 1.000000000000000000, 0.7546591405263280983, 1.000000000000000000),
 ( 1.000000000000000000, 0.7633161892302607887, 1.000000000000000000),
 ( 1.000000000000000000, 0.7807539729440849952, 1.000000000000000000),
 ( 1.000000000000000000, 0.7895392326038538355, 1.000000000000000000),
 ( 1.000000000000000000, 0.8065900043051413837, 1.000000000000000000),
 ( 1.000000000000000000, 0.8149217348904771452, 1.000000000000000000),
 ( 1.000000000000000000, 0.8300956802506900267, 1.000000000000000000),
 ( 1.000000000000000000, 0.8369548375940435436, 1.000000000000000000),
 ( 1.000000000000000000, 0.8428837011790765166, 1.000000000000000000) ) ) 
 REPRESENTATION_ITEM ( '' )  SURFACE ( )  );
#5 = B_SPLINE_CURVE_WITH_KNOTS ( 'NONE', 3,
 ( #1224, #3688, #3287, #4495, #15, #2858, #1647, #5268 ),
 .UNSPECIFIED., .F., .F.,
 ( 4, 2, 2, 4 ),
 ( -1.097890589111295980E-05, 0.001419822527032023112, 0.002135223243493595841, 0.002850623959955168353 ),
 .UNSPECIFIED. ) ;
#6 = ORIENTED_EDGE ( 'NONE', *, *, #1864, .T. ) ;
#7 = CARTESIAN_POINT ( 'NONE',  ( 28.00000000000002132, -2.499999999999998668, 25.00000000000000000 ) ) ;
#8 = DIRECTION ( 'NONE',  ( 1.000000000000000000, -0.000000000000000000, 0.000000000000000000 ) ) ;
#9 = EDGE_LOOP ( 'NONE', ( #2538, #1541, #1168, #2033, #234 ) ) ;
#10 = LINE ( 'NONE', #2804, #3582 ) ;
#11 = ORIENTED_EDGE ( 'NONE', *, *, #27, .F. ) ;
#12 = CARTESIAN_POINT ( 'NONE',  ( 6.245392660391988038, 12.25638155175117028, 9.070668447337723705 ) ) ;
#13 = CARTESIAN_POINT ( 'NONE',  ( -8.628977600077558208, 6.502619610891020585, -8.278254162715512621 ) ) ;
#14 = ORIENTED_EDGE ( 'NONE', *, *, #2782, .F. ) ;
#15 = CARTESIAN_POINT ( 'NONE',  ( -8.782360822007310830, 26.87896543129996729, 7.086298160711103300 ) ) ;
#16 = CARTESIAN_POINT ( 'NONE',  ( 4.882527948288746700, 9.518588961621860633, 9.858088530458017473 ) ) ;
#17 = CARTESIAN_POINT ( 'NONE',  ( -3.970866165925159841, 11.72141131037508899, -11.14258683735632793 ) ) ;
#18 = ORIENTED_EDGE ( 'NONE', *, *, #416, .T. ) ;
#19 = DIRECTION ( 'NONE',  ( -0.7071067811865467956, 0.7071067811865484609, -1.734723475976807094E-15 ) ) ;
#20 = CARTESIAN_POINT ( 'NONE',  ( 7.287896834522396894, 15.30358484984327738, -8.266624114442542748 ) ) ;
#21 = ORIENTED_EDGE ( 'NONE', *, *, #520, .T. ) ;
#22 = DIRECTION ( 'NONE',  ( -0.7071067811865474617, 0.7071067811865474617, 0.000000000000000000 ) ) ;
#23 = ADVANCED_FACE ( 'NONE', ( #4337 ), #2665, .T. ) ;
#24 = CARTESIAN_POINT ( 'NONE',  ( 0.000000000000000000, 0.000000000000000000, 0.000000000000000000 ) ) ;
#25 = CARTESIAN_POINT ( 'NONE',  ( -2.238393997197841045, 12.37935469580848391, 11.75406256070893818 ) ) ;
#26 = CARTESIAN_POINT ( 'NONE',  ( -7.614050225062631405, 7.579590394993333646, 7.941447843317437361 ) ) ;
#27 = EDGE_CURVE ( 'NONE', #2842, #426, #3797, .T. ) ;
#28 = DIRECTION ( 'NONE',  ( -1.000000000000000000, 0.000000000000000000, 0.000000000000000000 ) ) ;
#29 = CARTESIAN_POINT ( 'NONE',  ( -7.937626670470418588, 28.50000000000000355, -7.615384615384616751 ) ) ;
#30 = EDGE_LOOP ( 'NONE', ( #1165, #3140 ) ) ;
#31 = CARTESIAN_POINT ( 'NONE',  ( 5.635805717330434561, 9.010237716418856735, -9.711158753813288413 ) ) ;
#32 = CARTESIAN_POINT ( 'NONE',  ( -8.378510692280181971, 6.524426695390987518, 8.408786821787408883 ) ) ;
#33 =( BOUNDED_SURFACE ( )  B_SPLINE_SURFACE ( 3, 2, ( 
 ( #2542, #3786, #61 ),
 ( #3365, #1699, #1238 ),
 ( #2041, #1298, #492 ),
 ( #4900, #1272, #88 ),
 ( #2871, #1726, #2991 ),
 ( #4959, #2068, #4592 ),
 ( #3680, #1323, #3705 ),
 ( #29, #3448, #4708 ) ),
 .UNSPECIFIED., .F., .F., .F. ) 
 B_SPLINE_SURFACE_WITH_KNOTS ( ( 4, 2, 2, 4 ),
 ( 3, 3 ),
 ( 3.035766082959412415E-18, 0.0008408645518410744419, 0.001681729103682145848, 0.003363458207364288660 ),
 ( 0.000000000000000000, 1.000000000000000000 ),
 .UNSPECIFIED. ) 
 GEOMETRIC_REPRESENTATION_ITEM ( )  RATIONAL_B_SPLINE_SURFACE ( (
 ( 1.000000000000000000, 0.8169666230477455882, 1.000000000000000000),
 ( 1.000000000000000000, 0.8425307584030633512, 1.000000000000000000),
 ( 1.000000000000000000, 0.8675487345793299054, 1.000000000000000000),
 ( 1.000000000000000000, 0.9127392378038573506, 1.000000000000000000),
 ( 1.000000000000000000, 0.9330315670880450218, 1.000000000000000000),
 ( 1.000000000000000000, 0.9825198940924460000, 1.000000000000000000),
 ( 1.000000000000000000, 1.000028238932372915, 1.000000000000000000),
 ( 1.000000000000000000, 1.000000000000000000, 1.000000000000000000) ) ) 
 REPRESENTATION_ITEM ( '' )  SURFACE ( )  );
#34 = CARTESIAN_POINT ( 'NONE',  ( -0.1517670561289197750, 4.680326441720966457, 9.000000000000001776 ) ) ;
#35 = CARTESIAN_POINT ( 'NONE',  ( -11.53256259467079481, 26.50000000000000355, -5.999999999999999112 ) ) ;
#36 = ORIENTED_EDGE ( 'NONE', *, *, #4589, .F. ) ;
#37 = CARTESIAN_POINT ( 'NONE',  ( 9.120019467365095167, 22.27831746811453328, 6.167572367394809518 ) ) ;
#38 = CARTESIAN_POINT ( 'NONE',  ( 10.65070420207037216, 26.58557958571793023, 2.750000000000091482 ) ) ;
#39 = ORIENTED_EDGE ( 'NONE', *, *, #49, .F. ) ;
#40 = CARTESIAN_POINT ( 'NONE',  ( 32.00000000000002132, 17.85786437626896017, 0.000000000000000000 ) ) ;
#41 = CARTESIAN_POINT ( 'NONE',  ( 3.951610483169785581, 9.903008817808533593, 11.01025816239698862 ) ) ;
#42 = CARTESIAN_POINT ( 'NONE',  ( -4.474661261619174546, 11.40060312257121566, -10.88861264645050575 ) ) ;
#43 = EDGE_LOOP ( 'NONE', ( #3136, #1757, #500, #3805 ) ) ;
#44 = CARTESIAN_POINT ( 'NONE',  ( 0.1505822108537888115, 4.854887872402713356, -8.999999999999998224 ) ) ;
#45 = LINE ( 'NONE', #3293, #222 ) ;
#46 = VERTEX_POINT ( 'NONE', #5076 ) ;
#47 = CARTESIAN_POINT ( 'NONE',  ( 4.543214957750871363, 8.796250842605667586, 10.68227462919461423 ) ) ;
#48 = PLANE ( 'NONE',  #1862 ) ;
#49 = EDGE_CURVE ( 'NONE', #1271, #46, #1934, .T. ) ;
#50 = EDGE_CURVE ( 'NONE', #2918, #4834, #2874, .T. ) ;
#51 = FACE_OUTER_BOUND ( 'NONE', #2693, .T. ) ;
#52 = VERTEX_POINT ( 'NONE', #792 ) ;
#53 = CARTESIAN_POINT ( 'NONE',  ( -7.043532699274228648, 7.396587330873766852, -8.458121683194923079 ) ) ;
#54 = CIRCLE ( 'NONE', #2295, 1.000000000000000888 ) ;
#55 = CARTESIAN_POINT ( 'NONE',  ( -5.792763574862994425, 10.13064298267311614, 9.365141704398876499 ) ) ;
#56 = CIRCLE ( 'NONE', #3065, 11.00000000000000000 ) ;
#57 = VECTOR ( 'NONE', #2791, 1000.000000000000000 ) ;
#58 = TOROIDAL_SURFACE ( 'NONE', #4813, 13.00000000000000000, 2.000000000000000000 ) ;
#59 = EDGE_CURVE ( 'NONE', #4351, #3181, #3971, .T. ) ;
#60 = VERTEX_POINT ( 'NONE', #5204 ) ;
#61 = CARTESIAN_POINT ( 'NONE',  ( -9.380831519646857686, 26.14973472408727417, -7.000000000000000888 ) ) ;
#62 = LINE ( 'NONE', #2492, #404 ) ;
#63 = DIRECTION ( 'NONE',  ( 0.000000000000000000, 0.000000000000000000, -1.000000000000000000 ) ) ;
#64 = AXIS2_PLACEMENT_3D ( 'NONE', #2193, #3822, #1738 ) ;
#65 = DIRECTION ( 'NONE',  ( 0.000000000000000000, -1.000000000000000000, 0.000000000000000000 ) ) ;
#66 = EDGE_CURVE ( 'NONE', #4285, #1188, #1562, .T. ) ;
#67 = CARTESIAN_POINT ( 'NONE',  ( 0.000000000000000000, -2.499999999999998668, 25.00000000000000000 ) ) ;
#68 = EDGE_LOOP ( 'NONE', ( #905, #4145, #3199, #806 ) ) ;
#69 = AXIS2_PLACEMENT_3D ( 'NONE', #2713, #673, #1995 ) ;
#70 = CARTESIAN_POINT ( 'NONE',  ( 0.8191746239791960482, 7.349245261000607599, 8.963072499619762823 ) ) ;
#71 = DIRECTION ( 'NONE',  ( -0.7071067811865462405, 0.7071067811865486830, 0.000000000000000000 ) ) ;
#72 = CARTESIAN_POINT ( 'NONE',  ( -8.745966692414814503, 6.500000000000000888, -25.00000000000000000 ) ) ;
#73 = CARTESIAN_POINT ( 'NONE',  ( 0.000000000000000000, 0.000000000000000000, 2.000000000000000000 ) ) ;
#74 = CARTESIAN_POINT ( 'NONE',  ( 0.9614637390970890429, 12.17960888282012810, -11.93588620334607420 ) ) ;
#75 = AXIS2_PLACEMENT_3D ( 'NONE', #4745, #1441, #256 ) ;
#76 = ORIENTED_EDGE ( 'NONE', *, *, #2578, .F. ) ;
#77 = CARTESIAN_POINT ( 'NONE',  ( 0.9772586998502612587, 6.151812311208766815, -8.946901717769764062 ) ) ;
#78 = CARTESIAN_POINT ( 'NONE',  ( 10.21588746183075180, 21.02174144270932388, -6.465322957043970753 ) ) ;
#79 = ORIENTED_EDGE ( 'NONE', *, *, #5158, .F. ) ;
#80 = DIRECTION ( 'NONE',  ( 0.7071067811865486830, 0.7071067811865464625, 0.000000000000000000 ) ) ;
#81 = ORIENTED_EDGE ( 'NONE', *, *, #1182, .T. ) ;
#82 = CARTESIAN_POINT ( 'NONE',  ( -1.245344891407262011, 12.50335281535272181, -11.93665520261528101 ) ) ;
#83 = AXIS2_PLACEMENT_3D ( 'NONE', #3830, #3552, #3088 ) ;
#84 = LINE ( 'NONE', #4533, #3494 ) ;
#85 = CARTESIAN_POINT ( 'NONE',  ( -6.809475019311105548, 8.000000000000000000, 9.138219645438292460 ) ) ;
#86 = CARTESIAN_POINT ( 'NONE',  ( -6.413065834657942332, 10.13505772108956116, -8.940838557193385938 ) ) ;
#87 = ORIENTED_EDGE ( 'NONE', *, *, #888, .F. ) ;
#88 = CARTESIAN_POINT ( 'NONE',  ( -8.801754966446559081, 26.85080293670133145, -7.080494574258629825 ) ) ;
#89 = ORIENTED_EDGE ( 'NONE', *, *, #3943, .F. ) ;
#90 = DIRECTION ( 'NONE',  ( -0.7071067811865467956, 0.7071067811865484609, 1.734723475976807094E-15 ) ) ;
#91 = LINE ( 'NONE', #3340, #670 ) ;
#92 = DIRECTION ( 'NONE',  ( 0.000000000000000000, 0.000000000000000000, 1.000000000000000000 ) ) ;
#93 = EDGE_CURVE ( 'NONE', #5183, #1588, #1190, .T. ) ;
#94 = CARTESIAN_POINT ( 'NONE',  ( 4.809475019311147292, 5.000000000000001776, -10.97596897413675521 ) ) ;
#95 = DIRECTION ( 'NONE',  ( -0.000000000000000000, -1.000000000000000000, -0.000000000000000000 ) ) ;
#96 = CARTESIAN_POINT ( 'NONE',  ( 4.973334814098446799, 5.634626256324179572, -11.00168208416919668 ) ) ;
#97 = CARTESIAN_POINT ( 'NONE',  ( 6.598422751850543833, 3.647543940564312859, 9.779885332689310928 ) ) ;
#98 = ADVANCED_FACE ( 'NONE', ( #4846 ), #480, .F. ) ;
#99 = CARTESIAN_POINT ( 'NONE',  ( 17.78632820404602910, 4.180301343049810825, 2.727272727272728847 ) ) ;
#100 = ORIENTED_EDGE ( 'NONE', *, *, #1766, .T. ) ;
#101 = CARTESIAN_POINT ( 'NONE',  ( -10.04183708673911291, 25.77771514144257381, 7.000000000000000000 ) ) ;
#102 = DIRECTION ( 'NONE',  ( 0.7071067811865485719, 0.7071067811865464625, 0.000000000000000000 ) ) ;
#103 = CARTESIAN_POINT ( 'NONE',  ( 21.71918471982879595, 37.27553390593275395, -10.99999999999999467 ) ) ;
#104 = ORIENTED_EDGE ( 'NONE', *, *, #4866, .T. ) ;
#105 = LINE ( 'NONE', #3697, #1929 ) ;
#106 = CARTESIAN_POINT ( 'NONE',  ( -0.8348763139500727792, 13.50972404767437673, -10.97377960919505213 ) ) ;
#107 = CARTESIAN_POINT ( 'NONE',  ( 5.687915300788300321, 4.443963514904310408, -9.961403897022501397 ) ) ;
#108 = CARTESIAN_POINT ( 'NONE',  ( -6.822353123125719954, 7.900688304530157247, -8.640206463115738700 ) ) ;
#109 = CARTESIAN_POINT ( 'NONE',  ( -2.883723847366160165, 13.16658271852396034, -10.61711107065477044 ) ) ;
#110 = CYLINDRICAL_SURFACE ( 'NONE', #1429, 1.000000000000000000 ) ;
#111 = EDGE_LOOP ( 'NONE', ( #937, #665, #4487, #995, #4453 ) ) ;
#112 = DIRECTION ( 'NONE',  ( 0.000000000000000000, 1.000000000000000000, 0.000000000000000000 ) ) ;
#113 = ORIENTED_EDGE ( 'NONE', *, *, #1534, .T. ) ;
#114 = DIRECTION ( 'NONE',  ( 0.7071067811865486830, 0.7071067811865464625, -0.000000000000000000 ) ) ;
#115 = CARTESIAN_POINT ( 'NONE',  ( -27.99999999999997868, 12.50000000000000000, -19.50000000000000000 ) ) ;
#116 = MANIFOLD_SOLID_BREP ( 'Cut-Extrude9', #3138 ) ;
#117 = FACE_OUTER_BOUND ( 'NONE', #2015, .T. ) ;
#118 = EDGE_LOOP ( 'NONE', ( #771, #4880, #3601 ) ) ;
#119 = CARTESIAN_POINT ( 'NONE',  ( 10.82180063888678667, 24.68337100228151115, 2.288702992919387391 ) ) ;
#120 = EDGE_CURVE ( 'NONE', #3231, #1467, #2722, .T. ) ;
#121 = EDGE_LOOP ( 'NONE', ( #2891, #4929, #2314, #748 ) ) ;
#122 = DIRECTION ( 'NONE',  ( 1.734723475976806700E-15, 0.8349582646491116034, -0.5503132710503575442 ) ) ;
#123 = EDGE_CURVE ( 'NONE', #4684, #1678, #5258, .T. ) ;
#124 = DIRECTION ( 'NONE',  ( -0.000000000000000000, -0.000000000000000000, 1.000000000000000000 ) ) ;
#125 = EDGE_LOOP ( 'NONE', ( #1931, #3164, #4609, #1564, #4506 ) ) ;
#126 = DIRECTION ( 'NONE',  ( 0.000000000000000000, 1.000000000000000000, 0.000000000000000000 ) ) ;
#127 = CARTESIAN_POINT ( 'NONE',  ( -8.930426833906420114, 27.32113734849010456, 7.025008011914351869 ) ) ;
#128 = ADVANCED_FACE ( 'NONE', ( #1112 ), #2921, .F. ) ;
#129 = CARTESIAN_POINT ( 'NONE',  ( 7.342077880708404614, 17.08700048908833580, -8.197743716971727324 ) ) ;
#130 = EDGE_LOOP ( 'NONE', ( #2426, #3256, #870, #2435 ) ) ;
#131 = DIRECTION ( 'NONE',  ( 0.000000000000000000, 0.000000000000000000, 1.000000000000000000 ) ) ;
#132 = EDGE_CURVE ( 'NONE', #150, #575, #45, .T. ) ;
#133 = ORIENTED_EDGE ( 'NONE', *, *, #1018, .F. ) ;
#134 = CARTESIAN_POINT ( 'NONE',  ( 0.7025361360643143094, 13.27605617902309199, -10.97882083008146736 ) ) ;
#135 = VECTOR ( 'NONE', #1516, 1000.000000000000000 ) ;
#136 = LINE ( 'NONE', #1777, #485 ) ;
#137 = CARTESIAN_POINT ( 'NONE',  ( 6.058637476265310795, 3.780922524209989533, 9.870322829568939582 ) ) ;
#138 = CARTESIAN_POINT ( 'NONE',  ( -4.595312658293250863, 12.24624197374619960, 9.998581343559592938 ) ) ;
#139 = AXIS2_PLACEMENT_3D ( 'NONE', #2839, #2892, #4504 ) ;
#140 = AXIS2_PLACEMENT_3D ( 'NONE', #2249, #3075, #1038 ) ;
#141 = CARTESIAN_POINT ( 'NONE',  ( -7.777720855862958693, 8.250000000000000000, -9.138219645438292460 ) ) ;
#142 = PLANE ( 'NONE',  #1870 ) ;
#143 = VECTOR ( 'NONE', #902, 999.9999999999998863 ) ;
#144 = LINE ( 'NONE', #3734, #1932 ) ;
#145 = CARTESIAN_POINT ( 'NONE',  ( -2.999999999999979128, 6.500000000000000888, 8.485281374238576646 ) ) ;
#146 = AXIS2_PLACEMENT_3D ( 'NONE', #947, #4608, #2238 ) ;
#147 = CARTESIAN_POINT ( 'NONE',  ( -9.380831519646857686, 26.14973472408727773, -7.000000000000000000 ) ) ;
#148 = ORIENTED_EDGE ( 'NONE', *, *, #896, .F. ) ;
#149 = DIRECTION ( 'NONE',  ( 0.7071067811865486830, 0.7071067811865464625, -0.000000000000000000 ) ) ;
#150 = VERTEX_POINT ( 'NONE', #3674 ) ;
#151 = VECTOR ( 'NONE', #8, 1000.000000000000000 ) ;
#152 = DIRECTION ( 'NONE',  ( -0.000000000000000000, 1.000000000000000000, -0.000000000000000000 ) ) ;
#153 = CARTESIAN_POINT ( 'NONE',  ( -7.898502967503799432, 6.566218918990051279, 7.656163822712896305 ) ) ;
#154 = ADVANCED_FACE ( 'NONE', ( #4469 ), #1197, .F. ) ;
#155 = ADVANCED_FACE ( 'NONE', ( #3355 ), #3034, .F. ) ;
#156 = VECTOR ( 'NONE', #4564, 1000.000000000000000 ) ;
#157 = ORIENTED_EDGE ( 'NONE', *, *, #5047, .T. ) ;
#158 = CARTESIAN_POINT ( 'NONE',  ( 6.598422751850543833, 3.647543940564312859, -9.779885332689310928 ) ) ;
#159 = CARTESIAN_POINT ( 'NONE',  ( -9.023373327451285064, 27.53156410613857830, 6.711093685641299267 ) ) ;
#160 = AXIS2_PLACEMENT_3D ( 'NONE', #2416, #5266, #4827 ) ;
#161 = CARTESIAN_POINT ( 'NONE',  ( 12.09599835909554777, 25.43376650878530754, -3.337977686152079126 ) ) ;
#162 = ORIENTED_EDGE ( 'NONE', *, *, #120, .T. ) ;
#163 = DIRECTION ( 'NONE',  ( 0.000000000000000000, -1.000000000000000000, -0.000000000000000000 ) ) ;
#164 = AXIS2_PLACEMENT_3D ( 'NONE', #2611, #4215, #588 ) ;
#165 = ADVANCED_FACE ( 'NONE', ( #1396 ), #4972, .T. ) ;
#166 = CARTESIAN_POINT ( 'NONE',  ( -1.179049397753834327, 13.50391161750706637, -10.94193393597207020 ) ) ;
#167 = LINE ( 'NONE', #1802, #4481 ) ;
#168 = FACE_OUTER_BOUND ( 'NONE', #2975, .T. ) ;
#169 = CARTESIAN_POINT ( 'NONE',  ( -4.946100883891788591, 11.03760088775943693, 9.839207946688638629 ) ) ;
#170 = EDGE_CURVE ( 'NONE', #3397, #4263, #1751, .T. ) ;
#171 = CARTESIAN_POINT ( 'NONE',  ( 21.71918471982879595, 37.27553390593275395, -14.99999999999999467 ) ) ;
#172 = ORIENTED_EDGE ( 'NONE', *, *, #5019, .T. ) ;
#173 = CARTESIAN_POINT ( 'NONE',  ( -3.000000000001734168, 6.499999999998599343, -8.485281374238008212 ) ) ;
#174 = CARTESIAN_POINT ( 'NONE',  ( 6.745966692414854471, 4.500000000000002665, 25.00000000000000000 ) ) ;
#175 = DIRECTION ( 'NONE',  ( 0.000000000000000000, 1.000000000000000000, 0.000000000000000000 ) ) ;
#176 = FACE_OUTER_BOUND ( 'NONE', #409, .T. ) ;
#177 = CARTESIAN_POINT ( 'NONE',  ( 5.410529479893277482, 10.78706869861130357, -9.580878366182254524 ) ) ;
#178 = ORIENTED_EDGE ( 'NONE', *, *, #4897, .F. ) ;
#179 = CARTESIAN_POINT ( 'NONE',  ( 6.045927240977050587, 6.231629965806510185, 10.01291923077102020 ) ) ;
#180 = CARTESIAN_POINT ( 'NONE',  ( -27.99999999999997868, -6.742640687119290099, -22.50000000000000355 ) ) ;
#181 = ORIENTED_EDGE ( 'NONE', *, *, #277, .T. ) ;
#182 = CARTESIAN_POINT ( 'NONE',  ( -11.53256259467079659, 26.50000000000000355, 7.000000000000000000 ) ) ;
#183 = CARTESIAN_POINT ( 'NONE',  ( 1.000000000000020872, 6.500000000000000888, -8.944271909999155667 ) ) ;
#184 = B_SPLINE_CURVE_WITH_KNOTS ( 'NONE', 3,
 ( #906, #469, #439, #2074, #3711, #70, #5075, #5025, #4336, #2664 ),
 .UNSPECIFIED., .F., .F.,
 ( 4, 2, 2, 2, 4 ),
 ( 0.004208057920534356497, 0.004729392636983691285, 0.005250727353433027808, 0.005772062069882364331, 0.006293396786331700854 ),
 .UNSPECIFIED. ) ;
#185 = FACE_OUTER_BOUND ( 'NONE', #43, .T. ) ;
#186 = ORIENTED_EDGE ( 'NONE', *, *, #1286, .T. ) ;
#187 = LINE ( 'NONE', #539, #1685 ) ;
#188 = CARTESIAN_POINT ( 'NONE',  ( 0.8816407389246433413, 12.20009759692794482, -10.97007254025836076 ) ) ;
#189 = LINE ( 'NONE', #1349, #2795 ) ;
#190 = B_SPLINE_CURVE_WITH_KNOTS ( 'NONE', 3,
 ( #1208, #809, #1233, #4558, #2866, #455, #3677, #107, #4144, #4474, #2063, #867 ),
 .UNSPECIFIED., .F., .F.,
 ( 4, 2, 2, 2, 2, 4 ),
 ( 0.000000000000000000, 0.0004309783573962874164, 0.0008619567147925748327, 0.001292935072188863442, 0.001508424250887007963, 0.001723913429585152701 ),
 .UNSPECIFIED. ) ;
#191 = ADVANCED_FACE ( 'NONE', ( #185 ), #2147, .T. ) ;
#192 = CARTESIAN_POINT ( 'NONE',  ( 5.357017357918684830, 3.029533094875174193, 10.88156138567445375 ) ) ;
#193 = CARTESIAN_POINT ( 'NONE',  ( 0.9761579923574719153, 12.16751908805600024, 11.93012987913030720 ) ) ;
#194 = CARTESIAN_POINT ( 'NONE',  ( -5.359319329911993890, 11.55496594353043882, 9.607318156392917530 ) ) ;
#195 = EDGE_CURVE ( 'NONE', #4802, #1741, #1346, .T. ) ;
#196 = CARTESIAN_POINT ( 'NONE',  ( 18.89075759508260788, 40.10396103067894558, 15.00000000000000533 ) ) ;
#197 = LINE ( 'NONE', #4286, #4895 ) ;
#198 = LINE ( 'NONE', #2632, #1938 ) ;
#199 = ORIENTED_EDGE ( 'NONE', *, *, #5230, .T. ) ;
#200 = DIRECTION ( 'NONE',  ( 0.000000000000000000, 1.000000000000000000, 0.000000000000000000 ) ) ;
#201 = CARTESIAN_POINT ( 'NONE',  ( -7.855352512968805989, 7.511583272470520711, -7.701140172045011667 ) ) ;
#202 = ORIENTED_EDGE ( 'NONE', *, *, #602, .T. ) ;
#203 = DIRECTION ( 'NONE',  ( 0.000000000000000000, 1.000000000000000000, 0.000000000000000000 ) ) ;
#204 = DIRECTION ( 'NONE',  ( -0.7071067811865486830, -0.7071067811865464625, 1.232595164407830946E-32 ) ) ;
#205 = DIRECTION ( 'NONE',  ( 0.000000000000000000, 1.000000000000000000, 0.000000000000000000 ) ) ;
#206 = ORIENTED_EDGE ( 'NONE', *, *, #3836, .F. ) ;
#207 = CARTESIAN_POINT ( 'NONE',  ( -1.182074886939574077, 8.499314114722979596, -8.923760011900126798 ) ) ;
#208 = DIRECTION ( 'NONE',  ( 0.000000000000000000, 0.000000000000000000, 1.000000000000000000 ) ) ;
#209 = DIRECTION ( 'NONE',  ( -0.000000000000000000, -0.000000000000000000, 1.000000000000000000 ) ) ;
#210 = CARTESIAN_POINT ( 'NONE',  ( 5.077525974088984206, 3.386820381677586145, 10.91185411125868221 ) ) ;
#211 = CARTESIAN_POINT ( 'NONE',  ( -3.416272397822597284, 12.00625828009766138, 10.46620994037384200 ) ) ;
#212 = EDGE_CURVE ( 'NONE', #4263, #2411, #2339, .T. ) ;
#213 = EDGE_CURVE ( 'NONE', #1768, #737, #1946, .T. ) ;
#214 = CARTESIAN_POINT ( 'NONE',  ( -0.8456878461591138540, 13.51454583510857077, 10.97556285842384050 ) ) ;
#215 = ORIENTED_EDGE ( 'NONE', *, *, #1243, .T. ) ;
#216 = CARTESIAN_POINT ( 'NONE',  ( -11.25111982867879590, 26.50000000000000711, -6.052070956862883655 ) ) ;
#217 = CARTESIAN_POINT ( 'NONE',  ( 0.000000000000000000, 29.50000000000000711, 0.000000000000000000 ) ) ;
#218 = AXIS2_PLACEMENT_3D ( 'NONE', #4074, #1565, #3660 ) ;
#219 = ADVANCED_FACE ( 'NONE', ( #4368 ), #1048, .F. ) ;
#220 = DIRECTION ( 'NONE',  ( -0.7726232271577311295, -0.000000000000000000, -0.6348648272320439601 ) ) ;
#221 = ORIENTED_EDGE ( 'NONE', *, *, #2251, .F. ) ;
#222 = VECTOR ( 'NONE', #1687, 1000.000000000000000 ) ;
#223 = CARTESIAN_POINT ( 'NONE',  ( 18.35786437626909873, 32.50000000000000711, 1.224646799147356215E-15 ) ) ;
#224 = VERTEX_POINT ( 'NONE', #307 ) ;
#225 = CARTESIAN_POINT ( 'NONE',  ( 4.788173343065081689, 8.204914321217877671, 10.85178874509539959 ) ) ;
#226 = AXIS2_PLACEMENT_3D ( 'NONE', #1595, #2026, #4107 ) ;
#227 = CIRCLE ( 'NONE', #1079, 1.000000000000000000 ) ;
#228 = DIRECTION ( 'NONE',  ( 0.9888105687781043596, 0.000000000000000000, -0.1491766036371725557 ) ) ;
#229 = EDGE_CURVE ( 'NONE', #3993, #4192, #5153, .T. ) ;
#230 = AXIS2_PLACEMENT_3D ( 'NONE', #1449, #676, #3058 ) ;
#231 = ADVANCED_FACE ( 'NONE', ( #1068 ), #1095, .T. ) ;
#232 = VECTOR ( 'NONE', #3940, 1000.000000000000000 ) ;
#233 = AXIS2_PLACEMENT_3D ( 'NONE', #4043, #377, #2378 ) ;
#234 = ORIENTED_EDGE ( 'NONE', *, *, #4661, .T. ) ;
#235 = AXIS2_PLACEMENT_3D ( 'NONE', #467, #2072, #1759 ) ;
#236 = FACE_OUTER_BOUND ( 'NONE', #678, .T. ) ;
#237 = CARTESIAN_POINT ( 'NONE',  ( 4.948506453630322710, 3.613348367916303427, 10.92705904249723048 ) ) ;
#238 = FACE_OUTER_BOUND ( 'NONE', #824, .T. ) ;
#239 = ADVANCED_FACE ( 'NONE', ( #238 ), #1492, .F. ) ;
#240 = VECTOR ( 'NONE', #1785, 1000.000000000000000 ) ;
#241 = DIRECTION ( 'NONE',  ( 0.000000000000000000, 1.000000000000000000, 0.000000000000000000 ) ) ;
#242 = DIRECTION ( 'NONE',  ( -0.7071067811865451302, 0.7071067811865499042, 0.000000000000000000 ) ) ;
#243 = LINE ( 'NONE', #975, #3823 ) ;
#244 = AXIS2_PLACEMENT_3D ( 'NONE', #2711, #2279, #2257 ) ;
#245 = CARTESIAN_POINT ( 'NONE',  ( -0.9235207090898384097, 12.50833489854724156, 11.97139593672723734 ) ) ;
#246 = DIRECTION ( 'NONE',  ( 0.7071067811865462405, -0.7071067811865487940, 0.000000000000000000 ) ) ;
#247 = ORIENTED_EDGE ( 'NONE', *, *, #3175, .T. ) ;
#248 = CARTESIAN_POINT ( 'NONE',  ( -9.773048427892973677, 26.73662512446603046, -7.000000000000001776 ) ) ;
#249 = FACE_OUTER_BOUND ( 'NONE', #1514, .T. ) ;
#250 = CYLINDRICAL_SURFACE ( 'NONE', #1434, 1.000000000000000888 ) ;
#251 = ORIENTED_EDGE ( 'NONE', *, *, #712, .F. ) ;
#252 = CARTESIAN_POINT ( 'NONE',  ( 9.579865893686069001, 23.58383356049971979, -5.425901554148761186 ) ) ;
#253 = ORIENTED_EDGE ( 'NONE', *, *, #2675, .F. ) ;
#254 = CARTESIAN_POINT ( 'NONE',  ( 28.00000000000002132, 2.500000000000002220, -25.00000000000000000 ) ) ;
#255 = EDGE_CURVE ( 'NONE', #2059, #4095, #4317, .T. ) ;
#256 = DIRECTION ( 'NONE',  ( 0.000000000000000000, 0.000000000000000000, 1.000000000000000000 ) ) ;
#257 = EDGE_LOOP ( 'NONE', ( #1590, #3121, #1637, #843 ) ) ;
#258 = DIRECTION ( 'NONE',  ( 0.000000000000000000, -1.000000000000000000, 0.000000000000000000 ) ) ;
#259 = LINE ( 'NONE', #4748, #2367 ) ;
#260 = EDGE_CURVE ( 'NONE', #3937, #737, #1860, .T. ) ;
#261 = DIRECTION ( 'NONE',  ( -0.7071067811865486830, -0.7071067811865464625, -0.000000000000000000 ) ) ;
#262 = EDGE_LOOP ( 'NONE', ( #2602, #1530, #4267, #1847 ) ) ;
#263 = DIRECTION ( 'NONE',  ( -0.000000000000000000, -1.000000000000000000, -0.000000000000000000 ) ) ;
#264 = DIRECTION ( 'NONE',  ( 0.7071067811865486830, 0.7071067811865464625, -0.000000000000000000 ) ) ;
#265 = CARTESIAN_POINT ( 'NONE',  ( 15.48182239374556524, 4.070562971130669894, 5.975629018076467958 ) ) ;
#266 = DIRECTION ( 'NONE',  ( 0.000000000000000000, 0.000000000000000000, -1.000000000000000000 ) ) ;
#267 = ORIENTED_EDGE ( 'NONE', *, *, #1744, .T. ) ;
#268 = FACE_BOUND ( 'NONE', #3605, .T. ) ;
#269 = B_SPLINE_CURVE_WITH_KNOTS ( 'NONE', 3,
 ( #549, #1384, #1703, #2544, #4098, #436, #4184, #3708, #32, #1671 ),
 .UNSPECIFIED., .F., .F.,
 ( 4, 2, 2, 2, 4 ),
 ( 0.000000000000000000, 0.0006512259708598918968, 0.001302451941719783794, 0.001953677912579675907, 0.002604903883439567587 ),
 .UNSPECIFIED. ) ;
#270 = CARTESIAN_POINT ( 'NONE',  ( 5.731006271505592053, 4.796714584357410160, -9.978153612851597742 ) ) ;
#271 = CARTESIAN_POINT ( 'NONE',  ( -7.129577451207713246, 8.250000000000000000, -8.376701341651767052 ) ) ;
#272 = VERTEX_POINT ( 'NONE', #4275 ) ;
#273 = DIRECTION ( 'NONE',  ( 0.7071067811865486830, 0.7071067811865464625, -0.000000000000000000 ) ) ;
#274 = DIRECTION ( 'NONE',  ( 0.000000000000000000, 0.000000000000000000, -1.000000000000000000 ) ) ;
#275 = CARTESIAN_POINT ( 'NONE',  ( -7.310207737216377843, 7.831809941121620433, -8.221987580696071163 ) ) ;
#276 = EDGE_CURVE ( 'NONE', #314, #2547, #5082, .T. ) ;
#277 = EDGE_CURVE ( 'NONE', #4161, #1588, #3655, .T. ) ;
#278 = CARTESIAN_POINT ( 'NONE',  ( 28.00000000000002132, -2.499999999999998668, -22.50000000000000355 ) ) ;
#279 = CARTESIAN_POINT ( 'NONE',  ( 10.26530442205090132, 25.51000914520622587, 3.964514493590193478 ) ) ;
#280 = ORIENTED_EDGE ( 'NONE', *, *, #2245, .F. ) ;
#281 = DIRECTION ( 'NONE',  ( -0.7071067811865451302, 0.7071067811865499042, 0.000000000000000000 ) ) ;
#282 = AXIS2_PLACEMENT_3D ( 'NONE', #363, #2816, #4030 ) ;
#283 = ADVANCED_FACE ( 'NONE', ( #1471 ), #1027, .F. ) ;
#284 = ORIENTED_EDGE ( 'NONE', *, *, #2571, .T. ) ;
#285 = DIRECTION ( 'NONE',  ( 1.000000000000000000, -0.000000000000000000, -0.000000000000000000 ) ) ;
#286 = ORIENTED_EDGE ( 'NONE', *, *, #862, .F. ) ;
#287 = CARTESIAN_POINT ( 'NONE',  ( 6.598422751850542944, 3.647543940564312415, 9.779885332689310928 ) ) ;
#288 = ADVANCED_FACE ( 'NONE', ( #1121 ), #2762, .F. ) ;
#289 = CARTESIAN_POINT ( 'NONE',  ( -8.509057349050525687, 27.96104730814550976, 7.082262585440400215 ) ) ;
#290 = VERTEX_POINT ( 'NONE', #2692 ) ;
#291 = CARTESIAN_POINT ( 'NONE',  ( -7.393144669757099052, 7.760596947857314021, -8.145641258353093050 ) ) ;
#292 = CARTESIAN_POINT ( 'NONE',  ( 5.470718538455860092, 2.943987203590876511, -9.841561262233772922 ) ) ;
#293 = CARTESIAN_POINT ( 'NONE',  ( -4.208730007421089603, 11.58615589811859792, -10.17547549929629369 ) ) ;
#294 = ORIENTED_EDGE ( 'NONE', *, *, #590, .F. ) ;
#295 = CARTESIAN_POINT ( 'NONE',  ( 40.10396103067900242, 18.89075759508248353, -10.99999999999999822 ) ) ;
#296 = CARTESIAN_POINT ( 'NONE',  ( -2.816734103322445115, 7.354143922905361563, 8.548354282496518408 ) ) ;
#297 = LINE ( 'NONE', #1157, #1091 ) ;
#298 = VECTOR ( 'NONE', #4347, 999.9999999999998863 ) ;
#299 = ORIENTED_EDGE ( 'NONE', *, *, #3097, .F. ) ;
#300 = CYLINDRICAL_SURFACE ( 'NONE', #1948, 2.000000000000000000 ) ;
#301 = PRESENTATION_LAYER_ASSIGNMENT (  '', '', ( #1854 ) ) ;
#302 = ORIENTED_EDGE ( 'NONE', *, *, #5264, .T. ) ;
#303 = DIRECTION ( 'NONE',  ( 0.000000000000000000, 0.000000000000000000, 1.000000000000000000 ) ) ;
#304 = CARTESIAN_POINT ( 'NONE',  ( 5.011493774261343681, 9.178959316373283883, 9.792085076761729567 ) ) ;
#305 = CIRCLE ( 'NONE', #2109, 4.000000000000000000 ) ;
#306 = DIRECTION ( 'NONE',  ( 1.000000000000000000, 0.000000000000000000, 0.000000000000000000 ) ) ;
#307 = CARTESIAN_POINT ( 'NONE',  ( 2.499999999999999112, 37.50000000000000711, -10.71214264281427475 ) ) ;
#308 = EDGE_CURVE ( 'NONE', #774, #1254, #2672, .T. ) ;
#309 = EDGE_CURVE ( 'NONE', #2689, #1674, #2340, .T. ) ;
#310 = CIRCLE ( 'NONE', #2380, 1.000000000000000000 ) ;
#311 = ORIENTED_EDGE ( 'NONE', *, *, #4382, .T. ) ;
#312 = PLANE ( 'NONE',  #1682 ) ;
#313 = CARTESIAN_POINT ( 'NONE',  ( -8.745966692414814503, 7.500000000000000888, -8.227376772842271535 ) ) ;
#314 = VERTEX_POINT ( 'NONE', #4683 ) ;
#315 = AXIS2_PLACEMENT_3D ( 'NONE', #4379, #2458, #4070 ) ;
#316 = CARTESIAN_POINT ( 'NONE',  ( 7.910822395391375217, 3.710039161684636877, -9.591318884781923515 ) ) ;
#317 = ADVANCED_FACE ( 'NONE', ( #646 ), #3134, .F. ) ;
#318 = VECTOR ( 'NONE', #2628, 1000.000000000000000 ) ;
#319 = CIRCLE ( 'NONE', #4891, 2.000000000000000888 ) ;
#320 = AXIS2_PLACEMENT_3D ( 'NONE', #4311, #228, #1939 ) ;
#321 = CARTESIAN_POINT ( 'NONE',  ( -9.904389682852908550, 26.93315648272485063, 6.334868926348073970 ) ) ;
#322 = VERTEX_POINT ( 'NONE', #3263 ) ;
#323 = DIRECTION ( 'NONE',  ( 1.000000000000000000, 0.000000000000000000, 0.000000000000000000 ) ) ;
#324 = EDGE_CURVE ( 'NONE', #2514, #3512, #443, .T. ) ;
#325 = FACE_OUTER_BOUND ( 'NONE', #2893, .T. ) ;
#326 = VECTOR ( 'NONE', #4791, 999.9999999999998863 ) ;
#327 = CARTESIAN_POINT ( 'NONE',  ( -5.595051605197534528, 10.37738190576191144, -9.485152913601179847 ) ) ;
#328 = VERTEX_POINT ( 'NONE', #847 ) ;
#329 = DIRECTION ( 'NONE',  ( -1.000000000000000000, 0.000000000000000000, 0.000000000000000000 ) ) ;
#330 = CARTESIAN_POINT ( 'NONE',  ( -2.534698608786455587, 7.793970288100565469, 8.636626232827088856 ) ) ;
#331 = DIRECTION ( 'NONE',  ( -0.000000000000000000, 1.000000000000000000, -0.000000000000000000 ) ) ;
#332 = ORIENTED_EDGE ( 'NONE', *, *, #2171, .T. ) ;
#333 = DIRECTION ( 'NONE',  ( -0.000000000000000000, -1.000000000000000000, -0.000000000000000000 ) ) ;
#334 = ORIENTED_EDGE ( 'NONE', *, *, #3561, .F. ) ;
#335 = CARTESIAN_POINT ( 'NONE',  ( 8.728078382491583298, 17.42967565207668201, 7.893139578151518343 ) ) ;
#336 = CARTESIAN_POINT ( 'NONE',  ( 6.101806955367422347, 2.602044887886464153, 10.81097181100003368 ) ) ;
#337 = ORIENTED_EDGE ( 'NONE', *, *, #4480, .T. ) ;
#338 = DIRECTION ( 'NONE',  ( 1.000000000000000000, 0.000000000000000000, 0.000000000000000000 ) ) ;
#339 = B_SPLINE_CURVE_WITH_KNOTS ( 'NONE', 3,
 ( #1886, #2705, #1409, #5068, #656, #1078 ),
 .UNSPECIFIED., .F., .F.,
 ( 4, 2, 4 ),
 ( 0.000000000000000000, 0.002179753592097034582, 0.004359507184194069164 ),
 .UNSPECIFIED. ) ;
#340 = CARTESIAN_POINT ( 'NONE',  ( 4.378908048079514614, 10.46388050030618366, -10.09235503998041317 ) ) ;
#341 = EDGE_LOOP ( 'NONE', ( #4467, #2392, #3960, #3608 ) ) ;
#342 = CARTESIAN_POINT ( 'NONE',  ( 20.65852454804898741, 38.33619407771257670, 11.00000000000000178 ) ) ;
#343 = ORIENTED_EDGE ( 'NONE', *, *, #2453, .T. ) ;
#344 = DIRECTION ( 'NONE',  ( -0.000000000000000000, 0.000000000000000000, 1.000000000000000000 ) ) ;
#345 = EDGE_CURVE ( 'NONE', #2616, #1082, #2728, .T. ) ;
#346 = LINE ( 'NONE', #5220, #2884 ) ;
#347 = CARTESIAN_POINT ( 'NONE',  ( -7.784115437486057054, 6.633883814679162327, -7.774559831760157635 ) ) ;
#348 = CARTESIAN_POINT ( 'NONE',  ( 28.00000000000002132, -2.499999999999998668, 21.00000000000000000 ) ) ;
#349 = ADVANCED_FACE ( 'NONE', ( #3790 ), #4961, .F. ) ;
#350 = CARTESIAN_POINT ( 'NONE',  ( -3.659876110663468296, 11.88694769742625290, -11.28200840292499940 ) ) ;
#351 = ORIENTED_EDGE ( 'NONE', *, *, #4935, .T. ) ;
#352 = FACE_OUTER_BOUND ( 'NONE', #125, .T. ) ;
#353 = DIRECTION ( 'NONE',  ( 1.000000000000000000, 0.000000000000000000, 0.000000000000000000 ) ) ;
#354 = ORIENTED_EDGE ( 'NONE', *, *, #1102, .T. ) ;
#355 = CARTESIAN_POINT ( 'NONE',  ( 18.46662954709583460, 3.500000000000001332, 2.000000000000000000 ) ) ;
#356 = ORIENTED_EDGE ( 'NONE', *, *, #3534, .T. ) ;
#357 = DIRECTION ( 'NONE',  ( -0.000000000000000000, -1.000000000000000000, -0.000000000000000000 ) ) ;
#358 = DIRECTION ( 'NONE',  ( 0.000000000000000000, 1.000000000000000000, 0.000000000000000000 ) ) ;
#359 = ORIENTED_EDGE ( 'NONE', *, *, #66, .T. ) ;
#360 = CARTESIAN_POINT ( 'NONE',  ( -10.96190457662561890, 26.53934637525302520, 6.108691189599067428 ) ) ;
#361 = CARTESIAN_POINT ( 'NONE',  ( 1.122954261242442797, 13.14438850680128823, -10.94605461193338769 ) ) ;
#362 = VERTEX_POINT ( 'NONE', #4934 ) ;
#363 = CARTESIAN_POINT ( 'NONE',  ( -2.500000000000000888, 29.50000000000000711, -12.18351418237184980 ) ) ;
#364 = CARTESIAN_POINT ( 'NONE',  ( 7.020593654579710297, 14.54672846822363752, -8.491657899253644004 ) ) ;
#365 = VERTEX_POINT ( 'NONE', #465 ) ;
#366 = CARTESIAN_POINT ( 'NONE',  ( 17.51546866160112614, 2.500000000000001776, -4.875588199145561852 ) ) ;
#367 = DIRECTION ( 'NONE',  ( 1.000000000000000000, 0.000000000000000000, 0.000000000000000000 ) ) ;
#368 = CARTESIAN_POINT ( 'NONE',  ( -7.857740853435159600, 7.511356422925283383, -7.698650769875404087 ) ) ;
#369 = CARTESIAN_POINT ( 'NONE',  ( 5.779685345845491540, 4.089087916097935427, -9.929247561168292435 ) ) ;
#370 = EDGE_CURVE ( 'NONE', #692, #3512, #4244, .T. ) ;
#371 =( BOUNDED_CURVE ( )  B_SPLINE_CURVE ( 3, ( #2256, #3483, #2686, #4292 ),
 .UNSPECIFIED., .F., .T. ) 
 B_SPLINE_CURVE_WITH_KNOTS ( ( 4, 4 ),
 ( 3.417819284353384113, 4.502185769782220071 ),
 .UNSPECIFIED. ) 
 CURVE ( )  GEOMETRIC_REPRESENTATION_ITEM ( )  RATIONAL_B_SPLINE_CURVE ( ( 1.000000000000000000, 0.9043894362954976174, 0.9043894362954976174, 1.000000000000000000 ) ) 
 REPRESENTATION_ITEM ( '' )  );
#372 = EDGE_CURVE ( 'NONE', #3654, #5270, #4596, .T. ) ;
#373 = FACE_OUTER_BOUND ( 'NONE', #1549, .T. ) ;
#374 = VERTEX_POINT ( 'NONE', #4124 ) ;
#375 = DIRECTION ( 'NONE',  ( 0.000000000000000000, 0.000000000000000000, -1.000000000000000000 ) ) ;
#376 = CARTESIAN_POINT ( 'NONE',  ( 5.467084117376011854, 9.178959316373282107, 10.68227462919461423 ) ) ;
#377 = DIRECTION ( 'NONE',  ( -1.000000000000000000, -0.000000000000000000, -0.000000000000000000 ) ) ;
#378 = ORIENTED_EDGE ( 'NONE', *, *, #862, .T. ) ;
#379 = DIRECTION ( 'NONE',  ( 0.7071067811865484609, 0.7071067811865465735, -0.000000000000000000 ) ) ;
#380 = EDGE_CURVE ( 'NONE', #5140, #150, #56, .T. ) ;
#381 = ORIENTED_EDGE ( 'NONE', *, *, #3803, .T. ) ;
#382 = VECTOR ( 'NONE', #5086, 1000.000000000000000 ) ;
#383 = CARTESIAN_POINT ( 'NONE',  ( 8.896331330430855999, 19.67879954949384214, 6.533223927326694991 ) ) ;
#384 = CARTESIAN_POINT ( 'NONE',  ( 12.53292821093358889, 2.500000000000001776, -9.884825688713924308 ) ) ;
#385 = ORIENTED_EDGE ( 'NONE', *, *, #4702, .F. ) ;
#386 = CARTESIAN_POINT ( 'NONE',  ( 3.521752297380526642, 11.59106322092315544, 10.43069013519079213 ) ) ;
#387 = EDGE_CURVE ( 'NONE', #46, #3473, #1758, .T. ) ;
#388 = CARTESIAN_POINT ( 'NONE',  ( 2.996307621783311781, 10.99017566195128914, 10.60057203943209103 ) ) ;
#389 = EDGE_CURVE ( 'NONE', #2533, #1142, #144, .T. ) ;
#390 = CARTESIAN_POINT ( 'NONE',  ( 4.543214957750868699, 8.796250842605672915, -10.68227462919461423 ) ) ;
#391 = ORIENTED_EDGE ( 'NONE', *, *, #3809, .F. ) ;
#392 = AXIS2_PLACEMENT_3D ( 'NONE', #518, #868, #1266 ) ;
#393 = CARTESIAN_POINT ( 'NONE',  ( -7.483314773547889764, 7.483314773547911081, -3.000000000000000000 ) ) ;
#394 = CARTESIAN_POINT ( 'NONE',  ( 6.498881104126628117, 13.02049701694782691, -8.893333311384999718 ) ) ;
#395 = VERTEX_POINT ( 'NONE', #5021 ) ;
#396 = DIRECTION ( 'NONE',  ( -0.9693531026188600963, 0.2456716557586359206, 0.000000000000000000 ) ) ;
#397 = AXIS2_PLACEMENT_3D ( 'NONE', #5116, #1477, #4690 ) ;
#398 = AXIS2_PLACEMENT_3D ( 'NONE', #2943, #2080, #1686 ) ;
#399 = PRESENTATION_LAYER_ASSIGNMENT (  '', '', ( #4992 ) ) ;
#400 = CIRCLE ( 'NONE', #233, 1.000000000000000000 ) ;
#401 = CARTESIAN_POINT ( 'NONE',  ( 0.000000000000000000, 0.000000000000000000, -2.000000000000000000 ) ) ;
#402 = CARTESIAN_POINT ( 'NONE',  ( -0.9999999999999794609, 6.500000000000000888, 25.00000000000000000 ) ) ;
#403 = CARTESIAN_POINT ( 'NONE',  ( 5.370019831417836897, 3.040728132523768501, -10.88067675495732800 ) ) ;
#404 = VECTOR ( 'NONE', #3338, 999.9999999999998863 ) ;
#405 = AXIS2_PLACEMENT_3D ( 'NONE', #4742, #1584, #375 ) ;
#406 = ORIENTED_EDGE ( 'NONE', *, *, #1698, .T. ) ;
#407 = CARTESIAN_POINT ( 'NONE',  ( 40.10396103067900242, 18.89075759508248353, 11.00000000000000355 ) ) ;
#408 = LINE ( 'NONE', #2043, #151 ) ;
#409 = EDGE_LOOP ( 'NONE', ( #354, #39, #2001, #3617 ) ) ;
#410 = CIRCLE ( 'NONE', #1875, 1.000000000000000888 ) ;
#411 = CARTESIAN_POINT ( 'NONE',  ( -0.8322530467148374633, 4.499313922292430767, 8.963181941074136461 ) ) ;
#412 = DIRECTION ( 'NONE',  ( 0.000000000000000000, 0.000000000000000000, -1.000000000000000000 ) ) ;
#413 = VERTEX_POINT ( 'NONE', #4540 ) ;
#414 = CARTESIAN_POINT ( 'NONE',  ( 5.202600423393227480, 10.00156424330923244, 9.694278554980783724 ) ) ;
#415 = DIRECTION ( 'NONE',  ( 0.000000000000000000, -0.000000000000000000, 1.000000000000000000 ) ) ;
#416 = EDGE_CURVE ( 'NONE', #462, #395, #269, .T. ) ;
#417 = ORIENTED_EDGE ( 'NONE', *, *, #2789, .F. ) ;
#418 = CARTESIAN_POINT ( 'NONE',  ( -2.999999999999979128, 6.500000000000000888, 10.00000000000000178 ) ) ;
#419 = FACE_OUTER_BOUND ( 'NONE', #4768, .T. ) ;
#420 = CARTESIAN_POINT ( 'NONE',  ( 4.543214957750868699, 8.796250842605672915, -10.68227462919461423 ) ) ;
#421 = CARTESIAN_POINT ( 'NONE',  ( 2.499999999999999112, 37.50000000000000711, -10.71214264281427475 ) ) ;
#422 = ORIENTED_EDGE ( 'NONE', *, *, #2192, .T. ) ;
#423 = CARTESIAN_POINT ( 'NONE',  ( 32.00000000000002132, 18.39397313900376218, -2.727272727272728403 ) ) ;
#424 = EDGE_CURVE ( 'NONE', #3128, #1784, #4903, .T. ) ;
#425 = CARTESIAN_POINT ( 'NONE',  ( 5.865117732676576878, 12.40356717229267858, -9.309619749177803882 ) ) ;
#426 = VERTEX_POINT ( 'NONE', #1277 ) ;
#427 = CARTESIAN_POINT ( 'NONE',  ( -9.380831519646857686, 7.500000000000000000, -8.000000000000000000 ) ) ;
#428 = APPLICATION_PROTOCOL_DEFINITION ( 'draft international standard', 'automotive_design', 1998, #3041 ) ;
#429 = DIRECTION ( 'NONE',  ( 1.000000000000000000, 0.000000000000000000, 0.000000000000000000 ) ) ;
#430 = CARTESIAN_POINT ( 'NONE',  ( -7.205207553051131697, 8.022363430382219107, 8.312106944236973050 ) ) ;
#431 = CARTESIAN_POINT ( 'NONE',  ( 4.543214957750871363, 8.796250842605667586, 10.68227462919461423 ) ) ;
#432 = VERTEX_POINT ( 'NONE', #4154 ) ;
#433 = LINE ( 'NONE', #4870, #2738 ) ;
#434 = ORIENTED_EDGE ( 'NONE', *, *, #3011, .F. ) ;
#435 = FACE_OUTER_BOUND ( 'NONE', #1949, .T. ) ;
#436 = CARTESIAN_POINT ( 'NONE',  ( -7.643998856928891250, 6.818413698410511259, 8.766637402326859174 ) ) ;
#437 = B_SPLINE_CURVE_WITH_KNOTS ( 'NONE', 3,
 ( #2700, #3042, #632, #2247, #977, #5065, #2624, #194, #1807, #3869, #4284, #5043, #1406, #4303, #1430, #4672, #2269, #1036, #3120, #214, #1858, #4639 ),
 .UNSPECIFIED., .F., .F.,
 ( 4, 2, 2, 2, 2, 2, 2, 2, 2, 2, 4 ),
 ( 0.000000000000000000, 0.001254719562781455395, 0.002509439125562910790, 0.003764158688344365535, 0.004391518469735093341, 0.005018878251125821581, 0.006273597813907278928, 0.006900957595298007168, 0.007528317376688735407, 0.008783036939470195356, 0.01003775650225165357 ),
 .UNSPECIFIED. ) ;
#438 = CARTESIAN_POINT ( 'NONE',  ( -7.937626670470420365, 37.50000000000000711, -7.615384615384616751 ) ) ;
#439 = CARTESIAN_POINT ( 'NONE',  ( 0.2902147572961059629, 8.038226023768098472, 8.996177138132727791 ) ) ;
#440 = PLANE ( 'NONE',  #2988 ) ;
#441 = ORIENTED_EDGE ( 'NONE', *, *, #5015, .T. ) ;
#442 = CARTESIAN_POINT ( 'NONE',  ( 4.908844244544186886, 9.449285377514472728, 9.844620106336712695 ) ) ;
#443 = LINE ( 'NONE', #1326, #3496 ) ;
#444 = CARTESIAN_POINT ( 'NONE',  ( 2.658618548005168503, 11.26589306131378621, 11.55002881674607096 ) ) ;
#445 = CARTESIAN_POINT ( 'NONE',  ( -5.751646958618296779, 10.17538929067698028, -10.06232436624728344 ) ) ;
#446 = EDGE_CURVE ( 'NONE', #3937, #1975, #91, .T. ) ;
#447 = EDGE_CURVE ( 'NONE', #1702, #3788, #2581, .T. ) ;
#448 = VERTEX_POINT ( 'NONE', #497 ) ;
#449 = LINE ( 'NONE', #2557, #4913 ) ;
#450 = FACE_OUTER_BOUND ( 'NONE', #1617, .T. ) ;
#451 = CARTESIAN_POINT ( 'NONE',  ( 5.871198220773274024, 9.801558608523025740, -9.614571796918788493 ) ) ;
#452 = ORIENTED_EDGE ( 'NONE', *, *, #966, .F. ) ;
#453 = DIRECTION ( 'NONE',  ( 0.000000000000000000, 0.000000000000000000, -1.000000000000000000 ) ) ;
#454 = ORIENTED_EDGE ( 'NONE', *, *, #1211, .T. ) ;
#455 = CARTESIAN_POINT ( 'NONE',  ( 5.774493665910539697, 4.097990495571152358, -9.930482109479335406 ) ) ;
#456 = VERTEX_POINT ( 'NONE', #874 ) ;
#457 = DIRECTION ( 'NONE',  ( 0.000000000000000000, 1.000000000000000000, 0.000000000000000000 ) ) ;
#458 = CARTESIAN_POINT ( 'NONE',  ( -5.741105730846959965, 10.18931068707284204, 10.07043101321249523 ) ) ;
#459 = ADVANCED_FACE ( 'NONE', ( #2959 ), #2519, .T. ) ;
#460 = ORIENTED_EDGE ( 'NONE', *, *, #1661, .T. ) ;
#461 = FACE_OUTER_BOUND ( 'NONE', #3641, .T. ) ;
#462 = VERTEX_POINT ( 'NONE', #2162 ) ;
#463 = DIRECTION ( 'NONE',  ( -0.000000000000000000, -0.000000000000000000, -1.000000000000000000 ) ) ;
#464 = ORIENTED_EDGE ( 'NONE', *, *, #2137, .F. ) ;
#465 = CARTESIAN_POINT ( 'NONE',  ( 32.00000000000002132, 2.500000000000002220, 2.999999999999999112 ) ) ;
#466 = PLANE ( 'NONE',  #1073 ) ;
#467 = CARTESIAN_POINT ( 'NONE',  ( 21.71918471982880661, 37.27553390593275395, -10.99999999999999822 ) ) ;
#468 = ORIENTED_EDGE ( 'NONE', *, *, #640, .T. ) ;
#469 = CARTESIAN_POINT ( 'NONE',  ( 0.1509401874884912231, 8.144905449690952537, 9.000000000000012434 ) ) ;
#470 = DIRECTION ( 'NONE',  ( 0.7071067811865486830, 0.7071067811865464625, 0.000000000000000000 ) ) ;
#471 = ORIENTED_EDGE ( 'NONE', *, *, #4249, .T. ) ;
#472 = LINE ( 'NONE', #3376, #2564 ) ;
#473 = DIRECTION ( 'NONE',  ( 1.000000000000000000, 0.000000000000000000, 0.000000000000000000 ) ) ;
#474 = CARTESIAN_POINT ( 'NONE',  ( -2.853610070206598959, 12.21526276795591848, -11.58157335987337788 ) ) ;
#475 = EDGE_LOOP ( 'NONE', ( #4989, #2633, #2140, #1463 ) ) ;
#476 = CARTESIAN_POINT ( 'NONE',  ( -11.53256259467079659, 25.50000000000000355, 7.000000000000000000 ) ) ;
#477 = CARTESIAN_POINT ( 'NONE',  ( 10.17183381080089077, 25.24834643364433617, -4.196171338788415639 ) ) ;
#478 = FACE_OUTER_BOUND ( 'NONE', #2057, .T. ) ;
#479 = VECTOR ( 'NONE', #4567, 1000.000000000000000 ) ;
#480 = TOROIDAL_SURFACE ( 'NONE', #1162, 1.000000000000000000, 1.000000000000000000 ) ;
#481 = CARTESIAN_POINT ( 'NONE',  ( 1.444435020528399560, 11.98942415117578086, -10.91547541411338251 ) ) ;
#482 = FACE_BOUND ( 'NONE', #1478, .T. ) ;
#483 = CARTESIAN_POINT ( 'NONE',  ( 4.543214957750871363, 8.796250842605667586, 10.68227462919461423 ) ) ;
#484 = ADVANCED_FACE ( 'NONE', ( #1503 ), #4675, .F. ) ;
#485 = VECTOR ( 'NONE', #3839, 1000.000000000000000 ) ;
#486 = CARTESIAN_POINT ( 'NONE',  ( -6.784585670099378518, 8.096396034994961965, 8.670330721896208459 ) ) ;
#487 = CARTESIAN_POINT ( 'NONE',  ( -5.351526862863842382, 10.64165556976846716, 10.35104142630716240 ) ) ;
#488 = AXIS2_PLACEMENT_3D ( 'NONE', #3625, #1930, #1559 ) ;
#489 = VECTOR ( 'NONE', #4789, 1000.000000000000000 ) ;
#490 = CIRCLE ( 'NONE', #146, 4.000000000000000000 ) ;
#491 = ORIENTED_EDGE ( 'NONE', *, *, #2454, .T. ) ;
#492 = CARTESIAN_POINT ( 'NONE',  ( -9.076442807082504061, 26.48207595562908878, -7.018289061043384791 ) ) ;
#493 = ADVANCED_FACE ( 'NONE', ( #980 ), #5046, .F. ) ;
#494 = EDGE_LOOP ( 'NONE', ( #3989, #3666 ) ) ;
#495 = LINE ( 'NONE', #4565, #2736 ) ;
#496 = VERTEX_POINT ( 'NONE', #3452 ) ;
#497 = CARTESIAN_POINT ( 'NONE',  ( 5.635805717330434561, 9.010237716418856735, -9.711158753813288413 ) ) ;
#498 = AXIS2_PLACEMENT_3D ( 'NONE', #4386, #742, #338 ) ;
#499 = CARTESIAN_POINT ( 'NONE',  ( 0.000000000000000000, 32.50000000000000711, 0.000000000000000000 ) ) ;
#500 = ORIENTED_EDGE ( 'NONE', *, *, #1286, .F. ) ;
#501 = AXIS2_PLACEMENT_3D ( 'NONE', #3899, #2307, #1462 ) ;
#502 = CARTESIAN_POINT ( 'NONE',  ( 11.07751746456892938, 23.05682942867757035, 5.336160455640429845 ) ) ;
#503 = ORIENTED_EDGE ( 'NONE', *, *, #2977, .F. ) ;
#504 = DIRECTION ( 'NONE',  ( -0.7071067811865467956, 0.7071067811865484609, 0.000000000000000000 ) ) ;
#505 = AXIS2_PLACEMENT_3D ( 'NONE', #3458, #1739, #1793 ) ;
#506 = CARTESIAN_POINT ( 'NONE',  ( -8.050045833726382938, 7.500000021196498778, 7.504923312136720703 ) ) ;
#507 = ORIENTED_EDGE ( 'NONE', *, *, #558, .T. ) ;
#508 = DIRECTION ( 'NONE',  ( 0.000000000000000000, 0.000000000000000000, 1.000000000000000000 ) ) ;
#509 = CARTESIAN_POINT ( 'NONE',  ( -27.99999999999997868, 22.50000000000000355, 25.00000000000000000 ) ) ;
#510 = ORIENTED_EDGE ( 'NONE', *, *, #372, .F. ) ;
#511 = DIRECTION ( 'NONE',  ( 1.000000000000000000, 0.000000000000000000, 0.000000000000000000 ) ) ;
#512 = UNCERTAINTY_MEASURE_WITH_UNIT (LENGTH_MEASURE( 1.000000000000000082E-05 ), #1911, 'distance_accuracy_value', 'NONE');
#513 = ORIENTED_EDGE ( 'NONE', *, *, #1959, .F. ) ;
#514 = B_SPLINE_CURVE_WITH_KNOTS ( 'NONE', 3,
 ( #1561, #2432, #3572, #4042, #5175, #5257, #1155, #2407, #3656, #4016, #2799, #1612, #4377, #1910, #3990, #1507, #3154, #1537, #2350, #3178 ),
 .UNSPECIFIED., .F., .F.,
 ( 4, 2, 2, 2, 2, 2, 2, 2, 2, 4 ),
 ( 0.000000000000000000, 0.002476787293323702392, 0.004953574586647404784, 0.007430361879971106309, 0.009907149173294813038, 0.01238393646661851977, 0.01486072375994222476, 0.01733751105326593323, 0.01857590469992778659, 0.01981429834658963995 ),
 .UNSPECIFIED. ) ;
#515 = CARTESIAN_POINT ( 'NONE',  ( 3.653779233404590432, 10.30436907813560410, -10.39320098129220149 ) ) ;
#516 = FACE_OUTER_BOUND ( 'NONE', #4594, .T. ) ;
#517 = ORIENTED_EDGE ( 'NONE', *, *, #640, .F. ) ;
#518 = CARTESIAN_POINT ( 'NONE',  ( 0.000000000000000000, 37.50000000000000711, 0.000000000000000000 ) ) ;
#519 = FACE_OUTER_BOUND ( 'NONE', #967, .T. ) ;
#520 = EDGE_CURVE ( 'NONE', #2717, #1988, #1039, .T. ) ;
#521 = ORIENTED_EDGE ( 'NONE', *, *, #1730, .T. ) ;
#522 = CARTESIAN_POINT ( 'NONE',  ( -6.864158630601499667, 7.788211284161820736, -9.114948489758667449 ) ) ;
#523 = EDGE_LOOP ( 'NONE', ( #3931, #3516, #860, #942, #5267, #1336, #422 ) ) ;
#524 = FACE_BOUND ( 'NONE', #637, .T. ) ;
#525 = ORIENTED_EDGE ( 'NONE', *, *, #255, .T. ) ;
#526 = DIRECTION ( 'NONE',  ( 0.7071067811865485719, 0.7071067811865464625, 0.000000000000000000 ) ) ;
#527 = DIRECTION ( 'NONE',  ( -0.7071067811865467956, 0.7071067811865484609, 0.000000000000000000 ) ) ;
#528 = EDGE_CURVE ( 'NONE', #2838, #3344, #197, .T. ) ;
#529 = CARTESIAN_POINT ( 'NONE',  ( 18.46662954709583460, 3.500000000000001332, -3.000000000000000000 ) ) ;
#530 = CARTESIAN_POINT ( 'NONE',  ( 10.60167226688038689, 24.11862049598025592, 3.153371929442164934 ) ) ;
#531 = CARTESIAN_POINT ( 'NONE',  ( 28.00000000000002132, 2.500000000000002220, 21.00000000000000000 ) ) ;
#532 = ORIENTED_EDGE ( 'NONE', *, *, #3567, .T. ) ;
#533 = DIRECTION ( 'NONE',  ( 0.000000000000000000, -1.000000000000000000, 0.000000000000000000 ) ) ;
#534 = LINE ( 'NONE', #4999, #2220 ) ;
#535 = ORIENTED_EDGE ( 'NONE', *, *, #4547, .T. ) ;
#536 = CARTESIAN_POINT ( 'NONE',  ( -9.719238617186029217, 27.03896187457121059, 6.376816997958574262 ) ) ;
#537 = CARTESIAN_POINT ( 'NONE',  ( 10.41969110947791144, 23.65059675116519955, -3.700834682695305577 ) ) ;
#538 = ORIENTED_EDGE ( 'NONE', *, *, #4088, .F. ) ;
#539 = CARTESIAN_POINT ( 'NONE',  ( 0.000000000000000000, 12.50000000000000000, -6.999999999999999112 ) ) ;
#540 = ORIENTED_EDGE ( 'NONE', *, *, #3239, .T. ) ;
#541 = CARTESIAN_POINT ( 'NONE',  ( -3.093085939506572402, 12.12524889611949419, -11.49718405242379582 ) ) ;
#542 = CARTESIAN_POINT ( 'NONE',  ( -10.96024137769111029, 26.53964124634226707, -6.109022720557695685 ) ) ;
#543 = CARTESIAN_POINT ( 'NONE',  ( -7.157805041039042138, 8.130736562219386343, 8.352676277398527915 ) ) ;
#544 = PLANE ( 'NONE',  #1270 ) ;
#545 = CARTESIAN_POINT ( 'NONE',  ( 0.8190730671368411375, 7.349276540424141579, -8.963076725569022685 ) ) ;
#546 = ORIENTED_EDGE ( 'NONE', *, *, #4943, .T. ) ;
#547 = FACE_BOUND ( 'NONE', #1307, .T. ) ;
#548 = EDGE_CURVE ( 'NONE', #3799, #3352, #3980, .T. ) ;
#549 = CARTESIAN_POINT ( 'NONE',  ( -6.809475019311105548, 8.000000000000000000, 9.138219645438292460 ) ) ;
#550 = EDGE_CURVE ( 'NONE', #3893, #3740, #1861, .T. ) ;
#551 = DIRECTION ( 'NONE',  ( -0.7071067811865486830, -0.7071067811865464625, -0.000000000000000000 ) ) ;
#552 = FACE_OUTER_BOUND ( 'NONE', #4294, .T. ) ;
#553 = ORIENTED_EDGE ( 'NONE', *, *, #2461, .F. ) ;
#554 = LINE ( 'NONE', #4189, #1947 ) ;
#555 = DIRECTION ( 'NONE',  ( -0.6910534526520614174, -0.06016707423946910521, -0.7202951122665814943 ) ) ;
#556 = EDGE_LOOP ( 'NONE', ( #3339, #877, #3900 ) ) ;
#557 = DIRECTION ( 'NONE',  ( -0.7071067811865486830, -0.7071067811865464625, -0.000000000000000000 ) ) ;
#558 = EDGE_CURVE ( 'NONE', #456, #3589, #3506, .T. ) ;
#559 = CARTESIAN_POINT ( 'NONE',  ( 5.728055124772985174, 4.233744032494406895, 9.944235600307585798 ) ) ;
#560 = VERTEX_POINT ( 'NONE', #1811 ) ;
#561 = CARTESIAN_POINT ( 'NONE',  ( -9.380831519646857686, 7.500000000000000000, -9.000000000000001776 ) ) ;
#562 = CARTESIAN_POINT ( 'NONE',  ( -8.801754966446329931, 26.85080293670133145, 7.080494574258681340 ) ) ;
#563 = EDGE_CURVE ( 'NONE', #1265, #3352, #4265, .T. ) ;
#564 = CARTESIAN_POINT ( 'NONE',  ( 9.995217900023975588, 22.55446111449441204, -4.708744915427113931 ) ) ;
#565 = ORIENTED_EDGE ( 'NONE', *, *, #590, .T. ) ;
#566 = DIRECTION ( 'NONE',  ( 0.000000000000000000, 0.000000000000000000, -1.000000000000000000 ) ) ;
#567 = ORIENTED_EDGE ( 'NONE', *, *, #387, .T. ) ;
#568 = CARTESIAN_POINT ( 'NONE',  ( -2.676102945419313706, 13.23422766594062772, -10.67083103257248133 ) ) ;
#569 = CIRCLE ( 'NONE', #657, 4.000000000000000000 ) ;
#570 = LINE ( 'NONE', #3865, #667 ) ;
#571 = CARTESIAN_POINT ( 'NONE',  ( 5.010955409473562661, 3.487832524581616411, 9.944383808896219534 ) ) ;
#572 = CARTESIAN_POINT ( 'NONE',  ( -1.998730238000714365, 12.42674283274221381, 10.82251852814701998 ) ) ;
#573 = VECTOR ( 'NONE', #4862, 999.9999999999998863 ) ;
#574 = DIRECTION ( 'NONE',  ( -1.000000000000000000, 0.000000000000000000, 0.000000000000000000 ) ) ;
#575 = VERTEX_POINT ( 'NONE', #1059 ) ;
#576 = LINE ( 'NONE', #196, #5248 ) ;
#577 = CARTESIAN_POINT ( 'NONE',  ( -7.483314773547889764, 7.483314773547911081, 3.000000000000000000 ) ) ;
#578 = CYLINDRICAL_SURFACE ( 'NONE', #4388, 1.000000000000000000 ) ;
#579 = AXIS2_PLACEMENT_3D ( 'NONE', #4611, #3443, #3466 ) ;
#580 = CARTESIAN_POINT ( 'NONE',  ( -5.369094500746243170, 10.62282045460610469, -10.33886508788800818 ) ) ;
#581 = AXIS2_PLACEMENT_3D ( 'NONE', #2202, #4685, #1398 ) ;
#582 = CARTESIAN_POINT ( 'NONE',  ( 2.256251205956465888, -0.9345698496278190825, 9.000000000000000000 ) ) ;
#583 = ORIENTED_EDGE ( 'NONE', *, *, #3730, .F. ) ;
#584 = CARTESIAN_POINT ( 'NONE',  ( 6.570799946657908563, 14.71088748421726500, -8.826727999887509668 ) ) ;
#585 = DIRECTION ( 'NONE',  ( 0.000000000000000000, 1.000000000000000000, 0.000000000000000000 ) ) ;
#586 = AXIS2_PLACEMENT_3D ( 'NONE', #5124, #2851, #1563 ) ;
#587 = CARTESIAN_POINT ( 'NONE',  ( -27.99999999999997868, 0.000000000000000000, 21.00000000000000000 ) ) ;
#588 = DIRECTION ( 'NONE',  ( -0.9238691596251398241, -0.3827084737676159643, 0.000000000000000000 ) ) ;
#589 = VECTOR ( 'NONE', #607, 1000.000000000000000 ) ;
#590 = EDGE_CURVE ( 'NONE', #3440, #3125, #2391, .T. ) ;
#591 = DIRECTION ( 'NONE',  ( 0.000000000000000000, 0.000000000000000000, 1.000000000000000000 ) ) ;
#592 = VERTEX_POINT ( 'NONE', #2216 ) ;
#593 = LINE ( 'NONE', #3460, #3433 ) ;
#594 = B_SPLINE_CURVE_WITH_KNOTS ( 'NONE', 3,
 ( #2448, #4057, #2035, #3676, #1630, #207, #3492, #3060, #3463, #2262, #3862, #1422, #3806, #996, #4197, #1821, #4664, #1028 ),
 .UNSPECIFIED., .F., .F.,
 ( 4, 2, 2, 2, 2, 2, 2, 2, 4 ),
 ( 0.000000000000000000, 0.0005261145978723414220, 0.001052229195744682844, 0.001578343793617023724, 0.002104458391489364821, 0.002630572989361706134, 0.003156687587234045279, 0.003682802185106384858, 0.004208916782978724437 ),
 .UNSPECIFIED. ) ;
#595 = SPHERICAL_SURFACE ( 'NONE', #2638, 1.000000000000000000 ) ;
#596 = ORIENTED_EDGE ( 'NONE', *, *, #3297, .F. ) ;
#597 = AXIS2_PLACEMENT_3D ( 'NONE', #1196, #2856, #4085 ) ;
#598 = CARTESIAN_POINT ( 'NONE',  ( 9.118330914254096697, 22.27350929571231575, -6.170125073177584518 ) ) ;
#599 = EDGE_LOOP ( 'NONE', ( #3406, #5053, #2584, #406, #4239, #2437, #2144, #910, #4822, #1237, #1065, #2760, #1553, #284 ) ) ;
#600 = DIRECTION ( 'NONE',  ( 0.7071067811865486830, 0.7071067811865464625, 0.000000000000000000 ) ) ;
#601 = CIRCLE ( 'NONE', #1278, 1.000000000000000000 ) ;
#602 = EDGE_CURVE ( 'NONE', #3231, #4114, #339, .T. ) ;
#603 = CARTESIAN_POINT ( 'NONE',  ( 2.399856045835638607, 11.45391784040574557, -11.63204134222495867 ) ) ;
#604 = CARTESIAN_POINT ( 'NONE',  ( 36.21487373415300937, 22.77984489160850146, -10.99999999999999822 ) ) ;
#605 = CARTESIAN_POINT ( 'NONE',  ( 4.724908615329201034, 4.448887012050666279, 10.02045430853818431 ) ) ;
#606 = CARTESIAN_POINT ( 'NONE',  ( -4.208730007421549679, 11.58615589811829238, 10.17547549929630257 ) ) ;
#607 = DIRECTION ( 'NONE',  ( 0.7071067811865486830, 0.7071067811865464625, -1.232595164407830946E-32 ) ) ;
#608 = ORIENTED_EDGE ( 'NONE', *, *, #1655, .T. ) ;
#609 = CARTESIAN_POINT ( 'NONE',  ( -6.390385793042283162E-16, 4.767949192431110816, -9.000000000000000000 ) ) ;
#610 = CARTESIAN_POINT ( 'NONE',  ( 4.750102378439410522, 4.699401096288426061, -10.97011621023981220 ) ) ;
#611 = CARTESIAN_POINT ( 'NONE',  ( 0.000000000000000000, 37.50000000000000711, 0.000000000000000000 ) ) ;
#612 = ORIENTED_EDGE ( 'NONE', *, *, #2366, .F. ) ;
#613 = DIRECTION ( 'NONE',  ( 0.000000000000000000, 1.000000000000000000, -0.000000000000000000 ) ) ;
#614 = DIRECTION ( 'NONE',  ( 0.7071067811865467956, -0.7071067811865484609, 0.000000000000000000 ) ) ;
#615 = CARTESIAN_POINT ( 'NONE',  ( 11.61895003862225018, 32.50000000000000711, -2.000000000000000000 ) ) ;
#616 = CARTESIAN_POINT ( 'NONE',  ( -7.611422851321720806, 7.598311122058160727, -7.942234661250133776 ) ) ;
#617 = VERTEX_POINT ( 'NONE', #5119 ) ;
#618 = CARTESIAN_POINT ( 'NONE',  ( -2.499999999999998224, 37.50000000000000711, 10.71214264281427475 ) ) ;
#619 = FACE_OUTER_BOUND ( 'NONE', #2955, .T. ) ;
#620 = DIRECTION ( 'NONE',  ( -0.000000000000000000, 1.000000000000000000, -0.000000000000000000 ) ) ;
#621 = ORIENTED_EDGE ( 'NONE', *, *, #4360, .T. ) ;
#622 = CARTESIAN_POINT ( 'NONE',  ( -31.99999999999997868, 12.50000000000000000, 21.00000000000000000 ) ) ;
#623 = EDGE_CURVE ( 'NONE', #2550, #4128, #4405, .T. ) ;
#624 = ADVANCED_FACE ( 'NONE', ( #249 ), #3527, .F. ) ;
#625 = ADVANCED_FACE ( 'NONE', ( #4331 ), #2311, .F. ) ;
#626 = CARTESIAN_POINT ( 'NONE',  ( 5.146752245649935276, 3.270561220100713040, -10.90383401135363073 ) ) ;
#627 = CARTESIAN_POINT ( 'NONE',  ( 32.00000000000002132, 17.03337045290415119, -2.000000000000000000 ) ) ;
#628 = DIRECTION ( 'NONE',  ( -0.000000000000000000, -0.000000000000000000, -1.000000000000000000 ) ) ;
#629 = EDGE_CURVE ( 'NONE', #800, #365, #3, .T. ) ;
#630 = EDGE_CURVE ( 'NONE', #5188, #592, #3174, .T. ) ;
#631 = CARTESIAN_POINT ( 'NONE',  ( -3.659876110663194737, 11.88694769742637014, 11.28200840292499940 ) ) ;
#632 = CARTESIAN_POINT ( 'NONE',  ( -6.907053327850855240, 9.041498533629377832, 8.563357340330371770 ) ) ;
#633 = ORIENTED_EDGE ( 'NONE', *, *, #2695, .T. ) ;
#634 = CARTESIAN_POINT ( 'NONE',  ( -11.53256259467079659, 25.50000000000000355, -7.000000000000000000 ) ) ;
#635 = DIRECTION ( 'NONE',  ( 0.7071067811865486830, 0.7071067811865464625, -0.000000000000000000 ) ) ;
#636 = CARTESIAN_POINT ( 'NONE',  ( 21.71918471982879595, 37.27553390593275395, 11.00000000000000533 ) ) ;
#637 = EDGE_LOOP ( 'NONE', ( #553, #3000 ) ) ;
#638 = DIRECTION ( 'NONE',  ( 0.7071067811865486830, 0.7071067811865464625, 0.000000000000000000 ) ) ;
#639 = CARTESIAN_POINT ( 'NONE',  ( 18.53770900996088855, 32.50000000000000711, 1.838593853888482510 ) ) ;
#640 = EDGE_CURVE ( 'NONE', #5097, #5006, #2990, .T. ) ;
#641 = CARTESIAN_POINT ( 'NONE',  ( 4.543214957750872252, 8.796250842605669362, 10.68227462919461423 ) ) ;
#642 = PLANE ( 'NONE',  #4823 ) ;
#643 = ORIENTED_EDGE ( 'NONE', *, *, #3557, .T. ) ;
#644 = CARTESIAN_POINT ( 'NONE',  ( -10.96324755146566510, 26.53904346352671340, 6.108418410117188557 ) ) ;
#645 = CARTESIAN_POINT ( 'NONE',  ( -7.937626670470418588, 28.50000000000000355, 7.615384615384616751 ) ) ;
#646 = FACE_OUTER_BOUND ( 'NONE', #916, .T. ) ;
#647 = ORIENTED_EDGE ( 'NONE', *, *, #4333, .T. ) ;
#648 = ORIENTED_EDGE ( 'NONE', *, *, #1494, .T. ) ;
#649 = FACE_OUTER_BOUND ( 'NONE', #2735, .T. ) ;
#650 = CARTESIAN_POINT ( 'NONE',  ( 4.817411494637685365, 5.030737836767300131, 10.03188148808668778 ) ) ;
#651 = CARTESIAN_POINT ( 'NONE',  ( -1.876412106715736217, 12.44410135853562593, 11.83417555983637293 ) ) ;
#652 = EDGE_CURVE ( 'NONE', #1082, #2616, #3161, .T. ) ;
#653 = DIRECTION ( 'NONE',  ( -0.7071067811865485719, -0.7071067811865464625, -0.000000000000000000 ) ) ;
#654 = EDGE_LOOP ( 'NONE', ( #2361, #735, #14, #87 ) ) ;
#655 = CARTESIAN_POINT ( 'NONE',  ( -11.34067200061738490, 25.50000000000000355, -7.000000000000000000 ) ) ;
#656 = CARTESIAN_POINT ( 'NONE',  ( 5.940417413883101183, 5.489891358051989911, 10.00080200179228385 ) ) ;
#657 = AXIS2_PLACEMENT_3D ( 'NONE', #2630, #2136, #527 ) ;
#658 = VECTOR ( 'NONE', #3717, 1000.000000000000000 ) ;
#659 = PRODUCT_DEFINITION_SHAPE ( 'NONE', 'NONE',  #2902 ) ;
#660 = AXIS2_PLACEMENT_3D ( 'NONE', #1846, #600, #1450 ) ;
#661 = EDGE_CURVE ( 'NONE', #935, #4684, #2347, .T. ) ;
#662 = CARTESIAN_POINT ( 'NONE',  ( -2.500000000000000888, 37.50000000000000711, -12.18351418237184980 ) ) ;
#663 = AXIS2_PLACEMENT_3D ( 'NONE', #509, #912, #2644 ) ;
#664 = FACE_OUTER_BOUND ( 'NONE', #1646, .T. ) ;
#665 = ORIENTED_EDGE ( 'NONE', *, *, #4733, .T. ) ;
#666 = CARTESIAN_POINT ( 'NONE',  ( 5.731006271505593830, 4.796714584357411049, 9.978153612851597742 ) ) ;
#667 = VECTOR ( 'NONE', #718, 1000.000000000000000 ) ;
#668 = VECTOR ( 'NONE', #2897, 1000.000000000000000 ) ;
#669 = CARTESIAN_POINT ( 'NONE',  ( -8.111101865182769544, 6.500000000000000888, -7.454753545684539517 ) ) ;
#670 = VECTOR ( 'NONE', #2908, 1000.000000000000000 ) ;
#671 = CIRCLE ( 'NONE', #1513, 0.9999999999999988898 ) ;
#672 = ORIENTED_EDGE ( 'NONE', *, *, #308, .T. ) ;
#673 = DIRECTION ( 'NONE',  ( 0.000000000000000000, 1.000000000000000000, 0.000000000000000000 ) ) ;
#674 = CARTESIAN_POINT ( 'NONE',  ( 6.817568219076936664, 15.48237140125938893, 8.638723069364294460 ) ) ;
#675 = ORIENTED_EDGE ( 'NONE', *, *, #3809, .T. ) ;
#676 = DIRECTION ( 'NONE',  ( -0.000000000000000000, -0.000000000000000000, 1.000000000000000000 ) ) ;
#677 = AXIS2_PLACEMENT_3D ( 'NONE', #1358, #4205, #2185 ) ;
#678 = EDGE_LOOP ( 'NONE', ( #3538, #89, #2401, #4622 ) ) ;
#679 = AXIS2_PLACEMENT_3D ( 'NONE', #4879, #470, #71 ) ;
#680 = DIRECTION ( 'NONE',  ( -0.000000000000000000, 1.000000000000000000, -0.000000000000000000 ) ) ;
#681 = DIRECTION ( 'NONE',  ( 1.000000000000000000, 0.000000000000000000, -0.000000000000000000 ) ) ;
#682 = ORIENTED_EDGE ( 'NONE', *, *, #1804, .F. ) ;
#683 = CARTESIAN_POINT ( 'NONE',  ( 15.15721274070913793, 2.500000000000001776, -7.351376520699862915 ) ) ;
#684 = DIRECTION ( 'NONE',  ( -0.000000000000000000, -1.000000000000000000, -0.000000000000000000 ) ) ;
#685 = ORIENTED_EDGE ( 'NONE', *, *, #3311, .T. ) ;
#686 = CARTESIAN_POINT ( 'NONE',  ( -1.691497794717505609, 4.615335260357941394, -8.841251374269857521 ) ) ;
#687 = CARTESIAN_POINT ( 'NONE',  ( 4.809475019311146404, 5.000000000000000888, -10.97596897413675521 ) ) ;
#688 = ADVANCED_FACE ( 'NONE', ( #3250 ), #4353, .F. ) ;
#689 = DIRECTION ( 'NONE',  ( -0.7071067811865486830, -0.7071067811865464625, 0.000000000000000000 ) ) ;
#690 = ORIENTED_EDGE ( 'NONE', *, *, #3766, .F. ) ;
#691 = FACE_OUTER_BOUND ( 'NONE', #4362, .T. ) ;
#692 = VERTEX_POINT ( 'NONE', #1128 ) ;
#693 = CARTESIAN_POINT ( 'NONE',  ( 5.946387927200237122, 5.509654504094549488, 10.00144772957916750 ) ) ;
#694 = CARTESIAN_POINT ( 'NONE',  ( -8.684912195502255017, 6.500000000000000888, -8.252461029561647621 ) ) ;
#695 = CARTESIAN_POINT ( 'NONE',  ( 4.745966692414854471, 4.500000000002266631, -10.96466066509576898 ) ) ;
#696 = CARTESIAN_POINT ( 'NONE',  ( 8.336152501490451172, 20.02352143081879277, 7.188268260900458451 ) ) ;
#697 = CARTESIAN_POINT ( 'NONE',  ( -21.99999999999997868, 8.500000000000000000, 25.00000000000000000 ) ) ;
#698 = ADVANCED_FACE ( 'NONE', ( #4012 ), #4038, .F. ) ;
#699 = ORIENTED_EDGE ( 'NONE', *, *, #1921, .T. ) ;
#700 = CARTESIAN_POINT ( 'NONE',  ( 5.425548043683369848, 2.992105364374686882, -10.87507681748201094 ) ) ;
#701 = CARTESIAN_POINT ( 'NONE',  ( 18.08326122295691363, 2.500000000000001776, -3.956288614581756846 ) ) ;
#702 = DIRECTION ( 'NONE',  ( -0.7071067811865486830, -0.7071067811865464625, -0.000000000000000000 ) ) ;
#703 = DIRECTION ( 'NONE',  ( -0.000000000000000000, -1.000000000000000000, -0.000000000000000000 ) ) ;
#704 = CARTESIAN_POINT ( 'NONE',  ( -7.447682339274936503, 6.898898231422094796, -8.100052782051315958 ) ) ;
#705 = CARTESIAN_POINT ( 'NONE',  ( 5.685490576838312826, 4.506272731299350909, -9.965290982654499530 ) ) ;
#706 = CARTESIAN_POINT ( 'NONE',  ( -6.696552527841719282, 9.621492015593494429, -8.736967506979263831 ) ) ;
#707 = EDGE_LOOP ( 'NONE', ( #2798, #4715, #4986, #1668 ) ) ;
#708 = DIRECTION ( 'NONE',  ( -0.000000000000000000, -0.000000000000000000, -1.000000000000000000 ) ) ;
#709 = ADVANCED_FACE ( 'NONE', ( #325 ), #1555, .F. ) ;
#710 = CARTESIAN_POINT ( 'NONE',  ( 9.189018742722510250E-13, 8.232050807571559048, 9.000000000000493827 ) ) ;
#711 = CARTESIAN_POINT ( 'NONE',  ( 0.000000000000000000, 6.500000000000000888, 25.00000000000000000 ) ) ;
#712 = EDGE_CURVE ( 'NONE', #4128, #4771, #3478, .T. ) ;
#713 = DIRECTION ( 'NONE',  ( 0.000000000000000000, 0.000000000000000000, 1.000000000000000000 ) ) ;
#714 = CARTESIAN_POINT ( 'NONE',  ( 32.00000000000002132, 0.000000000000000000, 21.00000000000000000 ) ) ;
#715 = DIRECTION ( 'NONE',  ( 0.000000000000000000, 0.000000000000000000, -1.000000000000000000 ) ) ;
#716 = EDGE_CURVE ( 'NONE', #3299, #2110, #3028, .T. ) ;
#717 = ORIENTED_EDGE ( 'NONE', *, *, #2120, .F. ) ;
#718 = DIRECTION ( 'NONE',  ( 0.000000000000000000, -1.000000000000000000, 0.000000000000000000 ) ) ;
#719 = DIRECTION ( 'NONE',  ( 0.000000000000000000, 0.000000000000000000, -1.000000000000000000 ) ) ;
#720 = AXIS2_PLACEMENT_3D ( 'NONE', #3590, #2421, #19 ) ;
#721 = ORIENTED_EDGE ( 'NONE', *, *, #3757, .F. ) ;
#722 = CARTESIAN_POINT ( 'NONE',  ( 5.860103656029152397, 2.702152499247237216, -10.83298014763492212 ) ) ;
#723 = ADVANCED_FACE ( 'NONE', ( #519 ), #2488, .F. ) ;
#724 = CARTESIAN_POINT ( 'NONE',  ( 15.80231469032335312, 2.500000000000762501, 3.613107838954068729 ) ) ;
#725 = CARTESIAN_POINT ( 'NONE',  ( -8.207747676584716601, 28.23038322761931340, -7.333833543353978079 ) ) ;
#726 = EDGE_LOOP ( 'NONE', ( #4032, #4348, #1653, #4940 ) ) ;
#727 = CARTESIAN_POINT ( 'NONE',  ( -7.937626670470418588, 7.503768807351989700, -7.615384615384614975 ) ) ;
#728 = CARTESIAN_POINT ( 'NONE',  ( 6.598422751850544721, 3.647543940564310194, -9.779885332689323363 ) ) ;
#729 = CARTESIAN_POINT ( 'NONE',  ( -6.784585670099378518, 8.096396034994961965, -8.670330721896208459 ) ) ;
#730 = ORIENTED_EDGE ( 'NONE', *, *, #856, .T. ) ;
#731 = CARTESIAN_POINT ( 'NONE',  ( 6.666869331065470305, 12.11828811208906309, 9.234934693288645136 ) ) ;
#732 = FILL_AREA_STYLE_COLOUR ( '', #2106 ) ;
#733 = LINE ( 'NONE', #4122, #1603 ) ;
#734 = CIRCLE ( 'NONE', #2009, 4.000000000000000000 ) ;
#735 = ORIENTED_EDGE ( 'NONE', *, *, #2731, .F. ) ;
#736 = CARTESIAN_POINT ( 'NONE',  ( 0.000000000000000000, 29.50000000000000711, 0.000000000000000000 ) ) ;
#737 = VERTEX_POINT ( 'NONE', #4477 ) ;
#738 = CARTESIAN_POINT ( 'NONE',  ( 28.00000000000002132, 2.500000000000002220, -21.00000000000000000 ) ) ;
#739 = DIRECTION ( 'NONE',  ( -0.000000000000000000, -0.000000000000000000, -1.000000000000000000 ) ) ;
#740 = ORIENTED_EDGE ( 'NONE', *, *, #4627, .F. ) ;
#741 = CIRCLE ( 'NONE', #1097, 1.500000000000001998 ) ;
#742 = DIRECTION ( 'NONE',  ( -0.000000000000000000, -0.000000000000000000, 1.000000000000000000 ) ) ;
#743 = AXIS2_PLACEMENT_3D ( 'NONE', #2038, #1962, #3193 ) ;
#744 = CARTESIAN_POINT ( 'NONE',  ( -3.928086192588375880, 11.74570528132780645, 11.16258978296463944 ) ) ;
#745 = ADVANCED_FACE ( 'NONE', ( #1296 ), #544, .F. ) ;
#746 = VECTOR ( 'NONE', #4865, 1000.000000000000000 ) ;
#747 = AXIS2_PLACEMENT_3D ( 'NONE', #1460, #4266, #3874 ) ;
#748 = ORIENTED_EDGE ( 'NONE', *, *, #4762, .T. ) ;
#749 = CARTESIAN_POINT ( 'NONE',  ( 0.000000000000000000, 29.50000000000000711, 0.000000000000000000 ) ) ;
#750 = CARTESIAN_POINT ( 'NONE',  ( 5.011493774261345457, 9.178959316373280330, -9.792085076761731344 ) ) ;
#751 = AXIS2_PLACEMENT_3D ( 'NONE', #3742, #4577, #1711 ) ;
#752 = CARTESIAN_POINT ( 'NONE',  ( -2.499999999999998224, 29.50000000000000711, 10.71214264281427475 ) ) ;
#753 = CARTESIAN_POINT ( 'NONE',  ( -6.809475019311105548, 8.000000000000000000, -9.138219645438296013 ) ) ;
#754 = ADVANCED_FACE ( 'NONE', ( #4148 ), #3994, .F. ) ;
#755 = CIRCLE ( 'NONE', #1020, 2.000000000000000000 ) ;
#756 = VECTOR ( 'NONE', #3622, 1000.000000000000000 ) ;
#757 = CARTESIAN_POINT ( 'NONE',  ( 34.44710678118662628, 18.89075759508249064, -10.99999999999999822 ) ) ;
#758 = ORIENTED_EDGE ( 'NONE', *, *, #1177, .F. ) ;
#759 = CARTESIAN_POINT ( 'NONE',  ( -8.224120067977233717, 6.560487715099158734, -8.486383372524313629 ) ) ;
#760 = CARTESIAN_POINT ( 'NONE',  ( 6.120738489528570803, 3.753012312027152575, -9.859073306710268270 ) ) ;
#761 = AXIS2_PLACEMENT_3D ( 'NONE', #3995, #4824, #4849 ) ;
#762 = DIRECTION ( 'NONE',  ( -0.000000000000000000, -1.000000000000000000, -0.000000000000000000 ) ) ;
#763 = ORIENTED_EDGE ( 'NONE', *, *, #446, .F. ) ;
#764 = LINE ( 'NONE', #2376, #3417 ) ;
#765 = SURFACE_SIDE_STYLE ('',( #3155 ) ) ;
#766 = CARTESIAN_POINT ( 'NONE',  ( 28.00000000000002132, -6.742640687119290099, 21.00000000000000000 ) ) ;
#767 = EDGE_LOOP ( 'NONE', ( #4029, #1972 ) ) ;
#768 = CARTESIAN_POINT ( 'NONE',  ( 20.65852454804898741, 38.33619407771257670, -10.99999999999999822 ) ) ;
#769 = B_SPLINE_CURVE_WITH_KNOTS ( 'NONE', 3,
 ( #2956, #4484, #4930, #2093, #1754, #928, #2577, #842, #522, #3390 ),
 .UNSPECIFIED., .F., .F.,
 ( 4, 2, 2, 2, 4 ),
 ( 0.000000000000000000, 0.0006491582575059358937, 0.001298316515011871787, 0.001947474772517807790, 0.002596633030023743575 ),
 .UNSPECIFIED. ) ;
#770 = VECTOR ( 'NONE', #2315, 1000.000000000000000 ) ;
#771 = ORIENTED_EDGE ( 'NONE', *, *, #4382, .F. ) ;
#772 = CARTESIAN_POINT ( 'NONE',  ( 7.024692883257976916, 14.55847265744731622, 8.488317290779932023 ) ) ;
#773 = CARTESIAN_POINT ( 'NONE',  ( -30.99999999999997868, 0.000000000000000000, -7.000000000000000000 ) ) ;
#774 = VERTEX_POINT ( 'NONE', #1724 ) ;
#775 = CYLINDRICAL_SURFACE ( 'NONE', #2302, 1.000000000000000000 ) ;
#776 = CARTESIAN_POINT ( 'NONE',  ( 3.521752297380526642, 11.59106322092316077, -10.43069013519079391 ) ) ;
#777 = ORIENTED_EDGE ( 'NONE', *, *, #1502, .F. ) ;
#778 = PLANE ( 'NONE',  #2352 ) ;
#779 = ADVANCED_FACE ( 'NONE', ( #3812 ), #3434, .F. ) ;
#780 = CARTESIAN_POINT ( 'NONE',  ( 6.130217642474951489, 10.58252603000456027, -9.499104197217224765 ) ) ;
#781 = CARTESIAN_POINT ( 'NONE',  ( 9.184722082151322908, 3.770701051531102355, -9.282281567981957693 ) ) ;
#782 = ADVANCED_FACE ( 'NONE', ( #419 ), #2029, .T. ) ;
#783 = FACE_OUTER_BOUND ( 'NONE', #556, .T. ) ;
#784 = ADVANCED_FACE ( 'NONE', ( #2077 ), #3288, .T. ) ;
#785 = DIRECTION ( 'NONE',  ( 0.7071067811865464625, -0.7071067811865485719, 0.000000000000000000 ) ) ;
#786 = CARTESIAN_POINT ( 'NONE',  ( 5.723163221067158801, 4.221612731937716134, -9.944152844713666894 ) ) ;
#787 = CARTESIAN_POINT ( 'NONE',  ( -5.570382895540785917, 11.33193149817004119, -9.488454641461313344 ) ) ;
#788 = ADVANCED_FACE ( 'NONE', ( #4108 ), #1680, .T. ) ;
#789 = ORIENTED_EDGE ( 'NONE', *, *, #213, .F. ) ;
#790 = CARTESIAN_POINT ( 'NONE',  ( 5.635805717330433673, 9.010237716418858511, 9.711158753813288413 ) ) ;
#791 = EDGE_CURVE ( 'NONE', #3482, #3788, #3954, .T. ) ;
#792 = CARTESIAN_POINT ( 'NONE',  ( -27.99999999999997868, 12.50000000000000000, -25.00000000000000000 ) ) ;
#793 = FACE_OUTER_BOUND ( 'NONE', #68, .T. ) ;
#794 = ORIENTED_EDGE ( 'NONE', *, *, #2048, .F. ) ;
#795 = CARTESIAN_POINT ( 'NONE',  ( -2.151776695654595173, 4.855876946709424935, 8.740324691985197347 ) ) ;
#796 = EDGE_CURVE ( 'NONE', #2395, #3299, #4028, .T. ) ;
#797 = ORIENTED_EDGE ( 'NONE', *, *, #59, .T. ) ;
#798 = CARTESIAN_POINT ( 'NONE',  ( 6.502439574701512015, 13.03114368845898063, 8.890769808339220148 ) ) ;
#799 = CARTESIAN_POINT ( 'NONE',  ( -8.572491497702463548, 6.507537614703979401, -8.307692307692308376 ) ) ;
#800 = VERTEX_POINT ( 'NONE', #826 ) ;
#801 = CARTESIAN_POINT ( 'NONE',  ( 6.168761120217443050, 32.50000000000000711, -2.000000000000000000 ) ) ;
#802 = CARTESIAN_POINT ( 'NONE',  ( 3.764788677071142065, 10.15986657362839729, 11.10318950237866353 ) ) ;
#803 = ORIENTED_EDGE ( 'NONE', *, *, #389, .F. ) ;
#804 = CARTESIAN_POINT ( 'NONE',  ( -21.99999999999997868, 7.500000000000000888, 7.000000000000000000 ) ) ;
#805 = CARTESIAN_POINT ( 'NONE',  ( 7.530992843101091516, 14.41987843056273100, -8.741407228196713675 ) ) ;
#806 = ORIENTED_EDGE ( 'NONE', *, *, #4252, .F. ) ;
#807 = DIRECTION ( 'NONE',  ( 0.000000000000000000, 0.000000000000000000, -1.000000000000000000 ) ) ;
#808 = VERTEX_POINT ( 'NONE', #4419 ) ;
#809 = CARTESIAN_POINT ( 'NONE',  ( 6.456033532521350260, 3.640763501548636594, -9.800343909801355835 ) ) ;
#810 = DIRECTION ( 'NONE',  ( -0.000000000000000000, 0.000000000000000000, 1.000000000000000000 ) ) ;
#811 = CARTESIAN_POINT ( 'NONE',  ( 6.745966692414856247, 2.499999999999999112, -10.75787386595825090 ) ) ;
#812 = EDGE_CURVE ( 'NONE', #272, #3233, #4083, .T. ) ;
#813 = ORIENTED_EDGE ( 'NONE', *, *, #2704, .T. ) ;
#814 = CARTESIAN_POINT ( 'NONE',  ( 10.47899547903833550, 21.64563253897525641, 6.154619879358504519 ) ) ;
#815 = DIRECTION ( 'NONE',  ( -0.7071067811865467956, 0.7071067811865484609, 0.000000000000000000 ) ) ;
#816 = CARTESIAN_POINT ( 'NONE',  ( 0.000000000000000000, 8.232050807568887407, -9.000000000000000000 ) ) ;
#817 = ORIENTED_EDGE ( 'NONE', *, *, #1593, .T. ) ;
#818 = DIRECTION ( 'NONE',  ( 0.000000000000000000, 1.000000000000000000, 0.000000000000000000 ) ) ;
#819 = EDGE_CURVE ( 'NONE', #5002, #4950, #2552, .T. ) ;
#820 = ORIENTED_EDGE ( 'NONE', *, *, #2909, .F. ) ;
#821 = AXIS2_PLACEMENT_3D ( 'NONE', #3033, #1047, #969 ) ;
#822 = CARTESIAN_POINT ( 'NONE',  ( 5.416910035003712487, 10.81119196235894719, 9.577374698047183443 ) ) ;
#823 = CARTESIAN_POINT ( 'NONE',  ( 0.6441585721438140011, 5.347744202726069318, 8.977351909038363331 ) ) ;
#824 = EDGE_LOOP ( 'NONE', ( #4221, #1762, #2479, #113 ) ) ;
#825 = DIRECTION ( 'NONE',  ( 0.3721042037676252634, 0.000000000000000000, -0.9281909617845143234 ) ) ;
#826 = CARTESIAN_POINT ( 'NONE',  ( 32.00000000000002132, 2.500000000000002220, 21.00000000000000000 ) ) ;
#827 = CARTESIAN_POINT ( 'NONE',  ( -2.242262804388876596, 12.37851017894724670, -11.75310299620236698 ) ) ;
#828 = DIRECTION ( 'NONE',  ( -0.000000000000000000, -1.000000000000000000, -0.000000000000000000 ) ) ;
#829 = ORIENTED_EDGE ( 'NONE', *, *, #563, .F. ) ;
#830 = AXIS2_PLACEMENT_3D ( 'NONE', #4951, #3295, #1341 ) ;
#831 = CARTESIAN_POINT ( 'NONE',  ( 32.00000000000002132, 18.39397313900376218, 2.727272727272728847 ) ) ;
#832 = LINE ( 'NONE', #3749, #1857 ) ;
#833 = AXIS2_PLACEMENT_3D ( 'NONE', #757, #1184, #5167 ) ;
#834 =( NAMED_UNIT ( * ) PLANE_ANGLE_UNIT ( ) SI_UNIT ( $, .RADIAN. ) );
#835 = VECTOR ( 'NONE', #2915, 1000.000000000000000 ) ;
#836 = CARTESIAN_POINT ( 'NONE',  ( 4.420294093883499364, 9.092985310185040859, 10.75566928031988212 ) ) ;
#837 = CARTESIAN_POINT ( 'NONE',  ( -7.937626670470420365, 7.503768807351988812, 7.615384615384615863 ) ) ;
#838 = DIRECTION ( 'NONE',  ( -1.000000000000000000, 0.000000000000000000, 0.000000000000000000 ) ) ;
#839 = AXIS2_PLACEMENT_3D ( 'NONE', #2490, #898, #3278 ) ;
#840 = B_SPLINE_CURVE_WITH_KNOTS ( 'NONE', 3,
 ( #2060, #3270, #1718, #2864, #2115, #4471, #4170, #2083, #3325, #3357 ),
 .UNSPECIFIED., .F., .F.,
 ( 4, 2, 2, 2, 4 ),
 ( 0.000000000000000000, 0.0007098629104788783950, 0.001419725820957756790, 0.002129588731436635185, 0.002839451641915513580 ),
 .UNSPECIFIED. ) ;
#841 = ORIENTED_EDGE ( 'NONE', *, *, #4794, .F. ) ;
#842 = CARTESIAN_POINT ( 'NONE',  ( -6.953294117280968578, 7.588363020743753573, -9.076847828247887051 ) ) ;
#843 = ORIENTED_EDGE ( 'NONE', *, *, #309, .F. ) ;
#844 = DIRECTION ( 'NONE',  ( 0.000000000000000000, 0.000000000000000000, 1.000000000000000000 ) ) ;
#845 = EDGE_LOOP ( 'NONE', ( #162, #730, #4150 ) ) ;
#846 = ADVANCED_FACE ( 'NONE', ( #3349 ), #3593, .F. ) ;
#847 = CARTESIAN_POINT ( 'NONE',  ( -27.99999999999997868, 25.50000000000000355, 7.000000000000000000 ) ) ;
#848 = CIRCLE ( 'NONE', #761, 9.000000000000000000 ) ;
#849 = LINE ( 'NONE', #3282, #1957 ) ;
#850 = PLANE ( 'NONE',  #2381 ) ;
#851 = CARTESIAN_POINT ( 'NONE',  ( 28.00000000000002132, -2.499999999999998668, -21.00000000000000000 ) ) ;
#852 = DIRECTION ( 'NONE',  ( -0.000000000000000000, 1.000000000000000000, -0.000000000000000000 ) ) ;
#853 = ORIENTED_EDGE ( 'NONE', *, *, #1313, .F. ) ;
#854 = CARTESIAN_POINT ( 'NONE',  ( 4.526837271240292004, 10.21763358276141354, 10.02641836372532147 ) ) ;
#855 = EDGE_CURVE ( 'NONE', #2168, #3344, #3158, .T. ) ;
#856 = EDGE_CURVE ( 'NONE', #1467, #4771, #3508, .T. ) ;
#857 = CARTESIAN_POINT ( 'NONE',  ( 4.207712424633512249, 9.500955006133414926, 10.18152118707032905 ) ) ;
#858 = DIRECTION ( 'NONE',  ( 1.000000000000000000, 0.000000000000000000, -1.067871377262452863E-16 ) ) ;
#859 = CARTESIAN_POINT ( 'NONE',  ( 28.00000000000002132, 0.000000000000000000, -21.00000000000000000 ) ) ;
#860 = ORIENTED_EDGE ( 'NONE', *, *, #4614, .F. ) ;
#861 = FACE_BOUND ( 'NONE', #494, .T. ) ;
#862 = EDGE_CURVE ( 'NONE', #4047, #2547, #4546, .T. ) ;
#863 = ORIENTED_EDGE ( 'NONE', *, *, #1602, .T. ) ;
#864 = FACE_OUTER_BOUND ( 'NONE', #984, .T. ) ;
#865 = ORIENTED_EDGE ( 'NONE', *, *, #2763, .T. ) ;
#866 = DIRECTION ( 'NONE',  ( 1.000000000000000000, 0.000000000000000000, 0.000000000000000000 ) ) ;
#867 = CARTESIAN_POINT ( 'NONE',  ( 5.731006271505592053, 4.796714584357410160, -9.978153612851599519 ) ) ;
#868 = DIRECTION ( 'NONE',  ( -0.000000000000000000, -1.000000000000000000, -0.000000000000000000 ) ) ;
#869 = CARTESIAN_POINT ( 'NONE',  ( -5.920867799168664014, 9.946311361192607947, 9.930349142870614543 ) ) ;
#870 = ORIENTED_EDGE ( 'NONE', *, *, #2643, .F. ) ;
#871 = CARTESIAN_POINT ( 'NONE',  ( -31.99999999999997868, 25.50000000000000355, -6.000000000000000888 ) ) ;
#872 = DIRECTION ( 'NONE',  ( 0.000000000000000000, 0.000000000000000000, 1.000000000000000000 ) ) ;
#873 = ORIENTED_EDGE ( 'NONE', *, *, #4283, .T. ) ;
#874 = CARTESIAN_POINT ( 'NONE',  ( 2.499999999999999556, 29.50000000000000711, -8.645808232895291212 ) ) ;
#875 = DIRECTION ( 'NONE',  ( -1.000000000000000000, 0.000000000000000000, 0.000000000000000000 ) ) ;
#876 = CARTESIAN_POINT ( 'NONE',  ( -21.99999999999997868, 8.500000000000000000, 25.00000000000000000 ) ) ;
#877 = ORIENTED_EDGE ( 'NONE', *, *, #5198, .T. ) ;
#878 = DIRECTION ( 'NONE',  ( -1.067871377262452863E-16, -0.000000000000000000, -1.000000000000000000 ) ) ;
#879 = CARTESIAN_POINT ( 'NONE',  ( 4.809475019311147292, 5.000000000000001776, -25.00000000000000000 ) ) ;
#880 = CARTESIAN_POINT ( 'NONE',  ( 32.00000000000002132, -2.499999999999998668, 25.00000000000000000 ) ) ;
#881 = CARTESIAN_POINT ( 'NONE',  ( 4.791381675421700237, 9.710912572860522118, -9.902726014849228875 ) ) ;
#882 = ADVANCED_FACE ( 'NONE', ( #2967 ), #2940, .T. ) ;
#883 = ORIENTED_EDGE ( 'NONE', *, *, #563, .T. ) ;
#884 = CARTESIAN_POINT ( 'NONE',  ( 32.00000000000002132, -2.499999999999998668, -20.99999999999999645 ) ) ;
#885 = CARTESIAN_POINT ( 'NONE',  ( 7.598682778906090896, 17.85512669793383012, -7.962005497416716260 ) ) ;
#886 = EDGE_LOOP ( 'NONE', ( #4818, #311, #4872, #4140 ) ) ;
#887 = CARTESIAN_POINT ( 'NONE',  ( 5.467084117376011854, 9.178959316373282107, -10.68227462919461423 ) ) ;
#888 = EDGE_CURVE ( 'NONE', #2712, #2235, #410, .T. ) ;
#889 = EDGE_LOOP ( 'NONE', ( #2826, #897, #1814, #3964, #2258, #5229, #4483, #1021, #1364, #100, #4080, #391, #4090 ) ) ;
#890 = CARTESIAN_POINT ( 'NONE',  ( -2.862839855044336801, 12.21064528004492011, -10.62627229037650878 ) ) ;
#891 = DIRECTION ( 'NONE',  ( -0.000000000000000000, 0.000000000000000000, 1.000000000000000000 ) ) ;
#892 = AXIS2_PLACEMENT_3D ( 'NONE', #5157, #241, #208 ) ;
#893 = ORIENTED_EDGE ( 'NONE', *, *, #819, .T. ) ;
#894 = FACE_OUTER_BOUND ( 'NONE', #599, .T. ) ;
#895 = CARTESIAN_POINT ( 'NONE',  ( -1.676147732615790975, 13.46565417741188320, -10.87961842485765018 ) ) ;
#896 = EDGE_CURVE ( 'NONE', #592, #4341, #534, .T. ) ;
#897 = ORIENTED_EDGE ( 'NONE', *, *, #2627, .T. ) ;
#898 = DIRECTION ( 'NONE',  ( 0.000000000000000000, 1.000000000000000000, 0.000000000000000000 ) ) ;
#899 = ORIENTED_EDGE ( 'NONE', *, *, #345, .T. ) ;
#900 = CARTESIAN_POINT ( 'NONE',  ( -27.99999999999997868, -6.742640687119290099, 19.50000000000000000 ) ) ;
#901 = ORIENTED_EDGE ( 'NONE', *, *, #966, .T. ) ;
#902 = DIRECTION ( 'NONE',  ( -0.7071067811865486830, -0.7071067811865464625, -0.000000000000000000 ) ) ;
#903 = CARTESIAN_POINT ( 'NONE',  ( -30.99999999999997868, 22.50000000000000355, 6.000000000000000000 ) ) ;
#904 = CARTESIAN_POINT ( 'NONE',  ( 4.977572450024988271, 5.665101111534048606, -10.02484658498751813 ) ) ;
#905 = ORIENTED_EDGE ( 'NONE', *, *, #3930, .T. ) ;
#906 = CARTESIAN_POINT ( 'NONE',  ( 9.189018742722510250E-13, 8.232050807571559048, 9.000000000000493827 ) ) ;
#907 = ORIENTED_EDGE ( 'NONE', *, *, #855, .F. ) ;
#908 = DIRECTION ( 'NONE',  ( -0.2445257841599372539, -0.9470442897697447515, -0.2081207680542427052 ) ) ;
#909 = CARTESIAN_POINT ( 'NONE',  ( 6.250394886110478332, 3.694752058995525612, 9.835586839225607392 ) ) ;
#910 = ORIENTED_EDGE ( 'NONE', *, *, #2909, .T. ) ;
#911 = CARTESIAN_POINT ( 'NONE',  ( 0.6451599423207756701, 5.349326481462169269, -8.977274450169586473 ) ) ;
#912 = DIRECTION ( 'NONE',  ( 0.000000000000000000, 0.000000000000000000, 1.000000000000000000 ) ) ;
#913 = ORIENTED_EDGE ( 'NONE', *, *, #652, .F. ) ;
#914 = LINE ( 'NONE', #1290, #573 ) ;
#915 = EDGE_CURVE ( 'NONE', #3833, #4673, #3422, .T. ) ;
#916 = EDGE_LOOP ( 'NONE', ( #4926, #1978, #853, #4310 ) ) ;
#917 = AXIS2_PLACEMENT_3D ( 'NONE', #3242, #3616, #4919 ) ;
#918 = CARTESIAN_POINT ( 'NONE',  ( 2.719290493321782076, 12.27957081385435778, -10.66270456296493840 ) ) ;
#919 = PRESENTATION_STYLE_ASSIGNMENT (( #4143 ) ) ;
#920 = CARTESIAN_POINT ( 'NONE',  ( 2.647842547365853783, 11.27418405033350979, 11.55360396359784048 ) ) ;
#921 = CARTESIAN_POINT ( 'NONE',  ( -6.885991926736459767, 7.719856096310405924, 8.589072939021582087 ) ) ;
#922 = CIRCLE ( 'NONE', #4394, 1.000000000000000444 ) ;
#923 = ADVANCED_FACE ( 'NONE', ( #2195, #3435 ), #3401, .T. ) ;
#924 = CARTESIAN_POINT ( 'NONE',  ( -7.129577451207712357, 8.249999999999998224, 8.376701341651768828 ) ) ;
#925 = VECTOR ( 'NONE', #938, 1000.000000000000000 ) ;
#926 = CIRCLE ( 'NONE', #1600, 1.000000000000000444 ) ;
#927 = ORIENTED_EDGE ( 'NONE', *, *, #4739, .F. ) ;
#928 = CARTESIAN_POINT ( 'NONE',  ( -7.326903940930394654, 7.075917196191861436, -8.912199722909328159 ) ) ;
#929 = DIRECTION ( 'NONE',  ( 0.000000000000000000, 0.000000000000000000, -1.000000000000000000 ) ) ;
#930 = ORIENTED_EDGE ( 'NONE', *, *, #1624, .T. ) ;
#931 = DIRECTION ( 'NONE',  ( -0.000000000000000000, -0.000000000000000000, -1.000000000000000000 ) ) ;
#932 = CIRCLE ( 'NONE', #4579, 11.00000000000000000 ) ;
#933 = CARTESIAN_POINT ( 'NONE',  ( 0.000000000000000000, 12.50000000000000000, 25.00000000000000000 ) ) ;
#934 = CYLINDRICAL_SURFACE ( 'NONE', #4066, 2.000000000000001776 ) ;
#935 = VERTEX_POINT ( 'NONE', #5028 ) ;
#936 = DIRECTION ( 'NONE',  ( -0.7071067811865486830, -0.7071067811865464625, 1.232595164407830946E-32 ) ) ;
#937 = ORIENTED_EDGE ( 'NONE', *, *, #1313, .T. ) ;
#938 = DIRECTION ( 'NONE',  ( -0.000000000000000000, 1.000000000000000000, -0.000000000000000000 ) ) ;
#939 = VECTOR ( 'NONE', #1044, 1000.000000000000000 ) ;
#940 = CARTESIAN_POINT ( 'NONE',  ( -8.572491497702459995, 6.507537614703979401, 8.307692307692308376 ) ) ;
#941 =( BOUNDED_SURFACE ( )  B_SPLINE_SURFACE ( 3, 2, ( 
 ( #4630, #2972, #5031 ),
 ( #2199, #2234, #536 ),
 ( #2173, #4274, #4219 ),
 ( #562, #3408, #3801 ),
 ( #1770, #127, #159 ),
 ( #5004, #2260, #3881 ),
 ( #3438, #1818, #4296 ),
 ( #1371, #5055, #645 ) ),
 .UNSPECIFIED., .F., .F., .F. ) 
 B_SPLINE_SURFACE_WITH_KNOTS ( ( 4, 2, 2, 4 ),
 ( 3, 3 ),
 ( 0.000000000000000000, 0.0008408645518410721650, 0.001681729103682144330, 0.003363458207364288660 ),
 ( 0.000000000000000000, 1.000000000000000000 ),
 .UNSPECIFIED. ) 
 GEOMETRIC_REPRESENTATION_ITEM ( )  RATIONAL_B_SPLINE_SURFACE ( (
 ( 1.000000000000000000, 0.8169666230477455882, 1.000000000000000000),
 ( 1.000000000000000000, 0.8425307584030635732, 1.000000000000000000),
 ( 1.000000000000000000, 0.8675487345793299054, 1.000000000000000000),
 ( 1.000000000000000000, 0.9127392378038573506, 1.000000000000000000),
 ( 1.000000000000000000, 0.9330315670881392798, 1.000000000000000000),
 ( 1.000000000000000000, 0.9825198940922574842, 1.000000000000000000),
 ( 1.000000000000000000, 1.000028238932514579, 1.000000000000000000),
 ( 1.000000000000000000, 1.000000000000000000, 1.000000000000000000) ) ) 
 REPRESENTATION_ITEM ( '' )  SURFACE ( )  );
#942 = ORIENTED_EDGE ( 'NONE', *, *, #2128, .T. ) ;
#943 = DIRECTION ( 'NONE',  ( 1.000000000000000000, 0.000000000000000000, 0.000000000000000000 ) ) ;
#944 = LINE ( 'NONE', #1395, #382 ) ;
#945 = CARTESIAN_POINT ( 'NONE',  ( 8.095383439208850618, 17.53292093926190987, -7.488507779016421395 ) ) ;
#946 = ORIENTED_EDGE ( 'NONE', *, *, #3449, .F. ) ;
#947 = CARTESIAN_POINT ( 'NONE',  ( -27.99999999999997868, 22.50000000000000355, -5.999999999999998224 ) ) ;
#948 = EDGE_LOOP ( 'NONE', ( #3543, #3696, #5103, #997, #1194, #5018, #1500, #4634 ) ) ;
#949 = CARTESIAN_POINT ( 'NONE',  ( 3.358411423781535010, 10.63546664053265545, -11.28622478268366613 ) ) ;
#950 = EDGE_CURVE ( 'NONE', #4114, #3630, #2952, .T. ) ;
#951 = ADVANCED_FACE ( 'NONE', ( #3377 ), #300, .F. ) ;
#952 = CARTESIAN_POINT ( 'NONE',  ( -5.750963556000339594, 10.17628353692256482, 10.06284726364201987 ) ) ;
#953 = CARTESIAN_POINT ( 'NONE',  ( 0.000000000000000000, 0.000000000000000000, 25.00000000000000000 ) ) ;
#954 = CARTESIAN_POINT ( 'NONE',  ( -5.988650744789381086, 10.80715905270174204, -9.230496723491457445 ) ) ;
#955 = CARTESIAN_POINT ( 'NONE',  ( 38.33619407771265486, 20.65852454804885951, 10.99999999999999822 ) ) ;
#956 = ORIENTED_EDGE ( 'NONE', *, *, #2878, .F. ) ;
#957 = CARTESIAN_POINT ( 'NONE',  ( 5.731006271505592053, 4.796714584357410160, -9.978153612851599519 ) ) ;
#958 = DIRECTION ( 'NONE',  ( 0.7071067811865486830, 0.7071067811865464625, 0.000000000000000000 ) ) ;
#959 = CARTESIAN_POINT ( 'NONE',  ( -31.99999999999997868, -2.499999999999998668, -21.00000000000000000 ) ) ;
#960 = ADVANCED_FACE ( 'NONE', ( #5080 ), #2896, .F. ) ;
#961 = CARTESIAN_POINT ( 'NONE',  ( 6.745966692414854471, 2.500000000000002220, 25.00000000000000000 ) ) ;
#962 = ORIENTED_EDGE ( 'NONE', *, *, #550, .T. ) ;
#963 = DIRECTION ( 'NONE',  ( -0.7071067811865486830, -0.7071067811865464625, -0.000000000000000000 ) ) ;
#964 = CARTESIAN_POINT ( 'NONE',  ( -22.99999999999997868, 8.500000000000000000, -7.000000000000000000 ) ) ;
#965 = DIRECTION ( 'NONE',  ( 0.000000000000000000, 0.000000000000000000, 1.000000000000000000 ) ) ;
#966 = EDGE_CURVE ( 'NONE', #3347, #3630, #1521, .T. ) ;
#967 = EDGE_LOOP ( 'NONE', ( #4604, #1015, #2764, #5044, #5126 ) ) ;
#968 = CARTESIAN_POINT ( 'NONE',  ( 6.168761120217443050, 32.50000000000000711, 2.000000000000000000 ) ) ;
#969 = DIRECTION ( 'NONE',  ( -1.000000000000000000, 0.000000000000000000, 0.000000000000000000 ) ) ;
#970 = CARTESIAN_POINT ( 'NONE',  ( 11.73980963170081893, 24.60508277679651457, -4.161492236844686055 ) ) ;
#971 = EDGE_LOOP ( 'NONE', ( #993, #2561, #4289, #452 ) ) ;
#972 = ORIENTED_EDGE ( 'NONE', *, *, #3030, .F. ) ;
#973 = CARTESIAN_POINT ( 'NONE',  ( 1.360125386374490208, 13.04722532047102668, -10.91677290943946765 ) ) ;
#974 = DIRECTION ( 'NONE',  ( -0.000000000000000000, 1.000000000000000000, -0.000000000000000000 ) ) ;
#975 = CARTESIAN_POINT ( 'NONE',  ( -31.99999999999997868, 12.50000000000000000, 25.00000000000000000 ) ) ;
#976 = CARTESIAN_POINT ( 'NONE',  ( -2.186879709800030991, 12.38989192536795869, 11.76636304351099760 ) ) ;
#977 = CARTESIAN_POINT ( 'NONE',  ( -6.413239635628394275, 10.13473703971993700, 8.940712066536683267 ) ) ;
#978 = ORIENTED_EDGE ( 'NONE', *, *, #3350, .T. ) ;
#979 = CARTESIAN_POINT ( 'NONE',  ( -11.53256259467078948, 25.50000000000000355, -7.000000000000000000 ) ) ;
#980 = FACE_OUTER_BOUND ( 'NONE', #1611, .T. ) ;
#981 = CARTESIAN_POINT ( 'NONE',  ( -21.99999999999997868, 6.500000000000000888, 25.00000000000000000 ) ) ;
#982 = CARTESIAN_POINT ( 'NONE',  ( 3.130268144559193111, 10.86351568429744319, -11.37997424692139958 ) ) ;
#983 = DIRECTION ( 'NONE',  ( -0.7071067811865486830, -0.7071067811865464625, 1.232595164407830946E-32 ) ) ;
#984 = EDGE_LOOP ( 'NONE', ( #5136, #865, #2306, #1324 ) ) ;
#985 = CARTESIAN_POINT ( 'NONE',  ( 6.817850764431857336, 15.48325268701385582, -8.638504941430387163 ) ) ;
#986 = ORIENTED_EDGE ( 'NONE', *, *, #4739, .T. ) ;
#987 = CARTESIAN_POINT ( 'NONE',  ( -27.99999999999997868, 12.50000000000000000, 19.50000000000000000 ) ) ;
#988 = CARTESIAN_POINT ( 'NONE',  ( -8.111101865182769544, 7.500000000000000888, 7.454753545684539517 ) ) ;
#989 = EDGE_CURVE ( 'NONE', #5225, #3763, #2312, .T. ) ;
#990 = ORIENTED_EDGE ( 'NONE', *, *, #4762, .F. ) ;
#991 = DIRECTION ( 'NONE',  ( 0.000000000000000000, -0.000000000000000000, 1.000000000000000000 ) ) ;
#992 = CARTESIAN_POINT ( 'NONE',  ( 21.71918471982880661, 37.27553390593275395, 11.00000000000000178 ) ) ;
#993 = ORIENTED_EDGE ( 'NONE', *, *, #3979, .F. ) ;
#994 = DIRECTION ( 'NONE',  ( 0.000000000000000000, 1.000000000000000000, 0.000000000000000000 ) ) ;
#995 = ORIENTED_EDGE ( 'NONE', *, *, #989, .T. ) ;
#996 = CARTESIAN_POINT ( 'NONE',  ( -2.816434943957261794, 7.354778707471457899, -8.548453388087887461 ) ) ;
#997 = ORIENTED_EDGE ( 'NONE', *, *, #4287, .T. ) ;
#998 = CARTESIAN_POINT ( 'NONE',  ( 1.128948413291798181, 12.11190741783520153, -11.90920680979612989 ) ) ;
#999 = AXIS2_PLACEMENT_3D ( 'NONE', #4413, #3709, #5231 ) ;
#1000 = CARTESIAN_POINT ( 'NONE',  ( -10.15283452032691791, 26.79118158191348442, -6.278580943776992385 ) ) ;
#1001 = CARTESIAN_POINT ( 'NONE',  ( 5.731006271505586724, 4.796714584357409272, 9.978153612851604848 ) ) ;
#1002 = CARTESIAN_POINT ( 'NONE',  ( -3.309360292301893658, 12.99760211737117999, 10.49158309670304767 ) ) ;
#1003 = DIRECTION ( 'NONE',  ( -0.000000000000000000, -1.000000000000000000, -0.000000000000000000 ) ) ;
#1004 = AXIS2_PLACEMENT_3D ( 'NONE', #4357, #5142, #815 ) ;
#1005 = CIRCLE ( 'NONE', #1269, 2.000000000000001776 ) ;
#1006 = CIRCLE ( 'NONE', #2111, 1.500000000000004663 ) ;
#1007 = DIRECTION ( 'NONE',  ( 0.000000000000000000, 0.000000000000000000, -1.000000000000000000 ) ) ;
#1008 = CARTESIAN_POINT ( 'NONE',  ( -1.356461854287680291, 4.524382292196426292, -8.898814634007457869 ) ) ;
#1009 = CARTESIAN_POINT ( 'NONE',  ( 4.809475019311147292, 5.000000000000001776, 10.97596897413675698 ) ) ;
#1010 = AXIS2_PLACEMENT_3D ( 'NONE', #3013, #2677, #306 ) ;
#1011 = DIRECTION ( 'NONE',  ( 0.000000000000000000, -0.000000000000000000, 1.000000000000000000 ) ) ;
#1012 = VERTEX_POINT ( 'NONE', #1512 ) ;
#1013 = CARTESIAN_POINT ( 'NONE',  ( 11.61895003862224662, 26.58557958571798352, -3.000000000000015099 ) ) ;
#1014 = ADVANCED_FACE ( 'NONE', ( #2739, #3110 ), #642, .F. ) ;
#1015 = ORIENTED_EDGE ( 'NONE', *, *, #1667, .T. ) ;
#1016 = AXIS2_PLACEMENT_3D ( 'NONE', #3432, #5027, #4240 ) ;
#1017 = CARTESIAN_POINT ( 'NONE',  ( 10.22792206135786230, -2.500000000000000444, 1.102182119232617714E-15 ) ) ;
#1018 = EDGE_CURVE ( 'NONE', #3763, #4380, #2575, .T. ) ;
#1019 = CARTESIAN_POINT ( 'NONE',  ( 11.61895003862224840, 26.58557958571799062, 3.000000000000007994 ) ) ;
#1020 = AXIS2_PLACEMENT_3D ( 'NONE', #4600, #2913, #1676 ) ;
#1021 = ORIENTED_EDGE ( 'NONE', *, *, #2229, .T. ) ;
#1022 = VECTOR ( 'NONE', #4698, 1000.000000000000000 ) ;
#1023 = CARTESIAN_POINT ( 'NONE',  ( 4.809475019311147292, 5.000000000000001776, -10.97596897413675343 ) ) ;
#1024 = CARTESIAN_POINT ( 'NONE',  ( 5.272077938642143913, 12.72792206135782855, -9.000000000000001776 ) ) ;
#1025 = EDGE_CURVE ( 'NONE', #1315, #4204, #3159, .T. ) ;
#1026 = EDGE_CURVE ( 'NONE', #4877, #3294, #3331, .T. ) ;
#1027 = CYLINDRICAL_SURFACE ( 'NONE', #2028, 1.000000000000000000 ) ;
#1028 = CARTESIAN_POINT ( 'NONE',  ( -3.000000000001734168, 6.499999999998599343, -8.485281374238008212 ) ) ;
#1029 = B_SPLINE_CURVE_WITH_KNOTS ( 'NONE', 3,
 ( #1023, #3536, #2671, #695 ),
 .UNSPECIFIED., .F., .F.,
 ( 4, 4 ),
 ( 0.000000000000000000, 0.0005037008251324338881 ),
 .UNSPECIFIED. ) ;
#1030 = AXIS2_PLACEMENT_3D ( 'NONE', #3579, #1114, #713 ) ;
#1031 = LINE ( 'NONE', #4706, #2467 ) ;
#1032 = PLANE ( 'NONE',  #1010 ) ;
#1033 = CARTESIAN_POINT ( 'NONE',  ( 40.10396103067900242, 18.89075759508248353, 11.00000000000000355 ) ) ;
#1034 = CARTESIAN_POINT ( 'NONE',  ( 0.7025361360643045394, 13.27605617902309199, 10.97882083008146736 ) ) ;
#1035 = B_SPLINE_CURVE_WITH_KNOTS ( 'NONE', 3,
 ( #5030, #2588, #101, #4947, #2198, #2531, #3032, #3747 ),
 .UNSPECIFIED., .F., .F.,
 ( 4, 2, 2, 4 ),
 ( 0.000000000000000000, 0.001128924580817883706, 0.001693386871226825558, 0.002257849161635767411 ),
 .UNSPECIFIED. ) ;
#1036 = CARTESIAN_POINT ( 'NONE',  ( -2.092151032485192630, 13.39604909107778674, 10.80691035671956968 ) ) ;
#1037 = ORIENTED_EDGE ( 'NONE', *, *, #2675, .T. ) ;
#1038 = DIRECTION ( 'NONE',  ( 0.000000000000000000, 0.8349582646491088278, 0.5503132710503615410 ) ) ;
#1039 = LINE ( 'NONE', #5099, #4478 ) ;
#1040 = DIRECTION ( 'NONE',  ( 0.000000000000000000, 1.000000000000000000, 0.000000000000000000 ) ) ;
#1041 = PLANE ( 'NONE',  #501 ) ;
#1042 = ORIENTED_EDGE ( 'NONE', *, *, #4396, .F. ) ;
#1043 = CARTESIAN_POINT ( 'NONE',  ( 31.44710678118661917, 15.89075759508248886, -10.99999999999999822 ) ) ;
#1044 = DIRECTION ( 'NONE',  ( -1.000000000000000000, -0.000000000000000000, -0.000000000000000000 ) ) ;
#1045 = ORIENTED_EDGE ( 'NONE', *, *, #2498, .F. ) ;
#1046 = DIRECTION ( 'NONE',  ( 0.000000000000000000, 0.000000000000000000, -1.000000000000000000 ) ) ;
#1047 = DIRECTION ( 'NONE',  ( -0.000000000000000000, -0.000000000000000000, -1.000000000000000000 ) ) ;
#1048 = CYLINDRICAL_SURFACE ( 'NONE', #3221, 1.499999999999999556 ) ;
#1049 = ORIENTED_EDGE ( 'NONE', *, *, #3836, .T. ) ;
#1050 = EDGE_CURVE ( 'NONE', #3395, #1423, #3844, .T. ) ;
#1051 = EDGE_LOOP ( 'NONE', ( #3632, #1710, #2847, #1340, #2500 ) ) ;
#1052 = LINE ( 'NONE', #1098, #4704 ) ;
#1053 = CARTESIAN_POINT ( 'NONE',  ( 5.712049939033713386, 4.290196886287197309, 9.949504294097923918 ) ) ;
#1054 = CARTESIAN_POINT ( 'NONE',  ( 2.248081527171330585, 11.55705452475677042, 10.78191617313166795 ) ) ;
#1055 = ADVANCED_FACE ( 'NONE', ( #2757 ), #4126, .F. ) ;
#1056 = DIRECTION ( 'NONE',  ( 0.2445257841599370041, 0.9470442897697446405, -0.2081207680542425109 ) ) ;
#1057 = ORIENTED_EDGE ( 'NONE', *, *, #2293, .F. ) ;
#1058 = CARTESIAN_POINT ( 'NONE',  ( -0.3175689530758409873, 4.611826524512338210, -8.996005587063558906 ) ) ;
#1059 = CARTESIAN_POINT ( 'NONE',  ( -7.937626670470420365, 7.503768807351991477, 7.615384615384616751 ) ) ;
#1060 = CARTESIAN_POINT ( 'NONE',  ( 4.361833918566492940, -1.806730765889224655, 8.189326857026950179 ) ) ;
#1061 = ORIENTED_EDGE ( 'NONE', *, *, #2498, .T. ) ;
#1062 = CARTESIAN_POINT ( 'NONE',  ( 10.47019600405340256, 26.08255997450875086, -3.386531054498242987 ) ) ;
#1063 = DIRECTION ( 'NONE',  ( -0.7071067811865463515, 0.7071067811865486830, 0.000000000000000000 ) ) ;
#1064 = CARTESIAN_POINT ( 'NONE',  ( -21.99999999999997868, 8.500000000000000000, -8.000000000000000000 ) ) ;
#1065 = ORIENTED_EDGE ( 'NONE', *, *, #2122, .F. ) ;
#1066 = CARTESIAN_POINT ( 'NONE',  ( 28.00000000000002132, -2.499999999999998668, 19.50000000000000000 ) ) ;
#1067 = CARTESIAN_POINT ( 'NONE',  ( 6.035533905932735976, -2.500000000000002220, -6.676251228821180383 ) ) ;
#1068 = FACE_OUTER_BOUND ( 'NONE', #9, .T. ) ;
#1069 = ORIENTED_EDGE ( 'NONE', *, *, #3871, .F. ) ;
#1070 = CARTESIAN_POINT ( 'NONE',  ( -7.129577451207712357, 8.250000000000000000, -8.376701341651767052 ) ) ;
#1071 = ADVANCED_FACE ( 'NONE', ( #3946 ), #1913, .F. ) ;
#1072 = CARTESIAN_POINT ( 'NONE',  ( 6.454435644874930489, 3.648919560647625016, 9.801430261570061475 ) ) ;
#1073 = AXIS2_PLACEMENT_3D ( 'NONE', #933, #175, #1279 ) ;
#1074 = CARTESIAN_POINT ( 'NONE',  ( 0.8868702486635996474, 7.185447449611256587, -8.956310733588821904 ) ) ;
#1075 = EDGE_CURVE ( 'NONE', #2110, #2689, #1878, .T. ) ;
#1076 = ORIENTED_EDGE ( 'NONE', *, *, #447, .T. ) ;
#1077 = CARTESIAN_POINT ( 'NONE',  ( -11.15016448140581318, 25.51438963860839593, -7.000000000000000888 ) ) ;
#1078 = CARTESIAN_POINT ( 'NONE',  ( 5.731006271505593830, 4.796714584357411049, 9.978153612851599519 ) ) ;
#1079 = AXIS2_PLACEMENT_3D ( 'NONE', #4373, #5222, #2793 ) ;
#1080 = CARTESIAN_POINT ( 'NONE',  ( -5.741105730846892463, 10.18931068707292376, -10.07043101321281853 ) ) ;
#1081 = EDGE_CURVE ( 'NONE', #1975, #362, #1088, .T. ) ;
#1082 = VERTEX_POINT ( 'NONE', #3606 ) ;
#1083 = AXIS2_PLACEMENT_3D ( 'NONE', #1360, #2995, #2095 ) ;
#1084 = CARTESIAN_POINT ( 'NONE',  ( 16.95141776686241286, 30.38644660940673603, -10.99999999999999822 ) ) ;
#1085 = FACE_OUTER_BOUND ( 'NONE', #3026, .T. ) ;
#1086 = AXIS2_PLACEMENT_3D ( 'NONE', #3892, #653, #246 ) ;
#1087 = TOROIDAL_SURFACE ( 'NONE', #2724, 3.000000000000000000, 1.000000000000000000 ) ;
#1088 = LINE ( 'NONE', #4293, #1527 ) ;
#1089 = VECTOR ( 'NONE', #620, 1000.000000000000000 ) ;
#1090 = VECTOR ( 'NONE', #4370, 1000.000000000000000 ) ;
#1091 = VECTOR ( 'NONE', #2800, 1000.000000000000000 ) ;
#1092 = ORIENTED_EDGE ( 'NONE', *, *, #3476, .F. ) ;
#1093 = LINE ( 'NONE', #618, #1455 ) ;
#1094 = CARTESIAN_POINT ( 'NONE',  ( 10.22792206135786230, -2.500000000000000444, 1.102182119232617714E-15 ) ) ;
#1095 = CYLINDRICAL_SURFACE ( 'NONE', #3563, 6.000000000000000000 ) ;
#1096 = AXIS2_PLACEMENT_3D ( 'NONE', #3306, #2994, #1275 ) ;
#1097 = AXIS2_PLACEMENT_3D ( 'NONE', #3197, #3961, #4765 ) ;
#1098 = CARTESIAN_POINT ( 'NONE',  ( -2.499999999999998668, 37.50000000000000711, 8.645808232895291212 ) ) ;
#1099 = VERTEX_POINT ( 'NONE', #2382 ) ;
#1100 = CARTESIAN_POINT ( 'NONE',  ( 8.120857249499524144, 2.500000000000001776, 10.55045142312382112 ) ) ;
#1101 = AXIS2_PLACEMENT_3D ( 'NONE', #4619, #4231, #1432 ) ;
#1102 = EDGE_CURVE ( 'NONE', #3205, #46, #1704, .T. ) ;
#1103 =( BOUNDED_CURVE ( )  B_SPLINE_CURVE ( 3, ( #3640, #4027, #4799, #3266 ),
 .UNSPECIFIED., .F., .T. ) 
 B_SPLINE_CURVE_WITH_KNOTS ( ( 4, 4 ),
 ( 5.447426351802933553, 6.283185307179586232 ),
 .UNSPECIFIED. ) 
 CURVE ( )  GEOMETRIC_REPRESENTATION_ITEM ( )  RATIONAL_B_SPLINE_CURVE ( ( 1.000000000000000000, 0.9426343679326283365, 0.9426343679326283365, 1.000000000000000000 ) ) 
 REPRESENTATION_ITEM ( '' )  );
#1104 = CARTESIAN_POINT ( 'NONE',  ( -23.99999999999997868, 8.500000000000000000, -25.00000000000000000 ) ) ;
#1105 = EDGE_LOOP ( 'NONE', ( #1382, #2726, #583, #2857 ) ) ;
#1106 = CARTESIAN_POINT ( 'NONE',  ( -7.773029288511078327, 7.519402398007688504, 7.786946871910786605 ) ) ;
#1107 = CARTESIAN_POINT ( 'NONE',  ( 5.263083837085266836, 3.142333796420323289, -9.887727025889045507 ) ) ;
#1108 = EDGE_CURVE ( 'NONE', #1271, #3473, #1137, .T. ) ;
#1109 = DIRECTION ( 'NONE',  ( 0.000000000000000000, 0.000000000000000000, -1.000000000000000000 ) ) ;
#1110 = ORIENTED_EDGE ( 'NONE', *, *, #2429, .T. ) ;
#1111 = CARTESIAN_POINT ( 'NONE',  ( 7.520056834847035354, 14.39149118609896050, 8.748153266452696641 ) ) ;
#1112 = FACE_OUTER_BOUND ( 'NONE', #3031, .T. ) ;
#1113 = CYLINDRICAL_SURFACE ( 'NONE', #4322, 4.000000000000000000 ) ;
#1114 = DIRECTION ( 'NONE',  ( 0.000000000000000000, 1.000000000000000000, 0.000000000000000000 ) ) ;
#1115 = EDGE_CURVE ( 'NONE', #4047, #3589, #848, .T. ) ;
#1116 = ORIENTED_EDGE ( 'NONE', *, *, #4216, .F. ) ;
#1117 = CARTESIAN_POINT ( 'NONE',  ( 8.426448211751750961, 16.68505416832425681, 8.126751522660580207 ) ) ;
#1118 = CARTESIAN_POINT ( 'NONE',  ( 9.579239353005167601, 23.58206053987487394, 5.426978055612454277 ) ) ;
#1119 = ORIENTED_EDGE ( 'NONE', *, *, #3599, .T. ) ;
#1120 = CARTESIAN_POINT ( 'NONE',  ( -10.41420517618185393, 26.68576817565754311, -6.221732201084235747 ) ) ;
#1121 = FACE_OUTER_BOUND ( 'NONE', #3258, .T. ) ;
#1122 = EDGE_CURVE ( 'NONE', #1012, #1154, #4261, .T. ) ;
#1123 = EDGE_LOOP ( 'NONE', ( #1845, #3459 ) ) ;
#1124 = CARTESIAN_POINT ( 'NONE',  ( 5.011493774261344569, 9.178959316373282107, -9.792085076761727791 ) ) ;
#1125 = CARTESIAN_POINT ( 'NONE',  ( 9.455423133681557957, 2.500000000000001776, -10.21050972477946672 ) ) ;
#1126 = CARTESIAN_POINT ( 'NONE',  ( -30.99999999999997868, 22.50000000000000355, -5.999999999999998224 ) ) ;
#1127 = CARTESIAN_POINT ( 'NONE',  ( -7.937626670470420365, 7.503768807351991477, 7.615384615384616751 ) ) ;
#1128 = CARTESIAN_POINT ( 'NONE',  ( 38.33619407771264775, 20.65852454804885951, -10.99999999999999822 ) ) ;
#1129 = B_SPLINE_CURVE_WITH_KNOTS ( 'NONE', 3,
 ( #2440, #3664, #1619, #1221 ),
 .UNSPECIFIED., .F., .F.,
 ( 4, 4 ),
 ( 0.000000000000000000, 0.0002364533519371963394 ),
 .UNSPECIFIED. ) ;
#1130 = CYLINDRICAL_SURFACE ( 'NONE', #4574, 4.000000000000000000 ) ;
#1131 = ORIENTED_EDGE ( 'NONE', *, *, #3623, .F. ) ;
#1132 = CYLINDRICAL_SURFACE ( 'NONE', #3507, 2.000000000000000000 ) ;
#1133 = CARTESIAN_POINT ( 'NONE',  ( -1.356264665082034471, 8.475780451019367945, 8.898871295623024480 ) ) ;
#1134 = DIRECTION ( 'NONE',  ( -0.7071067811865474617, 0.7071067811865474617, 0.000000000000000000 ) ) ;
#1135 = ORIENTED_EDGE ( 'NONE', *, *, #4116, .T. ) ;
#1136 = EDGE_CURVE ( 'NONE', #3368, #2842, #10, .T. ) ;
#1137 = LINE ( 'NONE', #1193, #5171 ) ;
#1138 = ORIENTED_EDGE ( 'NONE', *, *, #4712, .T. ) ;
#1139 = LINE ( 'NONE', #2050, #4255 ) ;
#1140 = AXIS2_PLACEMENT_3D ( 'NONE', #4299, #3887, #2341 ) ;
#1141 = CARTESIAN_POINT ( 'NONE',  ( 40.10396103067900242, 18.89075759508248353, 15.00000000000000178 ) ) ;
#1142 = VERTEX_POINT ( 'NONE', #2045 ) ;
#1143 = CYLINDRICAL_SURFACE ( 'NONE', #498, 2.000000000000000000 ) ;
#1144 = EDGE_CURVE ( 'NONE', #4717, #328, #2898, .T. ) ;
#1145 = CARTESIAN_POINT ( 'NONE',  ( 0.6690661311810355283, 12.26543071018825160, 11.96390840923077015 ) ) ;
#1146 = ORIENTED_EDGE ( 'NONE', *, *, #4681, .T. ) ;
#1147 = CARTESIAN_POINT ( 'NONE',  ( -31.99999999999997868, 22.50000000000000355, -5.999999999999998224 ) ) ;
#1148 = DIRECTION ( 'NONE',  ( -0.6348648272320452923, 0.000000000000000000, -0.7726232271577299082 ) ) ;
#1149 = CARTESIAN_POINT ( 'NONE',  ( 15.48182239374559011, 4.070562971130669006, -5.975629018076441312 ) ) ;
#1150 = CARTESIAN_POINT ( 'NONE',  ( 5.467084117376012742, 9.178959316373278554, 10.68227462919461423 ) ) ;
#1151 = CARTESIAN_POINT ( 'NONE',  ( -7.156651574464256704, 8.135609859833714097, 8.353658015787770452 ) ) ;
#1152 = CARTESIAN_POINT ( 'NONE',  ( 6.311524777847053791, 3.666976213547389118, -9.824497026165131430 ) ) ;
#1153 = CARTESIAN_POINT ( 'NONE',  ( -6.959004218358442628, 8.970684286889644810, -8.521879619484694857 ) ) ;
#1154 = VERTEX_POINT ( 'NONE', #1672 ) ;
#1155 = CARTESIAN_POINT ( 'NONE',  ( 7.812829745205614351, 15.14165893431398580, -8.560846898352485468 ) ) ;
#1156 = CARTESIAN_POINT ( 'NONE',  ( -0.6566240604330303432, 8.478063541852771223, 8.977614312778504413 ) ) ;
#1157 = CARTESIAN_POINT ( 'NONE',  ( 10.65070420207039525, 37.50000000000000711, 2.750000000000000000 ) ) ;
#1158 = AXIS2_PLACEMENT_3D ( 'NONE', #4810, #4780, #4395 ) ;
#1159 = ORIENTED_EDGE ( 'NONE', *, *, #195, .T. ) ;
#1160 =( BOUNDED_SURFACE ( )  B_SPLINE_SURFACE ( 3, 2, ( 
 ( #3505, #248, #1906 ),
 ( #3018, #3894, #3544 ),
 ( #3919, #5118, #1383 ),
 ( #1885, #1458, #4618 ),
 ( #2658, #2681, #216 ),
 ( #979, #4330, #4230 ) ),
 .UNSPECIFIED., .F., .F., .F. ) 
 B_SPLINE_SURFACE_WITH_KNOTS ( ( 4, 2, 4 ),
 ( 3, 3 ),
 ( 0.000000000000000000, 0.001128924580817885007, 0.002257849161635770013 ),
 ( 0.000000000000000000, 1.000000000000000000 ),
 .UNSPECIFIED. ) 
 GEOMETRIC_REPRESENTATION_ITEM ( )  RATIONAL_B_SPLINE_SURFACE ( (
 ( 1.000000000000000000, 0.8169666230477447000, 1.000000000000000000),
 ( 1.000000000000000000, 0.7996914039523658202, 1.000000000000000000),
 ( 1.000000000000000000, 0.7816895607154663583, 1.000000000000000000),
 ( 1.000000000000000000, 0.7446822081308184238, 1.000000000000000000),
 ( 1.000000000000000000, 0.7255103795652541043, 1.000000000000000000),
 ( 1.000000000000000000, 0.7071067811865475727, 1.000000000000000000) ) ) 
 REPRESENTATION_ITEM ( '' )  SURFACE ( )  );
#1161 = FACE_OUTER_BOUND ( 'NONE', #1274, .T. ) ;
#1162 = AXIS2_PLACEMENT_3D ( 'NONE', #1538, #4409, #4378 ) ;
#1163 = EDGE_CURVE ( 'NONE', #2689, #3004, #601, .T. ) ;
#1164 = EDGE_CURVE ( 'NONE', #1012, #1997, #849, .T. ) ;
#1165 = ORIENTED_EDGE ( 'NONE', *, *, #3803, .F. ) ;
#1166 = CARTESIAN_POINT ( 'NONE',  ( 11.61895003862225018, 0.000000000000000000, 2.000000000000000000 ) ) ;
#1167 = CARTESIAN_POINT ( 'NONE',  ( 5.239972853915132234, 3.177494477017727359, 10.89421924391553631 ) ) ;
#1168 = ORIENTED_EDGE ( 'NONE', *, *, #3692, .T. ) ;
#1169 = AXIS2_PLACEMENT_3D ( 'NONE', #3917, #3472, #3073 ) ;
#1170 = DIRECTION ( 'NONE',  ( 0.9682458365518543664, -0.2499999999999993894, 0.000000000000000000 ) ) ;
#1171 = CIRCLE ( 'NONE', #4569, 6.000000000000000000 ) ;
#1172 = VECTOR ( 'NONE', #114, 999.9999999999998863 ) ;
#1173 = CARTESIAN_POINT ( 'NONE',  ( 3.744412217535862286, 11.32471108073405652, 10.34570605160994639 ) ) ;
#1174 = AXIS2_PLACEMENT_3D ( 'NONE', #3724, #762, #1109 ) ;
#1175 = VECTOR ( 'NONE', #1639, 1000.000000000000000 ) ;
#1176 = AXIS2_PLACEMENT_3D ( 'NONE', #3710, #3767, #2997 ) ;
#1177 = EDGE_CURVE ( 'NONE', #2411, #2459, #4916, .T. ) ;
#1178 = ORIENTED_EDGE ( 'NONE', *, *, #1824, .F. ) ;
#1179 = FACE_OUTER_BOUND ( 'NONE', #2414, .T. ) ;
#1180 = AXIS2_PLACEMENT_3D ( 'NONE', #1300, #3815, #844 ) ;
#1181 = CARTESIAN_POINT ( 'NONE',  ( 11.38494902459724401, 2.499999999999400480, -7.901329539871383645 ) ) ;
#1182 = EDGE_CURVE ( 'NONE', #3482, #3793, #1971, .T. ) ;
#1183 = EDGE_CURVE ( 'NONE', #3233, #1369, #4671, .T. ) ;
#1184 = DIRECTION ( 'NONE',  ( -0.7071067811865486830, -0.7071067811865464625, -0.000000000000000000 ) ) ;
#1185 = DIRECTION ( 'NONE',  ( -0.000000000000000000, -1.000000000000000000, -0.000000000000000000 ) ) ;
#1186 = CARTESIAN_POINT ( 'NONE',  ( 4.973413621663214101, 5.634931476710082876, 11.00169445076337738 ) ) ;
#1187 = CARTESIAN_POINT ( 'NONE',  ( -6.602863965546695191, 8.757426759810147843, -8.812760694263198857 ) ) ;
#1188 = VERTEX_POINT ( 'NONE', #768 ) ;
#1189 = CARTESIAN_POINT ( 'NONE',  ( 8.403441527451468218, 16.62782529552972832, 8.143931600539653815 ) ) ;
#1190 = LINE ( 'NONE', #2408, #4888 ) ;
#1191 = CARTESIAN_POINT ( 'NONE',  ( 6.035533905932735976, -2.500000000000002220, -6.676251228821180383 ) ) ;
#1192 = ORIENTED_EDGE ( 'NONE', *, *, #380, .T. ) ;
#1193 = CARTESIAN_POINT ( 'NONE',  ( 32.00000000000002132, 32.50000000000000711, -2.000000000000000000 ) ) ;
#1194 = ORIENTED_EDGE ( 'NONE', *, *, #4614, .T. ) ;
#1195 = CARTESIAN_POINT ( 'NONE',  ( 6.591489301553981051, 14.77639194904174502, 8.811409899072652152 ) ) ;
#1196 = CARTESIAN_POINT ( 'NONE',  ( 6.745966692414854471, 4.500000000000002665, -25.00000000000000000 ) ) ;
#1197 =( BOUNDED_SURFACE ( )  B_SPLINE_SURFACE ( 3, 2, ( 
 ( #4505, #4089, #750 ),
 ( #451, #4836, #1576 ),
 ( #780, #2506, #4113 ),
 ( #2817, #2394, #425 ),
 ( #1204, #394, #4006 ),
 ( #805, #364, #2446 ),
 ( #3695, #20, #3268 ),
 ( #1628, #4860, #129 ),
 ( #3804, #945, #885 ),
 ( #4220, #2591, #3776 ),
 ( #3382, #1771, #4607 ),
 ( #78, #2174, #1819 ),
 ( #3860, #4195, #598 ),
 ( #4584, #564, #2944 ),
 ( #3410, #2532, #2200 ),
 ( #3832, #5005, #1339 ),
 ( #2236, #537, #3007 ),
 ( #970, #3748, #477 ),
 ( #1717, #1372, #2560 ),
 ( #161, #4949, #2113 ),
 ( #2974, #1796, #3439 ),
 ( #4168, #4552, #5032 ) ),
 .UNSPECIFIED., .F., .F., .F. ) 
 B_SPLINE_SURFACE_WITH_KNOTS ( ( 4, 2, 2, 2, 2, 2, 2, 2, 2, 2, 4 ),
 ( 3, 3 ),
 ( 0.01116642802650109900, 0.01373865113395322107, 0.01631087424140534314, 0.01888309734885746521, 0.02145532045630959075, 0.02402754356376171629, 0.02659976667121383836, 0.02788587822493989940, 0.02917198977866596044, 0.03045810133239202147, 0.03174421288611808251 ),
 ( 0.000000000000000000, 1.000000000000000000 ),
 .UNSPECIFIED. ) 
 GEOMETRIC_REPRESENTATION_ITEM ( )  RATIONAL_B_SPLINE_SURFACE ( (
 ( 1.000000000000000000, 0.9454124165812721747, 1.000000000000000000),
 ( 1.000000000000000000, 0.9367423520663461511, 1.000000000000000000),
 ( 1.000000000000000000, 0.9268610625045980989, 1.000000000000000000),
 ( 1.000000000000000000, 0.9045567631457864799, 1.000000000000000000),
 ( 1.000000000000000000, 0.8921352381998282066, 1.000000000000000000),
 ( 1.000000000000000000, 0.8645236856325357877, 1.000000000000000000),
 ( 1.000000000000000000, 0.8493347263288436588, 1.000000000000000000),
 ( 1.000000000000000000, 0.8158295658726631983, 1.000000000000000000),
 ( 1.000000000000000000, 0.7974576972368708772, 1.000000000000000000),
 ( 1.000000000000000000, 0.7573878443793716775, 1.000000000000000000),
 ( 1.000000000000000000, 0.7357029961924695938, 1.000000000000000000),
 ( 1.000000000000000000, 0.6885511582814191067, 1.000000000000000000),
 ( 1.000000000000000000, 0.6630799312482220653, 1.000000000000000000),
 ( 1.000000000000000000, 0.6215985374742292180, 1.000000000000000000),
 ( 1.000000000000000000, 0.6071799767072857401, 1.000000000000000000),
 ( 1.000000000000000000, 0.5775020622155452310, 1.000000000000000000),
 ( 1.000000000000000000, 0.5622311303275695504, 1.000000000000000000),
 ( 1.000000000000000000, 0.5310034874224687229, 1.000000000000000000),
 ( 1.000000000000000000, 0.5149458632136197922, 1.000000000000000000),
 ( 1.000000000000000000, 0.4831311753677832721, 1.000000000000000000),
 ( 1.000000000000000000, 0.4674030748630663146, 1.000000000000000000),
 ( 1.000000000000000000, 0.4524836323963589702, 1.000000000000000000) ) ) 
 REPRESENTATION_ITEM ( '' )  SURFACE ( )  );
#1198 = VERTEX_POINT ( 'NONE', #4489 ) ;
#1199 = CARTESIAN_POINT ( 'NONE',  ( 0.2871599617601909848, 13.38298726266931915, 10.99999999999999822 ) ) ;
#1200 = CARTESIAN_POINT ( 'NONE',  ( 4.543214957750869587, 8.796250842605674691, 10.68227462919461423 ) ) ;
#1201 = ORIENTED_EDGE ( 'NONE', *, *, #3081, .T. ) ;
#1202 = LINE ( 'NONE', #3856, #1522 ) ;
#1203 = DIRECTION ( 'NONE',  ( 0.000000000000000000, 0.000000000000000000, 1.000000000000000000 ) ) ;
#1204 = CARTESIAN_POINT ( 'NONE',  ( 6.953725290890758082, 12.89757790932100612, -9.081623239979077056 ) ) ;
#1205 = ORIENTED_EDGE ( 'NONE', *, *, #4871, .T. ) ;
#1206 = CARTESIAN_POINT ( 'NONE',  ( 14.08771173496331386, 2.499999999998605116, -5.898138897204015407 ) ) ;
#1207 = ADVANCED_FACE ( 'NONE', ( #1161 ), #5069, .T. ) ;
#1208 = CARTESIAN_POINT ( 'NONE',  ( 6.598422751850543833, 3.647543940564312859, -9.779885332689310928 ) ) ;
#1209 = ORIENTED_EDGE ( 'NONE', *, *, #3599, .F. ) ;
#1210 = CARTESIAN_POINT ( 'NONE',  ( -6.809475019311105548, 8.000000000000000000, 25.00000000000000000 ) ) ;
#1211 = EDGE_CURVE ( 'NONE', #3768, #3905, #3201, .T. ) ;
#1212 = CARTESIAN_POINT ( 'NONE',  ( 0.000000000000000000, 37.50000000000000711, 0.000000000000000000 ) ) ;
#1213 = ORIENTED_EDGE ( 'NONE', *, *, #1873, .F. ) ;
#1214 = CARTESIAN_POINT ( 'NONE',  ( 12.29925138167211074, 25.90527824266831303, 2.727272727272544550 ) ) ;
#1215 = CARTESIAN_POINT ( 'NONE',  ( 14.83009742330277270, 32.50776695296637797, -10.99999999999999822 ) ) ;
#1216 = CARTESIAN_POINT ( 'NONE',  ( 21.71918471982879595, 37.27553390593275395, 15.00000000000000533 ) ) ;
#1217 = ORIENTED_EDGE ( 'NONE', *, *, #3469, .T. ) ;
#1218 = DIRECTION ( 'NONE',  ( 1.000000000000000000, 0.000000000000000000, 0.000000000000000000 ) ) ;
#1219 = EDGE_LOOP ( 'NONE', ( #3487, #4442, #2248 ) ) ;
#1220 = CARTESIAN_POINT ( 'NONE',  ( -27.99999999999997868, -2.499999999999998668, 21.00000000000000000 ) ) ;
#1221 = CARTESIAN_POINT ( 'NONE',  ( -7.937626670470420365, 7.503768807351991477, 7.615384615384616751 ) ) ;
#1222 = B_SPLINE_CURVE_WITH_KNOTS ( 'NONE', 3,
 ( #634, #655, #1077, #2298, #2325, #3938, #1984, #5196 ),
 .UNSPECIFIED., .F., .F.,
 ( 4, 2, 2, 4 ),
 ( 0.000000000000000000, 0.0005730309542653162693, 0.001146061908530632539, 0.002292123817061265077 ),
 .UNSPECIFIED. ) ;
#1223 = ORIENTED_EDGE ( 'NONE', *, *, #4333, .F. ) ;
#1224 = CARTESIAN_POINT ( 'NONE',  ( -7.937626670470418588, 28.50000000000000355, 7.615384615384615863 ) ) ;
#1225 = CARTESIAN_POINT ( 'NONE',  ( 1.919216645978742530, 12.78695406737201168, -10.83449929551309232 ) ) ;
#1226 = FACE_BOUND ( 'NONE', #3821, .T. ) ;
#1227 = VERTEX_POINT ( 'NONE', #355 ) ;
#1228 = LINE ( 'NONE', #2894, #2877 ) ;
#1229 = AXIS2_PLACEMENT_3D ( 'NONE', #4803, #2445, #1203 ) ;
#1230 = DIRECTION ( 'NONE',  ( 0.000000000000000000, -0.000000000000000000, -1.000000000000000000 ) ) ;
#1231 = EDGE_CURVE ( 'NONE', #5183, #2040, #3486, .T. ) ;
#1232 = EDGE_CURVE ( 'NONE', #1629, #4351, #1806, .T. ) ;
#1233 = CARTESIAN_POINT ( 'NONE',  ( 6.315071510520793296, 3.665701809820823609, -9.823871687746597914 ) ) ;
#1234 = FACE_OUTER_BOUND ( 'NONE', #4735, .T. ) ;
#1235 = CARTESIAN_POINT ( 'NONE',  ( -1.075058081617000881E-15, 13.42820323027551410, -11.00000000000000000 ) ) ;
#1236 = EDGE_CURVE ( 'NONE', #4192, #4253, #4798, .T. ) ;
#1237 = ORIENTED_EDGE ( 'NONE', *, *, #1921, .F. ) ;
#1238 = CARTESIAN_POINT ( 'NONE',  ( -9.222509670694053696, 26.30844368476073214, -7.000000000000000888 ) ) ;
#1239 = ORIENTED_EDGE ( 'NONE', *, *, #915, .T. ) ;
#1240 = FACE_OUTER_BOUND ( 'NONE', #111, .T. ) ;
#1241 = ORIENTED_EDGE ( 'NONE', *, *, #213, .T. ) ;
#1242 = DIRECTION ( 'NONE',  ( 0.000000000000000000, 0.000000000000000000, 1.000000000000000000 ) ) ;
#1243 = EDGE_CURVE ( 'NONE', #2829, #1099, #569, .T. ) ;
#1244 = DIRECTION ( 'NONE',  ( 0.7071067811865457964, -0.7071067811865492381, 0.000000000000000000 ) ) ;
#1245 = VERTEX_POINT ( 'NONE', #3765 ) ;
#1246 = VECTOR ( 'NONE', #1616, 1000.000000000000000 ) ;
#1247 = CARTESIAN_POINT ( 'NONE',  ( 0.000000000000000000, 37.50000000000000711, 0.000000000000000000 ) ) ;
#1248 = CARTESIAN_POINT ( 'NONE',  ( 0.9769595705545220943, 6.150508511339282336, 8.946933591891392368 ) ) ;
#1249 = ORIENTED_EDGE ( 'NONE', *, *, #2229, .F. ) ;
#1250 = CARTESIAN_POINT ( 'NONE',  ( 4.378908048079514614, 10.46388050030618189, 10.09235503998041317 ) ) ;
#1251 = CARTESIAN_POINT ( 'NONE',  ( 4.496253090238321981, 8.909618128796440217, 10.05578024076263866 ) ) ;
#1252 = CARTESIAN_POINT ( 'NONE',  ( -23.99999999999997868, 0.000000000000000000, 25.00000000000000000 ) ) ;
#1253 = AXIS2_PLACEMENT_3D ( 'NONE', #4356, #2827, #4433 ) ;
#1254 = VERTEX_POINT ( 'NONE', #3427 ) ;
#1255 = AXIS2_PLACEMENT_3D ( 'NONE', #1501, #2451, #4061 ) ;
#1256 = CARTESIAN_POINT ( 'NONE',  ( 2.499999999999999112, 29.50000000000000711, -12.18351418237184980 ) ) ;
#1257 = VECTOR ( 'NONE', #1899, 1000.000000000000000 ) ;
#1258 = ORIENTED_EDGE ( 'NONE', *, *, #59, .F. ) ;
#1259 = CARTESIAN_POINT ( 'NONE',  ( 17.83009742330279224, 35.50776695296639218, 11.00000000000000178 ) ) ;
#1260 = CIRCLE ( 'NONE', #2802, 1.000000000000000000 ) ;
#1261 = LINE ( 'NONE', #2087, #668 ) ;
#1262 = VECTOR ( 'NONE', #353, 1000.000000000000000 ) ;
#1263 = PRODUCT_DEFINITION_FORMATION_WITH_SPECIFIED_SOURCE ( 'ANY', '', #5200, .NOT_KNOWN. ) ;
#1264 = FACE_OUTER_BOUND ( 'NONE', #845, .T. ) ;
#1265 = VERTEX_POINT ( 'NONE', #3370 ) ;
#1266 = DIRECTION ( 'NONE',  ( 0.000000000000000000, 0.000000000000000000, -1.000000000000000000 ) ) ;
#1267 = CARTESIAN_POINT ( 'NONE',  ( -6.179261396793410910, 10.52069658798524010, 9.102820048432111122 ) ) ;
#1268 = EDGE_CURVE ( 'NONE', #560, #432, #4185, .T. ) ;
#1269 = AXIS2_PLACEMENT_3D ( 'NONE', #3633, #1942, #5233 ) ;
#1270 = AXIS2_PLACEMENT_3D ( 'NONE', #2953, #2182, #3362 ) ;
#1271 = VERTEX_POINT ( 'NONE', #2605 ) ;
#1273 = VECTOR ( 'NONE', #2890, 1000.000000000000000 ) ;
#1272 = CARTESIAN_POINT ( 'NONE',  ( -9.101432385142828707, 27.17500094137378142, -6.988929822280995907 ) ) ;
#1274 = EDGE_LOOP ( 'NONE', ( #3267, #1057, #1892, #3220 ) ) ;
#1275 = DIRECTION ( 'NONE',  ( 0.000000000000000000, 0.000000000000000000, 1.000000000000000000 ) ) ;
#1276 = EDGE_LOOP ( 'NONE', ( #1388, #2696, #721 ) ) ;
#1277 = CARTESIAN_POINT ( 'NONE',  ( 18.89397313900390074, 32.50000000000000711, 2.727272727272728403 ) ) ;
#1278 = AXIS2_PLACEMENT_3D ( 'NONE', #2778, #4381, #1641 ) ;
#1279 = DIRECTION ( 'NONE',  ( 0.000000000000000000, -0.000000000000000000, 1.000000000000000000 ) ) ;
#1280 = EDGE_CURVE ( 'NONE', #365, #4071, #1327, .T. ) ;
#1281 = CARTESIAN_POINT ( 'NONE',  ( 5.731006271505593830, 4.796714584357411049, -9.978153612851597742 ) ) ;
#1282 = CARTESIAN_POINT ( 'NONE',  ( -21.99999999999997868, 8.500000000000000000, -8.000000000000000000 ) ) ;
#1283 = ORIENTED_EDGE ( 'NONE', *, *, #2027, .T. ) ;
#1284 = CARTESIAN_POINT ( 'NONE',  ( 40.10396103067900242, 18.89075759508248353, -10.99999999999999822 ) ) ;
#1285 = CARTESIAN_POINT ( 'NONE',  ( 3.853818216076591252, 10.04641180488537344, 10.32037542157675780 ) ) ;
#1286 = EDGE_CURVE ( 'NONE', #5188, #2587, #734, .T. ) ;
#1287 = CARTESIAN_POINT ( 'NONE',  ( 4.276012429667784609, 9.374613314202095538, -10.83823451213192079 ) ) ;
#1288 = CARTESIAN_POINT ( 'NONE',  ( 12.12234056498206236, 3.910587645951527414, -8.986205171558111715 ) ) ;
#1289 = ORIENTED_EDGE ( 'NONE', *, *, #4005, .F. ) ;
#1290 = CARTESIAN_POINT ( 'NONE',  ( 14.83009742330277447, 32.50776695296637797, 11.00000000000000178 ) ) ;
#1291 = ORIENTED_EDGE ( 'NONE', *, *, #856, .F. ) ;
#1292 = CARTESIAN_POINT ( 'NONE',  ( 3.744412217535719289, 11.32471108073405830, -10.34570605161000501 ) ) ;
#1293 = FACE_BOUND ( 'NONE', #2067, .T. ) ;
#1294 = CARTESIAN_POINT ( 'NONE',  ( -1.291993155481337752, 12.50137523167364861, 11.93074025960365070 ) ) ;
#1295 = DIRECTION ( 'NONE',  ( 0.000000000000000000, 0.000000000000000000, 1.000000000000000000 ) ) ;
#1296 = FACE_OUTER_BOUND ( 'NONE', #4709, .T. ) ;
#1297 = VERTEX_POINT ( 'NONE', #4517 ) ;
#1298 = CARTESIAN_POINT ( 'NONE',  ( -9.442021297898088861, 26.92283044367692924, -6.960435211162760538 ) ) ;
#1299 = EDGE_LOOP ( 'NONE', ( #2166, #2154, #3855, #1092 ) ) ;
#1300 = CARTESIAN_POINT ( 'NONE',  ( -27.99999999999997868, 12.50000000000000000, -21.00000000000000000 ) ) ;
#1301 = CARTESIAN_POINT ( 'NONE',  ( 28.00000000000002132, -2.499999999999998668, 21.00000000000000000 ) ) ;
#1302 = CARTESIAN_POINT ( 'NONE',  ( -21.99999999999997868, 6.500000000000000888, -25.00000000000000000 ) ) ;
#1303 = FACE_OUTER_BOUND ( 'NONE', #262, .T. ) ;
#1304 = CARTESIAN_POINT ( 'NONE',  ( 10.47678488312520528, 26.10093617687400069, 3.365488914551971078 ) ) ;
#1305 = DIRECTION ( 'NONE',  ( 1.000000000000000000, 0.000000000000000000, -0.000000000000000000 ) ) ;
#1306 = ADVANCED_FACE ( 'NONE', ( #3849 ), #578, .T. ) ;
#1307 = EDGE_LOOP ( 'NONE', ( #990, #3202 ) ) ;
#1308 = CARTESIAN_POINT ( 'NONE',  ( 18.46662954709583460, 3.500000000000001332, 3.000000000000000000 ) ) ;
#1309 = CARTESIAN_POINT ( 'NONE',  ( 5.944228834344444046, 3.871135915596592536, 9.892973138196671457 ) ) ;
#1310 =( BOUNDED_CURVE ( )  B_SPLINE_CURVE ( 3, ( #4918, #3437, #1288, #158 ),
 .UNSPECIFIED., .F., .T. ) 
 B_SPLINE_CURVE_WITH_KNOTS ( ( 4, 4 ),
 ( 3.417819284353383669, 4.502185769782220071 ),
 .UNSPECIFIED. ) 
 CURVE ( )  GEOMETRIC_REPRESENTATION_ITEM ( )  RATIONAL_B_SPLINE_CURVE ( ( 1.000000000000000000, 0.9043894362954976174, 0.9043894362954976174, 1.000000000000000000 ) ) 
 REPRESENTATION_ITEM ( '' )  );
#1311 = ORIENTED_EDGE ( 'NONE', *, *, #49, .T. ) ;
#1312 = LINE ( 'NONE', #4582, #5187 ) ;
#1313 = EDGE_CURVE ( 'NONE', #1345, #1198, #1385, .T. ) ;
#1314 = DIRECTION ( 'NONE',  ( 1.000000000000000000, 0.000000000000000000, 0.000000000000000000 ) ) ;
#1315 = VERTEX_POINT ( 'NONE', #2996 ) ;
#1316 = CARTESIAN_POINT ( 'NONE',  ( 18.89075759508260788, 40.10396103067894558, 15.00000000000000533 ) ) ;
#1317 = CARTESIAN_POINT ( 'NONE',  ( -1.712724181889867969, 12.46662374621240765, -10.87049478708968309 ) ) ;
#1318 = DIRECTION ( 'NONE',  ( -0.7071067811865464625, 0.7071067811865486830, 0.000000000000000000 ) ) ;
#1319 = CARTESIAN_POINT ( 'NONE',  ( 3.757413619031340968, 10.16945521167216349, 11.10673194135596376 ) ) ;
#1320 = ORIENTED_EDGE ( 'NONE', *, *, #1954, .F. ) ;
#1321 = CARTESIAN_POINT ( 'NONE',  ( 6.443456207005674230, 2.517287515906757811, 10.78157328933354009 ) ) ;
#1322 = CARTESIAN_POINT ( 'NONE',  ( -5.358855665842670035, 11.55545242405839801, -9.607577413433126878 ) ) ;
#1323 = CARTESIAN_POINT ( 'NONE',  ( -8.165966929579122180, 28.14522833759988529, -7.377382226516470354 ) ) ;
#1324 = ORIENTED_EDGE ( 'NONE', *, *, #896, .T. ) ;
#1325 = CYLINDRICAL_SURFACE ( 'NONE', #5000, 9.000000000000000000 ) ;
#1326 = CARTESIAN_POINT ( 'NONE',  ( 30.38644660940679998, 16.95141776686230983, -10.99999999999999822 ) ) ;
#1327 = LINE ( 'NONE', #3791, #2548 ) ;
#1328 = CARTESIAN_POINT ( 'NONE',  ( 5.031407519636842629, 6.277927230502736045, -11.01421115580335730 ) ) ;
#1329 = VERTEX_POINT ( 'NONE', #2960 ) ;
#1330 = CARTESIAN_POINT ( 'NONE',  ( 10.33672931689827479, 23.43723493203665598, 3.950543156588843807 ) ) ;
#1331 = EDGE_LOOP ( 'NONE', ( #2386, #1178, #1076, #4369, #81, #1884, #4553, #1889, #2379, #2509, #1841 ) ) ;
#1332 = CARTESIAN_POINT ( 'NONE',  ( -31.99999999999997868, 12.50000000000000000, 25.00000000000000000 ) ) ;
#1333 = CARTESIAN_POINT ( 'NONE',  ( 5.709200314733944737, 4.302242008927451344, 9.950557491126581056 ) ) ;
#1334 = ADVANCED_FACE ( 'NONE', ( #4232, #2218 ), #466, .T. ) ;
#1335 = ADVANCED_FACE ( 'NONE', ( #3308 ), #2163, .F. ) ;
#1336 = ORIENTED_EDGE ( 'NONE', *, *, #5173, .T. ) ;
#1337 = DIRECTION ( 'NONE',  ( 0.000000000000000000, -0.000000000000000000, -1.000000000000000000 ) ) ;
#1338 = CARTESIAN_POINT ( 'NONE',  ( -9.380831519646855909, 26.14973472408727773, -6.000000000000000888 ) ) ;
#1339 = CARTESIAN_POINT ( 'NONE',  ( 9.837820902960906722, 24.31035941037247028, -4.927469903384559480 ) ) ;
#1340 = ORIENTED_EDGE ( 'NONE', *, *, #132, .F. ) ;
#1341 = DIRECTION ( 'NONE',  ( -1.000000000000000000, 0.000000000000000000, 0.000000000000000000 ) ) ;
#1342 = AXIS2_PLACEMENT_3D ( 'NONE', #3354, #4948, #5165 ) ;
#1343 = ADVANCED_FACE ( 'NONE', ( #4905 ), #2911, .F. ) ;
#1344 = AXIS2_PLACEMENT_3D ( 'NONE', #4669, #4612, #2678 ) ;
#1345 = VERTEX_POINT ( 'NONE', #1302 ) ;
#1346 = CIRCLE ( 'NONE', #4318, 1.500000000000001332 ) ;
#1347 = CARTESIAN_POINT ( 'NONE',  ( 0.04468265194213221631, 12.41708031371203802, -12.00357118843934678 ) ) ;
#1348 = CARTESIAN_POINT ( 'NONE',  ( 0.000000000000000000, 3.500000000000002220, -2.999999999999999112 ) ) ;
#1349 = CARTESIAN_POINT ( 'NONE',  ( -9.380831519646857686, 0.000000000000000000, -7.000000000000000000 ) ) ;
#1350 = AXIS2_PLACEMENT_3D ( 'NONE', #5184, #4830, #1170 ) ;
#1351 = CARTESIAN_POINT ( 'NONE',  ( -7.676928480228067286, 6.697289275645804452, 7.885502939352245555 ) ) ;
#1352 = CARTESIAN_POINT ( 'NONE',  ( 5.031672207226653093, 6.281186504134623760, 11.01426156765205810 ) ) ;
#1353 = AXIS2_PLACEMENT_3D ( 'NONE', #3908, #5185, #719 ) ;
#1354 = EDGE_CURVE ( 'NONE', #2863, #808, #3302, .T. ) ;
#1355 = AXIS2_PLACEMENT_3D ( 'NONE', #1509, #3156, #3049 ) ;
#1356 = LINE ( 'NONE', #4151, #156 ) ;
#1357 = ORIENTED_EDGE ( 'NONE', *, *, #2090, .F. ) ;
#1358 = CARTESIAN_POINT ( 'NONE',  ( 26.66893218813461530, 26.66893218813453359, 0.000000000000000000 ) ) ;
#1359 = ORIENTED_EDGE ( 'NONE', *, *, #1377, .F. ) ;
#1360 = CARTESIAN_POINT ( 'NONE',  ( -27.99999999999997868, -6.742640687119290099, 21.00000000000000000 ) ) ;
#1361 = CIRCLE ( 'NONE', #4817, 4.000000000000000000 ) ;
#1362 = LINE ( 'NONE', #959, #4312 ) ;
#1363 = DIRECTION ( 'NONE',  ( 1.000000000000000000, 0.000000000000000000, 0.000000000000000000 ) ) ;
#1364 = ORIENTED_EDGE ( 'NONE', *, *, #791, .T. ) ;
#1365 = CARTESIAN_POINT ( 'NONE',  ( -22.99999999999997868, 8.500000000000000000, 7.000000000000000000 ) ) ;
#1366 = ORIENTED_EDGE ( 'NONE', *, *, #1730, .F. ) ;
#1367 = LINE ( 'NONE', #4912, #4251 ) ;
#1368 = DIRECTION ( 'NONE',  ( 0.000000000000000000, -0.000000000000000000, 1.000000000000000000 ) ) ;
#1369 = VERTEX_POINT ( 'NONE', #115 ) ;
#1370 = CARTESIAN_POINT ( 'NONE',  ( 11.61895003862224307, 26.58557958571798707, -2.000000000000000000 ) ) ;
#1371 = CARTESIAN_POINT ( 'NONE',  ( -7.937626670470418588, 28.50000000000000355, 7.615384615384616751 ) ) ;
#1372 = CARTESIAN_POINT ( 'NONE',  ( 10.68327625236315548, 24.32806675639385929, -2.867434345186032019 ) ) ;
#1373 = VERTEX_POINT ( 'NONE', #4990 ) ;
#1374 = LINE ( 'NONE', #3834, #4247 ) ;
#1375 = CARTESIAN_POINT ( 'NONE',  ( 1.024369833809962049, 12.15128686296892369, -10.95830242963196355 ) ) ;
#1376 = CARTESIAN_POINT ( 'NONE',  ( -2.500000000000000888, 29.50000000000000711, -12.18351418237184980 ) ) ;
#1377 = EDGE_CURVE ( 'NONE', #3529, #2444, #4058, .T. ) ;
#1378 = CYLINDRICAL_SURFACE ( 'NONE', #1344, 2.000000000000000000 ) ;
#1379 = CARTESIAN_POINT ( 'NONE',  ( -4.464459859091002514, 11.41624701706540357, 10.06627288561543843 ) ) ;
#1380 = CYLINDRICAL_SURFACE ( 'NONE', #1086, 0.9999999999999995559 ) ;
#1381 = EDGE_CURVE ( 'NONE', #4922, #3395, #1362, .T. ) ;
#1382 = ORIENTED_EDGE ( 'NONE', *, *, #3245, .F. ) ;
#1383 = CARTESIAN_POINT ( 'NONE',  ( -10.41577369242198436, 26.68514342764423120, -6.221392366613487823 ) ) ;
#1384 = CARTESIAN_POINT ( 'NONE',  ( -6.864150867655592236, 7.788241349922034651, 9.114951793357652932 ) ) ;
#1385 = LINE ( 'NONE', #981, #3212 ) ;
#1386 = CARTESIAN_POINT ( 'NONE',  ( -4.715498380923184740, 11.22046735867225031, -10.75301340754429447 ) ) ;
#1387 = LINE ( 'NONE', #3023, #5251 ) ;
#1388 = ORIENTED_EDGE ( 'NONE', *, *, #4794, .T. ) ;
#1389 = CARTESIAN_POINT ( 'NONE',  ( 10.65070420207040058, 26.58557958571801194, -2.749999999999981348 ) ) ;
#1390 = ORIENTED_EDGE ( 'NONE', *, *, #4186, .T. ) ;
#1391 = CARTESIAN_POINT ( 'NONE',  ( 32.00000000000002132, 32.50000000000000711, 2.000000000000000000 ) ) ;
#1392 = CARTESIAN_POINT ( 'NONE',  ( 5.781850734775477285, 4.103141761618029904, 9.929515224138514284 ) ) ;
#1393 = ORIENTED_EDGE ( 'NONE', *, *, #3084, .T. ) ;
#1394 = CARTESIAN_POINT ( 'NONE',  ( -2.500000000000000888, 29.50000000000000711, -12.18351418237184980 ) ) ;
#1395 = CARTESIAN_POINT ( 'NONE',  ( 18.89075759508260788, 40.10396103067894558, -14.99999999999999467 ) ) ;
#1396 = FACE_OUTER_BOUND ( 'NONE', #1105, .T. ) ;
#1397 = ORIENTED_EDGE ( 'NONE', *, *, #387, .F. ) ;
#1398 = DIRECTION ( 'NONE',  ( 0.000000000000000000, 1.838806884535415520E-13, -1.000000000000000000 ) ) ;
#1399 = PRODUCT_RELATED_PRODUCT_CATEGORY ( 'part', '', ( #5200 ) ) ;
#1400 = VERTEX_POINT ( 'NONE', #4034 ) ;
#1401 = CARTESIAN_POINT ( 'NONE',  ( 1.575830919992594836, 11.92851728585767113, -11.83649389728527801 ) ) ;
#1402 = CARTESIAN_POINT ( 'NONE',  ( 34.44710678118662628, 18.89075759508249419, 10.99999999999999822 ) ) ;
#1403 = CARTESIAN_POINT ( 'NONE',  ( 6.150074381506093424, 2.584908946770020588, 10.80662169012184926 ) ) ;
#1404 = CARTESIAN_POINT ( 'NONE',  ( -2.185968578607980106, 13.37154057977347144, 10.78583279001272288 ) ) ;
#1405 = EDGE_CURVE ( 'NONE', #2514, #5036, #5144, .T. ) ;
#1406 = CARTESIAN_POINT ( 'NONE',  ( -3.979428888716464385, 12.66595442981911113, 10.26185176703947910 ) ) ;
#1407 = ORIENTED_EDGE ( 'NONE', *, *, #4479, .F. ) ;
#1408 = CARTESIAN_POINT ( 'NONE',  ( -2.884714135895628306, 5.807866047572970203, -8.525303405050085104 ) ) ;
#1409 = CARTESIAN_POINT ( 'NONE',  ( 6.015044512661775755, 7.647148365682347126, 9.946956316952004329 ) ) ;
#1410 = EDGE_CURVE ( 'NONE', #1741, #4802, #1498, .T. ) ;
#1411 = DIRECTION ( 'NONE',  ( 0.000000000000000000, 1.000000000000000000, 0.000000000000000000 ) ) ;
#1412 = ORIENTED_EDGE ( 'NONE', *, *, #3867, .T. ) ;
#1413 = FACE_OUTER_BOUND ( 'NONE', #5235, .T. ) ;
#1414 = CARTESIAN_POINT ( 'NONE',  ( 4.636059436396704037, 8.572121625873334594, 9.613581166310876114 ) ) ;
#1415 = CARTESIAN_POINT ( 'NONE',  ( 6.457121378981584670, 3.648661931992335017, 9.801006647465143828 ) ) ;
#1416 = EDGE_CURVE ( 'NONE', #60, #1421, #2268, .T. ) ;
#1417 = B_SPLINE_CURVE_WITH_KNOTS ( 'NONE', 3,
 ( #173, #1859, #3451, #1408, #1479, #3122, #5045, #3043, #4711, #3474, #686, #1008, #3103, #1431, #4264, #1058, #4692, #609 ),
 .UNSPECIFIED., .F., .F.,
 ( 4, 2, 2, 2, 2, 2, 2, 2, 4 ),
 ( 0.004208916782978724437, 0.004735057479760924545, 0.005261198176543125521, 0.005787338873325325629, 0.006313479570107525737, 0.006839620266889725846, 0.007365760963671926821, 0.007891901660454126929, 0.008418042357236326170 ),
 .UNSPECIFIED. ) ;
#1418 = VERTEX_POINT ( 'NONE', #3715 ) ;
#1419 = CARTESIAN_POINT ( 'NONE',  ( -10.04183708634998951, 25.77771514049049273, 7.000000000000000000 ) ) ;
#1420 = DIRECTION ( 'NONE',  ( 0.5556380836598631134, -0.8314242719495233969, 0.000000000000000000 ) ) ;
#1421 = VERTEX_POINT ( 'NONE', #390 ) ;
#1422 = CARTESIAN_POINT ( 'NONE',  ( -2.536441150181262483, 7.792143316093403271, -8.636133582870741066 ) ) ;
#1423 = VERTEX_POINT ( 'NONE', #2631 ) ;
#1424 = CARTESIAN_POINT ( 'NONE',  ( 5.742895799985651806, 2.764827839683003052, -10.84402485451189690 ) ) ;
#1425 = VECTOR ( 'NONE', #3968, 1000.000000000000000 ) ;
#1426 = CARTESIAN_POINT ( 'NONE',  ( 32.00000000000002132, 18.39397313900376218, -2.727272727272728403 ) ) ;
#1427 = CARTESIAN_POINT ( 'NONE',  ( 4.809475019311139299, 4.999999999999999112, 10.97596897413676231 ) ) ;
#1428 = CARTESIAN_POINT ( 'NONE',  ( -1.136314517583244976, 12.50636437307569260, 10.94500947865457263 ) ) ;
#1429 = AXIS2_PLACEMENT_3D ( 'NONE', #871, #1638, #4181 ) ;
#1430 = CARTESIAN_POINT ( 'NONE',  ( -3.263600792977989329, 13.01866635766729452, 10.50655980021814173 ) ) ;
#1431 = CARTESIAN_POINT ( 'NONE',  ( -0.8310566488780209982, 4.499327968717031112, -8.963312521269743982 ) ) ;
#1432 = DIRECTION ( 'NONE',  ( 0.000000000000000000, 0.000000000000000000, 1.000000000000000000 ) ) ;
#1433 = AXIS2_PLACEMENT_3D ( 'NONE', #4449, #2537, #4175 ) ;
#1434 = AXIS2_PLACEMENT_3D ( 'NONE', #2188, #1040, #3045 ) ;
#1435 = LINE ( 'NONE', #3818, #3914 ) ;
#1436 = VERTEX_POINT ( 'NONE', #3021 ) ;
#1437 = CARTESIAN_POINT ( 'NONE',  ( 19.95141776686242707, 33.38644660940673958, 11.00000000000000178 ) ) ;
#1438 = ORIENTED_EDGE ( 'NONE', *, *, #1775, .T. ) ;
#1439 = CIRCLE ( 'NONE', #4488, 1.000000000000000888 ) ;
#1440 = ADVANCED_FACE ( 'NONE', ( #4233 ), #2917, .F. ) ;
#1441 = DIRECTION ( 'NONE',  ( -0.000000000000000000, -1.000000000000000000, -0.000000000000000000 ) ) ;
#1442 = AXIS2_PLACEMENT_3D ( 'NONE', #2101, #1592, #2468 ) ;
#1443 = AXIS2_PLACEMENT_3D ( 'NONE', #4519, #4573, #2190 ) ;
#1444 = ORIENTED_EDGE ( 'NONE', *, *, #5237, .F. ) ;
#1445 = AXIS2_PLACEMENT_3D ( 'NONE', #3568, #2404, #4402 ) ;
#1446 = DIRECTION ( 'NONE',  ( -0.000000000000000000, -1.000000000000000000, -0.000000000000000000 ) ) ;
#1447 = DIRECTION ( 'NONE',  ( -0.7071067811865451302, 0.7071067811865499042, 0.000000000000000000 ) ) ;
#1448 = EDGE_CURVE ( 'NONE', #3581, #2861, #4983, .T. ) ;
#1449 = CARTESIAN_POINT ( 'NONE',  ( -0.9999999999999794609, 6.500000000000000888, 10.00000000000000178 ) ) ;
#1450 = DIRECTION ( 'NONE',  ( -0.7071067811865467956, 0.7071067811865484609, 0.000000000000000000 ) ) ;
#1451 = CYLINDRICAL_SURFACE ( 'NONE', #2301, 1.500000000000001332 ) ;
#1452 = ADVANCED_FACE ( 'NONE', ( #3289 ), #4109, .T. ) ;
#1453 = CARTESIAN_POINT ( 'NONE',  ( 22.77984489160862935, 36.21487373415292410, -10.99999999999999822 ) ) ;
#1454 = CARTESIAN_POINT ( 'NONE',  ( 1.575830919992410983, 11.92851728585774573, 11.83649389728494761 ) ) ;
#1455 = VECTOR ( 'NONE', #203, 1000.000000000000000 ) ;
#1456 = DIRECTION ( 'NONE',  ( -1.067871377262452863E-16, -0.000000000000000000, -1.000000000000000000 ) ) ;
#1457 = EDGE_LOOP ( 'NONE', ( #2130, #4159, #2369, #685, #4329, #4056 ) ) ;
#1458 = CARTESIAN_POINT ( 'NONE',  ( -10.95453746731473998, 26.43857175368628276, -7.000000000000000888 ) ) ;
#1459 = CARTESIAN_POINT ( 'NONE',  ( 0.000000000000000000, 37.50000000000000711, -9.000000000000000000 ) ) ;
#1460 = CARTESIAN_POINT ( 'NONE',  ( 0.000000000000000000, 37.50000000000000711, 0.000000000000000000 ) ) ;
#1461 = VERTEX_POINT ( 'NONE', #4391 ) ;
#1462 = DIRECTION ( 'NONE',  ( -1.000000000000000000, 0.000000000000000000, -0.000000000000000000 ) ) ;
#1463 = ORIENTED_EDGE ( 'NONE', *, *, #3595, .F. ) ;
#1464 = DIRECTION ( 'NONE',  ( 0.000000000000000000, 0.000000000000000000, 1.000000000000000000 ) ) ;
#1465 = EDGE_CURVE ( 'NONE', #5036, #692, #3098, .T. ) ;
#1466 = EDGE_CURVE ( 'NONE', #3243, #3024, #5190, .T. ) ;
#1467 = VERTEX_POINT ( 'NONE', #1851 ) ;
#1468 = CARTESIAN_POINT ( 'NONE',  ( 18.89397313900390074, 32.50000000000000711, 2.727272727272728403 ) ) ;
#1469 = CARTESIAN_POINT ( 'NONE',  ( 0.000000000000000000, 6.500000000000000888, 8.000000000000000000 ) ) ;
#1470 = VERTEX_POINT ( 'NONE', #1919 ) ;
#1471 = FACE_OUTER_BOUND ( 'NONE', #3431, .T. ) ;
#1472 = ADVANCED_FACE ( 'NONE', ( #3591 ), #1524, .F. ) ;
#1473 = ORIENTED_EDGE ( 'NONE', *, *, #4615, .F. ) ;
#1474 = CARTESIAN_POINT ( 'NONE',  ( 6.168761120217443050, 32.50000000000000711, 2.000000000000000000 ) ) ;
#1475 = LINE ( 'NONE', #3840, #4242 ) ;
#1476 =( BOUNDED_SURFACE ( )  B_SPLINE_SURFACE ( 3, 2, ( 
 ( #1723, #3361, #2089 ),
 ( #3784, #3727, #4957 ),
 ( #1321, #2951, #1072 ),
 ( #1403, #2698, #3866 ),
 ( #1826, #4281, #2243 ),
 ( #5063, #4707, #137 ),
 ( #192, #3523, #3014 ),
 ( #210, #571, #2720 ),
 ( #3811, #1852, #5115 ),
 ( #3467, #5014, #1779 ),
 ( #2288, #3889, #1053 ),
 ( #3445, #605, #4323 ),
 ( #4301, #4257, #2210 ),
 ( #1427, #650, #1001 ) ),
 .UNSPECIFIED., .F., .F., .T. ) 
 B_SPLINE_SURFACE_WITH_KNOTS ( ( 4, 2, 2, 2, 2, 2, 4 ),
 ( 3, 3 ),
 ( 0.000000000000000000, 0.0002285630098011793047, 0.0004571260196023586094, 0.0009142520392047172187, 0.001142815049005896496, 0.001371378058807075882, 0.001828504078409434437 ),
 ( 0.000000000000000000, 1.000000000000000000 ),
 .UNSPECIFIED. ) 
 GEOMETRIC_REPRESENTATION_ITEM ( )  RATIONAL_B_SPLINE_SURFACE ( (
 ( 1.000000000000000000, 0.6528614169315296589, 1.000000000000000000),
 ( 1.000000000000000000, 0.6585121045338052648, 1.000000000000000000),
 ( 1.000000000000000000, 0.6643004353363272108, 1.000000000000000000),
 ( 1.000000000000000000, 0.6757669360807395664, 1.000000000000000000),
 ( 1.000000000000000000, 0.6814942879523633312, 1.000000000000000000),
 ( 1.000000000000000000, 0.6973194054037813450, 1.000000000000000000),
 ( 1.000000000000000000, 0.7063619089848014454, 1.000000000000000000),
 ( 1.000000000000000000, 0.7160210433728332324, 1.000000000000000000),
 ( 1.000000000000000000, 0.7186728875125482086, 1.000000000000000000),
 ( 1.000000000000000000, 0.7227294512765610746, 1.000000000000000000),
 ( 1.000000000000000000, 0.7241754739915224892, 1.000000000000000000),
 ( 1.000000000000000000, 0.7271756128791005969, 1.000000000000000000),
 ( 1.000000000000000000, 0.7272693208202872794, 1.000000000000000000),
 ( 1.000000000000000000, 0.7269490518253883815, 1.000000000000000000) ) ) 
 REPRESENTATION_ITEM ( '' )  SURFACE ( )  );
#1477 = DIRECTION ( 'NONE',  ( 0.000000000000000000, 1.000000000000000000, 0.000000000000000000 ) ) ;
#1478 = EDGE_LOOP ( 'NONE', ( #2518, #3315 ) ) ;
#1479 = CARTESIAN_POINT ( 'NONE',  ( -2.817521041441212404, 5.647250029188974452, -8.548102561195836557 ) ) ;
#1480 = DIRECTION ( 'NONE',  ( -0.7071067811865485719, -0.7071067811865464625, -0.000000000000000000 ) ) ;
#1481 = DIRECTION ( 'NONE',  ( -1.000000000000000000, 0.000000000000000000, 0.000000000000000000 ) ) ;
#1482 = ORIENTED_EDGE ( 'NONE', *, *, #3449, .T. ) ;
#1483 = CARTESIAN_POINT ( 'NONE',  ( 6.089635103305326425, 13.15427288457022570, -9.165308692651287004 ) ) ;
#1484 = ORIENTED_EDGE ( 'NONE', *, *, #855, .T. ) ;
#1485 = CARTESIAN_POINT ( 'NONE',  ( 37.27553390593281790, 21.71918471982868226, -14.99999999999999822 ) ) ;
#1486 = AXIS2_PLACEMENT_3D ( 'NONE', #4687, #263, #2676 ) ;
#1487 = CARTESIAN_POINT ( 'NONE',  ( 0.000000000000000000, 0.000000000000000000, -25.00000000000000000 ) ) ;
#1488 = VERTEX_POINT ( 'NONE', #1496 ) ;
#1489 = CARTESIAN_POINT ( 'NONE',  ( 1.734723475976807094E-15, 1.734723475976807094E-15, 9.000000000000000000 ) ) ;
#1490 = CARTESIAN_POINT ( 'NONE',  ( 10.47004479930121512, 26.08213860333193068, 3.387035864570965948 ) ) ;
#1491 = EDGE_LOOP ( 'NONE', ( #4169, #3975, #2349, #1241 ) ) ;
#1492 = CYLINDRICAL_SURFACE ( 'NONE', #5249, 1.500000000000001332 ) ;
#1493 = EDGE_CURVE ( 'NONE', #1674, #5225, #3903, .T. ) ;
#1494 = EDGE_CURVE ( 'NONE', #3294, #4877, #3052, .T. ) ;
#1495 = DIRECTION ( 'NONE',  ( -0.000000000000000000, -0.000000000000000000, -1.000000000000000000 ) ) ;
#1496 = CARTESIAN_POINT ( 'NONE',  ( 5.731006271505592053, 4.796714584357410160, -9.978153612851599519 ) ) ;
#1497 = CARTESIAN_POINT ( 'NONE',  ( 16.05238536487622980, 2.500000000000001776, 6.573191919884070700 ) ) ;
#1498 = CIRCLE ( 'NONE', #1158, 1.500000000000001332 ) ;
#1499 = CARTESIAN_POINT ( 'NONE',  ( -9.512315264563829587, 27.17402811975285459, 6.454821371764190907 ) ) ;
#1500 = ORIENTED_EDGE ( 'NONE', *, *, #4186, .F. ) ;
#1501 = CARTESIAN_POINT ( 'NONE',  ( 5.467084117376012742, 9.178959316373278554, -10.68227462919461423 ) ) ;
#1502 = EDGE_CURVE ( 'NONE', #575, #395, #2196, .T. ) ;
#1503 = FACE_OUTER_BOUND ( 'NONE', #4848, .T. ) ;
#1504 = DIRECTION ( 'NONE',  ( 0.000000000000000000, -1.000000000000000000, 0.000000000000000000 ) ) ;
#1505 = VERTEX_POINT ( 'NONE', #1716 ) ;
#1506 = AXIS2_PLACEMENT_3D ( 'NONE', #174, #2273, #1907 ) ;
#1507 = CARTESIAN_POINT ( 'NONE',  ( 11.72335836203521353, 24.56674310766826963, -4.195336929413336691 ) ) ;
#1508 = CARTESIAN_POINT ( 'NONE',  ( -2.999999999999979572, 6.677955997702833102, 8.485281374238578422 ) ) ;
#1509 = CARTESIAN_POINT ( 'NONE',  ( -9.380831519646857686, 37.50000000000000711, 9.000000000000001776 ) ) ;
#1510 = VECTOR ( 'NONE', #2179, 999.9999999999998863 ) ;
#1511 = AXIS2_PLACEMENT_3D ( 'NONE', #3924, #3428, #5120 ) ;
#1512 = CARTESIAN_POINT ( 'NONE',  ( 1.347111479062088405E-15, 29.50000000000000711, 11.00000000000000000 ) ) ;
#1513 = AXIS2_PLACEMENT_3D ( 'NONE', #1308, #2586, #2939 ) ;
#1514 = EDGE_LOOP ( 'NONE', ( #4019, #3752, #441, #2608 ) ) ;
#1515 = CARTESIAN_POINT ( 'NONE',  ( 9.000000000000001776, 21.72792206135781612, 5.272077938642143913 ) ) ;
#1516 = DIRECTION ( 'NONE',  ( -1.067871377262452863E-16, -0.000000000000000000, -1.000000000000000000 ) ) ;
#1517 = EDGE_LOOP ( 'NONE', ( #3510, #1684 ) ) ;
#1518 = CARTESIAN_POINT ( 'NONE',  ( 28.00000000000002132, -2.499999999999998668, -25.00000000000000000 ) ) ;
#1519 = CARTESIAN_POINT ( 'NONE',  ( -9.380831519646857686, 26.14973472408727417, 6.000000000000000888 ) ) ;
#1520 = CIRCLE ( 'NONE', #4241, 9.000000000000000000 ) ;
#1521 = CIRCLE ( 'NONE', #320, 0.9999999999999998890 ) ;
#1522 = VECTOR ( 'NONE', #2255, 1000.000000000000000 ) ;
#1523 = LINE ( 'NONE', #3066, #2439 ) ;
#1524 = CYLINDRICAL_SURFACE ( 'NONE', #5239, 1.499999999999999556 ) ;
#1525 = EDGE_LOOP ( 'NONE', ( #18, #3551, #1966, #3807, #2184 ) ) ;
#1526 = CARTESIAN_POINT ( 'NONE',  ( 17.78632820404603265, 4.180301343049810825, 2.727272727272716857 ) ) ;
#1527 = VECTOR ( 'NONE', #4458, 1000.000000000000000 ) ;
#1528 = ADVANCED_FACE ( 'NONE', ( #2146 ), #2081, .F. ) ;
#1529 = DIRECTION ( 'NONE',  ( 0.7071067811865485719, 0.7071067811865464625, 0.000000000000000000 ) ) ;
#1530 = ORIENTED_EDGE ( 'NONE', *, *, #3469, .F. ) ;
#1531 = SPHERICAL_SURFACE ( 'NONE', #4316, 1.000000000000000000 ) ;
#1532 = CARTESIAN_POINT ( 'NONE',  ( 5.732282899324109060, 2.769251997020348188, -10.84498063593694539 ) ) ;
#1533 = CIRCLE ( 'NONE', #3094, 13.00000000000000000 ) ;
#1534 = EDGE_CURVE ( 'NONE', #1369, #3233, #2014, .T. ) ;
#1535 = CARTESIAN_POINT ( 'NONE',  ( -9.380831519646857686, 6.500000000000000888, 8.000000000000000000 ) ) ;
#1536 = VERTEX_POINT ( 'NONE', #183 ) ;
#1537 = CARTESIAN_POINT ( 'NONE',  ( 12.08871602739390738, 25.41686008569693200, -3.357714257734289554 ) ) ;
#1538 = CARTESIAN_POINT ( 'NONE',  ( -9.380831519646857686, 7.500000000000000000, -9.000000000000001776 ) ) ;
#1539 = DIRECTION ( 'NONE',  ( 0.000000000000000000, -0.000000000000000000, 1.000000000000000000 ) ) ;
#1540 = CIRCLE ( 'NONE', #4511, 2.000000000000000000 ) ;
#1541 = ORIENTED_EDGE ( 'NONE', *, *, #1416, .T. ) ;
#1542 = CARTESIAN_POINT ( 'NONE',  ( -7.129577451207712357, 8.250000000000000000, -8.376701341651767052 ) ) ;
#1543 = CARTESIAN_POINT ( 'NONE',  ( 6.105111518211598032, 13.20566554958220884, 9.155123645925060671 ) ) ;
#1544 = CARTESIAN_POINT ( 'NONE',  ( 8.081808612603396114, 19.28232354695779804, 7.470986552090938204 ) ) ;
#1545 = CARTESIAN_POINT ( 'NONE',  ( 5.011493774261343681, 9.178959316373283883, 9.792085076761729567 ) ) ;
#1546 = CARTESIAN_POINT ( 'NONE',  ( 2.141282872371160551, 12.66506465241952206, 10.79364243638973875 ) ) ;
#1547 = VERTEX_POINT ( 'NONE', #3858 ) ;
#1548 = DIRECTION ( 'NONE',  ( -8.177564888977983077E-17, 8.177564888978006497E-17, -1.000000000000000000 ) ) ;
#1549 = EDGE_LOOP ( 'NONE', ( #5106, #2852, #2854, #417 ) ) ;
#1550 = CARTESIAN_POINT ( 'NONE',  ( 17.51546866160110127, 2.500000000000001776, 4.875588199146079660 ) ) ;
#1551 = EDGE_LOOP ( 'NONE', ( #4901, #1116, #758, #3966 ) ) ;
#1552 = CARTESIAN_POINT ( 'NONE',  ( 18.46662954709583460, 2.500000000000001776, -2.999999999999997335 ) ) ;
#1553 = ORIENTED_EDGE ( 'NONE', *, *, #4249, .F. ) ;
#1554 = CARTESIAN_POINT ( 'NONE',  ( -6.809475019311105548, 8.000000000000000000, 25.00000000000000000 ) ) ;
#1555 = PLANE ( 'NONE',  #3669 ) ;
#1556 = EDGE_CURVE ( 'NONE', #3740, #322, #5199, .T. ) ;
#1557 = ADVANCED_FACE ( 'NONE', ( #619 ), #941, .T. ) ;
#1558 = EDGE_CURVE ( 'NONE', #1297, #5191, #3558, .T. ) ;
#1559 = DIRECTION ( 'NONE',  ( 0.000000000000000000, 0.000000000000000000, -1.000000000000000000 ) ) ;
#1560 = VERTEX_POINT ( 'NONE', #3056 ) ;
#1561 = CARTESIAN_POINT ( 'NONE',  ( 5.635805717330434561, 9.010237716418856735, -9.711158753813288413 ) ) ;
#1562 = LINE ( 'NONE', #1215, #1927 ) ;
#1563 = DIRECTION ( 'NONE',  ( -0.7071067811865463515, 0.7071067811865487940, 0.000000000000000000 ) ) ;
#1564 = ORIENTED_EDGE ( 'NONE', *, *, #4174, .T. ) ;
#1565 = DIRECTION ( 'NONE',  ( 0.000000000000000000, 0.000000000000000000, -1.000000000000000000 ) ) ;
#1566 = ADVANCED_FACE ( 'NONE', ( #2641 ), #3775, .T. ) ;
#1567 = CARTESIAN_POINT ( 'NONE',  ( 6.598422751850543833, 3.647543940564312859, 9.779885332689310928 ) ) ;
#1568 = VERTEX_POINT ( 'NONE', #1843 ) ;
#1569 = CARTESIAN_POINT ( 'NONE',  ( 6.674672030216385110, 12.14003611976698593, 9.230929372766766505 ) ) ;
#1570 = CIRCLE ( 'NONE', #5219, 1.000000000000000888 ) ;
#1571 = CARTESIAN_POINT ( 'NONE',  ( 5.855329630457242196, 12.36986718804411645, 9.315694227439628605 ) ) ;
#1572 = LINE ( 'NONE', #418, #4568 ) ;
#1573 = CARTESIAN_POINT ( 'NONE',  ( 3.358411423781570093, 10.63546664053261459, 11.28622478268366436 ) ) ;
#1574 = ORIENTED_EDGE ( 'NONE', *, *, #2293, .T. ) ;
#1575 = CARTESIAN_POINT ( 'NONE',  ( 18.89075759508260788, 40.10396103067894558, 15.00000000000000533 ) ) ;
#1576 = CARTESIAN_POINT ( 'NONE',  ( 5.201780657394877494, 9.998035619108399885, -9.694698103234468789 ) ) ;
#1577 = CARTESIAN_POINT ( 'NONE',  ( 15.80231469032442604, 2.500000000000003553, -3.613107838954999540 ) ) ;
#1578 = CARTESIAN_POINT ( 'NONE',  ( -1.075058081617000881E-15, 13.42820323027551410, -11.00000000000000000 ) ) ;
#1579 = ORIENTED_EDGE ( 'NONE', *, *, #123, .F. ) ;
#1580 = CARTESIAN_POINT ( 'NONE',  ( -7.138500973155114337, 7.253492627528131287, -8.377210105967094478 ) ) ;
#1581 = CARTESIAN_POINT ( 'NONE',  ( 5.261914535466952536, 3.150727017516054662, -10.89186180205014587 ) ) ;
#1582 = CARTESIAN_POINT ( 'NONE',  ( 37.27553390593281080, 16.06233047033629902, 11.00000000000000355 ) ) ;
#1583 = ORIENTED_EDGE ( 'NONE', *, *, #1115, .T. ) ;
#1584 = DIRECTION ( 'NONE',  ( -0.000000000000000000, -1.000000000000000000, -0.000000000000000000 ) ) ;
#1585 = DIRECTION ( 'NONE',  ( 0.7071067811865486830, 0.7071067811865464625, -0.000000000000000000 ) ) ;
#1586 = CARTESIAN_POINT ( 'NONE',  ( 0.000000000000000000, 25.50000000000000355, 6.000000000000000000 ) ) ;
#1587 = AXIS2_PLACEMENT_3D ( 'NONE', #1252, #681, #2363 ) ;
#1588 = VERTEX_POINT ( 'NONE', #3489 ) ;
#1589 = CARTESIAN_POINT ( 'NONE',  ( -0.3177790280804029810, 4.611791765674063903, 8.995989971811193087 ) ) ;
#1590 = ORIENTED_EDGE ( 'NONE', *, *, #1163, .T. ) ;
#1591 = DIRECTION ( 'NONE',  ( 0.000000000000000000, 1.000000000000000000, 0.000000000000000000 ) ) ;
#1592 = DIRECTION ( 'NONE',  ( -0.000000000000000000, -1.000000000000000000, -0.000000000000000000 ) ) ;
#1593 = EDGE_CURVE ( 'NONE', #4656, #1227, #3831, .T. ) ;
#1594 = ORIENTED_EDGE ( 'NONE', *, *, #3556, .T. ) ;
#1595 = CARTESIAN_POINT ( 'NONE',  ( -0.9999999999999794609, 6.500000000000000888, 25.00000000000000000 ) ) ;
#1596 = AXIS2_PLACEMENT_3D ( 'NONE', #2646, #2976, #5089 ) ;
#1597 = CARTESIAN_POINT ( 'NONE',  ( 4.908844244544185109, 9.449285377514474504, -9.844620106336710919 ) ) ;
#1598 = AXIS2_PLACEMENT_3D ( 'NONE', #2770, #3959, #2086 ) ;
#1599 = CIRCLE ( 'NONE', #64, 4.000000000000000000 ) ;
#1600 = AXIS2_PLACEMENT_3D ( 'NONE', #2274, #220, #5023 ) ;
#1601 = DIRECTION ( 'NONE',  ( -0.7071067811865485719, -0.7071067811865464625, -0.000000000000000000 ) ) ;
#1602 = EDGE_CURVE ( 'NONE', #4834, #2829, #944, .T. ) ;
#1603 = VECTOR ( 'NONE', #2932, 1000.000000000000000 ) ;
#1604 = CARTESIAN_POINT ( 'NONE',  ( 13.10467512522670930, 2.500000000000001776, 8.709945410827616641 ) ) ;
#1605 = VECTOR ( 'NONE', #4693, 1000.000000000000000 ) ;
#1606 = AXIS2_PLACEMENT_3D ( 'NONE', #1212, #2845, #2769 ) ;
#1607 = CARTESIAN_POINT ( 'NONE',  ( -27.99999999999997868, 26.50000000000000355, -6.000000000000001776 ) ) ;
#1608 = ORIENTED_EDGE ( 'NONE', *, *, #716, .F. ) ;
#1609 = CARTESIAN_POINT ( 'NONE',  ( -7.383489398493851219, 7.770256123398570303, 8.154396369728388549 ) ) ;
#1610 = DIRECTION ( 'NONE',  ( -0.000000000000000000, -0.000000000000000000, 1.000000000000000000 ) ) ;
#1611 = EDGE_LOOP ( 'NONE', ( #2177, #3092, #1820, #717 ) ) ;
#1612 = CARTESIAN_POINT ( 'NONE',  ( 10.18763695677381342, 20.95454911542502074, -6.497560307501982102 ) ) ;
#1613 = CARTESIAN_POINT ( 'NONE',  ( 37.27553390593281790, 21.71918471982868226, 15.00000000000000178 ) ) ;
#1614 = DIRECTION ( 'NONE',  ( 0.000000000000000000, 0.000000000000000000, 1.000000000000000000 ) ) ;
#1615 = ORIENTED_EDGE ( 'NONE', *, *, #2084, .T. ) ;
#1616 = DIRECTION ( 'NONE',  ( -0.000000000000000000, -1.000000000000000000, -0.000000000000000000 ) ) ;
#1617 = EDGE_LOOP ( 'NONE', ( #1366, #4376, #5088, #3761, #4512, #3291 ) ) ;
#1618 = CARTESIAN_POINT ( 'NONE',  ( 5.755355632319650638, 10.69136012890534637, 9.386502113170900330 ) ) ;
#1619 = CARTESIAN_POINT ( 'NONE',  ( -7.992269039368136596, 7.501390068447298276, 7.558430075777517132 ) ) ;
#1620 = ORIENTED_EDGE ( 'NONE', *, *, #1164, .F. ) ;
#1621 = CARTESIAN_POINT ( 'NONE',  ( 1.396981829639083017, 13.03653109904091956, 10.91412888353137056 ) ) ;
#1622 = CARTESIAN_POINT ( 'NONE',  ( 0.000000000000000000, 0.000000000000000000, 0.000000000000000000 ) ) ;
#1623 = CARTESIAN_POINT ( 'NONE',  ( -5.928430837752707738, 9.935170969005561403, -9.924279236915912961 ) ) ;
#1624 = EDGE_CURVE ( 'NONE', #3344, #2168, #4719, .T. ) ;
#1625 = FACE_OUTER_BOUND ( 'NONE', #2253, .T. ) ;
#1626 = ORIENTED_EDGE ( 'NONE', *, *, #5009, .T. ) ;
#1627 = DIRECTION ( 'NONE',  ( 0.000000000000000000, 1.000000000000000000, 8.177564888978006497E-17 ) ) ;
#1628 = CARTESIAN_POINT ( 'NONE',  ( 8.422151368879939426, 16.67438862627027518, -8.129993768821519140 ) ) ;
#1629 = VERTEX_POINT ( 'NONE', #1743 ) ;
#1630 = CARTESIAN_POINT ( 'NONE',  ( -0.8333185625955531473, 8.500656265381282495, -8.963056061497924887 ) ) ;
#1631 = ADVANCED_FACE ( 'NONE', ( #4971 ), #4606, .F. ) ;
#1632 = DIRECTION ( 'NONE',  ( 0.000000000000000000, 0.000000000000000000, 1.000000000000000000 ) ) ;
#1633 = CARTESIAN_POINT ( 'NONE',  ( -3.704147011772673359, 11.86474921565449492, 11.26299955850020496 ) ) ;
#1634 = CARTESIAN_POINT ( 'NONE',  ( -7.392771938044008451, 7.760947655353637842, 8.145981324649959276 ) ) ;
#1635 = CARTESIAN_POINT ( 'NONE',  ( -21.99999999999997868, 8.500000000000000000, 8.000000000000000000 ) ) ;
#1636 = ADVANCED_FACE ( 'NONE', ( #2615 ), #595, .F. ) ;
#1637 = ORIENTED_EDGE ( 'NONE', *, *, #1493, .F. ) ;
#1638 = DIRECTION ( 'NONE',  ( 1.000000000000000000, 0.000000000000000000, 0.000000000000000000 ) ) ;
#1639 = DIRECTION ( 'NONE',  ( -0.000000000000000000, -1.000000000000000000, -0.000000000000000000 ) ) ;
#1640 = EDGE_LOOP ( 'NONE', ( #1620, #4857, #5272, #4969, #351, #2297, #699, #3571, #2225, #1626, #1192, #5174, #337, #247 ) ) ;
#1641 = DIRECTION ( 'NONE',  ( -0.7216024245882204369, 0.000000000000000000, -0.6923076923076917355 ) ) ;
#1642 = CARTESIAN_POINT ( 'NONE',  ( 6.045927240977050587, 6.231629965806508409, -10.01291923077102020 ) ) ;
#1643 =( BOUNDED_CURVE ( )  B_SPLINE_CURVE ( 3, ( #5107, #1876, #3517, #1468 ),
 .UNSPECIFIED., .F., .F. ) 
 B_SPLINE_CURVE_WITH_KNOTS ( ( 4, 4 ),
 ( 1.570796326794901443, 2.865366022826203452 ),
 .UNSPECIFIED. ) 
 CURVE ( )  GEOMETRIC_REPRESENTATION_ITEM ( )  RATIONAL_B_SPLINE_CURVE ( ( 1.000000000000000000, 0.8651493568116443988, 0.8651493568116443988, 1.000000000000000000 ) ) 
 REPRESENTATION_ITEM ( '' )  );
#1644 = CARTESIAN_POINT ( 'NONE',  ( 6.957646378782036400, 12.90814082715948885, 9.079461467188666646 ) ) ;
#1645 = CARTESIAN_POINT ( 'NONE',  ( 32.00000000000002842, 17.85786437626896017, 0.9236948656460559626 ) ) ;
#1646 = EDGE_LOOP ( 'NONE', ( #5149, #2758, #2618, #2308, #3106, #343, #4044, #1217, #4414 ) ) ;
#1647 = CARTESIAN_POINT ( 'NONE',  ( -9.211119416763517975, 26.31986177738860633, 7.000000000000002665 ) ) ;
#1648 = DIRECTION ( 'NONE',  ( 0.000000000000000000, -0.000000000000000000, 1.000000000000000000 ) ) ;
#1649 = CARTESIAN_POINT ( 'NONE',  ( 5.011493774261344569, 9.178959316373282107, -9.792085076761729567 ) ) ;
#1650 = CARTESIAN_POINT ( 'NONE',  ( 2.390783997602195843, 11.46019849392902934, -11.63477408235109856 ) ) ;
#1651 = CARTESIAN_POINT ( 'NONE',  ( 18.89397313900390074, 32.50000000000000711, -2.727272727272728403 ) ) ;
#1652 = CARTESIAN_POINT ( 'NONE',  ( 12.12234056498206236, 3.910587645951527414, 8.986205171558111715 ) ) ;
#1653 = ORIENTED_EDGE ( 'NONE', *, *, #1231, .F. ) ;
#1654 = FACE_OUTER_BOUND ( 'NONE', #707, .T. ) ;
#1655 = EDGE_CURVE ( 'NONE', #290, #4047, #3089, .T. ) ;
#1656 = ORIENTED_EDGE ( 'NONE', *, *, #4642, .T. ) ;
#1657 = CYLINDRICAL_SURFACE ( 'NONE', #830, 2.000000000000000000 ) ;
#1658 = CIRCLE ( 'NONE', #1486, 1.000000000000000000 ) ;
#1659 = APPLICATION_PROTOCOL_DEFINITION ( 'draft international standard', 'automotive_design', 1998, #1740 ) ;
#1660 = CARTESIAN_POINT ( 'NONE',  ( -2.850849277760078682, 12.21618651571446712, 11.58247254891959344 ) ) ;
#1661 = EDGE_CURVE ( 'NONE', #2040, #2733, #3113, .T. ) ;
#1662 = ORIENTED_EDGE ( 'NONE', *, *, #4770, .T. ) ;
#1663 = CARTESIAN_POINT ( 'NONE',  ( -7.157885350432261262, 8.130397219732035552, -8.352607924473472778 ) ) ;
#1664 = CARTESIAN_POINT ( 'NONE',  ( -6.602863965547023817, 8.757426759811732353, 8.812760694260681760 ) ) ;
#1665 = ORIENTED_EDGE ( 'NONE', *, *, #2122, .T. ) ;
#1666 = CARTESIAN_POINT ( 'NONE',  ( 18.89075759508260788, 34.44710678118656233, -10.99999999999999822 ) ) ;
#1667 = EDGE_CURVE ( 'NONE', #1536, #2044, #259, .T. ) ;
#1668 = ORIENTED_EDGE ( 'NONE', *, *, #4102, .T. ) ;
#1669 = DIRECTION ( 'NONE',  ( -0.7071067811865486830, -0.7071067811865464625, -0.000000000000000000 ) ) ;
#1670 = EDGE_LOOP ( 'NONE', ( #2663, #513, #2904, #3883 ) ) ;
#1671 = CARTESIAN_POINT ( 'NONE',  ( -8.572491497702463548, 6.507537614703978512, 8.307692307692308376 ) ) ;
#1672 = CARTESIAN_POINT ( 'NONE',  ( 2.500000000000001776, 29.50000000000000711, 10.71214264281427475 ) ) ;
#1673 = CARTESIAN_POINT ( 'NONE',  ( 4.972777414663266171, 5.632467457594538374, -11.00159462029121471 ) ) ;
#1674 = VERTEX_POINT ( 'NONE', #5148 ) ;
#1675 = VECTOR ( 'NONE', #4343, 1000.000000000000000 ) ;
#1676 = DIRECTION ( 'NONE',  ( 0.000000000000000000, 0.000000000000000000, 1.000000000000000000 ) ) ;
#1677 = CARTESIAN_POINT ( 'NONE',  ( 6.745966692414854471, 2.500000000000002220, -10.75787386595823669 ) ) ;
#1678 = VERTEX_POINT ( 'NONE', #4315 ) ;
#1679 = DIRECTION ( 'NONE',  ( 0.7071067811865486830, 0.7071067811865464625, 0.000000000000000000 ) ) ;
#1680 = CYLINDRICAL_SURFACE ( 'NONE', #5010, 10.00000000000002487 ) ;
#1681 = CARTESIAN_POINT ( 'NONE',  ( 0.01728910088825181754, 12.42200478026765431, -12.00421869431801625 ) ) ;
#1682 = AXIS2_PLACEMENT_3D ( 'NONE', #1951, #5189, #3190 ) ;
#1683 = AXIS2_PLACEMENT_3D ( 'NONE', #1282, #3820, #2963 ) ;
#1684 = ORIENTED_EDGE ( 'NONE', *, *, #1448, .F. ) ;
#1685 = VECTOR ( 'NONE', #5059, 1000.000000000000000 ) ;
#1686 = DIRECTION ( 'NONE',  ( -0.7071067811865465735, 0.7071067811865484609, 0.000000000000000000 ) ) ;
#1687 = DIRECTION ( 'NONE',  ( -0.000000000000000000, -1.000000000000000000, -0.000000000000000000 ) ) ;
#1688 = ORIENTED_EDGE ( 'NONE', *, *, #2424, .T. ) ;
#1689 = CARTESIAN_POINT ( 'NONE',  ( -8.628977600077559984, 6.502619610891020585, 8.278254162715512621 ) ) ;
#1690 =( GEOMETRIC_REPRESENTATION_CONTEXT ( 3 ) GLOBAL_UNCERTAINTY_ASSIGNED_CONTEXT ( ( #5035 ) ) GLOBAL_UNIT_ASSIGNED_CONTEXT ( ( #2568, #2062, #3699 ) ) REPRESENTATION_CONTEXT ( 'NONE', 'WORKASPACE' ) );
#1691 = LINE ( 'NONE', #5224, #232 ) ;
#1692 = CARTESIAN_POINT ( 'NONE',  ( 26.66893218813461530, 26.66893218813453004, 0.000000000000000000 ) ) ;
#1693 = AXIS2_PLACEMENT_3D ( 'NONE', #4163, #1679, #504 ) ;
#1694 = CARTESIAN_POINT ( 'NONE',  ( 3.128537299166947339, 10.86517678521944674, 11.38066183736866499 ) ) ;
#1695 = CARTESIAN_POINT ( 'NONE',  ( -7.231206059819114351, 7.174786641741381921, 8.954875337613433572 ) ) ;
#1696 = CARTESIAN_POINT ( 'NONE',  ( -0.9999999999999794609, 6.500000000000000888, 25.00000000000000000 ) ) ;
#1697 = CIRCLE ( 'NONE', #3992, 1.500000000000001332 ) ;
#1698 = EDGE_CURVE ( 'NONE', #1467, #1746, #2499, .T. ) ;
#1699 = CARTESIAN_POINT ( 'NONE',  ( -9.614376163048175883, 26.81661358795039618, -6.969864941732619279 ) ) ;
#1700 = ORIENTED_EDGE ( 'NONE', *, *, #3692, .F. ) ;
#1701 = CARTESIAN_POINT ( 'NONE',  ( -21.99999999999997868, 7.500000000000000888, -7.000000000000000000 ) ) ;
#1702 = VERTEX_POINT ( 'NONE', #3610 ) ;
#1703 = CARTESIAN_POINT ( 'NONE',  ( -6.951462342987365872, 7.591578136229929719, 9.077643948338598889 ) ) ;
#1704 = CIRCLE ( 'NONE', #3996, 1.000000000000000000 ) ;
#1705 = DIRECTION ( 'NONE',  ( 0.7071067811865485719, 0.7071067811865464625, -0.000000000000000000 ) ) ;
#1706 = ADVANCED_FACE ( 'NONE', ( #2336 ), #3133, .T. ) ;
#1707 = DIRECTION ( 'NONE',  ( -0.7071067811865463515, 0.7071067811865487940, 0.000000000000000000 ) ) ;
#1708 = CARTESIAN_POINT ( 'NONE',  ( -23.99999999999997868, 12.50000000000000000, -25.00000000000000000 ) ) ;
#1709 = CYLINDRICAL_SURFACE ( 'NONE', #160, 1.500000000000000888 ) ;
#1710 = ORIENTED_EDGE ( 'NONE', *, *, #2752, .T. ) ;
#1711 = DIRECTION ( 'NONE',  ( -0.7071067811865474617, 0.7071067811865474617, 0.000000000000000000 ) ) ;
#1712 = DIRECTION ( 'NONE',  ( 0.7071067811865486830, 0.7071067811865464625, -1.232595164407830946E-32 ) ) ;
#1713 = CARTESIAN_POINT ( 'NONE',  ( 4.420411770774838267, 9.092701234816550127, -10.75559901678516894 ) ) ;
#1714 = ORIENTED_EDGE ( 'NONE', *, *, #1732, .T. ) ;
#1715 = CARTESIAN_POINT ( 'NONE',  ( 1.000000000000020650, 6.325858072872792448, -8.944271909999159220 ) ) ;
#1716 = CARTESIAN_POINT ( 'NONE',  ( -8.111101865182769544, 7.500000000000000888, 7.454753545684537741 ) ) ;
#1717 = CARTESIAN_POINT ( 'NONE',  ( 11.86419479982093605, 24.89476572081356665, -3.897721818855106157 ) ) ;
#1718 = CARTESIAN_POINT ( 'NONE',  ( -9.060520517234751381, 26.50157299455018745, -7.020650651481290971 ) ) ;
#1719 = VERTEX_POINT ( 'NONE', #4385 ) ;
#1720 = CARTESIAN_POINT ( 'NONE',  ( -3.416272397822999629, 12.00625828009766138, -10.46620994037384200 ) ) ;
#1721 = CARTESIAN_POINT ( 'NONE',  ( 6.745966692414854471, 4.500000000000002665, 25.00000000000000000 ) ) ;
#1722 = CARTESIAN_POINT ( 'NONE',  ( -31.99999999999997868, -2.499999999999998668, -20.99999999999999645 ) ) ;
#1723 = CARTESIAN_POINT ( 'NONE',  ( 6.745966692414854471, 2.500000000000002220, 10.75787386595823847 ) ) ;
#1724 = CARTESIAN_POINT ( 'NONE',  ( 28.00000000000002132, -2.499999999999998668, -19.50000000000000000 ) ) ;
#1725 = ORIENTED_EDGE ( 'NONE', *, *, #1465, .F. ) ;
#1726 = CARTESIAN_POINT ( 'NONE',  ( -8.930426833906690121, 27.32113734849008679, -7.025008011914217754 ) ) ;
#1727 = ORIENTED_EDGE ( 'NONE', *, *, #4007, .F. ) ;
#1728 = FACE_BOUND ( 'NONE', #2079, .T. ) ;
#1729 = ORIENTED_EDGE ( 'NONE', *, *, #4010, .F. ) ;
#1730 = EDGE_CURVE ( 'NONE', #3879, #4119, #4238, .T. ) ;
#1731 = DIRECTION ( 'NONE',  ( 0.000000000000000000, 0.000000000000000000, -1.000000000000000000 ) ) ;
#1732 = EDGE_CURVE ( 'NONE', #3079, #2918, #2282, .T. ) ;
#1733 = DIRECTION ( 'NONE',  ( -1.000000000000000000, 0.000000000000000000, -0.000000000000000000 ) ) ;
#1734 = CARTESIAN_POINT ( 'NONE',  ( 4.828192583750528399, 8.040810326897618765, -9.766418525409564566 ) ) ;
#1735 = ORIENTED_EDGE ( 'NONE', *, *, #2529, .F. ) ;
#1736 = CARTESIAN_POINT ( 'NONE',  ( 11.74012921155148526, 24.60582713952497969, 4.160817301190611772 ) ) ;
#1737 = ORIENTED_EDGE ( 'NONE', *, *, #2461, .T. ) ;
#1738 = DIRECTION ( 'NONE',  ( 0.000000000000000000, 0.000000000000000000, 1.000000000000000000 ) ) ;
#1739 = DIRECTION ( 'NONE',  ( 0.7071067811865485719, 0.7071067811865464625, 0.000000000000000000 ) ) ;
#1740 = APPLICATION_CONTEXT ( 'automotive_design' ) ;
#1741 = VERTEX_POINT ( 'NONE', #2385 ) ;
#1742 = CARTESIAN_POINT ( 'NONE',  ( 0.2918698967992831572, 4.963335298865175993, -8.996108270625745362 ) ) ;
#1743 = CARTESIAN_POINT ( 'NONE',  ( 2.217277059131240252E-16, 4.767949192431111705, 9.000000000000000000 ) ) ;
#1744 = EDGE_CURVE ( 'NONE', #3347, #2550, #4800, .T. ) ;
#1745 = DIRECTION ( 'NONE',  ( -0.7071067811865486830, -0.7071067811865464625, 1.232595164407830946E-32 ) ) ;
#1746 = VERTEX_POINT ( 'NONE', #38 ) ;
#1747 = DIRECTION ( 'NONE',  ( 0.000000000000000000, 0.000000000000000000, 1.000000000000000000 ) ) ;
#1748 = CARTESIAN_POINT ( 'NONE',  ( -1.853940725238951481, 13.43478491869598912, -10.84799426294194724 ) ) ;
#1749 = EDGE_CURVE ( 'NONE', #496, #1629, #2748, .T. ) ;
#1750 = CARTESIAN_POINT ( 'NONE',  ( 3.944458664927285696, 9.913536076967320199, 11.01390565526993193 ) ) ;
#1751 =( BOUNDED_CURVE ( )  B_SPLINE_CURVE ( 3, ( #3462, #5057, #4529, #4136 ),
 .UNSPECIFIED., .F., .T. ) 
 B_SPLINE_CURVE_WITH_KNOTS ( ( 4, 4 ),
 ( 3.417819284353382780, 4.712388980384687009 ),
 .UNSPECIFIED. ) 
 CURVE ( )  GEOMETRIC_REPRESENTATION_ITEM ( )  RATIONAL_B_SPLINE_CURVE ( ( 1.000000000000000000, 0.8651493568116439548, 0.8651493568116439548, 1.000000000000000000 ) ) 
 REPRESENTATION_ITEM ( '' )  );
#1752 = CARTESIAN_POINT ( 'NONE',  ( -7.129577451207713246, 8.250000000000000000, 8.376701341651767052 ) ) ;
#1753 = CARTESIAN_POINT ( 'NONE',  ( -3.262530992179939471, 13.01912641370822143, -10.50689308214154494 ) ) ;
#1754 = CARTESIAN_POINT ( 'NONE',  ( -7.644199142097396482, 6.818376026033128312, -8.766539367354997836 ) ) ;
#1755 = ORIENTED_EDGE ( 'NONE', *, *, #1556, .T. ) ;
#1756 = CARTESIAN_POINT ( 'NONE',  ( -31.99999999999997868, -2.499999999999998668, 25.00000000000000000 ) ) ;
#1757 = ORIENTED_EDGE ( 'NONE', *, *, #3095, .F. ) ;
#1758 = LINE ( 'NONE', #3307, #2463 ) ;
#1759 = DIRECTION ( 'NONE',  ( -0.7071067811865463515, 0.7071067811865487940, 0.000000000000000000 ) ) ;
#1760 = ORIENTED_EDGE ( 'NONE', *, *, #5208, .T. ) ;
#1761 = CARTESIAN_POINT ( 'NONE',  ( 10.65070420207044322, 26.58557958571812208, 2.749999999999825029 ) ) ;
#1762 = ORIENTED_EDGE ( 'NONE', *, *, #4615, .T. ) ;
#1763 = DIRECTION ( 'NONE',  ( 0.2107435494033608470, 0.5379539963212109921, 0.8162062571598626137 ) ) ;
#1764 = DIRECTION ( 'NONE',  ( 0.000000000000000000, 1.000000000000000000, 0.000000000000000000 ) ) ;
#1765 = AXIS2_PLACEMENT_3D ( 'NONE', #3481, #555, #2191 ) ;
#1766 = EDGE_CURVE ( 'NONE', #3788, #3450, #2989, .T. ) ;
#1767 = CARTESIAN_POINT ( 'NONE',  ( -8.745966692414814503, 6.500000000000000888, 25.00000000000000000 ) ) ;
#1768 = VERTEX_POINT ( 'NONE', #2882 ) ;
#1769 = CARTESIAN_POINT ( 'NONE',  ( 5.011493774261344569, 9.178959316373282107, -9.792085076761729567 ) ) ;
#1770 = CARTESIAN_POINT ( 'NONE',  ( -8.672493225570841346, 27.04734616035994321, 7.124983293826780972 ) ) ;
#1771 = CARTESIAN_POINT ( 'NONE',  ( 8.893587940501156197, 19.67153662008521664, -6.536924415949604494 ) ) ;
#1772 = EDGE_LOOP ( 'NONE', ( #1061, #2148, #2594, #4050 ) ) ;
#1773 = CARTESIAN_POINT ( 'NONE',  ( -31.99999999999997868, 12.50000000000000000, -20.99999999999999645 ) ) ;
#1774 = AXIS2_PLACEMENT_3D ( 'NONE', #427, #4531, #453 ) ;
#1775 = EDGE_CURVE ( 'NONE', #774, #2533, #4408, .T. ) ;
#1776 = CARTESIAN_POINT ( 'NONE',  ( -2.433144385084132111, 12.33230590644972757, -10.73141175673281111 ) ) ;
#1777 = CARTESIAN_POINT ( 'NONE',  ( 0.000000000000000000, 12.50000000000000000, 25.00000000000000000 ) ) ;
#1778 = AXIS2_PLACEMENT_3D ( 'NONE', #4399, #3192, #4426 ) ;
#1779 = CARTESIAN_POINT ( 'NONE',  ( 5.731781137983502639, 4.222535220483816687, 9.943105277895465832 ) ) ;
#1780 = CIRCLE ( 'NONE', #2565, 0.9999999999999988898 ) ;
#1781 = CARTESIAN_POINT ( 'NONE',  ( -1.853940725238871989, 13.43478491869598912, 10.84799426294195790 ) ) ;
#1782 = VECTOR ( 'NONE', #3180, 1000.000000000000000 ) ;
#1783 = CARTESIAN_POINT ( 'NONE',  ( 0.9767350104817186240, 6.850194574210182630, -8.946956438580787818 ) ) ;
#1784 = VERTEX_POINT ( 'NONE', #879 ) ;
#1785 = DIRECTION ( 'NONE',  ( -0.000000000000000000, 1.000000000000000000, -0.000000000000000000 ) ) ;
#1786 = DIRECTION ( 'NONE',  ( -0.000000000000000000, 1.000000000000000000, -0.000000000000000000 ) ) ;
#1787 = DIRECTION ( 'NONE',  ( 0.000000000000000000, 0.000000000000000000, -1.000000000000000000 ) ) ;
#1788 = DIRECTION ( 'NONE',  ( 1.067871377262452863E-16, 0.000000000000000000, 1.000000000000000000 ) ) ;
#1789 = ORIENTED_EDGE ( 'NONE', *, *, #1183, .F. ) ;
#1790 = CARTESIAN_POINT ( 'NONE',  ( 10.50953057094256948, 21.71789904402458404, 6.116600694901502600 ) ) ;
#1791 = DIRECTION ( 'NONE',  ( 0.000000000000000000, 0.000000000000000000, -1.000000000000000000 ) ) ;
#1792 = AXIS2_PLACEMENT_3D ( 'NONE', #4944, #1764, #1368 ) ;
#1793 = DIRECTION ( 'NONE',  ( -0.7071067811865451302, 0.7071067811865499042, 0.000000000000000000 ) ) ;
#1794 = ORIENTED_EDGE ( 'NONE', *, *, #2986, .T. ) ;
#1795 = CARTESIAN_POINT ( 'NONE',  ( -27.99999999999997868, -6.742640687119290099, 21.00000000000000000 ) ) ;
#1796 = CARTESIAN_POINT ( 'NONE',  ( 10.87655114669507483, 24.82365597218977626, -1.997969914146151993 ) ) ;
#1797 = ORIENTED_EDGE ( 'NONE', *, *, #2292, .F. ) ;
#1798 = DIRECTION ( 'NONE',  ( -0.000000000000000000, -0.000000000000000000, -1.000000000000000000 ) ) ;
#1799 = ADVANCED_FACE ( 'NONE', ( #2914 ), #4079, .T. ) ;
#1800 = EDGE_CURVE ( 'NONE', #4950, #3205, #1887, .T. ) ;
#1801 = CARTESIAN_POINT ( 'NONE',  ( 0.5969402234531993034, 12.28596733419846920, -10.98805733961009423 ) ) ;
#1802 = CARTESIAN_POINT ( 'NONE',  ( 1.000000000000020650, 6.500000000000000888, 10.00000000000000178 ) ) ;
#1803 = FACE_OUTER_BOUND ( 'NONE', #2223, .T. ) ;
#1804 = EDGE_CURVE ( 'NONE', #2566, #4640, #3232, .T. ) ;
#1805 = CARTESIAN_POINT ( 'NONE',  ( -4.048092178391105023, 12.61998949483216315, 10.23237396826840673 ) ) ;
#1806 = B_SPLINE_CURVE_WITH_KNOTS ( 'NONE', 3,
 ( #1992, #34, #1589, #3257, #411, #2412, #3227, #2830, #4437, #795, #2436, #4045, #2096, #2582, #4962, #3020, #3817, #145 ),
 .UNSPECIFIED., .F., .F.,
 ( 4, 2, 2, 2, 2, 2, 2, 2, 4 ),
 ( 0.008379037378438636968, 0.008904867416812551825, 0.009430697455186466682, 0.009956527493560379805, 0.01048235753193429466, 0.01100818757030820952, 0.01153401760868212611, 0.01205984764705604097, 0.01258567768542995582 ),
 .UNSPECIFIED. ) ;
#1807 = CARTESIAN_POINT ( 'NONE',  ( -5.221855273257792085, 11.69471133233941451, 9.682907939456676161 ) ) ;
#1808 = ORIENTED_EDGE ( 'NONE', *, *, #4770, .F. ) ;
#1809 = ADVANCED_FACE ( 'NONE', ( #2024 ), #440, .T. ) ;
#1810 = DIRECTION ( 'NONE',  ( 0.000000000000000000, -0.000000000000000000, 1.000000000000000000 ) ) ;
#1811 = CARTESIAN_POINT ( 'NONE',  ( 4.745966692414854471, 4.500000000002266631, -10.96466066509576898 ) ) ;
#1812 = CYLINDRICAL_SURFACE ( 'NONE', #2970, 1.000000000000000000 ) ;
#1813 = CARTESIAN_POINT ( 'NONE',  ( 5.199546275647091598, 9.988417889823221429, -9.695841638051678757 ) ) ;
#1814 = ORIENTED_EDGE ( 'NONE', *, *, #3698, .T. ) ;
#1815 = DIRECTION ( 'NONE',  ( 0.000000000000000000, 1.000000000000000000, 0.000000000000000000 ) ) ;
#1816 = CARTESIAN_POINT ( 'NONE',  ( 6.319079004237474706, 3.673717887740008514, 9.823669671665935965 ) ) ;
#1817 = ORIENTED_EDGE ( 'NONE', *, *, #1381, .F. ) ;
#1818 = CARTESIAN_POINT ( 'NONE',  ( -8.165966929577086475, 28.14522833759999898, 7.377382226515073249 ) ) ;
#1819 = CARTESIAN_POINT ( 'NONE',  ( 8.869295199717969425, 21.56203414154896691, -6.519200648355309546 ) ) ;
#1820 = ORIENTED_EDGE ( 'NONE', *, *, #2606, .F. ) ;
#1821 = CARTESIAN_POINT ( 'NONE',  ( -2.976207260835791235, 6.853599352809553125, -8.493792371931832008 ) ) ;
#1822 = ORIENTED_EDGE ( 'NONE', *, *, #3297, .T. ) ;
#1823 = CARTESIAN_POINT ( 'NONE',  ( 6.745966692414854471, 2.500000000000002220, -10.75787386595823669 ) ) ;
#1824 = EDGE_CURVE ( 'NONE', #1702, #3368, #4737, .T. ) ;
#1825 = CARTESIAN_POINT ( 'NONE',  ( -23.99999999999997868, 12.50000000000000000, 8.000000000000000000 ) ) ;
#1826 = CARTESIAN_POINT ( 'NONE',  ( 6.005075775363954982, 2.636201248976156375, 10.81963112052171994 ) ) ;
#1827 = CARTESIAN_POINT ( 'NONE',  ( -3.093085939506497795, 12.12524889611952084, 11.49718405242363062 ) ) ;
#1828 = ADVANCED_FACE ( 'NONE', ( #4852 ), #1709, .F. ) ;
#1829 = DIRECTION ( 'NONE',  ( 0.9682458365518542553, -0.2500000000000002220, 0.000000000000000000 ) ) ;
#1830 = ORIENTED_EDGE ( 'NONE', *, *, #1800, .F. ) ;
#1831 = FACE_OUTER_BOUND ( 'NONE', #523, .T. ) ;
#1832 = CARTESIAN_POINT ( 'NONE',  ( 4.742936241364006378, 4.394623678348837714, -10.96182007908898015 ) ) ;
#1833 = ADVANCED_FACE ( 'NONE', ( #3346, #2497 ), #4939, .T. ) ;
#1834 = FACE_OUTER_BOUND ( 'NONE', #4994, .T. ) ;
#1835 = ORIENTED_EDGE ( 'NONE', *, *, #5019, .F. ) ;
#1836 = CYLINDRICAL_SURFACE ( 'NONE', #405, 9.000000000000000000 ) ;
#1837 = ORIENTED_EDGE ( 'NONE', *, *, #3228, .F. ) ;
#1838 = CARTESIAN_POINT ( 'NONE',  ( 4.817411494637693359, 5.030737836767303683, 10.03188148808668068 ) ) ;
#1839 = CARTESIAN_POINT ( 'NONE',  ( -7.937626670470420365, 7.503768807351991477, -7.615384615384616751 ) ) ;
#1840 = EDGE_CURVE ( 'NONE', #5225, #3004, #3453, .T. ) ;
#1841 = ORIENTED_EDGE ( 'NONE', *, *, #1891, .T. ) ;
#1842 = CARTESIAN_POINT ( 'NONE',  ( 18.89075759508260077, 34.44710678118656233, -14.99999999999999467 ) ) ;
#1843 = CARTESIAN_POINT ( 'NONE',  ( -7.129577451207712357, 8.250000000000000000, 8.376701341651767052 ) ) ;
#1844 = CARTESIAN_POINT ( 'NONE',  ( -23.99999999999997868, 0.000000000000000000, 25.00000000000000000 ) ) ;
#1845 = ORIENTED_EDGE ( 'NONE', *, *, #1824, .T. ) ;
#1846 = CARTESIAN_POINT ( 'NONE',  ( 37.27553390593281790, 21.71918471982868226, 11.00000000000000355 ) ) ;
#1847 = ORIENTED_EDGE ( 'NONE', *, *, #3949, .F. ) ;
#1848 = CARTESIAN_POINT ( 'NONE',  ( 28.00000000000002132, -6.742640687119290099, -21.00000000000000000 ) ) ;
#1849 = AXIS2_PLACEMENT_3D ( 'NONE', #2055, #858, #4525 ) ;
#1850 = CARTESIAN_POINT ( 'NONE',  ( -5.161276307417812070, 10.83262168038514517, 10.47893169992706497 ) ) ;
#1851 = CARTESIAN_POINT ( 'NONE',  ( 5.011493774261343681, 9.178959316373283883, 9.792085076761729567 ) ) ;
#1852 = CARTESIAN_POINT ( 'NONE',  ( 4.942563876070035001, 3.616483035125502177, 9.960020770735804163 ) ) ;
#1853 = CARTESIAN_POINT ( 'NONE',  ( 0.8816407389246829762, 12.20009759692811002, 10.97007254025819911 ) ) ;
#1854 = STYLED_ITEM ( 'NONE', ( #4788 ), #116 ) ;
#1855 =( BOUNDED_CURVE ( )  B_SPLINE_CURVE ( 3, ( #3105, #582, #1060, #2222 ),
 .UNSPECIFIED., .F., .F. ) 
 B_SPLINE_CURVE_WITH_KNOTS ( ( 4, 4 ),
 ( 4.712388980384689674, 5.447426351802933553 ),
 .UNSPECIFIED. ) 
 CURVE ( )  GEOMETRIC_REPRESENTATION_ITEM ( )  RATIONAL_B_SPLINE_CURVE ( ( 1.000000000000000000, 0.9554811707287804712, 0.9554811707287804712, 1.000000000000000000 ) ) 
 REPRESENTATION_ITEM ( '' )  );
#1856 = AXIS2_PLACEMENT_3D ( 'NONE', #1402, #2597, #2984 ) ;
#1857 = VECTOR ( 'NONE', #4091, 1000.000000000000000 ) ;
#1858 = CARTESIAN_POINT ( 'NONE',  ( -0.4147619530661522114, 13.49351130079888961, 11.00000000000000000 ) ) ;
#1859 = CARTESIAN_POINT ( 'NONE',  ( -2.999999999999869882, 6.324010700333415613, -8.485281374238613950 ) ) ;
#1860 = CIRCLE ( 'NONE', #2559, 2.000000000000001776 ) ;
#1861 = LINE ( 'NONE', #1459, #2805 ) ;
#1862 = AXIS2_PLACEMENT_3D ( 'NONE', #4431, #3570, #689 ) ;
#1863 = EDGE_CURVE ( 'NONE', #1505, #575, #1129, .T. ) ;
#1864 = EDGE_CURVE ( 'NONE', #432, #5002, #3843, .T. ) ;
#1865 = CIRCLE ( 'NONE', #747, 11.00000000000000000 ) ;
#1866 = CARTESIAN_POINT ( 'NONE',  ( 16.06233047033641625, 37.27553390593276106, -10.99999999999999467 ) ) ;
#1867 = EDGE_LOOP ( 'NONE', ( #1665, #2337, #1482, #2406, #1835, #332 ) ) ;
#1868 = DIRECTION ( 'NONE',  ( 1.000000000000000000, 0.000000000000000000, -1.067871377262452863E-16 ) ) ;
#1869 = ORIENTED_EDGE ( 'NONE', *, *, #3171, .T. ) ;
#1870 = AXIS2_PLACEMENT_3D ( 'NONE', #3367, #4960, #2069 ) ;
#1871 = CARTESIAN_POINT ( 'NONE',  ( 5.877273229641822638, 8.364609330578634427, 9.865282729173461718 ) ) ;
#1872 = CARTESIAN_POINT ( 'NONE',  ( -7.183715326940759205, 8.021263536967495611, -8.330623516701345821 ) ) ;
#1873 = EDGE_CURVE ( 'NONE', #5084, #3879, #1103, .T. ) ;
#1874 = ORIENTED_EDGE ( 'NONE', *, *, #2128, .F. ) ;
#1875 = AXIS2_PLACEMENT_3D ( 'NONE', #2105, #5052, #4578 ) ;
#1876 = CARTESIAN_POINT ( 'NONE',  ( 18.19052316201591424, 32.50000000000000711, 2.000000000000002220 ) ) ;
#1877 = CARTESIAN_POINT ( 'NONE',  ( 4.798599756941582584, 3.974814580002854925, 10.94699879161952971 ) ) ;
#1878 = B_SPLINE_CURVE_WITH_KNOTS ( 'NONE', 3,
 ( #1542, #1872, #275, #4271, #616, #4720, #201, #1839 ),
 .UNSPECIFIED., .F., .F.,
 ( 4, 2, 2, 4 ),
 ( 0.000000000000000000, 0.0007125986132534620600, 0.001068897919880192494, 0.001425197226506920867 ),
 .UNSPECIFIED. ) ;
#1879 = CARTESIAN_POINT ( 'NONE',  ( -27.99999999999997868, -2.499999999999998668, 21.00000000000000000 ) ) ;
#1880 = FACE_OUTER_BOUND ( 'NONE', #3108, .T. ) ;
#1881 = DIRECTION ( 'NONE',  ( -0.7071067811865486830, -0.7071067811865464625, 1.232595164407830946E-32 ) ) ;
#1882 = CARTESIAN_POINT ( 'NONE',  ( 0.04468265194215481628, 12.41708031371203447, 12.00357118843967363 ) ) ;
#1883 = LINE ( 'NONE', #171, #589 ) ;
#1884 = ORIENTED_EDGE ( 'NONE', *, *, #2409, .T. ) ;
#1885 = CARTESIAN_POINT ( 'NONE',  ( -10.76531555956220565, 25.55856519626577139, -7.000000000000000000 ) ) ;
#1886 = CARTESIAN_POINT ( 'NONE',  ( 5.635805717330433673, 9.010237716418858511, 9.711158753813288413 ) ) ;
#1887 =( BOUNDED_CURVE ( )  B_SPLINE_CURVE ( 3, ( #1677, #384, #2523, #2938 ),
 .UNSPECIFIED., .F., .T. ) 
 B_SPLINE_CURVE_WITH_KNOTS ( ( 4, 4 ),
 ( 1.780999537397366383, 2.865366022826203007 ),
 .UNSPECIFIED. ) 
 CURVE ( )  GEOMETRIC_REPRESENTATION_ITEM ( )  RATIONAL_B_SPLINE_CURVE ( ( 1.000000000000000000, 0.9043894362954976174, 0.9043894362954976174, 1.000000000000000000 ) ) 
 REPRESENTATION_ITEM ( '' )  );
#1888 = CARTESIAN_POINT ( 'NONE',  ( 0.000000000000000000, 29.50000000000000711, 0.000000000000000000 ) ) ;
#1889 = ORIENTED_EDGE ( 'NONE', *, *, #4324, .T. ) ;
#1890 = CARTESIAN_POINT ( 'NONE',  ( 8.336429235335979016, 20.02432534653311436, -7.187947762631884174 ) ) ;
#1891 = EDGE_CURVE ( 'NONE', #3397, #2842, #2413, .T. ) ;
#1892 = ORIENTED_EDGE ( 'NONE', *, *, #3207, .F. ) ;
#1893 = CARTESIAN_POINT ( 'NONE',  ( -21.99999999999997868, 6.500000000000000888, 25.00000000000000000 ) ) ;
#1894 = DIRECTION ( 'NONE',  ( -0.000000000000000000, 0.000000000000000000, 1.000000000000000000 ) ) ;
#1895 = DIRECTION ( 'NONE',  ( 0.000000000000000000, 1.000000000000000000, 0.000000000000000000 ) ) ;
#1896 = ORIENTED_EDGE ( 'NONE', *, *, #3011, .T. ) ;
#1897 = CARTESIAN_POINT ( 'NONE',  ( -11.53256259467079659, 25.50000000000000355, 7.000000000000000000 ) ) ;
#1898 = CARTESIAN_POINT ( 'NONE',  ( 5.199550099776454104, 9.988434350515182913, 9.695839680899515756 ) ) ;
#1899 = DIRECTION ( 'NONE',  ( 0.000000000000000000, 0.000000000000000000, -1.000000000000000000 ) ) ;
#1900 = CARTESIAN_POINT ( 'NONE',  ( 3.853818216076748904, 10.04641180488505725, -10.32037542157675958 ) ) ;
#1901 = EDGE_CURVE ( 'NONE', #4119, #3740, #3363, .T. ) ;
#1902 = EDGE_LOOP ( 'NONE', ( #2642, #4952, #1258, #2201, #1983, #5209, #2924, #3327, #3240, #2922, #2942, #2524, #2275, #829, #3364, #2673 ) ) ;
#1903 = CARTESIAN_POINT ( 'NONE',  ( 14.62733943431341821, 4.029873306395722388, -6.683069564272658525 ) ) ;
#1904 = CARTESIAN_POINT ( 'NONE',  ( 29.49735931288081403, 29.49735931288072521, 0.000000000000000000 ) ) ;
#1905 = ORIENTED_EDGE ( 'NONE', *, *, #255, .F. ) ;
#1906 = CARTESIAN_POINT ( 'NONE',  ( -9.904389682852908550, 26.93315648272485419, -6.334868926348073970 ) ) ;
#1907 = DIRECTION ( 'NONE',  ( -1.000000000000000000, 0.000000000000000000, 0.000000000000000000 ) ) ;
#1908 = CARTESIAN_POINT ( 'NONE',  ( -5.172793733138156824, 10.83027891729233261, -9.721723800762900325 ) ) ;
#1909 = ORIENTED_EDGE ( 'NONE', *, *, #3246, .T. ) ;
#1910 = CARTESIAN_POINT ( 'NONE',  ( 11.05082268650858346, 22.99415446047431644, -5.376335382560022857 ) ) ;
#1911 =( LENGTH_UNIT ( ) NAMED_UNIT ( * ) SI_UNIT ( .MILLI., .METRE. ) );
#1912 = CARTESIAN_POINT ( 'NONE',  ( 4.809475019311147292, 5.000000000000001776, 10.97596897413675521 ) ) ;
#1913 = SPHERICAL_SURFACE ( 'NONE', #4501, 1.000000000000000000 ) ;
#1914 = ORIENTED_EDGE ( 'NONE', *, *, #2129, .T. ) ;
#1915 = FACE_OUTER_BOUND ( 'NONE', #475, .T. ) ;
#1916 = CARTESIAN_POINT ( 'NONE',  ( 10.65070420207037216, 26.58557958571793023, 2.750000000000091482 ) ) ;
#1917 = CARTESIAN_POINT ( 'NONE',  ( -21.99999999999997868, 8.500000000000000000, 25.00000000000000000 ) ) ;
#1918 = CARTESIAN_POINT ( 'NONE',  ( 6.482049829470875935, 2.500000000000002220, -10.77778173431022246 ) ) ;
#1919 = CARTESIAN_POINT ( 'NONE',  ( 32.00000000000002132, 2.500000000000002220, -20.99999999999999645 ) ) ;
#1920 = CARTESIAN_POINT ( 'NONE',  ( 17.42039102656328353, 4.162875763167954268, 3.596613389632568936 ) ) ;
#1921 = EDGE_CURVE ( 'NONE', #5029, #3299, #3613, .T. ) ;
#1922 = AXIS2_PLACEMENT_3D ( 'NONE', #992, #102, #1447 ) ;
#1923 = CYLINDRICAL_SURFACE ( 'NONE', #3564, 9.000000000000000000 ) ;
#1924 = ORIENTED_EDGE ( 'NONE', *, *, #4975, .F. ) ;
#1925 = CARTESIAN_POINT ( 'NONE',  ( -7.231540748532229834, 7.174660536428919322, -8.954721666997382812 ) ) ;
#1926 = CARTESIAN_POINT ( 'NONE',  ( 6.451435062325749037, 3.640544539671707547, -9.801004622982645742 ) ) ;
#1927 = VECTOR ( 'NONE', #1585, 999.9999999999998863 ) ;
#1928 = VECTOR ( 'NONE', #2808, 1000.000000000000000 ) ;
#1929 = VECTOR ( 'NONE', #4508, 1000.000000000000000 ) ;
#1930 = DIRECTION ( 'NONE',  ( 1.000000000000000000, 0.000000000000000000, -0.000000000000000000 ) ) ;
#1931 = ORIENTED_EDGE ( 'NONE', *, *, #1667, .F. ) ;
#1932 = VECTOR ( 'NONE', #4206, 1000.000000000000000 ) ;
#1933 = CARTESIAN_POINT ( 'NONE',  ( 11.05009780664950547, 22.99245017069591768, 5.377392256479950561 ) ) ;
#1934 = LINE ( 'NONE', #4455, #2291 ) ;
#1935 = CARTESIAN_POINT ( 'NONE',  ( 0.000000000000000000, 37.50000000000000711, -9.000000000000000000 ) ) ;
#1936 = ORIENTED_EDGE ( 'NONE', *, *, #2265, .F. ) ;
#1937 = CIRCLE ( 'NONE', #1856, 1.500000000000004663 ) ;
#1938 = VECTOR ( 'NONE', #4676, 1000.000000000000000 ) ;
#1939 = DIRECTION ( 'NONE',  ( -0.1491766036371723891, 0.000000000000000000, -0.9888105687781042485 ) ) ;
#1940 = AXIS2_PLACEMENT_3D ( 'NONE', #2756, #1815, #3129 ) ;
#1941 = ORIENTED_EDGE ( 'NONE', *, *, #4528, .F. ) ;
#1942 = DIRECTION ( 'NONE',  ( -0.000000000000000000, 0.000000000000000000, 1.000000000000000000 ) ) ;
#1943 = CARTESIAN_POINT ( 'NONE',  ( 10.56532993634064432, 26.34783732385603727, 3.080653109366000564 ) ) ;
#1944 = ORIENTED_EDGE ( 'NONE', *, *, #3533, .F. ) ;
#1945 = CARTESIAN_POINT ( 'NONE',  ( -5.368140316451244232, 10.62384111358384686, 10.33952585066655772 ) ) ;
#1946 = LINE ( 'NONE', #1844, #4988 ) ;
#1947 = VECTOR ( 'NONE', #149, 999.9999999999998863 ) ;
#1948 = AXIS2_PLACEMENT_3D ( 'NONE', #3550, #3515, #3086 ) ;
#1949 = EDGE_LOOP ( 'NONE', ( #863, #215, #4485, #2102, #621, #3059, #1714, #3770 ) ) ;
#1950 = VECTOR ( 'NONE', #3904, 1000.000000000000000 ) ;
#1951 = CARTESIAN_POINT ( 'NONE',  ( 0.000000000000000000, -2.499999999999998668, 25.00000000000000000 ) ) ;
#1952 = EDGE_CURVE ( 'NONE', #5060, #1271, #3580, .T. ) ;
#1953 = DIRECTION ( 'NONE',  ( 0.7726232271577302413, -1.101314919871388106E-15, -0.6348648272320449593 ) ) ;
#1954 = EDGE_CURVE ( 'NONE', #4632, #224, #2056, .T. ) ;
#1955 = CARTESIAN_POINT ( 'NONE',  ( 7.910728892360681996, 2.500000000000627498, 9.330971943163671511 ) ) ;
#1956 = EDGE_CURVE ( 'NONE', #3630, #1719, #4727, .T. ) ;
#1957 = VECTOR ( 'NONE', #333, 1000.000000000000000 ) ;
#1958 = CARTESIAN_POINT ( 'NONE',  ( -7.937626670470418588, 28.50000000000000355, 7.615384615384615863 ) ) ;
#1959 = EDGE_CURVE ( 'NONE', #808, #1461, #3607, .T. ) ;
#1960 = ADVANCED_FACE ( 'NONE', ( #1625 ), #4502, .T. ) ;
#1961 = ORIENTED_EDGE ( 'NONE', *, *, #4389, .T. ) ;
#1962 = DIRECTION ( 'NONE',  ( 0.000000000000000000, 0.000000000000000000, -1.000000000000000000 ) ) ;
#1963 = CARTESIAN_POINT ( 'NONE',  ( 4.930597164522660947, 3.607391929844729894, -9.962513375857849240 ) ) ;
#1964 = CARTESIAN_POINT ( 'NONE',  ( -4.595312658292839636, 12.24624197374652290, -9.998581343559770573 ) ) ;
#1965 = EDGE_CURVE ( 'NONE', #1099, #4341, #2231, .T. ) ;
#1966 = ORIENTED_EDGE ( 'NONE', *, *, #1081, .F. ) ;
#1967 = CARTESIAN_POINT ( 'NONE',  ( 11.72293921719549381, 24.56576608428214215, 4.196190201842909140 ) ) ;
#1968 = CARTESIAN_POINT ( 'NONE',  ( -2.290902981744737943, 8.037279551031852876, 8.704468579481122958 ) ) ;
#1969 = CYLINDRICAL_SURFACE ( 'NONE', #315, 1.500000000000001332 ) ;
#1970 = ORIENTED_EDGE ( 'NONE', *, *, #1534, .F. ) ;
#1971 = LINE ( 'NONE', #5207, #326 ) ;
#1972 = ORIENTED_EDGE ( 'NONE', *, *, #5015, .F. ) ;
#1973 = CARTESIAN_POINT ( 'NONE',  ( 8.368011289500730143, 20.11604029325486920, 7.151258979373480429 ) ) ;
#1974 = CARTESIAN_POINT ( 'NONE',  ( 5.744843408810543117, 2.763684555805850263, 10.84383934516823800 ) ) ;
#1975 = VERTEX_POINT ( 'NONE', #1767 ) ;
#1976 = CARTESIAN_POINT ( 'NONE',  ( 28.00000000000002132, -6.742640687119290099, 22.50000000000000355 ) ) ;
#1977 = CARTESIAN_POINT ( 'NONE',  ( 3.226225778456046633, 10.77527043839926435, 10.53298396683601545 ) ) ;
#1978 = ORIENTED_EDGE ( 'NONE', *, *, #2776, .T. ) ;
#1979 = CARTESIAN_POINT ( 'NONE',  ( 32.00000000000002132, 17.69052316201578634, -2.000000000000001332 ) ) ;
#1980 = ORIENTED_EDGE ( 'NONE', *, *, #1018, .T. ) ;
#1981 = CARTESIAN_POINT ( 'NONE',  ( 11.94749424131061843, 2.500000000000001776, 9.290207840082906898 ) ) ;
#1982 = CARTESIAN_POINT ( 'NONE',  ( -9.699806662630473753, 27.05006635414372695, -6.381219519074011082 ) ) ;
#1983 = ORIENTED_EDGE ( 'NONE', *, *, #3228, .T. ) ;
#1984 = CARTESIAN_POINT ( 'NONE',  ( -9.700142944432714742, 25.93633995784752955, -6.999999999999999112 ) ) ;
#1985 = CARTESIAN_POINT ( 'NONE',  ( -2.500000000000000888, 29.50000000000000711, -12.18351418237184980 ) ) ;
#1986 = EDGE_CURVE ( 'NONE', #2733, #3937, #449, .T. ) ;
#1987 = CARTESIAN_POINT ( 'NONE',  ( -5.351526862863913436, 10.64165556976838545, -10.35104142630683377 ) ) ;
#1988 = VERTEX_POINT ( 'NONE', #2002 ) ;
#1989 = DIRECTION ( 'NONE',  ( -0.000000000000000000, -0.000000000000000000, -1.000000000000000000 ) ) ;
#1990 = DIRECTION ( 'NONE',  ( 0.7071067811865485719, 0.7071067811865464625, 0.000000000000000000 ) ) ;
#1991 = ORIENTED_EDGE ( 'NONE', *, *, #4005, .T. ) ;
#1992 = CARTESIAN_POINT ( 'NONE',  ( 2.217277059131240252E-16, 4.767949192431111705, 9.000000000000000000 ) ) ;
#1993 = EDGE_CURVE ( 'NONE', #2022, #2576, #1202, .T. ) ;
#1994 = EDGE_LOOP ( 'NONE', ( #2271, #454, #4054, #4861, #4829, #468, #302, #4460, #3456, #763, #2613, #789 ) ) ;
#1995 = DIRECTION ( 'NONE',  ( 0.000000000000000000, 0.000000000000000000, 1.000000000000000000 ) ) ;
#1996 = CARTESIAN_POINT ( 'NONE',  ( 0.1504913706460633271, 4.854835425784330027, 9.000000000000000000 ) ) ;
#1997 = VERTEX_POINT ( 'NONE', #4334 ) ;
#1998 = CARTESIAN_POINT ( 'NONE',  ( 1.122954261242446350, 13.14438850680129001, 10.94605461193338769 ) ) ;
#1999 = CARTESIAN_POINT ( 'NONE',  ( 4.422621734204311927, 9.087366320132563402, 10.75427947499770376 ) ) ;
#2000 = ADVANCED_FACE ( 'NONE', ( #4040 ), #1130, .T. ) ;
#2001 = ORIENTED_EDGE ( 'NONE', *, *, #1952, .F. ) ;
#2002 = CARTESIAN_POINT ( 'NONE',  ( -23.99999999999997868, 8.500000000000000000, -25.00000000000000000 ) ) ;
#2003 = FACE_OUTER_BOUND ( 'NONE', #1551, .T. ) ;
#2004 = ORIENTED_EDGE ( 'NONE', *, *, #1749, .F. ) ;
#2005 = CARTESIAN_POINT ( 'NONE',  ( 11.56351723034123857, 3.883977010968544974, -8.445643490984879875 ) ) ;
#2006 = CYLINDRICAL_SURFACE ( 'NONE', #1778, 1.500000000000001332 ) ;
#2007 = FACE_OUTER_BOUND ( 'NONE', #1276, .T. ) ;
#2008 = CARTESIAN_POINT ( 'NONE',  ( 16.06233047033641625, 37.27553390593276106, 15.00000000000000533 ) ) ;
#2009 = AXIS2_PLACEMENT_3D ( 'NONE', #2187, #551, #4541 ) ;
#2010 = ORIENTED_EDGE ( 'NONE', *, *, #1416, .F. ) ;
#2011 = CARTESIAN_POINT ( 'NONE',  ( 6.128871699005272511, 10.57837496418608225, 9.499682231471076932 ) ) ;
#2012 = DIRECTION ( 'NONE',  ( 0.2437525145288009787, 0.9617806966782582734, -0.1247501629576926452 ) ) ;
#2013 = DIRECTION ( 'NONE',  ( 0.000000000000000000, 0.000000000000000000, 1.000000000000000000 ) ) ;
#2014 = CIRCLE ( 'NONE', #2099, 1.500000000000001332 ) ;
#2015 = EDGE_LOOP ( 'NONE', ( #3111, #4572, #740, #4964 ) ) ;
#2016 = ADVANCED_FACE ( 'NONE', ( #3176 ), #2327, .F. ) ;
#2017 = ADVANCED_FACE ( 'NONE', ( #373 ), #4404, .T. ) ;
#2018 = DIRECTION ( 'NONE',  ( 0.000000000000000000, 1.000000000000000000, -0.000000000000000000 ) ) ;
#2019 = VECTOR ( 'NONE', #4226, 1000.000000000000000 ) ;
#2020 = VECTOR ( 'NONE', #261, 999.9999999999998863 ) ;
#2021 =( BOUNDED_SURFACE ( )  B_SPLINE_SURFACE ( 3, 2, ( 
 ( #1281, #4188, #94 ),
 ( #4907, #904, #1673 ),
 ( #1642, #2097, #1328 ),
 ( #3312, #4993, #4937 ),
 ( #2912, #1734, #2935 ),
 ( #3371, #3283, #2961 ) ),
 .UNSPECIFIED., .F., .F., .T. ) 
 B_SPLINE_SURFACE_WITH_KNOTS ( ( 4, 2, 4 ),
 ( 3, 3 ),
 ( -1.734723475976807094E-18, 0.002260763208986108202, 0.004521526417972218138 ),
 ( 0.000000000000000000, 1.000000000000000000 ),
 .UNSPECIFIED. ) 
 GEOMETRIC_REPRESENTATION_ITEM ( )  RATIONAL_B_SPLINE_SURFACE ( (
 ( 1.000000000000000000, 0.7269490518253883815, 1.000000000000000000),
 ( 1.000000000000000000, 0.7153113241260330435, 1.000000000000000000),
 ( 1.000000000000000000, 0.7022199033478846442, 1.000000000000000000),
 ( 1.000000000000000000, 0.6813256174249253672, 1.000000000000000000),
 ( 1.000000000000000000, 0.6742163402975341890, 1.000000000000000000),
 ( 1.000000000000000000, 0.6740528552159996689, 1.000000000000000000) ) ) 
 REPRESENTATION_ITEM ( '' )  SURFACE ( )  );
#2022 = VERTEX_POINT ( 'NONE', #4375 ) ;
#2023 = CARTESIAN_POINT ( 'NONE',  ( 9.628162348356983813, 19.61661753377995865, 7.092157665495546048 ) ) ;
#2024 = FACE_OUTER_BOUND ( 'NONE', #2947, .T. ) ;
#2025 = AXIS2_PLACEMENT_3D ( 'NONE', #1150, #4372, #3956 ) ;
#2026 = DIRECTION ( 'NONE',  ( 0.000000000000000000, 0.000000000000000000, 1.000000000000000000 ) ) ;
#2027 = EDGE_CURVE ( 'NONE', #4204, #1198, #2563, .T. ) ;
#2028 = AXIS2_PLACEMENT_3D ( 'NONE', #3114, #4751, #2744 ) ;
#2029 = PLANE ( 'NONE',  #3751 ) ;
#2030 = CARTESIAN_POINT ( 'NONE',  ( -0.9999999999999794609, 6.500000000000000888, 25.00000000000000000 ) ) ;
#2031 = CIRCLE ( 'NONE', #586, 1.500000000000001998 ) ;
#2032 = CARTESIAN_POINT ( 'NONE',  ( 11.61895003862224662, 26.58557958571798352, -3.000000000000007994 ) ) ;
#2033 = ORIENTED_EDGE ( 'NONE', *, *, #424, .T. ) ;
#2034 = AXIS2_PLACEMENT_3D ( 'NONE', #2160, #1669, #90 ) ;
#2035 = CARTESIAN_POINT ( 'NONE',  ( -0.3162967877642499093, 8.387731974313298977, -8.996053587415046238 ) ) ;
#2036 = VECTOR ( 'NONE', #4985, 999.9999999999998863 ) ;
#2037 = CARTESIAN_POINT ( 'NONE',  ( -27.99999999999997868, -2.499999999999998668, -19.50000000000000000 ) ) ;
#2038 = CARTESIAN_POINT ( 'NONE',  ( -0.9999999999999794609, 6.500000000000000888, -25.00000000000000000 ) ) ;
#2039 = CARTESIAN_POINT ( 'NONE',  ( 5.954010117721201922, 3.874347212705421040, -9.891524323096763993 ) ) ;
#2040 = VERTEX_POINT ( 'NONE', #1535 ) ;
#2041 = CARTESIAN_POINT ( 'NONE',  ( -9.541369100194540209, 27.15471730238513359, -6.443221386831470276 ) ) ;
#2042 = ORIENTED_EDGE ( 'NONE', *, *, #170, .T. ) ;
#2043 = CARTESIAN_POINT ( 'NONE',  ( 0.000000000000000000, 2.500000000000002220, -2.999999999999999112 ) ) ;
#2044 = VERTEX_POINT ( 'NONE', #2753 ) ;
#2045 = CARTESIAN_POINT ( 'NONE',  ( 28.00000000000002132, 2.500000000000002220, -22.50000000000000355 ) ) ;
#2046 = ADVANCED_FACE ( 'NONE', ( #3151 ), #48, .F. ) ;
#2047 = DIRECTION ( 'NONE',  ( -1.000000000000000000, 0.000000000000000000, 0.000000000000000000 ) ) ;
#2048 = EDGE_CURVE ( 'NONE', #3347, #5097, #1691, .T. ) ;
#2049 = ORIENTED_EDGE ( 'NONE', *, *, #3730, .T. ) ;
#2050 = CARTESIAN_POINT ( 'NONE',  ( 0.000000000000000000, 2.500000000000002220, 25.00000000000000000 ) ) ;
#2051 = CARTESIAN_POINT ( 'NONE',  ( 32.00000000000002132, 18.39397313900376218, 2.727272727272728847 ) ) ;
#2052 = ORIENTED_EDGE ( 'NONE', *, *, #712, .T. ) ;
#2053 = DIRECTION ( 'NONE',  ( -0.000000000000000000, -0.000000000000000000, 1.000000000000000000 ) ) ;
#2054 = CARTESIAN_POINT ( 'NONE',  ( 4.363366646251351177, 9.213451785387329451, 10.11516614504942879 ) ) ;
#2055 = CARTESIAN_POINT ( 'NONE',  ( 2.499999999999999112, 29.50000000000000711, -12.18351418237184980 ) ) ;
#2056 = LINE ( 'NONE', #421, #5169 ) ;
#2057 = EDGE_LOOP ( 'NONE', ( #2285, #2455, #3870, #4229 ) ) ;
#2058 = CARTESIAN_POINT ( 'NONE',  ( -23.99999999999997868, 12.50000000000000000, 25.00000000000000000 ) ) ;
#2059 = VERTEX_POINT ( 'NONE', #1582 ) ;
#2060 = CARTESIAN_POINT ( 'NONE',  ( -9.380831519646857686, 26.14973472408727773, -7.000000000000000000 ) ) ;
#2061 = ADVANCED_FACE ( 'NONE', ( #4763 ), #4, .F. ) ;
#2062 =( NAMED_UNIT ( * ) PLANE_ANGLE_UNIT ( ) SI_UNIT ( $, .RADIAN. ) );
#2063 = CARTESIAN_POINT ( 'NONE',  ( 5.710207187796216388, 4.727867045598086015, -9.975904134948411439 ) ) ;
#2064 = CARTESIAN_POINT ( 'NONE',  ( -7.383717522177212444, 7.021895289737985379, 8.886525082456740776 ) ) ;
#2065 = CARTESIAN_POINT ( 'NONE',  ( -0.8436452438347474825, 13.51430294391345299, -10.97560162335579115 ) ) ;
#2066 = ADVANCED_FACE ( 'NONE', ( #649 ), #1451, .F. ) ;
#2067 = EDGE_LOOP ( 'NONE', ( #4844, #596 ) ) ;
#2068 = CARTESIAN_POINT ( 'NONE',  ( -8.457023384891634521, 27.78376695485482983, -7.189965834455962934 ) ) ;
#2069 = DIRECTION ( 'NONE',  ( -0.7071067811865464625, 0.7071067811865486830, 0.000000000000000000 ) ) ;
#2070 = CARTESIAN_POINT ( 'NONE',  ( 37.27553390593282501, 21.71918471982868581, -10.99999999999999822 ) ) ;
#2071 = DIRECTION ( 'NONE',  ( -1.000000000000000000, 0.000000000000000000, 0.000000000000000000 ) ) ;
#2072 = DIRECTION ( 'NONE',  ( 0.7071067811865485719, 0.7071067811865464625, 0.000000000000000000 ) ) ;
#2073 = EDGE_LOOP ( 'NONE', ( #2740, #3723, #777, #5073 ) ) ;
#2074 = CARTESIAN_POINT ( 'NONE',  ( 0.5383680568173530023, 7.790045403040557481, 8.984741929594475707 ) ) ;
#2075 = DIRECTION ( 'NONE',  ( -0.000000000000000000, 0.000000000000000000, -1.000000000000000000 ) ) ;
#2076 = CARTESIAN_POINT ( 'NONE',  ( 5.031618206678054150, 6.280506740666884191, -11.01425159571164691 ) ) ;
#2077 = FACE_OUTER_BOUND ( 'NONE', #1640, .T. ) ;
#2078 = CARTESIAN_POINT ( 'NONE',  ( -0.3047344119662753759, 12.46865731303555513, -12.00464395156209640 ) ) ;
#2079 = EDGE_LOOP ( 'NONE', ( #907, #4021 ) ) ;
#2080 = DIRECTION ( 'NONE',  ( 0.7071067811865485719, 0.7071067811865464625, -0.000000000000000000 ) ) ;
#2081 = PLANE ( 'NONE',  #1342 ) ;
#2082 = ORIENTED_EDGE ( 'NONE', *, *, #2251, .T. ) ;
#2083 = CARTESIAN_POINT ( 'NONE',  ( -8.112049967802075656, 28.08826887391433047, -7.449111187852433424 ) ) ;
#2084 = EDGE_CURVE ( 'NONE', #4717, #1373, #1031, .T. ) ;
#2085 = ORIENTED_EDGE ( 'NONE', *, *, #1050, .T. ) ;
#2086 = DIRECTION ( 'NONE',  ( 0.000000000000000000, -0.000000000000000000, 1.000000000000000000 ) ) ;
#2087 = CARTESIAN_POINT ( 'NONE',  ( -22.99999999999997868, 12.50000000000000000, -7.000000000000000000 ) ) ;
#2088 = CARTESIAN_POINT ( 'NONE',  ( 0.9567071201946361070, 12.18127036224181658, 11.93649851123931249 ) ) ;
#2089 = CARTESIAN_POINT ( 'NONE',  ( 6.598422751850543833, 3.647543940564312859, 9.779885332689310928 ) ) ;
#2090 = EDGE_CURVE ( 'NONE', #374, #413, #5113, .T. ) ;
#2091 = CARTESIAN_POINT ( 'NONE',  ( -4.780679828120905306, 12.09241125408663464, -9.908320638711741069 ) ) ;
#2092 = EDGE_LOOP ( 'NONE', ( #3046, #2872, #1797 ) ) ;
#2093 = CARTESIAN_POINT ( 'NONE',  ( -7.821008690171314726, 6.715700390799575814, -8.683337417931022983 ) ) ;
#2094 = DIRECTION ( 'NONE',  ( -0.000000000000000000, -1.000000000000000000, -0.000000000000000000 ) ) ;
#2095 = DIRECTION ( 'NONE',  ( 0.000000000000000000, 0.000000000000000000, 1.000000000000000000 ) ) ;
#2096 = CARTESIAN_POINT ( 'NONE',  ( -2.642117943529592949, 5.345175682138143536, 8.603929130068511455 ) ) ;
#2097 = CARTESIAN_POINT ( 'NONE',  ( 5.025502723343719502, 6.282603144931460548, -9.998549225017850262 ) ) ;
#2098 = ORIENTED_EDGE ( 'NONE', *, *, #4102, .F. ) ;
#2099 = AXIS2_PLACEMENT_3D ( 'NONE', #4551, #4758, #4583 ) ;
#2100 = CARTESIAN_POINT ( 'NONE',  ( 34.44710678118661917, 18.89075759508249774, -10.99999999999999822 ) ) ;
#2101 = CARTESIAN_POINT ( 'NONE',  ( 28.00000000000002132, -2.499999999999998668, -21.00000000000000000 ) ) ;
#2102 = ORIENTED_EDGE ( 'NONE', *, *, #3871, .T. ) ;
#2103 = CARTESIAN_POINT ( 'NONE',  ( 11.61895003862225551, 26.58557958571801194, -2.999999999999979128 ) ) ;
#2104 = CIRCLE ( 'NONE', #3399, 1.000000000000000888 ) ;
#2105 = CARTESIAN_POINT ( 'NONE',  ( -21.99999999999997868, 8.500000000000000000, 7.000000000000000000 ) ) ;
#2106 = COLOUR_RGB ( '',0.5294117647058823595, 0.5490196078431373028, 0.5490196078431373028 ) ;
#2107 = CARTESIAN_POINT ( 'NONE',  ( 0.6492141190938064410, 12.27798498801101346, -11.97005618132874183 ) ) ;
#2108 = DIRECTION ( 'NONE',  ( 0.000000000000000000, 1.000000000000000000, 0.000000000000000000 ) ) ;
#2109 = AXIS2_PLACEMENT_3D ( 'NONE', #738, #1591, #2855 ) ;
#2110 = VERTEX_POINT ( 'NONE', #1070 ) ;
#2111 = AXIS2_PLACEMENT_3D ( 'NONE', #2508, #4115, #22 ) ;
#2112 = CARTESIAN_POINT ( 'NONE',  ( 12.29925138167205212, 25.90527824266817092, -2.727272727272743502 ) ) ;
#2113 = CARTESIAN_POINT ( 'NONE',  ( 10.47668412330288668, 26.10065491581575969, -3.365794166844682245 ) ) ;
#2114 = EDGE_LOOP ( 'NONE', ( #1069, #148, #2232, #2098 ) ) ;
#2115 = CARTESIAN_POINT ( 'NONE',  ( -8.654693847467459733, 27.07564489004923303, -7.131948884287549362 ) ) ;
#2116 = AXIS2_PLACEMENT_3D ( 'NONE', #5150, #3810, #4256 ) ;
#2117 = CIRCLE ( 'NONE', #1511, 1.499999999999999556 ) ;
#2118 = CARTESIAN_POINT ( 'NONE',  ( 0.02467168614307338470, 12.41913989075008296, -11.00499321128049246 ) ) ;
#2119 = ADVANCED_FACE ( 'NONE', ( #1880 ), #4321, .F. ) ;
#2120 = EDGE_CURVE ( 'NONE', #3286, #374, #5061, .T. ) ;
#2121 = CIRCLE ( 'NONE', #3912, 1.500000000000001332 ) ;
#2122 = EDGE_CURVE ( 'NONE', #4632, #5029, #2621, .T. ) ;
#2123 = CARTESIAN_POINT ( 'NONE',  ( 4.275736023971717259, 9.375153812111459928, 10.83839279570930714 ) ) ;
#2124 = DIRECTION ( 'NONE',  ( 1.000000000000000000, 0.000000000000000000, 0.000000000000000000 ) ) ;
#2125 = CARTESIAN_POINT ( 'NONE',  ( -6.696552527842338343, 9.621492015592838953, 8.736967506978826847 ) ) ;
#2126 = VECTOR ( 'NONE', #878, 1000.000000000000000 ) ;
#2127 = AXIS2_PLACEMENT_3D ( 'NONE', #2823, #4843, #5170 ) ;
#2128 = EDGE_CURVE ( 'NONE', #4917, #2566, #1658, .T. ) ;
#2129 = EDGE_CURVE ( 'NONE', #3814, #2175, #1052, .T. ) ;
#2130 = ORIENTED_EDGE ( 'NONE', *, *, #3595, .T. ) ;
#2131 = CARTESIAN_POINT ( 'NONE',  ( -8.572491497702463548, 6.507537614703979401, -8.307692307692308376 ) ) ;
#2132 = ORIENTED_EDGE ( 'NONE', *, *, #1502, .T. ) ;
#2133 = CARTESIAN_POINT ( 'NONE',  ( 17.83009742330279224, 35.50776695296639218, -10.99999999999999822 ) ) ;
#2134 = EDGE_LOOP ( 'NONE', ( #3131, #899, #1119, #648 ) ) ;
#2135 = CARTESIAN_POINT ( 'NONE',  ( -27.99999999999997868, 0.000000000000000000, -21.00000000000000000 ) ) ;
#2136 = DIRECTION ( 'NONE',  ( 0.7071067811865486830, 0.7071067811865464625, 0.000000000000000000 ) ) ;
#2137 = EDGE_CURVE ( 'NONE', #560, #4950, #3577, .T. ) ;
#2138 = ADVANCED_FACE ( 'NONE', ( #3559 ), #2362, .T. ) ;
#2139 = CARTESIAN_POINT ( 'NONE',  ( 4.745966692414854471, 4.500000000000002665, 25.00000000000000000 ) ) ;
#2140 = ORIENTED_EDGE ( 'NONE', *, *, #277, .F. ) ;
#2141 = CARTESIAN_POINT ( 'NONE',  ( 10.91575947569519833, 24.92421256820347253, 1.723445339426644463 ) ) ;
#2142 = LINE ( 'NONE', #1391, #925 ) ;
#2143 = CARTESIAN_POINT ( 'NONE',  ( -7.992230785732965970, 7.501391715780829195, 7.558469948100468017 ) ) ;
#2144 = ORIENTED_EDGE ( 'NONE', *, *, #5237, .T. ) ;
#2145 = CARTESIAN_POINT ( 'NONE',  ( 0.8199394844404734872, 5.652402775455419359, -8.963001012311584859 ) ) ;
#2146 = FACE_OUTER_BOUND ( 'NONE', #1772, .T. ) ;
#2147 = CYLINDRICAL_SURFACE ( 'NONE', #3651, 4.000000000000000000 ) ;
#2148 = ORIENTED_EDGE ( 'NONE', *, *, #3095, .T. ) ;
#2149 = CARTESIAN_POINT ( 'NONE',  ( 28.00000000000002132, 2.500000000000002220, -21.00000000000000000 ) ) ;
#2150 = ORIENTED_EDGE ( 'NONE', *, *, #1163, .F. ) ;
#2151 = CARTESIAN_POINT ( 'NONE',  ( 2.248081527171489569, 11.55705452475709372, -10.78191617313167328 ) ) ;
#2152 = FACE_OUTER_BOUND ( 'NONE', #2535, .T. ) ;
#2153 = DIRECTION ( 'NONE',  ( -0.000000000000000000, 0.000000000000000000, 1.000000000000000000 ) ) ;
#2154 = ORIENTED_EDGE ( 'NONE', *, *, #4389, .F. ) ;
#2155 = FACE_BOUND ( 'NONE', #1517, .T. ) ;
#2156 = CARTESIAN_POINT ( 'NONE',  ( 4.936834516405987472, 7.587632698209160864, 10.93791378215401089 ) ) ;
#2157 = ORIENTED_EDGE ( 'NONE', *, *, #2454, .F. ) ;
#2158 = DIRECTION ( 'NONE',  ( 0.9888105687781043596, 0.000000000000000000, 0.1491766036371725557 ) ) ;
#2159 = ORIENTED_EDGE ( 'NONE', *, *, #2403, .F. ) ;
#2160 = CARTESIAN_POINT ( 'NONE',  ( 34.44710678118662628, 18.89075759508249774, 11.00000000000000355 ) ) ;
#2161 = ORIENTED_EDGE ( 'NONE', *, *, #5102, .T. ) ;
#2162 = CARTESIAN_POINT ( 'NONE',  ( -6.809475019311105548, 8.000000000000000000, 9.138219645438292460 ) ) ;
#2163 = CYLINDRICAL_SURFACE ( 'NONE', #3646, 2.000000000000000000 ) ;
#2164 = EDGE_CURVE ( 'NONE', #5024, #3226, #1523, .T. ) ;
#2165 = DIRECTION ( 'NONE',  ( -0.7071067811865485719, -0.7071067811865464625, -0.000000000000000000 ) ) ;
#2166 = ORIENTED_EDGE ( 'NONE', *, *, #1558, .T. ) ;
#2167 = CARTESIAN_POINT ( 'NONE',  ( 10.21831871688985238, 21.02751689809570124, 6.462502316251560686 ) ) ;
#2168 = VERTEX_POINT ( 'NONE', #342 ) ;
#2169 = CARTESIAN_POINT ( 'NONE',  ( 4.937025061448630403, 7.586429427875430065, -10.93803372563718135 ) ) ;
#2170 = CARTESIAN_POINT ( 'NONE',  ( -27.99999999999997868, 12.50000000000000000, 21.00000000000000000 ) ) ;
#2171 = EDGE_CURVE ( 'NONE', #456, #4632, #4886, .T. ) ;
#2172 = DIRECTION ( 'NONE',  ( -0.000000000000000000, -1.000000000000000000, -0.000000000000000000 ) ) ;
#2173 = CARTESIAN_POINT ( 'NONE',  ( -9.076442807082736763, 26.48207595562908878, 7.018289061043331500 ) ) ;
#2174 = CARTESIAN_POINT ( 'NONE',  ( 9.404857182511038971, 21.01843564348415327, -5.792509882255290954 ) ) ;
#2175 = VERTEX_POINT ( 'NONE', #5271 ) ;
#2176 = LINE ( 'NONE', #5007, #3982 ) ;
#2177 = ORIENTED_EDGE ( 'NONE', *, *, #4499, .F. ) ;
#2178 = CARTESIAN_POINT ( 'NONE',  ( -2.645187169776206382, 12.27219514231077646, -11.64090658105780385 ) ) ;
#2179 = DIRECTION ( 'NONE',  ( -0.7071067811865486830, -0.7071067811865464625, -0.000000000000000000 ) ) ;
#2180 = CIRCLE ( 'NONE', #1229, 1.500000000000001332 ) ;
#2181 = CARTESIAN_POINT ( 'NONE',  ( -27.99999999999997868, 12.50000000000000000, 21.00000000000000000 ) ) ;
#2182 = DIRECTION ( 'NONE',  ( 0.000000000000000000, -1.000000000000000000, 0.000000000000000000 ) ) ;
#2183 = CARTESIAN_POINT ( 'NONE',  ( 2.499999999999999112, 29.50000000000000711, -12.18351418237184980 ) ) ;
#2184 = ORIENTED_EDGE ( 'NONE', *, *, #4459, .F. ) ;
#2185 = DIRECTION ( 'NONE',  ( -0.7071067811865462405, 0.7071067811865486830, 0.000000000000000000 ) ) ;
#2186 = DIRECTION ( 'NONE',  ( 0.000000000000000000, 0.000000000000000000, 1.000000000000000000 ) ) ;
#2187 = CARTESIAN_POINT ( 'NONE',  ( 18.89075759508260077, 34.44710678118656233, -10.99999999999999467 ) ) ;
#2188 = CARTESIAN_POINT ( 'NONE',  ( -22.99999999999997868, 0.000000000000000000, 8.000000000000000000 ) ) ;
#2189 = ORIENTED_EDGE ( 'NONE', *, *, #3624, .F. ) ;
#2190 = DIRECTION ( 'NONE',  ( 0.000000000000000000, 0.000000000000000000, 1.000000000000000000 ) ) ;
#2191 = DIRECTION ( 'NONE',  ( -0.7216024245882188826, 0.000000000000000000, 0.6923076923076935119 ) ) ;
#2192 = EDGE_CURVE ( 'NONE', #2507, #2717, #3694, .T. ) ;
#2193 = CARTESIAN_POINT ( 'NONE',  ( -27.99999999999997868, 12.50000000000000000, 21.00000000000000000 ) ) ;
#2194 = ADVANCED_FACE ( 'NONE', ( #1654 ), #778, .F. ) ;
#2195 = FACE_BOUND ( 'NONE', #5056, .T. ) ;
#2196 = CIRCLE ( 'NONE', #1765, 0.9999999999999998890 ) ;
#2197 = EDGE_LOOP ( 'NONE', ( #221, #1808 ) ) ;
#2198 = CARTESIAN_POINT ( 'NONE',  ( -10.77182243300224940, 25.57097895127811782, 7.000000000000000000 ) ) ;
#2199 = CARTESIAN_POINT ( 'NONE',  ( -9.222509670693478157, 26.30844368476032002, 7.000000000000000888 ) ) ;
#2200 = CARTESIAN_POINT ( 'NONE',  ( 9.603452257365368894, 23.64927708401604889, -5.369952002392497370 ) ) ;
#2201 = ORIENTED_EDGE ( 'NONE', *, *, #1232, .F. ) ;
#2202 = CARTESIAN_POINT ( 'NONE',  ( 11.61895003862217735, 26.58557958571780588, 3.000000000000285993 ) ) ;
#2203 = AXIS2_PLACEMENT_3D ( 'NONE', #4514, #4674, #2727 ) ;
#2204 = AXIS2_PLACEMENT_3D ( 'NONE', #577, #1480, #3076 ) ;
#2205 = CARTESIAN_POINT ( 'NONE',  ( -0.8473863337622411507, 12.50564350509302614, -10.97110515660035901 ) ) ;
#2206 =( BOUNDED_SURFACE ( )  B_SPLINE_SURFACE ( 3, 2, ( 
 ( #3583, #4826, #3685 ),
 ( #414, #4415, #4077 ),
 ( #822, #1618, #3259 ),
 ( #4461, #12, #1569 ),
 ( #1543, #798, #1644 ),
 ( #1195, #772, #2384 ),
 ( #4772, #3284, #3997 ),
 ( #2832, #4440, #1117 ),
 ( #2759, #3203, #335 ),
 ( #2438, #4792, #4048 ),
 ( #1973, #383, #2023 ),
 ( #5265, #3609, #2167 ),
 ( #37, #4938, #1790 ),
 ( #4878, #2609, #502 ),
 ( #3794, #1330, #2496 ),
 ( #3396, #530, #1736 ),
 ( #2522, #3769, #4129 ),
 ( #1304, #119, #3313 ),
 ( #4909, #2999, #2549 ),
 ( #1761, #2141, #4160 ) ),
 .UNSPECIFIED., .F., .F., .T. ) 
 B_SPLINE_SURFACE_WITH_KNOTS ( ( 4, 2, 2, 2, 2, 2, 2, 2, 2, 4 ),
 ( 3, 3 ),
 ( 0.01052566688504994082, 0.01308968393746278921, 0.01565370098987563935, 0.01821771804228848601, 0.02078173509470133615, 0.02334575214711418628, 0.02590976919952703295, 0.02847378625193987961, 0.02975579477814630641, 0.03103780330435272974 ),
 ( 0.000000000000000000, 1.000000000000000000 ),
 .UNSPECIFIED. ) 
 GEOMETRIC_REPRESENTATION_ITEM ( )  RATIONAL_B_SPLINE_SURFACE ( (
 ( 1.000000000000000000, 0.9454124165812757274, 1.000000000000000000),
 ( 1.000000000000000000, 0.9367049004495866527, 1.000000000000000000),
 ( 1.000000000000000000, 0.9267857517275281953, 1.000000000000000000),
 ( 1.000000000000000000, 0.9044116838737794595, 1.000000000000000000),
 ( 1.000000000000000000, 0.8919581571740825554, 1.000000000000000000),
 ( 1.000000000000000000, 0.8642965649693988839, 1.000000000000000000),
 ( 1.000000000000000000, 0.8490894630244771868, 1.000000000000000000),
 ( 1.000000000000000000, 0.8155741756652592489, 1.000000000000000000),
 ( 1.000000000000000000, 0.7972182165128842701, 1.000000000000000000),
 ( 1.000000000000000000, 0.7571454546026370469, 1.000000000000000000),
 ( 1.000000000000000000, 0.7354649969554080124, 1.000000000000000000),
 ( 1.000000000000000000, 0.6883431752694525452, 1.000000000000000000),
 ( 1.000000000000000000, 0.6628973495737479071, 1.000000000000000000),
 ( 1.000000000000000000, 0.6076786994998394364, 1.000000000000000000),
 ( 1.000000000000000000, 0.5777543460388664398, 1.000000000000000000),
 ( 1.000000000000000000, 0.5309623878931650776, 1.000000000000000000),
 ( 1.000000000000000000, 0.5149383852776550086, 1.000000000000000000),
 ( 1.000000000000000000, 0.4831145191438436237, 1.000000000000000000),
 ( 1.000000000000000000, 0.4673902355415967547, 1.000000000000000000),
 ( 1.000000000000000000, 0.4524836323963516427, 1.000000000000000000) ) ) 
 REPRESENTATION_ITEM ( '' )  SURFACE ( )  );
#2207 = DIRECTION ( 'NONE',  ( 0.000000000000000000, -1.000000000000000000, 0.000000000000000000 ) ) ;
#2208 = VECTOR ( 'NONE', #4753, 999.9999999999998863 ) ;
#2209 = AXIS2_PLACEMENT_3D ( 'NONE', #401, #891, #3754 ) ;
#2210 = CARTESIAN_POINT ( 'NONE',  ( 5.686969549306053473, 4.650947559122942998, 9.973390919263975363 ) ) ;
#2211 = AXIS2_PLACEMENT_3D ( 'NONE', #1692, #2926, #1318 ) ;
#2212 = CARTESIAN_POINT ( 'NONE',  ( 1.024369833810076624, 12.15128686296891836, 10.95830242963196355 ) ) ;
#2213 = CARTESIAN_POINT ( 'NONE',  ( 1.000000000000020872, 6.500000000000000888, -8.944271909999155667 ) ) ;
#2214 = EDGE_LOOP ( 'NONE', ( #4749, #4850, #5216, #510 ) ) ;
#2215 = CARTESIAN_POINT ( 'NONE',  ( -2.999999999999979128, 6.500000000000000888, 8.485281374238576646 ) ) ;
#2216 = CARTESIAN_POINT ( 'NONE',  ( 16.06233047033641625, 37.27553390593276106, 11.00000000000000533 ) ) ;
#2217 = CIRCLE ( 'NONE', #4908, 2.000000000000000000 ) ;
#2218 = FACE_OUTER_BOUND ( 'NONE', #2328, .T. ) ;
#2219 = CARTESIAN_POINT ( 'NONE',  ( 2.650252447030059688, 11.27232031050109384, -11.55280125880445041 ) ) ;
#2220 = VECTOR ( 'NONE', #1712, 1000.000000000000000 ) ;
#2221 = AXIS2_PLACEMENT_3D ( 'NONE', #2476, #5215, #3237 ) ;
#2222 = CARTESIAN_POINT ( 'NONE',  ( 6.035533905932735976, -2.500000000000002220, 6.676251228821180383 ) ) ;
#2223 = EDGE_LOOP ( 'NONE', ( #2645, #3322, #1830, #5245 ) ) ;
#2224 = DIRECTION ( 'NONE',  ( 0.000000000000000000, 0.000000000000000000, -1.000000000000000000 ) ) ;
#2225 = ORIENTED_EDGE ( 'NONE', *, *, #1075, .T. ) ;
#2226 = DIRECTION ( 'NONE',  ( 0.000000000000000000, 1.000000000000000000, 0.000000000000000000 ) ) ;
#2227 = AXIS2_PLACEMENT_3D ( 'NONE', #3683, #1218, #4769 ) ;
#2228 = CARTESIAN_POINT ( 'NONE',  ( 5.677154797593034097, 4.515049049963977268, 9.966854870072060280 ) ) ;
#2229 = EDGE_CURVE ( 'NONE', #3473, #3482, #5110, .T. ) ;
#2230 = ADVANCED_FACE ( 'NONE', ( #2003 ), #3210, .F. ) ;
#2231 = LINE ( 'NONE', #3053, #1950 ) ;
#2232 = ORIENTED_EDGE ( 'NONE', *, *, #2239, .F. ) ;
#2233 = CARTESIAN_POINT ( 'NONE',  ( -10.41577369242215489, 26.68514342764413172, 6.221392366613748059 ) ) ;
#2234 = CARTESIAN_POINT ( 'NONE',  ( -9.614376163047513302, 26.81661358794977801, 6.969864941733570518 ) ) ;
#2235 = VERTEX_POINT ( 'NONE', #804 ) ;
#2236 = CARTESIAN_POINT ( 'NONE',  ( 11.48272991973661838, 24.00506962212103801, -4.655228069098475530 ) ) ;
#2237 = VERTEX_POINT ( 'NONE', #1147 ) ;
#2238 = DIRECTION ( 'NONE',  ( -1.000000000000000000, 0.000000000000000000, 0.000000000000000000 ) ) ;
#2239 = EDGE_CURVE ( 'NONE', #935, #592, #3885, .T. ) ;
#2240 = ORIENTED_EDGE ( 'NONE', *, *, #309, .T. ) ;
#2241 = CARTESIAN_POINT ( 'NONE',  ( 2.507687394201309594, 11.38171105263482907, -10.72522346015511907 ) ) ;
#2242 = CARTESIAN_POINT ( 'NONE',  ( 0.000000000000000000, 7.500000000000000888, 7.000000000000000000 ) ) ;
#2243 = CARTESIAN_POINT ( 'NONE',  ( 6.247911206983810750, 3.695710653983832028, 9.836028290624380332 ) ) ;
#2244 = CARTESIAN_POINT ( 'NONE',  ( 0.02467168614299493704, 12.41913989075009184, 11.00499321128049246 ) ) ;
#2245 = EDGE_CURVE ( 'NONE', #3793, #3205, #1570, .T. ) ;
#2246 =( BOUNDED_SURFACE ( )  B_SPLINE_SURFACE ( 3, 2, ( 
 ( #1912, #1838, #666 ),
 ( #2666, #4338, #693 ),
 ( #5104, #3901, #179 ),
 ( #4744, #4650, #3083 ),
 ( #225, #2331, #1871 ),
 ( #641, #1414, #3513 ) ),
 .UNSPECIFIED., .F., .F., .F. ) 
 B_SPLINE_SURFACE_WITH_KNOTS ( ( 4, 2, 4 ),
 ( 3, 3 ),
 ( 0.000000000000000000, 0.002260763208986109069, 0.004521526417972218138 ),
 ( 0.000000000000000000, 1.000000000000000000 ),
 .UNSPECIFIED. ) 
 GEOMETRIC_REPRESENTATION_ITEM ( )  RATIONAL_B_SPLINE_SURFACE ( (
 ( 1.000000000000000000, 0.7269490518253883815, 1.000000000000000000),
 ( 1.000000000000000000, 0.7153113241260644628, 1.000000000000000000),
 ( 1.000000000000000000, 0.7022199033478422336, 1.000000000000000000),
 ( 1.000000000000000000, 0.6813256174249677777, 1.000000000000000000),
 ( 1.000000000000000000, 0.6742163402975025477, 1.000000000000000000),
 ( 1.000000000000000000, 0.6740528552159996689, 1.000000000000000000) ) ) 
 REPRESENTATION_ITEM ( '' )  SURFACE ( )  );
#2247 = CARTESIAN_POINT ( 'NONE',  ( -6.597359675982970018, 9.780353648696680224, 8.804164918814242569 ) ) ;
#2248 = ORIENTED_EDGE ( 'NONE', *, *, #2120, .T. ) ;
#2249 = CARTESIAN_POINT ( 'NONE',  ( 11.61895003862230347, 26.58557958571812918, 2.999999999999801048 ) ) ;
#2250 = CARTESIAN_POINT ( 'NONE',  ( 4.755047821807952602, 4.743330455491021169, -10.02709739614798856 ) ) ;
#2251 = EDGE_CURVE ( 'NONE', #1254, #1142, #2180, .T. ) ;
#2252 = DIRECTION ( 'NONE',  ( 0.000000000000000000, 0.000000000000000000, 1.000000000000000000 ) ) ;
#2253 = EDGE_LOOP ( 'NONE', ( #3057, #4885, #1359, #1944 ) ) ;
#2254 = CARTESIAN_POINT ( 'NONE',  ( 28.00000000000002132, 2.500000000000002220, 25.00000000000000000 ) ) ;
#2255 = DIRECTION ( 'NONE',  ( -0.000000000000000000, -1.000000000000000000, -0.000000000000000000 ) ) ;
#2256 = CARTESIAN_POINT ( 'NONE',  ( 18.46662954709583104, 2.500000000000001776, 3.000000000000001776 ) ) ;
#2257 = DIRECTION ( 'NONE',  ( 1.000000000000000000, 0.000000000000000000, 0.000000000000000000 ) ) ;
#2258 = ORIENTED_EDGE ( 'NONE', *, *, #4642, .F. ) ;
#2259 = CARTESIAN_POINT ( 'NONE',  ( 9.000000000000003553, 21.72792206135781257, 0.000000000000000000 ) ) ;
#2260 = CARTESIAN_POINT ( 'NONE',  ( -8.457023384892043083, 27.78376695485487957, 7.189965834455747995 ) ) ;
#2261 = CARTESIAN_POINT ( 'NONE',  ( -7.992269039368136596, 7.501390068447298276, -7.558430075777518020 ) ) ;
#2262 = CARTESIAN_POINT ( 'NONE',  ( -2.153817905458682347, 8.142754151211368807, -8.739829896177418789 ) ) ;
#2263 = DIRECTION ( 'NONE',  ( -1.000000000000000000, 0.000000000000000000, 0.000000000000000000 ) ) ;
#2264 = CARTESIAN_POINT ( 'NONE',  ( -4.714052604455999607, 11.22161459496154023, 10.75385562610221690 ) ) ;
#2265 = EDGE_CURVE ( 'NONE', #3450, #4656, #4031, .T. ) ;
#2266 = CARTESIAN_POINT ( 'NONE',  ( -27.99999999999997868, -2.499999999999998668, -21.00000000000000000 ) ) ;
#2267 = CARTESIAN_POINT ( 'NONE',  ( 0.8683068347949262078, 13.22633582870234648, 10.96691604196518277 ) ) ;
#2268 = B_SPLINE_CURVE_WITH_KNOTS ( 'NONE', 3,
 ( #753, #2527, #2888, #1623, #445, #580, #4883, #1386, #42, #17, #3265, #4500, #474, #827, #4133, #2475, #4945, #2078, #1681, #2107, #74, #3351, #4084, #1650, #2219, #982, #4856, #4915, #3320, #1287, #1713, #420 ),
 .UNSPECIFIED., .F., .F.,
 ( 4, 2, 2, 2, 2, 2, 2, 2, 2, 2, 2, 2, 2, 2, 2, 4 ),
 ( 0.000000000000000000, 0.001943023977800977008, 0.002914535966701462585, 0.003886047955601948812, 0.004857559944502434605, 0.005829071933402919965, 0.006800583922303407060, 0.007772095911203892420, 0.008743607900104378647, 0.009715119889004865741, 0.01068663187790535284, 0.01165814386680583820, 0.01262965585570632703, 0.01360116784460681412, 0.01457267983350729948, 0.01554419182240778484 ),
 .UNSPECIFIED. ) ;
#2269 = CARTESIAN_POINT ( 'NONE',  ( -2.688170413951238125, 13.23165869016199991, 10.66842732907632474 ) ) ;
#2270 = ADVANCED_FACE ( 'NONE', ( #1179 ), #4835, .F. ) ;
#2271 = ORIENTED_EDGE ( 'NONE', *, *, #3556, .F. ) ;
#2272 = CARTESIAN_POINT ( 'NONE',  ( -0.000000000000000000, 2.500000000000002220, -25.00000000000000000 ) ) ;
#2273 = DIRECTION ( 'NONE',  ( -0.000000000000000000, -0.000000000000000000, -1.000000000000000000 ) ) ;
#2274 = CARTESIAN_POINT ( 'NONE',  ( -8.745966692414814503, 7.500000000000000000, 8.227376772842269759 ) ) ;
#2275 = ORIENTED_EDGE ( 'NONE', *, *, #548, .T. ) ;
#2276 = LINE ( 'NONE', #3430, #4667 ) ;
#2277 = CARTESIAN_POINT ( 'NONE',  ( 18.89397313900390074, 32.50000000000000711, 2.727272727272728403 ) ) ;
#2278 = DIRECTION ( 'NONE',  ( -0.7071067811865486830, -0.7071067811865464625, 1.232595164407830946E-32 ) ) ;
#2279 = DIRECTION ( 'NONE',  ( -0.000000000000000000, 0.000000000000000000, 1.000000000000000000 ) ) ;
#2280 = EDGE_LOOP ( 'NONE', ( #1393, #464, #2685, #3464, #4795 ) ) ;
#2281 = CARTESIAN_POINT ( 'NONE',  ( -23.99999999999997868, 12.50000000000000000, -8.000000000000000000 ) ) ;
#2282 = LINE ( 'NONE', #1141, #1425 ) ;
#2283 = ORIENTED_EDGE ( 'NONE', *, *, #1280, .F. ) ;
#2284 = DIRECTION ( 'NONE',  ( 0.7071067811865467956, -0.7071067811865484609, 0.000000000000000000 ) ) ;
#2285 = ORIENTED_EDGE ( 'NONE', *, *, #5264, .F. ) ;
#2286 = CARTESIAN_POINT ( 'NONE',  ( 4.810235345690474951, 3.980391107950414842, -10.94625045983291223 ) ) ;
#2287 = AXIS2_PLACEMENT_3D ( 'NONE', #531, #585, #4212 ) ;
#2288 = CARTESIAN_POINT ( 'NONE',  ( 4.820318504212512067, 3.938208470281263196, 10.94445472232989225 ) ) ;
#2289 = CARTESIAN_POINT ( 'NONE',  ( -0.8348763139499777441, 13.50972404767404811, 10.97377960919505568 ) ) ;
#2290 = VECTOR ( 'NONE', #3173, 1000.000000000000000 ) ;
#2291 = VECTOR ( 'NONE', #3962, 1000.000000000000000 ) ;
#2292 = EDGE_CURVE ( 'NONE', #2411, #4696, #2104, .T. ) ;
#2293 = EDGE_CURVE ( 'NONE', #4640, #1547, #3062, .T. ) ;
#2294 = CIRCLE ( 'NONE', #397, 11.00000000000000000 ) ;
#2295 = AXIS2_PLACEMENT_3D ( 'NONE', #3333, #3300, #4534 ) ;
#2296 = DIRECTION ( 'NONE',  ( -0.2498587811242906354, -0.9676988981980599869, 0.03360702190531981298 ) ) ;
#2297 = ORIENTED_EDGE ( 'NONE', *, *, #3891, .F. ) ;
#2298 = CARTESIAN_POINT ( 'NONE',  ( -10.77182243300224584, 25.57097895127812137, -7.000000000000000000 ) ) ;
#2299 = AXIS2_PLACEMENT_3D ( 'NONE', #2070, #526, #2604 ) ;
#2300 = CARTESIAN_POINT ( 'NONE',  ( 4.745966692414847365, 4.666963278156962325, 10.96940387352216639 ) ) ;
#2301 = AXIS2_PLACEMENT_3D ( 'NONE', #1848, #680, #5091 ) ;
#2302 = AXIS2_PLACEMENT_3D ( 'NONE', #2418, #4025, #1791 ) ;
#2303 = AXIS2_PLACEMENT_3D ( 'NONE', #4694, #5048, #4288 ) ;
#2304 = ADVANCED_FACE ( 'NONE', ( #3615, #861, #2504, #4858, #1226, #4468 ), #312, .F. ) ;
#2305 = CARTESIAN_POINT ( 'NONE',  ( -8.745966692414814503, 6.500000000000000888, -8.227376772842271535 ) ) ;
#2306 = ORIENTED_EDGE ( 'NONE', *, *, #630, .T. ) ;
#2307 = DIRECTION ( 'NONE',  ( 0.000000000000000000, 0.000000000000000000, -1.000000000000000000 ) ) ;
#2308 = ORIENTED_EDGE ( 'NONE', *, *, #3514, .T. ) ;
#2309 = CIRCLE ( 'NONE', #1096, 1.000000000000000000 ) ;
#2310 = DIRECTION ( 'NONE',  ( -1.000000000000000000, 0.000000000000000000, 0.000000000000000000 ) ) ;
#2311 =( BOUNDED_SURFACE ( )  B_SPLINE_SURFACE ( 3, 2, ( 
 ( #687, #3939, #270 ),
 ( #3545, #5138, #2659 ),
 ( #610, #2250, #3873 ),
 ( #1832, #3475, #705 ),
 ( #4430, #4761, #3986 ),
 ( #4063, #2371, #786 ),
 ( #2452, #1963, #369 ),
 ( #1581, #3194, #3958 ),
 ( #403, #1107, #2039 ),
 ( #4450, #292, #4784 ),
 ( #1532, #3679, #760 ),
 ( #3598, #4374, #1152 ),
 ( #3650, #5255, #1926 ),
 ( #811, #5197, #728 ) ),
 .UNSPECIFIED., .F., .F., .F. ) 
 B_SPLINE_SURFACE_WITH_KNOTS ( ( 4, 2, 2, 2, 2, 2, 4 ),
 ( 3, 3 ),
 ( 0.000000000000000000, 0.0002285574718520516266, 0.0004571149437041032533, 0.0009142298874082065065, 0.001142787359260257971, 0.001371344831112309651, 0.001828459774816413013 ),
 ( 0.000000000000000000, 1.000000000000000000 ),
 .UNSPECIFIED. ) 
 GEOMETRIC_REPRESENTATION_ITEM ( )  RATIONAL_B_SPLINE_SURFACE ( (
 ( 1.000000000000000000, 0.7269490518253890476, 1.000000000000000000),
 ( 1.000000000000000000, 0.7271129900358459519, 1.000000000000000000),
 ( 1.000000000000000000, 0.7271674055476832210, 1.000000000000000000),
 ( 1.000000000000000000, 0.7267033165662050154, 1.000000000000000000),
 ( 1.000000000000000000, 0.7261708239666770925, 1.000000000000000000),
 ( 1.000000000000000000, 0.7232203657369039584, 1.000000000000000000),
 ( 1.000000000000000000, 0.7193025279180986775, 1.000000000000000000),
 ( 1.000000000000000000, 0.7096505210844528122, 1.000000000000000000),
 ( 1.000000000000000000, 0.7057677547158042186, 1.000000000000000000),
 ( 1.000000000000000000, 0.6970424821604558341, 1.000000000000000000),
 ( 1.000000000000000000, 0.6921269916174479508, 1.000000000000000000),
 ( 1.000000000000000000, 0.6761759102487241435, 1.000000000000000000),
 ( 1.000000000000000000, 0.6642848020433294032, 1.000000000000000000),
 ( 1.000000000000000000, 0.6528614169315296589, 1.000000000000000000) ) ) 
 REPRESENTATION_ITEM ( '' )  SURFACE ( )  );
#2312 = LINE ( 'NONE', #4339, #1022 ) ;
#2313 = ADVANCED_FACE ( 'NONE', ( #4778 ), #2786, .T. ) ;
#2314 = ORIENTED_EDGE ( 'NONE', *, *, #372, .T. ) ;
#2315 = DIRECTION ( 'NONE',  ( -0.7071067811865464625, 0.7071067811865486830, 1.156482317317871478E-16 ) ) ;
#2316 = CARTESIAN_POINT ( 'NONE',  ( 9.089862606166539294, 22.19233721544927462, 6.211949388016402729 ) ) ;
#2317 = DIRECTION ( 'NONE',  ( 0.000000000000000000, 0.000000000000000000, 1.000000000000000000 ) ) ;
#2318 = CARTESIAN_POINT ( 'NONE',  ( 4.280254929780494599, 9.366674600935400719, -10.83585194632578030 ) ) ;
#2319 = CARTESIAN_POINT ( 'NONE',  ( 32.50776695296643481, 14.83009742330266789, -10.99999999999999822 ) ) ;
#2320 = ORIENTED_EDGE ( 'NONE', *, *, #558, .F. ) ;
#2321 = CARTESIAN_POINT ( 'NONE',  ( 12.38105088399903053, 2.500000000000257128, 7.275568597618283562 ) ) ;
#2322 = DIRECTION ( 'NONE',  ( 0.000000000000000000, 0.000000000000000000, -1.000000000000000000 ) ) ;
#2323 = B_SPLINE_CURVE_WITH_KNOTS ( 'NONE', 3,
 ( #4974, #1689, #4921, #2923 ),
 .UNSPECIFIED., .F., .F.,
 ( 4, 4 ),
 ( 0.000000000000000000, 0.0001913139930955410804 ),
 .UNSPECIFIED. ) ;
#2324 = ORIENTED_EDGE ( 'NONE', *, *, #4237, .T. ) ;
#2325 = CARTESIAN_POINT ( 'NONE',  ( -10.58444594106458858, 25.61335268184591030, -6.999999999999999112 ) ) ;
#2326 = DIRECTION ( 'NONE',  ( -0.000000000000000000, -1.000000000000000000, -0.000000000000000000 ) ) ;
#2327 = CYLINDRICAL_SURFACE ( 'NONE', #1174, 1.000000000000000000 ) ;
#2328 = EDGE_LOOP ( 'NONE', ( #690, #3429, #1594, #4790, #565, #2161, #873 ) ) ;
#2329 = CARTESIAN_POINT ( 'NONE',  ( -31.99999999999997868, 22.50000000000000355, 5.999999999999998224 ) ) ;
#2330 = CARTESIAN_POINT ( 'NONE',  ( 37.27553390593281790, 21.71918471982868226, -10.99999999999999822 ) ) ;
#2331 = CARTESIAN_POINT ( 'NONE',  ( 4.828192583750243294, 8.040810326897492644, 9.766418525409600093 ) ) ;
#2332 = EDGE_CURVE ( 'NONE', #3893, #1536, #4884, .T. ) ;
#2333 = CARTESIAN_POINT ( 'NONE',  ( -8.572491497702459995, 6.507537614703979401, -8.307692307692308376 ) ) ;
#2334 = ORIENTED_EDGE ( 'NONE', *, *, #2606, .T. ) ;
#2335 = CARTESIAN_POINT ( 'NONE',  ( -10.95453746731511657, 26.43857175368761858, 6.999999999999999112 ) ) ;
#2336 = FACE_OUTER_BOUND ( 'NONE', #2541, .T. ) ;
#2337 = ORIENTED_EDGE ( 'NONE', *, *, #3891, .T. ) ;
#2338 = ADVANCED_FACE ( 'NONE', ( #4193 ), #3800, .F. ) ;
#2339 = LINE ( 'NONE', #4701, #2020 ) ;
#2340 = B_SPLINE_CURVE_WITH_KNOTS ( 'NONE', 3,
 ( #3970, #2261, #5130, #3882 ),
 .UNSPECIFIED., .F., .F.,
 ( 4, 4 ),
 ( 0.000000000000000000, 0.0002364533519371938999 ),
 .UNSPECIFIED. ) ;
#2341 = DIRECTION ( 'NONE',  ( 0.000000000000000000, 0.000000000000000000, 1.000000000000000000 ) ) ;
#2342 = ORIENTED_EDGE ( 'NONE', *, *, #4804, .F. ) ;
#2343 = CARTESIAN_POINT ( 'NONE',  ( 6.572885700226256844, 2.500000000000001332, 9.610614107002055206 ) ) ;
#2344 = CARTESIAN_POINT ( 'NONE',  ( -8.985825621758158022, 27.56122467429833378, 6.734940509367718597 ) ) ;
#2345 = ORIENTED_EDGE ( 'NONE', *, *, #2846, .T. ) ;
#2346 = CARTESIAN_POINT ( 'NONE',  ( -7.619385747549018539, 7.594334239813605336, -7.934562531003028774 ) ) ;
#2347 = LINE ( 'NONE', #2751, #756 ) ;
#2348 = CARTESIAN_POINT ( 'NONE',  ( -4.439772875479843783, 11.42535026316809521, -10.90754328448408650 ) ) ;
#2349 = ORIENTED_EDGE ( 'NONE', *, *, #2954, .F. ) ;
#2350 = CARTESIAN_POINT ( 'NONE',  ( 12.19970480723334560, 25.67448464750443549, -3.054660316997976022 ) ) ;
#2351 = DIRECTION ( 'NONE',  ( 0.000000000000000000, 1.000000000000000000, 0.000000000000000000 ) ) ;
#2352 = AXIS2_PLACEMENT_3D ( 'NONE', #1575, #1548, #1627 ) ;
#2353 = CARTESIAN_POINT ( 'NONE',  ( -7.992230785732965970, 7.501391715780829195, -7.558469948100466240 ) ) ;
#2354 = EDGE_CURVE ( 'NONE', #3814, #4660, #4112, .T. ) ;
#2355 = ORIENTED_EDGE ( 'NONE', *, *, #3175, .F. ) ;
#2356 = CARTESIAN_POINT ( 'NONE',  ( -31.99999999999997868, 0.000000000000000000, 21.00000000000000000 ) ) ;
#2357 = DIRECTION ( 'NONE',  ( 1.000000000000000000, 0.000000000000000000, 0.000000000000000000 ) ) ;
#2358 = ORIENTED_EDGE ( 'NONE', *, *, #345, .F. ) ;
#2359 = FACE_OUTER_BOUND ( 'NONE', #1219, .T. ) ;
#2360 = CARTESIAN_POINT ( 'NONE',  ( -0.9999999999999794609, 6.500000000000000888, 25.00000000000000000 ) ) ;
#2361 = ORIENTED_EDGE ( 'NONE', *, *, #3082, .T. ) ;
#2362 = CYLINDRICAL_SURFACE ( 'NONE', #892, 1.000000000000000000 ) ;
#2363 = DIRECTION ( 'NONE',  ( -0.000000000000000000, 0.000000000000000000, -1.000000000000000000 ) ) ;
#2364 = CARTESIAN_POINT ( 'NONE',  ( 17.42039102656389815, 4.162875763168678134, -3.596613389632850932 ) ) ;
#2365 = AXIS2_PLACEMENT_3D ( 'NONE', #3353, #2172, #3323 ) ;
#2366 = EDGE_CURVE ( 'NONE', #4011, #3440, #3774, .T. ) ;
#2367 = VECTOR ( 'NONE', #739, 1000.000000000000000 ) ;
#2368 = CARTESIAN_POINT ( 'NONE',  ( -8.500872302917670709, 27.96019150893885552, -7.073394919867996400 ) ) ;
#2369 = ORIENTED_EDGE ( 'NONE', *, *, #380, .F. ) ;
#2370 = CARTESIAN_POINT ( 'NONE',  ( -7.777956429634062196, 7.530243849983565774, -7.779184758511938469 ) ) ;
#2371 = CARTESIAN_POINT ( 'NONE',  ( 4.820538842942214686, 3.880375725566775902, -9.987942253048892383 ) ) ;
#2372 = AXIS2_PLACEMENT_3D ( 'NONE', #1013, #613, #3875 ) ;
#2373 = CIRCLE ( 'NONE', #4157, 1.500000000000001332 ) ;
#2374 = CARTESIAN_POINT ( 'NONE',  ( -6.404568598323307604, 9.175564584669672286, -9.531237282088863338 ) ) ;
#2375 = EDGE_LOOP ( 'NONE', ( #2779, #3261, #1291, #3491, #2355 ) ) ;
#2376 = CARTESIAN_POINT ( 'NONE',  ( -23.99999999999997868, 12.50000000000000000, 25.00000000000000000 ) ) ;
#2377 = FILL_AREA_STYLE ('',( #732 ) ) ;
#2378 = DIRECTION ( 'NONE',  ( 0.000000000000000000, 0.000000000000000000, 1.000000000000000000 ) ) ;
#2379 = ORIENTED_EDGE ( 'NONE', *, *, #2977, .T. ) ;
#2380 = AXIS2_PLACEMENT_3D ( 'NONE', #1126, #2749, #4035 ) ;
#2381 = AXIS2_PLACEMENT_3D ( 'NONE', #611, #3078, #1011 ) ;
#2382 = CARTESIAN_POINT ( 'NONE',  ( 18.89075759508260788, 40.10396103067894558, -10.99999999999999467 ) ) ;
#2383 = AXIS2_PLACEMENT_3D ( 'NONE', #217, #3848, #3895 ) ;
#2384 = CARTESIAN_POINT ( 'NONE',  ( 7.535519071903042487, 14.43158847870546779, 8.738588329503285124 ) ) ;
#2385 = CARTESIAN_POINT ( 'NONE',  ( -27.99999999999997868, -2.499999999999998668, 19.50000000000000000 ) ) ;
#2386 = ORIENTED_EDGE ( 'NONE', *, *, #1136, .F. ) ;
#2387 = DIRECTION ( 'NONE',  ( -0.000000000000000000, 1.000000000000000000, -0.000000000000000000 ) ) ;
#2388 = CARTESIAN_POINT ( 'NONE',  ( -4.857562296173101757, 12.03536130516478053, 9.873183696306448098 ) ) ;
#2389 = AXIS2_PLACEMENT_3D ( 'NONE', #2937, #2585, #3345 ) ;
#2390 = CARTESIAN_POINT ( 'NONE',  ( 4.361833918566498269, -1.806730765889226875, -8.189326857026944850 ) ) ;
#2391 = CIRCLE ( 'NONE', #1101, 1.000000000000000888 ) ;
#2392 = ORIENTED_EDGE ( 'NONE', *, *, #1465, .T. ) ;
#2393 = DIRECTION ( 'NONE',  ( 0.000000000000000000, 1.000000000000000000, 0.000000000000000000 ) ) ;
#2394 = CARTESIAN_POINT ( 'NONE',  ( 6.242304816672045398, 12.24682606148706476, -9.072748792740473078 ) ) ;
#2395 = VERTEX_POINT ( 'NONE', #1769 ) ;
#2396 = CARTESIAN_POINT ( 'NONE',  ( 6.572885700226251515, 2.500000000000003997, -9.610614107002056983 ) ) ;
#2397 = AXIS2_PLACEMENT_3D ( 'NONE', #3631, #2018, #2460 ) ;
#2398 = ADVANCED_FACE ( 'NONE', ( #450 ), #4605, .F. ) ;
#2399 = ORIENTED_EDGE ( 'NONE', *, *, #2164, .T. ) ;
#2400 = CARTESIAN_POINT ( 'NONE',  ( -8.985836637979005559, 27.56121601743761929, -6.734933600449925173 ) ) ;
#2401 = ORIENTED_EDGE ( 'NONE', *, *, #5163, .F. ) ;
#2402 = CARTESIAN_POINT ( 'NONE',  ( -7.540446520084229221, 7.639960568722694134, -8.009477254820792425 ) ) ;
#2403 = EDGE_CURVE ( 'NONE', #4412, #3074, #3493, .T. ) ;
#2404 = DIRECTION ( 'NONE',  ( 0.000000000000000000, -0.000000000000000000, -1.000000000000000000 ) ) ;
#2405 = CARTESIAN_POINT ( 'NONE',  ( -4.946100883892100342, 11.03760088775944403, -9.839207946688318884 ) ) ;
#2406 = ORIENTED_EDGE ( 'NONE', *, *, #548, .F. ) ;
#2407 = CARTESIAN_POINT ( 'NONE',  ( 8.403976562902556680, 16.62915814821452543, -8.143534994271043104 ) ) ;
#2408 = CARTESIAN_POINT ( 'NONE',  ( -9.380831519646857686, 28.50000000000000355, 7.000000000000000000 ) ) ;
#2409 = EDGE_CURVE ( 'NONE', #3793, #2635, #1310, .T. ) ;
#2410 = LINE ( 'NONE', #4018, #1262 ) ;
#2411 = VERTEX_POINT ( 'NONE', #1370 ) ;
#2412 = CARTESIAN_POINT ( 'NONE',  ( -1.183726112622521809, 4.500717994526544530, 8.923568127876833955 ) ) ;
#2413 =( BOUNDED_CURVE ( )  B_SPLINE_CURVE ( 3, ( #1651, #4833, #2837, #4466 ),
 .UNSPECIFIED., .F., .T. ) 
 B_SPLINE_CURVE_WITH_KNOTS ( ( 4, 4 ),
 ( 6.006958676415995235, 6.283185307179586232 ),
 .UNSPECIFIED. ) 
 CURVE ( )  GEOMETRIC_REPRESENTATION_ITEM ( )  RATIONAL_B_SPLINE_CURVE ( ( 1.000000000000000000, 0.9936516716859913334, 0.9936516716859913334, 1.000000000000000000 ) ) 
 REPRESENTATION_ITEM ( '' )  );
#2414 = EDGE_LOOP ( 'NONE', ( #1201, #883, #946, #3620 ) ) ;
#2415 = DIRECTION ( 'NONE',  ( 1.000000000000000000, 0.000000000000000000, 0.000000000000000000 ) ) ;
#2416 = CARTESIAN_POINT ( 'NONE',  ( 15.89075759508259189, 31.44710678118655522, -10.99999999999999822 ) ) ;
#2417 = VERTEX_POINT ( 'NONE', #5003 ) ;
#2418 = CARTESIAN_POINT ( 'NONE',  ( 0.000000000000000000, 7.500000000000000888, 8.000000000000000000 ) ) ;
#2419 = CARTESIAN_POINT ( 'NONE',  ( -1.075058081617000881E-15, 13.42820323027551410, -11.00000000000000000 ) ) ;
#2420 = ORIENTED_EDGE ( 'NONE', *, *, #2669, .F. ) ;
#2421 = DIRECTION ( 'NONE',  ( -0.7071067811865486830, -0.7071067811865464625, -0.000000000000000000 ) ) ;
#2422 = CARTESIAN_POINT ( 'NONE',  ( 14.76108948082357841, 2.500000000000003997, -5.144362935666034531 ) ) ;
#2423 = ADVANCED_FACE ( 'NONE', ( #4550 ), #3005, .F. ) ;
#2424 = EDGE_CURVE ( 'NONE', #5024, #3383, #4345, .T. ) ;
#2425 = CARTESIAN_POINT ( 'NONE',  ( -7.937626670470418588, 28.50000000000000355, -7.615384615384615863 ) ) ;
#2426 = ORIENTED_EDGE ( 'NONE', *, *, #2528, .T. ) ;
#2427 = FACE_OUTER_BOUND ( 'NONE', #4365, .T. ) ;
#2428 = DIRECTION ( 'NONE',  ( -0.000000000000000000, -0.000000000000000000, -1.000000000000000000 ) ) ;
#2429 = EDGE_CURVE ( 'NONE', #1674, #1315, #1540, .T. ) ;
#2430 = CARTESIAN_POINT ( 'NONE',  ( -4.857562296172838856, 12.03536130516478053, -9.873183696306586654 ) ) ;
#2431 = ORIENTED_EDGE ( 'NONE', *, *, #1986, .T. ) ;
#2432 = CARTESIAN_POINT ( 'NONE',  ( 5.870893495149868357, 9.800534216242517971, -9.614696831750261907 ) ) ;
#2433 = DIRECTION ( 'NONE',  ( 0.000000000000000000, 1.000000000000000000, 0.000000000000000000 ) ) ;
#2434 = CARTESIAN_POINT ( 'NONE',  ( -23.99999999999997868, 8.500000000000000000, 8.000000000000000000 ) ) ;
#2435 = ORIENTED_EDGE ( 'NONE', *, *, #424, .F. ) ;
#2436 = CARTESIAN_POINT ( 'NONE',  ( -2.291116022259479745, 4.962928249639553258, 8.704409719853815730 ) ) ;
#2437 = ORIENTED_EDGE ( 'NONE', *, *, #1236, .F. ) ;
#2438 = CARTESIAN_POINT ( 'NONE',  ( 8.113222979669687973, 19.37427693558920438, 7.437006724560290216 ) ) ;
#2439 = VECTOR ( 'NONE', #2263, 1000.000000000000000 ) ;
#2440 = CARTESIAN_POINT ( 'NONE',  ( -8.111101865182769544, 7.500000000000000888, 7.454753545684537741 ) ) ;
#2441 = EDGE_LOOP ( 'NONE', ( #1159, #3759, #1239, #434 ) ) ;
#2442 = DIRECTION ( 'NONE',  ( -1.000000000000000000, -0.000000000000000000, -0.000000000000000000 ) ) ;
#2443 = CARTESIAN_POINT ( 'NONE',  ( 4.378805655792353591, 10.47017695396069925, 10.09273664975069629 ) ) ;
#2444 = VERTEX_POINT ( 'NONE', #884 ) ;
#2445 = DIRECTION ( 'NONE',  ( 0.000000000000000000, 1.000000000000000000, 0.000000000000000000 ) ) ;
#2446 = CARTESIAN_POINT ( 'NONE',  ( 6.587669516874711029, 14.76432270993048768, -8.814252288586386541 ) ) ;
#2447 = ORIENTED_EDGE ( 'NONE', *, *, #1122, .T. ) ;
#2448 = CARTESIAN_POINT ( 'NONE',  ( 0.000000000000000000, 8.232050807568887407, -9.000000000000000000 ) ) ;
#2449 = ORIENTED_EDGE ( 'NONE', *, *, #1448, .T. ) ;
#2450 = CARTESIAN_POINT ( 'NONE',  ( 0.6441366030850131930, 12.27944946054897279, 11.97052517797489557 ) ) ;
#2451 = DIRECTION ( 'NONE',  ( 0.3732132125416973700, -0.9009473284912773439, -0.2213725576234241710 ) ) ;
#2452 = CARTESIAN_POINT ( 'NONE',  ( 4.982463749654626461, 3.509116094546186559, -10.92217231860907134 ) ) ;
#2453 = EDGE_CURVE ( 'NONE', #1588, #2457, #1035, .T. ) ;
#2454 = EDGE_CURVE ( 'NONE', #1423, #3529, #1312, .T. ) ;
#2455 = ORIENTED_EDGE ( 'NONE', *, *, #3374, .T. ) ;
#2456 = CARTESIAN_POINT ( 'NONE',  ( 8.702590594914875410, 17.36693323672906786, 7.913447602469879882 ) ) ;
#2457 = VERTEX_POINT ( 'NONE', #476 ) ;
#2458 = DIRECTION ( 'NONE',  ( -0.000000000000000000, 1.000000000000000000, -0.000000000000000000 ) ) ;
#2459 = VERTEX_POINT ( 'NONE', #2112 ) ;
#2460 = DIRECTION ( 'NONE',  ( 0.000000000000000000, 0.000000000000000000, 1.000000000000000000 ) ) ;
#2461 = EDGE_CURVE ( 'NONE', #1400, #3626, #3251, .T. ) ;
#2462 = VECTOR ( 'NONE', #1881, 1000.000000000000000 ) ;
#2463 = VECTOR ( 'NONE', #958, 999.9999999999998863 ) ;
#2464 = DIRECTION ( 'NONE',  ( 0.000000000000000000, 1.000000000000000000, 0.000000000000000000 ) ) ;
#2465 = ORIENTED_EDGE ( 'NONE', *, *, #4459, .T. ) ;
#2467 = VECTOR ( 'NONE', #285, 1000.000000000000000 ) ;
#2466 = CARTESIAN_POINT ( 'NONE',  ( 6.598422751850543833, 3.647543940564312859, -9.779885332689310928 ) ) ;
#2468 = DIRECTION ( 'NONE',  ( 0.000000000000000000, 0.000000000000000000, 1.000000000000000000 ) ) ;
#2469 = ORIENTED_EDGE ( 'NONE', *, *, #630, .F. ) ;
#2470 = AXIS2_PLACEMENT_3D ( 'NONE', #2843, #2153, #429 ) ;
#2471 = CARTESIAN_POINT ( 'NONE',  ( -11.24663170305409032, 26.50000000000000000, 6.052901324684271778 ) ) ;
#2472 = VECTOR ( 'NONE', #1363, 1000.000000000000000 ) ;
#2473 = CARTESIAN_POINT ( 'NONE',  ( 3.508215589392079892, 11.58268985872811641, 10.42901196170935663 ) ) ;
#2474 = EDGE_CURVE ( 'NONE', #1373, #5024, #1533, .T. ) ;
#2475 = CARTESIAN_POINT ( 'NONE',  ( -1.290778070104278807, 12.50155184507177175, -11.93098078757893532 ) ) ;
#2476 = CARTESIAN_POINT ( 'NONE',  ( 32.00000000000002132, 3.500000000000002220, -2.999999999999999112 ) ) ;
#2477 = VECTOR ( 'NONE', #3629, 1000.000000000000000 ) ;
#2478 = AXIS2_PLACEMENT_3D ( 'NONE', #24, #1632, #2865 ) ;
#2479 = ORIENTED_EDGE ( 'NONE', *, *, #4252, .T. ) ;
#2480 = DIRECTION ( 'NONE',  ( -1.067871377262452863E-16, -0.000000000000000000, -1.000000000000000000 ) ) ;
#2481 = ORIENTED_EDGE ( 'NONE', *, *, #1280, .T. ) ;
#2482 = CARTESIAN_POINT ( 'NONE',  ( 34.44710678118661917, 18.89075759508249774, 15.00000000000000178 ) ) ;
#2483 = VECTOR ( 'NONE', #2515, 1000.000000000000000 ) ;
#2484 = AXIS2_PLACEMENT_3D ( 'NONE', #4023, #358, #4105 ) ;
#2485 = FILL_AREA_STYLE_COLOUR ( '', #4898 ) ;
#2486 = AXIS2_PLACEMENT_3D ( 'NONE', #3123, #4713, #2729 ) ;
#2487 = CARTESIAN_POINT ( 'NONE',  ( 3.349966099493012273, 10.64435529681933090, 11.28979922059710539 ) ) ;
#2488 = CYLINDRICAL_SURFACE ( 'NONE', #5094, 2.000000000000000000 ) ;
#2489 = ORIENTED_EDGE ( 'NONE', *, *, #2354, .T. ) ;
#2490 = CARTESIAN_POINT ( 'NONE',  ( -22.99999999999997868, 8.500000000000000000, 8.000000000000000000 ) ) ;
#2491 = ORIENTED_EDGE ( 'NONE', *, *, #3421, .T. ) ;
#2492 = CARTESIAN_POINT ( 'NONE',  ( -6.803013430498083380, 6.803013430498103808, -2.727272727272728403 ) ) ;
#2493 = CARTESIAN_POINT ( 'NONE',  ( 0.000000000000000000, 28.50000000000000355, 0.000000000000000000 ) ) ;
#2494 = CARTESIAN_POINT ( 'NONE',  ( 11.61895003862224307, 26.58557958571798707, -3.000000000000000000 ) ) ;
#2495 = CARTESIAN_POINT ( 'NONE',  ( 0.000000000000000000, 7.500000000000000888, -8.000000000000000000 ) ) ;
#2496 = CARTESIAN_POINT ( 'NONE',  ( 11.35497340550375078, 23.70689436900071811, 4.900713525501600998 ) ) ;
#2497 = FACE_OUTER_BOUND ( 'NONE', #4024, .T. ) ;
#2498 = EDGE_CURVE ( 'NONE', #3531, #2587, #4295, .T. ) ;
#2499 = B_SPLINE_CURVE_WITH_KNOTS ( 'NONE', 3,
 ( #304, #1898, #3204, #1571, #4773, #4723, #674, #2781, #2743, #1544, #696, #3537, #2316, #1118, #5128, #3932, #279, #1490, #1943, #1916 ),
 .UNSPECIFIED., .F., .F.,
 ( 4, 2, 2, 2, 2, 2, 2, 2, 2, 4 ),
 ( 0.000000000000000000, 0.002495473935335385321, 0.004990947870670770642, 0.007486421806006155096, 0.009981895741341541284, 0.01247736967667692660, 0.01497284361201231019, 0.01746831754734769551, 0.01871605451501539077, 0.01996379148268308604 ),
 .UNSPECIFIED. ) ;
#2500 = ORIENTED_EDGE ( 'NONE', *, *, #3639, .T. ) ;
#2501 = CARTESIAN_POINT ( 'NONE',  ( 4.791381675421701125, 9.710912572860525671, 9.902726014849228875 ) ) ;
#2502 = DIRECTION ( 'NONE',  ( -0.000000000000000000, 0.000000000000000000, -1.000000000000000000 ) ) ;
#2503 = ORIENTED_EDGE ( 'NONE', *, *, #3561, .T. ) ;
#2504 = FACE_BOUND ( 'NONE', #4752, .T. ) ;
#2505 = ADVANCED_FACE ( 'NONE', ( #1915 ), #3330, .T. ) ;
#2506 = CARTESIAN_POINT ( 'NONE',  ( 5.753580768038827564, 10.68539008806654245, -9.387557127346141783 ) ) ;
#2507 = VERTEX_POINT ( 'NONE', #2281 ) ;
#2508 = CARTESIAN_POINT ( 'NONE',  ( 37.27553390593282501, 21.71918471982868937, 10.99999999999999822 ) ) ;
#2509 = ORIENTED_EDGE ( 'NONE', *, *, #4216, .T. ) ;
#2510 = FACE_BOUND ( 'NONE', #2592, .T. ) ;
#2511 = CARTESIAN_POINT ( 'NONE',  ( 1.844374256586068350, 11.79251534425398873, 11.77839214449562633 ) ) ;
#2512 = FACE_OUTER_BOUND ( 'NONE', #3064, .T. ) ;
#2513 = CARTESIAN_POINT ( 'NONE',  ( -5.987015850511197890, 10.80419580147782632, 9.231228428098280148 ) ) ;
#2514 = VERTEX_POINT ( 'NONE', #4747 ) ;
#2515 = DIRECTION ( 'NONE',  ( -0.000000000000000000, 1.000000000000000000, -0.000000000000000000 ) ) ;
#2516 = ORIENTED_EDGE ( 'NONE', *, *, #5263, .F. ) ;
#2517 = FACE_BOUND ( 'NONE', #30, .T. ) ;
#2518 = ORIENTED_EDGE ( 'NONE', *, *, #5230, .F. ) ;
#2519 = CYLINDRICAL_SURFACE ( 'NONE', #3825, 4.000000000000000000 ) ;
#2520 = CARTESIAN_POINT ( 'NONE',  ( 31.44710678118661917, 15.89075759508248886, -10.99999999999999822 ) ) ;
#2521 = DIRECTION ( 'NONE',  ( 0.000000000000000000, -0.000000000000000000, 1.000000000000000000 ) ) ;
#2522 = CARTESIAN_POINT ( 'NONE',  ( 10.27832714457217200, 25.54643352939198309, 3.930079926719543426 ) ) ;
#2523 = CARTESIAN_POINT ( 'NONE',  ( 16.85284556227964003, 2.500000000000001776, -7.025484511630018858 ) ) ;
#2524 = ORIENTED_EDGE ( 'NONE', *, *, #4116, .F. ) ;
#2525 = LINE ( 'NONE', #1284, #3745 ) ;
#2526 = DIRECTION ( 'NONE',  ( -0.000000000000000000, 1.000000000000000000, -0.000000000000000000 ) ) ;
#2527 = CARTESIAN_POINT ( 'NONE',  ( -6.649388752912695821, 8.620011443717558564, -9.297181025745373972 ) ) ;
#2528 = EDGE_CURVE ( 'NONE', #3128, #560, #1029, .T. ) ;
#2529 = EDGE_CURVE ( 'NONE', #322, #2022, #3673, .T. ) ;
#2530 = ORIENTED_EDGE ( 'NONE', *, *, #229, .T. ) ;
#2531 = CARTESIAN_POINT ( 'NONE',  ( -11.15016448140581495, 25.51438963860839948, 7.000000000000000000 ) ) ;
#2532 = CARTESIAN_POINT ( 'NONE',  ( 10.10791531531850218, 22.84612221930041898, -4.467278502128908535 ) ) ;
#2533 = VERTEX_POINT ( 'NONE', #278 ) ;
#2534 = DIRECTION ( 'NONE',  ( 0.2437525145288007844, 0.9617806966782582734, 0.1247501629576941717 ) ) ;
#2535 = EDGE_LOOP ( 'NONE', ( #2469, #186, #1045, #5112, #1905, #5202, #4538, #3102 ) ) ;
#2536 = CARTESIAN_POINT ( 'NONE',  ( -2.186879709800112259, 12.38989192536793738, -11.76636304351099760 ) ) ;
#2537 = DIRECTION ( 'NONE',  ( 1.602657519932694138E-15, 6.638933738999343649E-16, 1.000000000000000000 ) ) ;
#2538 = ORIENTED_EDGE ( 'NONE', *, *, #4429, .T. ) ;
#2539 = DIRECTION ( 'NONE',  ( -0.000000000000000000, 0.000000000000000000, 1.000000000000000000 ) ) ;
#2540 = CARTESIAN_POINT ( 'NONE',  ( -5.172793733137967642, 10.83027891729235392, 9.721723800763243162 ) ) ;
#2541 = EDGE_LOOP ( 'NONE', ( #2746, #104, #2834, #1574, #1146, #1961, #4764, #3846, #2998 ) ) ;
#2542 = CARTESIAN_POINT ( 'NONE',  ( -9.904389682852908550, 26.93315648272485063, -6.334868926348074858 ) ) ;
#2543 = CARTESIAN_POINT ( 'NONE',  ( 10.65070420207039525, 32.50000000000000711, 2.750000000000000000 ) ) ;
#2544 = CARTESIAN_POINT ( 'NONE',  ( -7.183351750187861207, 7.233623008334961746, 8.976087272398798333 ) ) ;
#2545 = DIRECTION ( 'NONE',  ( 0.000000000000000000, 0.000000000000000000, 1.000000000000000000 ) ) ;
#2546 = CARTESIAN_POINT ( 'NONE',  ( 21.71918471982879595, 37.27553390593275395, 15.00000000000000533 ) ) ;
#2547 = VERTEX_POINT ( 'NONE', #4248 ) ;
#2548 = VECTOR ( 'NONE', #1733, 1000.000000000000000 ) ;
#2549 = CARTESIAN_POINT ( 'NONE',  ( 12.20341134713947362, 25.68307807356418238, 3.042470281214689098 ) ) ;
#2550 = VERTEX_POINT ( 'NONE', #4722 ) ;
#2551 = CARTESIAN_POINT ( 'NONE',  ( -22.99999999999997868, 8.500000000000000000, -8.000000000000000000 ) ) ;
#2552 = LINE ( 'NONE', #3744, #2741 ) ;
#2553 = CARTESIAN_POINT ( 'NONE',  ( 16.24589803672147070, 4.106947525558165779, 6.386804101481837748 ) ) ;
#2554 = CIRCLE ( 'NONE', #3910, 1.000000000000001110 ) ;
#2555 = ORIENTED_EDGE ( 'NONE', *, *, #528, .F. ) ;
#2556 = AXIS2_PLACEMENT_3D ( 'NONE', #4138, #3384, #807 ) ;
#2557 = CARTESIAN_POINT ( 'NONE',  ( -21.99999999999997868, 6.500000000000000888, 25.00000000000000000 ) ) ;
#2558 = CARTESIAN_POINT ( 'NONE',  ( -6.390385793042283162E-16, 4.767949192431110816, -9.000000000000000000 ) ) ;
#2559 = AXIS2_PLACEMENT_3D ( 'NONE', #1917, #3950, #3490 ) ;
#2560 = CARTESIAN_POINT ( 'NONE',  ( 10.27827739829761455, 25.54629426731723996, -3.930202834037561210 ) ) ;
#2561 = ORIENTED_EDGE ( 'NONE', *, *, #3623, .T. ) ;
#2562 = CARTESIAN_POINT ( 'NONE',  ( 10.65070420207040058, 26.58557958571801194, -2.749999999999981348 ) ) ;
#2563 = CIRCLE ( 'NONE', #488, 1.000000000000000888 ) ;
#2564 = VECTOR ( 'NONE', #152, 1000.000000000000000 ) ;
#2565 = AXIS2_PLACEMENT_3D ( 'NONE', #529, #2165, #1244 ) ;
#2566 = VERTEX_POINT ( 'NONE', #4273 ) ;
#2567 = CARTESIAN_POINT ( 'NONE',  ( 2.658618548005119209, 11.26589306131382884, -11.55002881674607274 ) ) ;
#2568 =( LENGTH_UNIT ( ) NAMED_UNIT ( * ) SI_UNIT ( .MILLI., .METRE. ) );
#2569 = VECTOR ( 'NONE', #4987, 1000.000000000000000 ) ;
#2570 = CARTESIAN_POINT ( 'NONE',  ( 1.558680728220434464, 11.93679028601812142, 11.83997066574944235 ) ) ;
#2571 = EDGE_CURVE ( 'NONE', #290, #1154, #593, .T. ) ;
#2572 = CARTESIAN_POINT ( 'NONE',  ( -8.225440608674688292, 6.537753854163997680, 8.488560412582964787 ) ) ;
#2573 = CARTESIAN_POINT ( 'NONE',  ( -6.809475019311104660, 7.999999999999998224, 9.138219645438294236 ) ) ;
#2574 = B_SPLINE_CURVE_WITH_KNOTS ( 'NONE', 3,
 ( #321, #3213, #1499, #3146, #2344, #4734, #289, #3565, #3172, #1958 ),
 .UNSPECIFIED., .F., .F.,
 ( 4, 2, 2, 2, 4 ),
 ( 0.000000000000000000, 0.0007088972236046188697, 0.001417794447209237739, 0.002126691670813856717, 0.002835588894418475479 ),
 .UNSPECIFIED. ) ;
#2575 = CIRCLE ( 'NONE', #244, 2.000000000000000000 ) ;
#2576 = VERTEX_POINT ( 'NONE', #3906 ) ;
#2577 = CARTESIAN_POINT ( 'NONE',  ( -7.183697781629230228, 7.233480045961652394, -8.975929557765903510 ) ) ;
#2578 = EDGE_CURVE ( 'NONE', #4660, #3876, #1093, .T. ) ;
#2579 = CARTESIAN_POINT ( 'NONE',  ( -27.99999999999997868, -6.742640687119290099, -19.50000000000000000 ) ) ;
#2580 = ORIENTED_EDGE ( 'NONE', *, *, #324, .T. ) ;
#2581 = LINE ( 'NONE', #4516, #143 ) ;
#2582 = CARTESIAN_POINT ( 'NONE',  ( -2.816619127141567258, 5.645561299746809425, 8.548394024340643327 ) ) ;
#2583 = FACE_OUTER_BOUND ( 'NONE', #3372, .T. ) ;
#2584 = ORIENTED_EDGE ( 'NONE', *, *, #3665, .T. ) ;
#2585 = DIRECTION ( 'NONE',  ( 0.000000000000000000, 0.000000000000000000, -1.000000000000000000 ) ) ;
#2586 = DIRECTION ( 'NONE',  ( -0.7071067811865485719, -0.7071067811865464625, -0.000000000000000000 ) ) ;
#2587 = VERTEX_POINT ( 'NONE', #1842 ) ;
#2588 = CARTESIAN_POINT ( 'NONE',  ( -9.700142944432721848, 25.93633995784753310, 7.000000000000000000 ) ) ;
#2589 = B_SPLINE_CURVE_WITH_KNOTS ( 'NONE', 3,
 ( #1127, #1106, #2822, #1609, #2844, #3621, #1151, #2768 ),
 .UNSPECIFIED., .F., .F.,
 ( 4, 2, 2, 4 ),
 ( 0.000000000000000000, 0.0007102761116409322039, 0.001065414167461400637, 0.001420552223281869178 ),
 .UNSPECIFIED. ) ;
#2590 = DIRECTION ( 'NONE',  ( 0.7071067811865467956, -0.7071067811865484609, 0.000000000000000000 ) ) ;
#2591 = CARTESIAN_POINT ( 'NONE',  ( 8.629242899012856682, 18.96975201923340748, -6.876070604644086259 ) ) ;
#2592 = EDGE_LOOP ( 'NONE', ( #2992, #1289 ) ) ;
#2593 = LINE ( 'NONE', #4222, #3143 ) ;
#2594 = ORIENTED_EDGE ( 'NONE', *, *, #1602, .F. ) ;
#2595 = CARTESIAN_POINT ( 'NONE',  ( 3.226225778455594106, 10.77527043839963561, -10.53298396683602611 ) ) ;
#2596 =( BOUNDED_SURFACE ( )  B_SPLINE_SURFACE ( 3, 2, ( 
 ( #3566, #4037, #727 ),
 ( #4401, #347, #368 ),
 ( #759, #3249, #2370 ),
 ( #3985, #704, #2346 ),
 ( #4842, #3597, #2402 ),
 ( #3957, #1580, #291 ),
 ( #1925, #53, #3701 ),
 ( #2598, #4559, #3388 ),
 ( #4146, #108, #1663 ),
 ( #4867, #4201, #3678 ) ),
 .UNSPECIFIED., .F., .F., .T. ) 
 B_SPLINE_SURFACE_WITH_KNOTS ( ( 4, 2, 2, 2, 4 ),
 ( 3, 3 ),
 ( 0.000000000000000000, 0.0003749553282922831192, 0.0007499106565845662384, 0.001124865984876849412, 0.001499821313169132477 ),
 ( 0.000000000000000000, 1.000000000000000000 ),
 .UNSPECIFIED. ) 
 GEOMETRIC_REPRESENTATION_ITEM ( )  RATIONAL_B_SPLINE_SURFACE ( (
 ( 1.000000000000000000, 0.7288998767166763315, 1.000000000000000000),
 ( 1.000000000000000000, 0.7502481667017210087, 1.000000000000000000),
 ( 1.000000000000000000, 0.7699987375871956141, 1.000000000000000000),
 ( 1.000000000000000000, 0.8068015150411881331, 1.000000000000000000),
 ( 1.000000000000000000, 0.8238525063116385327, 1.000000000000000000),
 ( 1.000000000000000000, 0.8539626994763201973, 1.000000000000000000),
 ( 1.000000000000000000, 0.8673724694994259243, 1.000000000000000000),
 ( 1.000000000000000000, 0.8888883620062976165, 1.000000000000000000),
 ( 1.000000000000000000, 0.8972763554438549782, 1.000000000000000000),
 ( 1.000000000000000000, 0.9020981523775519761, 1.000000000000000000) ) ) 
 REPRESENTATION_ITEM ( '' )  SURFACE ( )  );
#2597 = DIRECTION ( 'NONE',  ( -0.7071067811865486830, -0.7071067811865464625, -0.000000000000000000 ) ) ;
#2598 = CARTESIAN_POINT ( 'NONE',  ( -6.976215272188438732, 7.541881769398859348, -9.066999196946506245 ) ) ;
#2599 = CARTESIAN_POINT ( 'NONE',  ( -7.033553673375521953, 8.655707446237093095, -8.458429092623150680 ) ) ;
#2600 = EDGE_CURVE ( 'NONE', #3740, #617, #3488, .T. ) ;
#2601 = CARTESIAN_POINT ( 'NONE',  ( -10.88703896932111981, -23.61496103067891994, 1.102182119232617714E-15 ) ) ;
#2602 = ORIENTED_EDGE ( 'NONE', *, *, #1354, .T. ) ;
#2603 = LINE ( 'NONE', #2579, #2569 ) ;
#2604 = DIRECTION ( 'NONE',  ( -0.7071067811865463515, 0.7071067811865486830, 0.000000000000000000 ) ) ;
#2605 = CARTESIAN_POINT ( 'NONE',  ( 32.00000000000002132, 3.500000000000003109, -2.000000000000000000 ) ) ;
#2606 = EDGE_CURVE ( 'NONE', #374, #426, #1643, .T. ) ;
#2607 = FACE_OUTER_BOUND ( 'NONE', #2114, .T. ) ;
#2608 = ORIENTED_EDGE ( 'NONE', *, *, #66, .F. ) ;
#2609 = CARTESIAN_POINT ( 'NONE',  ( 10.12010401061574605, 22.87869826506904047, 4.463846867961763998 ) ) ;
#2610 = DIRECTION ( 'NONE',  ( 0.7071067811865486830, 0.7071067811865464625, -1.232595164407830946E-32 ) ) ;
#2611 = CARTESIAN_POINT ( 'NONE',  ( 5.467084117376010965, 9.178959316373283883, 10.68227462919461423 ) ) ;
#2612 = ADVANCED_FACE ( 'NONE', ( #236 ), #3326, .F. ) ;
#2613 = ORIENTED_EDGE ( 'NONE', *, *, #260, .T. ) ;
#2614 = CARTESIAN_POINT ( 'NONE',  ( -11.53256259467079659, 25.50000000000000355, -6.000000000000000000 ) ) ;
#2615 = FACE_OUTER_BOUND ( 'NONE', #5178, .T. ) ;
#2616 = VERTEX_POINT ( 'NONE', #1066 ) ;
#2617 = DIRECTION ( 'NONE',  ( 0.000000000000000000, -1.000000000000000000, 0.000000000000000000 ) ) ;
#2618 = ORIENTED_EDGE ( 'NONE', *, *, #888, .T. ) ;
#2619 = CARTESIAN_POINT ( 'NONE',  ( -3.309360292301796846, 12.99760211737117999, -10.49158309670307965 ) ) ;
#2620 = FACE_OUTER_BOUND ( 'NONE', #5026, .T. ) ;
#2621 = CIRCLE ( 'NONE', #1140, 11.00000000000000000 ) ;
#2622 = CARTESIAN_POINT ( 'NONE',  ( 32.00000000000002132, 2.500000000000002220, 25.00000000000000000 ) ) ;
#2623 = CARTESIAN_POINT ( 'NONE',  ( 1.360125386374531953, 13.04722532047086148, 10.91677290943946232 ) ) ;
#2624 = CARTESIAN_POINT ( 'NONE',  ( -5.752415702315402335, 11.11916566417565022, 9.380894250563558856 ) ) ;
#2625 = EDGE_LOOP ( 'NONE', ( #199, #4806, #930, #3682 ) ) ;
#2626 = CARTESIAN_POINT ( 'NONE',  ( 18.89075759508260788, 40.10396103067894558, 11.00000000000000533 ) ) ;
#2627 = EDGE_CURVE ( 'NONE', #800, #4412, #4363, .T. ) ;
#2628 = DIRECTION ( 'NONE',  ( 0.000000000000000000, 1.000000000000000000, 0.000000000000000000 ) ) ;
#2629 = EDGE_CURVE ( 'NONE', #5097, #2875, #1139, .T. ) ;
#2630 = CARTESIAN_POINT ( 'NONE',  ( 21.71918471982879950, 37.27553390593275395, -10.99999999999999467 ) ) ;
#2631 = CARTESIAN_POINT ( 'NONE',  ( -27.99999999999997868, -2.499999999999998668, -25.00000000000000000 ) ) ;
#2632 = CARTESIAN_POINT ( 'NONE',  ( 0.000000000000000000, 12.50000000000000000, 6.999999999999999112 ) ) ;
#2633 = ORIENTED_EDGE ( 'NONE', *, *, #2453, .F. ) ;
#2634 = CARTESIAN_POINT ( 'NONE',  ( 1.000000000000020650, 6.500000000000000888, 25.00000000000000000 ) ) ;
#2635 = VERTEX_POINT ( 'NONE', #2466 ) ;
#2636 = CARTESIAN_POINT ( 'NONE',  ( -7.777720855862958693, 8.250000000000000000, 9.138219645438292460 ) ) ;
#2637 = CARTESIAN_POINT ( 'NONE',  ( -8.627096970907992102, 6.502783349245019551, 8.279234270501000026 ) ) ;
#2638 = AXIS2_PLACEMENT_3D ( 'NONE', #5211, #5108, #2357 ) ;
#2639 = ORIENTED_EDGE ( 'NONE', *, *, #4010, .T. ) ;
#2640 = CARTESIAN_POINT ( 'NONE',  ( 5.272077938642146577, 12.72792206135783388, 9.000000000000000000 ) ) ;
#2641 = FACE_OUTER_BOUND ( 'NONE', #5212, .T. ) ;
#2642 = ORIENTED_EDGE ( 'NONE', *, *, #4088, .T. ) ;
#2643 = EDGE_CURVE ( 'NONE', #1784, #432, #319, .T. ) ;
#2644 = DIRECTION ( 'NONE',  ( 1.000000000000000000, 0.000000000000000000, 0.000000000000000000 ) ) ;
#2645 = ORIENTED_EDGE ( 'NONE', *, *, #2409, .F. ) ;
#2646 = CARTESIAN_POINT ( 'NONE',  ( 0.000000000000000000, -2.500000000000002220, 0.000000000000000000 ) ) ;
#2647 = VECTOR ( 'NONE', #4022, 1000.000000000000000 ) ;
#2648 = AXIS2_PLACEMENT_3D ( 'NONE', #4428, #3648, #785 ) ;
#2649 = ORIENTED_EDGE ( 'NONE', *, *, #5081, .F. ) ;
#2650 = CARTESIAN_POINT ( 'NONE',  ( 1.717111005438238358, 11.86074918686678892, -10.87699697476058702 ) ) ;
#2651 = EDGE_CURVE ( 'NONE', #5011, #4874, #2780, .T. ) ;
#2652 = CARTESIAN_POINT ( 'NONE',  ( -11.24593199847131686, 26.50000000000000711, -6.053030780089063256 ) ) ;
#2653 = AXIS2_PLACEMENT_3D ( 'NONE', #141, #1056, #2657 ) ;
#2654 = CARTESIAN_POINT ( 'NONE',  ( 16.33868397003388395, 2.500000000000001332, -2.146923933528551043 ) ) ;
#2655 = AXIS2_PLACEMENT_3D ( 'NONE', #3509, #5072, #4234 ) ;
#2656 = CARTESIAN_POINT ( 'NONE',  ( -2.862839855044216009, 12.21064528004475491, 10.62627229037650878 ) ) ;
#2657 = DIRECTION ( 'NONE',  ( -0.9682458365518541443, 0.2500000000000004441, 0.000000000000000000 ) ) ;
#2658 = CARTESIAN_POINT ( 'NONE',  ( -11.15092970622284696, 25.50000000436607550, -7.000000000000000000 ) ) ;
#2659 = CARTESIAN_POINT ( 'NONE',  ( 5.709177510983594495, 4.724458645691218983, -9.975792770596886072 ) ) ;
#2660 = CIRCLE ( 'NONE', #4393, 1.500000000000001998 ) ;
#2661 = AXIS2_PLACEMENT_3D ( 'NONE', #348, #3149, #4738 ) ;
#2662 = CARTESIAN_POINT ( 'NONE',  ( 6.035533905932735976, -2.500000000000002220, 6.676251228821180383 ) ) ;
#2663 = ORIENTED_EDGE ( 'NONE', *, *, #4283, .F. ) ;
#2664 = CARTESIAN_POINT ( 'NONE',  ( 1.000000000000020650, 6.500000000000000888, 8.944271909999155667 ) ) ;
#2665 = CYLINDRICAL_SURFACE ( 'NONE', #5244, 4.000000000000000000 ) ;
#2666 = CARTESIAN_POINT ( 'NONE',  ( 4.972777414663207551, 5.632467457594313665, 11.00159462029111701 ) ) ;
#2667 = AXIS2_PLACEMENT_3D ( 'NONE', #2494, #379, #5262 ) ;
#2668 = DIRECTION ( 'NONE',  ( 0.000000000000000000, 1.000000000000000000, -0.000000000000000000 ) ) ;
#2669 = EDGE_CURVE ( 'NONE', #413, #3286, #4384, .T. ) ;
#2670 = EDGE_LOOP ( 'NONE', ( #4111, #1213, #3378, #1735, #4235, #1737 ) ) ;
#2671 = CARTESIAN_POINT ( 'NONE',  ( 4.745966692415017008, 4.668433626598307740, -10.96944564419932178 ) ) ;
#2672 = LINE ( 'NONE', #3539, #1089 ) ;
#2673 = ORIENTED_EDGE ( 'NONE', *, *, #2129, .F. ) ;
#2674 = CARTESIAN_POINT ( 'NONE',  ( 28.00000000000002132, -6.742640687119290099, 21.00000000000000000 ) ) ;
#2675 = EDGE_CURVE ( 'NONE', #3905, #5011, #3977, .T. ) ;
#2676 = DIRECTION ( 'NONE',  ( 0.000000000000000000, 0.000000000000000000, 1.000000000000000000 ) ) ;
#2677 = DIRECTION ( 'NONE',  ( -0.000000000000000000, 0.000000000000000000, 1.000000000000000000 ) ) ;
#2678 = DIRECTION ( 'NONE',  ( 0.000000000000000000, 0.000000000000000000, -1.000000000000000000 ) ) ;
#2679 = CARTESIAN_POINT ( 'NONE',  ( -2.645187169776242797, 12.27219514231076758, 11.64090658105780385 ) ) ;
#2680 = CARTESIAN_POINT ( 'NONE',  ( -21.99999999999997868, 8.500000000000000000, -7.000000000000000000 ) ) ;
#2681 = CARTESIAN_POINT ( 'NONE',  ( -11.25830236937970774, 26.44925791604800835, -7.000000000000001776 ) ) ;
#2682 = DIRECTION ( 'NONE',  ( 0.000000000000000000, -1.000000000000000000, 0.000000000000000000 ) ) ;
#2683 = CARTESIAN_POINT ( 'NONE',  ( -7.937626670470418588, 28.50000000000000355, -7.615384615384615863 ) ) ;
#2684 = CARTESIAN_POINT ( 'NONE',  ( 9.820170133881104491, 24.26139626547817585, -4.986711263697816143 ) ) ;
#2685 = ORIENTED_EDGE ( 'NONE', *, *, #2528, .F. ) ;
#2686 = CARTESIAN_POINT ( 'NONE',  ( 12.53292821093358889, 2.500000000000001776, 9.884825688713924308 ) ) ;
#2687 = B_SPLINE_CURVE_WITH_KNOTS ( 'NONE', 3,
 ( #1214, #3602, #2848, #2755, #1967, #5226, #1933, #814, #4787, #3548, #3222, #2456, #1189, #5203, #1111, #5141, #731, #2011, #3627, #790 ),
 .UNSPECIFIED., .F., .F.,
 ( 4, 2, 2, 2, 2, 2, 2, 2, 2, 4 ),
 ( 0.0008663835558209913128, 0.002104526227171039151, 0.003342668898521086989, 0.005818954241221190038, 0.008295239583921292653, 0.01077152492662139527, 0.01324781026932149962, 0.01572409561202160744, 0.01820038095472171699, 0.02067666629742182655 ),
 .UNSPECIFIED. ) ;
#2688 = CARTESIAN_POINT ( 'NONE',  ( -7.898502967503799432, 6.566218918990051279, -7.656163822712896305 ) ) ;
#2689 = VERTEX_POINT ( 'NONE', #5210 ) ;
#2690 = CARTESIAN_POINT ( 'NONE',  ( 0.000000000000000000, 26.50000000000000355, 0.000000000000000000 ) ) ;
#2691 = DIRECTION ( 'NONE',  ( -0.8314242719495232858, -0.5556380836598631134, -0.000000000000000000 ) ) ;
#2692 = CARTESIAN_POINT ( 'NONE',  ( 2.500000000000001776, 37.50000000000000711, 10.71214264281427475 ) ) ;
#2693 = EDGE_LOOP ( 'NONE', ( #4457, #1311, #567 ) ) ;
#2694 = EDGE_CURVE ( 'NONE', #1988, #1345, #1005, .T. ) ;
#2695 = EDGE_CURVE ( 'NONE', #1470, #4003, #305, .T. ) ;
#2696 = ORIENTED_EDGE ( 'NONE', *, *, #4448, .T. ) ;
#2697 = CARTESIAN_POINT ( 'NONE',  ( 4.745966692414854471, 4.500000000002266631, -10.96466066509576898 ) ) ;
#2698 = CARTESIAN_POINT ( 'NONE',  ( 5.977195204526079664, 2.638682857647340008, 9.730927467366456085 ) ) ;
#2699 = CARTESIAN_POINT ( 'NONE',  ( -5.140761301463729005, 10.85252307702483421, 10.49241601750012798 ) ) ;
#2700 = CARTESIAN_POINT ( 'NONE',  ( -7.129577451207712357, 8.250000000000000000, 8.376701341651767052 ) ) ;
#2701 = ORIENTED_EDGE ( 'NONE', *, *, #2694, .T. ) ;
#2702 = ADVANCED_FACE ( 'NONE', ( #3663 ), #2206, .F. ) ;
#2703 = CARTESIAN_POINT ( 'NONE',  ( -6.809475019311104660, 8.000000000000000000, -25.00000000000000000 ) ) ;
#2704 = EDGE_CURVE ( 'NONE', #3589, #224, #3373, .T. ) ;
#2705 = CARTESIAN_POINT ( 'NONE',  ( 5.884202213872620213, 8.346082812562185538, 9.869705366240445699 ) ) ;
#2706 = LINE ( 'NONE', #662, #4319 ) ;
#2707 = ORIENTED_EDGE ( 'NONE', *, *, #5173, .F. ) ;
#2708 = CARTESIAN_POINT ( 'NONE',  ( -0.9999999999999794609, 6.500000000000000888, -25.00000000000000000 ) ) ;
#2709 = ORIENTED_EDGE ( 'NONE', *, *, #308, .F. ) ;
#2710 = FACE_OUTER_BOUND ( 'NONE', #1051, .T. ) ;
#2711 = CARTESIAN_POINT ( 'NONE',  ( -8.745966692414814503, 8.500000000000000000, -25.00000000000000000 ) ) ;
#2712 = VERTEX_POINT ( 'NONE', #1365 ) ;
#2713 = CARTESIAN_POINT ( 'NONE',  ( -9.380831519646857686, 7.500000000000000000, 9.000000000000001776 ) ) ;
#2714 = DIRECTION ( 'NONE',  ( -1.000000000000000000, 0.000000000000000000, -0.000000000000000000 ) ) ;
#2715 = CARTESIAN_POINT ( 'NONE',  ( -27.99999999999997868, -6.742640687119290099, -21.00000000000000000 ) ) ;
#2716 = AXIS2_PLACEMENT_3D ( 'NONE', #3380, #204, #2590 ) ;
#2717 = VERTEX_POINT ( 'NONE', #1708 ) ;
#2718 = CARTESIAN_POINT ( 'NONE',  ( 4.207712424633343495, 9.500955006133750658, -10.18152118707032905 ) ) ;
#2719 = ORIENTED_EDGE ( 'NONE', *, *, #446, .T. ) ;
#2720 = CARTESIAN_POINT ( 'NONE',  ( 5.822276510498457291, 4.032880017051010846, 9.919867373663761256 ) ) ;
#2721 = VECTOR ( 'NONE', #1185, 1000.000000000000000 ) ;
#2722 = CIRCLE ( 'NONE', #5074, 1.000000000000000444 ) ;
#2723 = EDGE_CURVE ( 'NONE', #2533, #774, #1697, .T. ) ;
#2724 = AXIS2_PLACEMENT_3D ( 'NONE', #3684, #412, #2047 ) ;
#2725 = CARTESIAN_POINT ( 'NONE',  ( -27.99999999999997868, 12.50000000000000000, -22.50000000000000355 ) ) ;
#2726 = ORIENTED_EDGE ( 'NONE', *, *, #3949, .T. ) ;
#2727 = DIRECTION ( 'NONE',  ( -0.7071067811865465735, 0.7071067811865484609, 0.000000000000000000 ) ) ;
#2728 = CIRCLE ( 'NONE', #3402, 1.500000000000001332 ) ;
#2729 = DIRECTION ( 'NONE',  ( -0.7071067811865456854, 0.7071067811865492381, 0.000000000000000000 ) ) ;
#2730 = AXIS2_PLACEMENT_3D ( 'NONE', #2636, #908, #3713 ) ;
#2731 = EDGE_CURVE ( 'NONE', #2733, #4011, #3575, .T. ) ;
#2732 = CARTESIAN_POINT ( 'NONE',  ( -5.987015850511054005, 10.80419580147815140, -9.231228428098368965 ) ) ;
#2733 = VERTEX_POINT ( 'NONE', #4965 ) ;
#2734 = CARTESIAN_POINT ( 'NONE',  ( 10.15676818434692663, 25.20614372660179114, -4.232708083591792736 ) ) ;
#2735 = EDGE_LOOP ( 'NONE', ( #1438, #3252, #1662, #2709 ) ) ;
#2736 = VECTOR ( 'NONE', #3762, 1000.000000000000000 ) ;
#2737 = FACE_OUTER_BOUND ( 'NONE', #3525, .T. ) ;
#2738 = VECTOR ( 'NONE', #3760, 1000.000000000000000 ) ;
#2739 = FACE_BOUND ( 'NONE', #4223, .T. ) ;
#2740 = ORIENTED_EDGE ( 'NONE', *, *, #5163, .T. ) ;
#2741 = VECTOR ( 'NONE', #124, 1000.000000000000000 ) ;
#2742 = CARTESIAN_POINT ( 'NONE',  ( -11.25830236937922635, 26.44925791604844534, 7.000000000000000000 ) ) ;
#2743 = CARTESIAN_POINT ( 'NONE',  ( 7.572673825813823534, 17.77753624640431340, 7.986606390708651304 ) ) ;
#2744 = DIRECTION ( 'NONE',  ( 0.000000000000000000, 0.000000000000000000, -1.000000000000000000 ) ) ;
#2745 = CARTESIAN_POINT ( 'NONE',  ( 4.848076583669999273, 3.855532348434786538, -10.94041813795648643 ) ) ;
#2746 = ORIENTED_EDGE ( 'NONE', *, *, #5263, .T. ) ;
#2747 = CARTESIAN_POINT ( 'NONE',  ( 16.33868397003388040, 2.500000000000002220, 2.146923933528545714 ) ) ;
#2748 = B_SPLINE_CURVE_WITH_KNOTS ( 'NONE', 3,
 ( #4910, #4049, #1248, #4520, #3260, #823, #3712, #4462, #1996, #3686 ),
 .UNSPECIFIED., .F., .F.,
 ( 4, 2, 2, 2, 4 ),
 ( 0.006293396786331700854, 0.006814806934358434883, 0.007336217082385168911, 0.007857627230411903807, 0.008379037378438636968 ),
 .UNSPECIFIED. ) ;
#2749 = DIRECTION ( 'NONE',  ( -0.000000000000000000, -1.000000000000000000, -0.000000000000000000 ) ) ;
#2750 = FACE_OUTER_BOUND ( 'NONE', #1331, .T. ) ;
#2751 = CARTESIAN_POINT ( 'NONE',  ( 16.06233047033641625, 37.27553390593276106, 15.00000000000000533 ) ) ;
#2752 = EDGE_CURVE ( 'NONE', #5183, #1505, #755, .T. ) ;
#2753 = CARTESIAN_POINT ( 'NONE',  ( 1.000000000000020650, 6.500000000000000888, -25.00000000000000000 ) ) ;
#2754 = ORIENTED_EDGE ( 'NONE', *, *, #3637, .F. ) ;
#2755 = CARTESIAN_POINT ( 'NONE',  ( 11.84987357863734303, 24.86143495431534234, 3.929865701557866853 ) ) ;
#2756 = CARTESIAN_POINT ( 'NONE',  ( 0.000000000000000000, 29.50000000000000711, 0.000000000000000000 ) ) ;
#2757 = FACE_OUTER_BOUND ( 'NONE', #257, .T. ) ;
#2758 = ORIENTED_EDGE ( 'NONE', *, *, #4479, .T. ) ;
#2759 = CARTESIAN_POINT ( 'NONE',  ( 7.601915308822122519, 17.86475551564862840, 7.958915741260936372 ) ) ;
#2760 = ORIENTED_EDGE ( 'NONE', *, *, #1954, .T. ) ;
#2761 = CARTESIAN_POINT ( 'NONE',  ( 34.44710678118661917, 18.89075759508249774, -14.99999999999999822 ) ) ;
#2762 = CYLINDRICAL_SURFACE ( 'NONE', #230, 2.000000000000000000 ) ;
#2763 = EDGE_CURVE ( 'NONE', #1099, #5188, #4211, .T. ) ;
#2764 = ORIENTED_EDGE ( 'NONE', *, *, #2870, .T. ) ;
#2765 = CARTESIAN_POINT ( 'NONE',  ( 4.882527948288552189, 9.518588961621780697, -9.858088530458113397 ) ) ;
#2766 = ORIENTED_EDGE ( 'NONE', *, *, #5047, .F. ) ;
#2767 = CARTESIAN_POINT ( 'NONE',  ( 1.102182119232617714E-15, 37.50000000000000711, 9.000000000000000000 ) ) ;
#2768 = CARTESIAN_POINT ( 'NONE',  ( -7.129577451207712357, 8.250000000000000000, 8.376701341651767052 ) ) ;
#2769 = DIRECTION ( 'NONE',  ( 0.000000000000000000, 0.000000000000000000, -1.000000000000000000 ) ) ;
#2770 = CARTESIAN_POINT ( 'NONE',  ( 0.000000000000000000, 37.50000000000000711, 0.000000000000000000 ) ) ;
#2771 = ORIENTED_EDGE ( 'NONE', *, *, #2164, .F. ) ;
#2772 = CARTESIAN_POINT ( 'NONE',  ( -0.9999999999999794609, 6.500000000000000888, 25.00000000000000000 ) ) ;
#2773 = EDGE_CURVE ( 'NONE', #3531, #4095, #3309, .T. ) ;
#2774 = CARTESIAN_POINT ( 'NONE',  ( -0.8342055939098942385, 8.500745970613182934, 8.962977203709529661 ) ) ;
#2775 = LINE ( 'NONE', #1216, #2477 ) ;
#2776 = EDGE_CURVE ( 'NONE', #3984, #1198, #5092, .T. ) ;
#2777 = ORIENTED_EDGE ( 'NONE', *, *, #4278, .F. ) ;
#2778 = CARTESIAN_POINT ( 'NONE',  ( -8.659229095058638137, 7.503768807351989700, -8.307692307692308376 ) ) ;
#2779 = ORIENTED_EDGE ( 'NONE', *, *, #3863, .T. ) ;
#2780 = LINE ( 'NONE', #2356, #2647 ) ;
#2781 = CARTESIAN_POINT ( 'NONE',  ( 7.318330251587211066, 17.01529629509167663, 8.218808613153020914 ) ) ;
#2782 = EDGE_CURVE ( 'NONE', #2235, #2733, #4492, .T. ) ;
#2783 = CARTESIAN_POINT ( 'NONE',  ( 2.688222198374274943E-15, 13.42820323027551233, 11.00000000000000000 ) ) ;
#2784 = CARTESIAN_POINT ( 'NONE',  ( 1.859381387020164755, 11.78434113068583322, 11.77488265707105164 ) ) ;
#2785 = ORIENTED_EDGE ( 'NONE', *, *, #4661, .F. ) ;
#2786 = PLANE ( 'NONE',  #5240 ) ;
#2787 = EDGE_CURVE ( 'NONE', #322, #1400, #554, .T. ) ;
#2788 = CARTESIAN_POINT ( 'NONE',  ( 14.62733943431405237, 4.029873306396160260, 6.683069564272527963 ) ) ;
#2789 = EDGE_CURVE ( 'NONE', #1265, #2175, #1520, .T. ) ;
#2790 = AXIS2_PLACEMENT_3D ( 'NONE', #903, #2934, #2545 ) ;
#2791 = DIRECTION ( 'NONE',  ( -0.000000000000000000, 0.000000000000000000, -1.000000000000000000 ) ) ;
#2792 = EDGE_LOOP ( 'NONE', ( #3087, #2481, #4103, #4176, #4137, #2324 ) ) ;
#2793 = DIRECTION ( 'NONE',  ( -0.7071067811865467956, 0.7071067811865484609, 0.000000000000000000 ) ) ;
#2794 = CARTESIAN_POINT ( 'NONE',  ( 32.00000000000002132, 2.500000000000002220, 25.00000000000000000 ) ) ;
#2795 = VECTOR ( 'NONE', #2207, 1000.000000000000000 ) ;
#2796 = CIRCLE ( 'NONE', #140, 0.9999999999999994449 ) ;
#2797 = CARTESIAN_POINT ( 'NONE',  ( -5.344980836140591940, 11.57794359020601327, -9.618048015242175452 ) ) ;
#2798 = ORIENTED_EDGE ( 'NONE', *, *, #661, .T. ) ;
#2799 = CARTESIAN_POINT ( 'NONE',  ( 9.598224725163516879, 19.54461974937827762, -7.121523831092529733 ) ) ;
#2800 = DIRECTION ( 'NONE',  ( 0.000000000000000000, 1.000000000000000000, 0.000000000000000000 ) ) ;
#2801 = ORIENTED_EDGE ( 'NONE', *, *, #1232, .T. ) ;
#2802 = AXIS2_PLACEMENT_3D ( 'NONE', #4228, #2296, #1829 ) ;
#2803 =( GEOMETRIC_REPRESENTATION_CONTEXT ( 3 ) GLOBAL_UNCERTAINTY_ASSIGNED_CONTEXT ( ( #3722 ) ) GLOBAL_UNIT_ASSIGNED_CONTEXT ( ( #4473, #834, #3272 ) ) REPRESENTATION_CONTEXT ( 'NONE', 'WORKASPACE' ) );
#2804 = CARTESIAN_POINT ( 'NONE',  ( -7.071067811865482611, 7.071067811865503039, 1.224646799147356215E-15 ) ) ;
#2805 = VECTOR ( 'NONE', #2326, 1000.000000000000000 ) ;
#2806 = AXIS2_PLACEMENT_3D ( 'NONE', #1586, #3225, #4873 ) ;
#2807 = ORIENTED_EDGE ( 'NONE', *, *, #1182, .F. ) ;
#2808 = DIRECTION ( 'NONE',  ( 0.000000000000000000, -1.000000000000000000, 0.000000000000000000 ) ) ;
#2809 = CARTESIAN_POINT ( 'NONE',  ( 5.157174116196823199, 3.278119806684688609, 10.90308413448919111 ) ) ;
#2810 = CARTESIAN_POINT ( 'NONE',  ( 0.5691256733339900009, 13.31700116082483198, 10.98877763030187893 ) ) ;
#2811 = CARTESIAN_POINT ( 'NONE',  ( 2.168587693131823091, 12.64527699068814925, -10.78689067163351112 ) ) ;
#2812 = CIRCLE ( 'NONE', #4652, 2.000000000000000000 ) ;
#2813 = EDGE_CURVE ( 'NONE', #3181, #496, #184, .T. ) ;
#2814 = AXIS2_PLACEMENT_3D ( 'NONE', #5269, #3638, #4026 ) ;
#2815 = ORIENTED_EDGE ( 'NONE', *, *, #1655, .F. ) ;
#2816 = DIRECTION ( 'NONE',  ( -1.000000000000000000, 0.000000000000000000, 1.067871377262452863E-16 ) ) ;
#2817 = CARTESIAN_POINT ( 'NONE',  ( 6.671276477308142105, 12.13060094869171657, -9.232680742693279541 ) ) ;
#2818 = CARTESIAN_POINT ( 'NONE',  ( 11.94749424131064508, 2.500000000000001776, -9.290207840084052648 ) ) ;
#2819 = EDGE_CURVE ( 'NONE', #3645, #1975, #2217, .T. ) ;
#2820 = DIRECTION ( 'NONE',  ( -0.7071067811865465735, 0.7071067811865484609, 0.000000000000000000 ) ) ;
#2821 = ORIENTED_EDGE ( 'NONE', *, *, #3082, .F. ) ;
#2822 = CARTESIAN_POINT ( 'NONE',  ( -7.605078674405175931, 7.583839283168070544, 7.950041620353227145 ) ) ;
#2823 = CARTESIAN_POINT ( 'NONE',  ( 31.44710678118661917, 15.89075759508249241, 10.99999999999999822 ) ) ;
#2824 = VECTOR ( 'NONE', #1446, 1000.000000000000000 ) ;
#2825 = CARTESIAN_POINT ( 'NONE',  ( -6.179261396793719108, 10.52069658798491147, -9.102820048431892630 ) ) ;
#2826 = ORIENTED_EDGE ( 'NONE', *, *, #629, .F. ) ;
#2827 = DIRECTION ( 'NONE',  ( -0.000000000000000000, -0.000000000000000000, -1.000000000000000000 ) ) ;
#2828 = CYLINDRICAL_SURFACE ( 'NONE', #3072, 1.500000000000001332 ) ;
#2829 = VERTEX_POINT ( 'NONE', #3047 ) ;
#2830 = CARTESIAN_POINT ( 'NONE',  ( -1.692775887734385698, 4.615710189275989528, 8.841025948353477659 ) ) ;
#2831 = VERTEX_POINT ( 'NONE', #3126 ) ;
#2832 = CARTESIAN_POINT ( 'NONE',  ( 7.345724754624638031, 17.09798446610356848, 8.194474452094631545 ) ) ;
#2833 = CARTESIAN_POINT ( 'NONE',  ( -8.745966692414814503, 6.500000000000000888, -8.227376772842271535 ) ) ;
#2834 = ORIENTED_EDGE ( 'NONE', *, *, #1804, .T. ) ;
#2835 = CARTESIAN_POINT ( 'NONE',  ( -9.904389682852908550, 26.93315648272485063, 6.334868926348073970 ) ) ;
#2836 = CARTESIAN_POINT ( 'NONE',  ( 3.895294059391449348, 11.16771386738111360, -10.29313110657200880 ) ) ;
#2837 = CARTESIAN_POINT ( 'NONE',  ( 18.35786437626910228, 32.50000000000000711, -0.9236948656460548523 ) ) ;
#2838 = VERTEX_POINT ( 'NONE', #1437 ) ;
#2839 = CARTESIAN_POINT ( 'NONE',  ( -27.99999999999997868, 22.50000000000000355, -7.000000000000000000 ) ) ;
#2840 = EDGE_CURVE ( 'NONE', #2616, #4877, #3107, .T. ) ;
#2841 = CARTESIAN_POINT ( 'NONE',  ( 11.38494902459570746, 2.500000000000602185, 7.901329539872734564 ) ) ;
#2842 = VERTEX_POINT ( 'NONE', #223 ) ;
#2843 = CARTESIAN_POINT ( 'NONE',  ( 0.000000000000000000, 0.000000000000000000, -2.000000000000000000 ) ) ;
#2844 = CARTESIAN_POINT ( 'NONE',  ( -7.314780824528671843, 7.847924181024390933, 8.215821075046507715 ) ) ;
#2845 = DIRECTION ( 'NONE',  ( -0.000000000000000000, -1.000000000000000000, -0.000000000000000000 ) ) ;
#2846 = EDGE_CURVE ( 'NONE', #1719, #3450, #2276, .T. ) ;
#2847 = ORIENTED_EDGE ( 'NONE', *, *, #1863, .T. ) ;
#2848 = CARTESIAN_POINT ( 'NONE',  ( 12.08854319070451133, 25.41645911765982291, 3.358204530817619382 ) ) ;
#2849 = ADVANCED_FACE ( 'NONE', ( #691 ), #5122, .F. ) ;
#2850 = CARTESIAN_POINT ( 'NONE',  ( -2.976667155717399815, 6.851611796584512248, 8.493632646932127273 ) ) ;
#2851 = DIRECTION ( 'NONE',  ( -0.7071067811865486830, -0.7071067811865464625, -0.000000000000000000 ) ) ;
#2852 = ORIENTED_EDGE ( 'NONE', *, *, #5111, .T. ) ;
#2853 = CARTESIAN_POINT ( 'NONE',  ( 18.46662954709583460, 3.500000000000001776, -3.000000000000001332 ) ) ;
#2854 = ORIENTED_EDGE ( 'NONE', *, *, #5208, .F. ) ;
#2855 = DIRECTION ( 'NONE',  ( 0.000000000000000000, 0.000000000000000000, 1.000000000000000000 ) ) ;
#2856 = DIRECTION ( 'NONE',  ( -0.000000000000000000, 0.000000000000000000, 1.000000000000000000 ) ) ;
#2857 = ORIENTED_EDGE ( 'NONE', *, *, #4933, .T. ) ;
#2858 = CARTESIAN_POINT ( 'NONE',  ( -9.060529601239691644, 26.50156209570320698, 7.020649453306575083 ) ) ;
#2859 = DIRECTION ( 'NONE',  ( -0.7071067811865485719, -0.7071067811865464625, -0.000000000000000000 ) ) ;
#2860 = DIRECTION ( 'NONE',  ( 0.000000000000000000, 0.000000000000000000, 1.000000000000000000 ) ) ;
#2861 = VERTEX_POINT ( 'NONE', #2634 ) ;
#2862 = CARTESIAN_POINT ( 'NONE',  ( 32.00000000000002132, 18.21474967288240521, -2.280210856675263464 ) ) ;
#2863 = VERTEX_POINT ( 'NONE', #2329 ) ;
#2864 = CARTESIAN_POINT ( 'NONE',  ( -8.782344831994048917, 26.87898855156140243, -7.086302880168846130 ) ) ;
#2865 = DIRECTION ( 'NONE',  ( 1.000000000000000000, 0.000000000000000000, 0.000000000000000000 ) ) ;
#2866 = CARTESIAN_POINT ( 'NONE',  ( 5.943165028019475216, 3.872112376122609945, -9.893188405327357771 ) ) ;
#2867 = CARTESIAN_POINT ( 'NONE',  ( -6.822248815413050060, 7.901228865771128262, 8.640289661410040623 ) ) ;
#2868 = CARTESIAN_POINT ( 'NONE',  ( -5.221351274058162240, 11.69521007043005767, -9.683180467157008309 ) ) ;
#2869 = AXIS2_PLACEMENT_3D ( 'NONE', #1338, #2691, #1420 ) ;
#2870 = EDGE_CURVE ( 'NONE', #2044, #1418, #2812, .T. ) ;
#2871 = CARTESIAN_POINT ( 'NONE',  ( -9.023373327451338355, 27.53156410613861027, -6.711093685641213114 ) ) ;
#2872 = ORIENTED_EDGE ( 'NONE', *, *, #3703, .F. ) ;
#2873 = LINE ( 'NONE', #1756, #2983 ) ;
#2874 = CIRCLE ( 'NONE', #1004, 4.000000000000000000 ) ;
#2875 = VERTEX_POINT ( 'NONE', #2254 ) ;
#2876 = CARTESIAN_POINT ( 'NONE',  ( -27.99999999999997868, 0.000000000000000000, 25.00000000000000000 ) ) ;
#2877 = VECTOR ( 'NONE', #4887, 1000.000000000000000 ) ;
#2878 = EDGE_CURVE ( 'NONE', #2931, #4617, #3942, .T. ) ;
#2879 = CARTESIAN_POINT ( 'NONE',  ( 32.00000000000002132, 2.500000000000002220, -2.999999999999999112 ) ) ;
#2880 = ORIENTED_EDGE ( 'NONE', *, *, #1873, .T. ) ;
#2881 = DIRECTION ( 'NONE',  ( 0.000000000000000000, 1.000000000000000000, 0.000000000000000000 ) ) ;
#2882 = CARTESIAN_POINT ( 'NONE',  ( -23.99999999999997868, 12.50000000000000000, 25.00000000000000000 ) ) ;
#2883 = ORIENTED_EDGE ( 'NONE', *, *, #212, .T. ) ;
#2884 = VECTOR ( 'NONE', #3936, 1000.000000000000000 ) ;
#2885 = CARTESIAN_POINT ( 'NONE',  ( 18.46662954709583460, 3.500000000000001776, 3.000000000000001332 ) ) ;
#2886 = MECHANICAL_DESIGN_GEOMETRIC_PRESENTATION_REPRESENTATION (  '', ( #4992 ), #1690 ) ;
#2887 = CARTESIAN_POINT ( 'NONE',  ( 3.653779233404226723, 10.30436907813588121, 10.39320098129218550 ) ) ;
#2888 = CARTESIAN_POINT ( 'NONE',  ( -6.405136943511394954, 9.172791622467178385, -9.530418730923916115 ) ) ;
#2889 = AXIS2_PLACEMENT_3D ( 'NONE', #1043, #4697, #1063 ) ;
#2890 = DIRECTION ( 'NONE',  ( 0.000000000000000000, -1.000000000000000000, 0.000000000000000000 ) ) ;
#2891 = ORIENTED_EDGE ( 'NONE', *, *, #1466, .F. ) ;
#2892 = DIRECTION ( 'NONE',  ( 0.000000000000000000, 0.000000000000000000, -1.000000000000000000 ) ) ;
#2893 = EDGE_LOOP ( 'NONE', ( #4355, #1914, #1760, #76 ) ) ;
#2894 = CARTESIAN_POINT ( 'NONE',  ( -10.95445115010332238, 25.50000000000000355, -7.000000000000000000 ) ) ;
#2895 = AXIS2_PLACEMENT_3D ( 'NONE', #2903, #2158, #4120 ) ;
#2896 = TOROIDAL_SURFACE ( 'NONE', #3841, 1.000000000000000000, 1.000000000000000000 ) ;
#2897 = DIRECTION ( 'NONE',  ( -0.000000000000000000, 1.000000000000000000, 0.000000000000000000 ) ) ;
#2898 = CIRCLE ( 'NONE', #2227, 1.000000000000000000 ) ;
#2899 = PLANE ( 'NONE',  #2470 ) ;
#2900 = FACE_OUTER_BOUND ( 'NONE', #1994, .T. ) ;
#2901 = CARTESIAN_POINT ( 'NONE',  ( -4.932564072279737921, 11.96349984908028752, -9.833427925169074157 ) ) ;
#2902 = PRODUCT_DEFINITION ( 'UNKNOWN', '', #1263, #4863 ) ;
#2903 = CARTESIAN_POINT ( 'NONE',  ( 6.745966692414854471, 3.500000000000001776, -10.75787386595823847 ) ) ;
#2904 = ORIENTED_EDGE ( 'NONE', *, *, #1354, .F. ) ;
#2905 = CYLINDRICAL_SURFACE ( 'NONE', #2203, 9.000000000000000000 ) ;
#2906 = ORIENTED_EDGE ( 'NONE', *, *, #3721, .F. ) ;
#2907 = ADVANCED_FACE ( 'NONE', ( #664 ), #1041, .F. ) ;
#2908 = DIRECTION ( 'NONE',  ( 1.000000000000000000, 0.000000000000000000, 0.000000000000000000 ) ) ;
#2909 = EDGE_CURVE ( 'NONE', #4696, #2395, #4560, .T. ) ;
#2910 = ADVANCED_FACE ( 'NONE', ( #5049 ), #4648, .F. ) ;
#2911 = CYLINDRICAL_SURFACE ( 'NONE', #3816, 1.499999999999997113 ) ;
#2912 = CARTESIAN_POINT ( 'NONE',  ( 5.877273229641823526, 8.364609330578632651, -9.865282729173461718 ) ) ;
#2913 = DIRECTION ( 'NONE',  ( -0.000000000000000000, -1.000000000000000000, -0.000000000000000000 ) ) ;
#2914 = FACE_OUTER_BOUND ( 'NONE', #889, .T. ) ;
#2915 = DIRECTION ( 'NONE',  ( -0.000000000000000000, -0.000000000000000000, -1.000000000000000000 ) ) ;
#2916 = ADVANCED_FACE ( 'NONE', ( #1413 ), #1836, .F. ) ;
#2917 = PLANE ( 'NONE',  #1849 ) ;
#2918 = VERTEX_POINT ( 'NONE', #295 ) ;
#2919 = DIRECTION ( 'NONE',  ( 0.000000000000000000, -1.000000000000000000, 0.000000000000000000 ) ) ;
#2920 = EDGE_CURVE ( 'NONE', #314, #3181, #4845, .T. ) ;
#2921 = CYLINDRICAL_SURFACE ( 'NONE', #917, 1.000000000000000000 ) ;
#2922 = ORIENTED_EDGE ( 'NONE', *, *, #4367, .F. ) ;
#2923 = CARTESIAN_POINT ( 'NONE',  ( -8.745966692414814503, 6.500000000000000888, 8.227376772842271535 ) ) ;
#2924 = ORIENTED_EDGE ( 'NONE', *, *, #4871, .F. ) ;
#2925 = CARTESIAN_POINT ( 'NONE',  ( 3.764788677071176259, 10.15986657362835821, -11.10318950237866531 ) ) ;
#2926 = DIRECTION ( 'NONE',  ( 0.7071067811865486830, 0.7071067811865464625, 0.000000000000000000 ) ) ;
#2927 = CARTESIAN_POINT ( 'NONE',  ( -1.926705894618463422, 12.43657989578791501, 11.82407353221443991 ) ) ;
#2928 = CARTESIAN_POINT ( 'NONE',  ( -7.778482870457136933, 7.518884404459625692, 7.781262523753613713 ) ) ;
#2929 = CARTESIAN_POINT ( 'NONE',  ( -5.595051605197674860, 10.37738190576193276, 9.485152913600867208 ) ) ;
#2930 = FACE_OUTER_BOUND ( 'NONE', #3535, .T. ) ;
#2931 = VERTEX_POINT ( 'NONE', #4454 ) ;
#2932 = DIRECTION ( 'NONE',  ( -0.000000000000000000, -0.000000000000000000, -1.000000000000000000 ) ) ;
#2933 = CARTESIAN_POINT ( 'NONE',  ( 30.38644660940679643, 16.95141776686231694, 10.99999999999999822 ) ) ;
#2934 = DIRECTION ( 'NONE',  ( 0.000000000000000000, 1.000000000000000000, -0.000000000000000000 ) ) ;
#2935 = CARTESIAN_POINT ( 'NONE',  ( 4.788173343065166065, 8.204914321217673390, -10.85178874509545821 ) ) ;
#2936 = EDGE_LOOP ( 'NONE', ( #3614, #2010, #299, #1608, #5253 ) ) ;
#2937 = CARTESIAN_POINT ( 'NONE',  ( -21.99999999999997868, 8.500000000000000000, 8.000000000000000000 ) ) ;
#2938 = CARTESIAN_POINT ( 'NONE',  ( 18.46662954709583460, 2.500000000000001776, -2.999999999999997335 ) ) ;
#2939 = DIRECTION ( 'NONE',  ( 0.7071067811865457964, -0.7071067811865492381, 0.000000000000000000 ) ) ;
#2940 = PLANE ( 'NONE',  #5166 ) ;
#2941 = EDGE_CURVE ( 'NONE', #1560, #3231, #2687, .T. ) ;
#2942 = ORIENTED_EDGE ( 'NONE', *, *, #4832, .F. ) ;
#2943 = CARTESIAN_POINT ( 'NONE',  ( -17.25100000000003675, -17.25099999999998346, 0.000000000000000000 ) ) ;
#2944 = CARTESIAN_POINT ( 'NONE',  ( 9.483038596534314024, 23.30867829671813141, -5.579030336605518947 ) ) ;
#2945 = CARTESIAN_POINT ( 'NONE',  ( -27.99999999999997868, 12.50000000000000000, 22.50000000000000355 ) ) ;
#2946 = ADVANCED_FACE ( 'NONE', ( #4819 ), #4407, .T. ) ;
#2947 = EDGE_LOOP ( 'NONE', ( #3925, #460, #2431, #2719, #5206 ) ) ;
#2948 = CARTESIAN_POINT ( 'NONE',  ( -0.1402687296622590896, 13.45893800121073802, -11.00459822320919123 ) ) ;
#2949 = FILL_AREA_STYLE ('',( #2485 ) ) ;
#2950 = CARTESIAN_POINT ( 'NONE',  ( -2.500000000000000444, 29.50000000000000711, -8.645808232895291212 ) ) ;
#2951 = CARTESIAN_POINT ( 'NONE',  ( 6.264390025122366090, 2.544392920055935203, 9.671005335075472331 ) ) ;
#2952 = B_SPLINE_CURVE_WITH_KNOTS ( 'NONE', 3,
 ( #3772, #4603, #2228, #1333, #559, #1392, #4626, #1309, #3853, #909, #1816, #1415, #4164, #97 ),
 .UNSPECIFIED., .F., .F.,
 ( 4, 2, 2, 2, 2, 2, 4 ),
 ( 0.000000000000000000, 0.0004312799176008333315, 0.0006469198764012512983, 0.0008625598352016693735, 0.001293839752802506283, 0.001509479711602924575, 0.001725119670403342867 ),
 .UNSPECIFIED. ) ;
#2953 = CARTESIAN_POINT ( 'NONE',  ( -31.99999999999997868, 26.50000000000000355, 7.000000000000000000 ) ) ;
#2954 = EDGE_CURVE ( 'NONE', #1768, #3440, #764, .T. ) ;
#2955 = EDGE_LOOP ( 'NONE', ( #181, #3187, #3675 ) ) ;
#2956 = CARTESIAN_POINT ( 'NONE',  ( -8.572491497702463548, 6.507537614703979401, -8.307692307692308376 ) ) ;
#2957 = CARTESIAN_POINT ( 'NONE',  ( 5.940513188679981127, 5.490208384471650049, -10.00081236009903485 ) ) ;
#2958 = ORIENTED_EDGE ( 'NONE', *, *, #2292, .T. ) ;
#2959 = FACE_OUTER_BOUND ( 'NONE', #4946, .T. ) ;
#2960 = CARTESIAN_POINT ( 'NONE',  ( -22.99999999999997868, 12.50000000000000000, -7.000000000000000000 ) ) ;
#2961 = CARTESIAN_POINT ( 'NONE',  ( 4.543214957750872252, 8.796250842605669362, -10.68227462919461423 ) ) ;
#2962 = AXIS2_PLACEMENT_3D ( 'NONE', #313, #1953, #1148 ) ;
#2963 = DIRECTION ( 'NONE',  ( -1.000000000000000000, 0.000000000000000000, 0.000000000000000000 ) ) ;
#2964 = ORIENTED_EDGE ( 'NONE', *, *, #3139, .F. ) ;
#2965 = DIRECTION ( 'NONE',  ( -0.000000000000000000, -0.000000000000000000, -1.000000000000000000 ) ) ;
#2966 = CIRCLE ( 'NONE', #660, 4.000000000000000000 ) ;
#2967 = FACE_OUTER_BOUND ( 'NONE', #3716, .T. ) ;
#2968 = VECTOR ( 'NONE', #4225, 1000.000000000000000 ) ;
#2969 = ORIENTED_EDGE ( 'NONE', *, *, #2651, .F. ) ;
#2970 = AXIS2_PLACEMENT_3D ( 'NONE', #1348, #3329, #4924 ) ;
#2971 = CARTESIAN_POINT ( 'NONE',  ( 1.000000000000020872, 6.500000000000000888, -8.944271909999155667 ) ) ;
#2972 = CARTESIAN_POINT ( 'NONE',  ( -9.773048427892973677, 26.73662512446602690, 7.000000000000000888 ) ) ;
#2973 = VECTOR ( 'NONE', #931, 1000.000000000000000 ) ;
#2974 = CARTESIAN_POINT ( 'NONE',  ( 12.20332983955247919, 25.68288910249201962, -3.042738342243382910 ) ) ;
#2975 = EDGE_LOOP ( 'NONE', ( #2240, #1110, #3746, #4153, #5256 ) ) ;
#2976 = DIRECTION ( 'NONE',  ( 0.000000000000000000, 1.000000000000000000, 0.000000000000000000 ) ) ;
#2977 = EDGE_CURVE ( 'NONE', #448, #2459, #514, .T. ) ;
#2978 = CIRCLE ( 'NONE', #751, 1.500000000000004663 ) ;
#2979 = AXIS2_PLACEMENT_3D ( 'NONE', #2495, #3792, #3737 ) ;
#2980 = ORIENTED_EDGE ( 'NONE', *, *, #950, .T. ) ;
#2981 = CARTESIAN_POINT ( 'NONE',  ( 0.9761579923574892348, 12.16751908805599491, -11.93012987913047063 ) ) ;
#2982 = PRODUCT_CONTEXT ( 'NONE', #3041, 'mechanical' ) ;
#2983 = VECTOR ( 'NONE', #463, 1000.000000000000000 ) ;
#2984 = DIRECTION ( 'NONE',  ( -0.7071067811865474617, 0.7071067811865474617, 0.000000000000000000 ) ) ;
#2985 = CYLINDRICAL_SURFACE ( 'NONE', #392, 11.00000000000000000 ) ;
#2986 = EDGE_CURVE ( 'NONE', #1188, #4617, #741, .T. ) ;
#2987 = CARTESIAN_POINT ( 'NONE',  ( -2.687324599302835626, 13.23197231920749850, -10.66866621372730428 ) ) ;
#2988 = AXIS2_PLACEMENT_3D ( 'NONE', #3739, #4130, #415 ) ;
#2989 =( BOUNDED_CURVE ( )  B_SPLINE_CURVE ( 3, ( #3634, #1645, #5234, #2051 ),
 .UNSPECIFIED., .F., .T. ) 
 B_SPLINE_CURVE_WITH_KNOTS ( ( 4, 4 ),
 ( 0.000000000000000000, 0.2762266307635913853 ),
 .UNSPECIFIED. ) 
 CURVE ( )  GEOMETRIC_REPRESENTATION_ITEM ( )  RATIONAL_B_SPLINE_CURVE ( ( 1.000000000000000000, 0.9936516716859913334, 0.9936516716859913334, 1.000000000000000000 ) ) 
 REPRESENTATION_ITEM ( '' )  );
#2990 = CIRCLE ( 'NONE', #1445, 2.000000000000000888 ) ;
#2991 = CARTESIAN_POINT ( 'NONE',  ( -8.672493225570686803, 27.04734616035945649, -7.124983293826851138 ) ) ;
#2992 = ORIENTED_EDGE ( 'NONE', *, *, #3044, .F. ) ;
#2993 = ADVANCED_FACE ( 'NONE', ( #352 ), #1132, .F. ) ;
#2994 = DIRECTION ( 'NONE',  ( -0.000000000000000000, -1.000000000000000000, -0.000000000000000000 ) ) ;
#2995 = DIRECTION ( 'NONE',  ( -0.000000000000000000, 1.000000000000000000, -0.000000000000000000 ) ) ;
#2996 = CARTESIAN_POINT ( 'NONE',  ( -9.380831519646857686, 7.500000000000000000, -7.000000000000000000 ) ) ;
#2997 = DIRECTION ( 'NONE',  ( 0.000000000000000000, 0.000000000000000000, 1.000000000000000000 ) ) ;
#2998 = ORIENTED_EDGE ( 'NONE', *, *, #3139, .T. ) ;
#2999 = CARTESIAN_POINT ( 'NONE',  ( 10.87658379450263091, 24.82373970318419154, 1.997741324472537494 ) ) ;
#3000 = ORIENTED_EDGE ( 'NONE', *, *, #3275, .F. ) ;
#3001 = DIRECTION ( 'NONE',  ( -0.7071067811865451302, 0.7071067811865499042, 0.000000000000000000 ) ) ;
#3002 = CARTESIAN_POINT ( 'NONE',  ( -7.962040579667846174, 6.541884311554558629, 7.586685263017157510 ) ) ;
#3003 = B_SPLINE_CURVE_WITH_KNOTS ( 'NONE', 3,
 ( #4366, #1000, #1120, #542, #2652, #3067 ),
 .UNSPECIFIED., .F., .F.,
 ( 4, 2, 4 ),
 ( 0.000000000000000000, 0.0008618258661761691837, 0.001723651732352338367 ),
 .UNSPECIFIED. ) ;
#3004 = VERTEX_POINT ( 'NONE', #2131 ) ;
#3005 = PLANE ( 'NONE',  #3827 ) ;
#3006 = DIRECTION ( 'NONE',  ( -0.7071067811865486830, -0.7071067811865464625, 0.000000000000000000 ) ) ;
#3007 = CARTESIAN_POINT ( 'NONE',  ( 9.951895189173921352, 24.63118660764722634, -4.694021636370936612 ) ) ;
#3008 = ORIENTED_EDGE ( 'NONE', *, *, #1026, .F. ) ;
#3009 = CARTESIAN_POINT ( 'NONE',  ( 0.000000000000000000, 28.50000000000000355, 0.000000000000000000 ) ) ;
#3010 = CARTESIAN_POINT ( 'NONE',  ( -3.155105796450567546, 13.06279037927768805, -10.53908538098466607 ) ) ;
#3011 = EDGE_CURVE ( 'NONE', #4802, #4673, #4513, .T. ) ;
#3012 = ADVANCED_FACE ( 'NONE', ( #2930 ), #110, .T. ) ;
#3013 = CARTESIAN_POINT ( 'NONE',  ( 0.000000000000000000, 0.000000000000000000, 2.000000000000000000 ) ) ;
#3014 = CARTESIAN_POINT ( 'NONE',  ( 5.947549954193904753, 3.868708611492946314, 9.892328532846862643 ) ) ;
#3015 = CARTESIAN_POINT ( 'NONE',  ( -3.761256396132694135, 12.78477231426733240, 10.34184103531423027 ) ) ;
#3016 = CARTESIAN_POINT ( 'NONE',  ( 0.000000000000000000, 8.232050807568887407, -9.000000000000000000 ) ) ;
#3017 = ORIENTED_EDGE ( 'NONE', *, *, #1377, .T. ) ;
#3018 = CARTESIAN_POINT ( 'NONE',  ( -9.700026930345050147, 25.93641750109393485, -7.000000000000000000 ) ) ;
#3019 = DIRECTION ( 'NONE',  ( 0.7071067811865486830, 0.7071067811865464625, -0.000000000000000000 ) ) ;
#3020 = CARTESIAN_POINT ( 'NONE',  ( -2.976569564396779999, 6.147184244122449570, 8.493670206602487838 ) ) ;
#3021 = CARTESIAN_POINT ( 'NONE',  ( 4.809475019311147292, 5.000000000000001776, 25.00000000000000000 ) ) ;
#3022 = EDGE_CURVE ( 'NONE', #3004, #60, #769, .T. ) ;
#3023 = CARTESIAN_POINT ( 'NONE',  ( 10.65070420207039525, 37.50000000000000711, -2.750000000000000000 ) ) ;
#3024 = VERTEX_POINT ( 'NONE', #955 ) ;
#3025 = CARTESIAN_POINT ( 'NONE',  ( 10.26578115782339751, 25.51134249652249864, -3.963247931438922844 ) ) ;
#3026 = EDGE_LOOP ( 'NONE', ( #253, #3828, #4853, #2969 ) ) ;
#3027 = CARTESIAN_POINT ( 'NONE',  ( -2.499999999999998668, 29.50000000000000711, 8.645808232895291212 ) ) ;
#3028 = B_SPLINE_CURVE_WITH_KNOTS ( 'NONE', 3,
 ( #1235, #4178, #2065, #895, #3334, #2987, #109, #1753, #3702, #3389, #4591, #2091, #2901, #2868, #1322, #4982, #954, #86, #4928, #4510, #2599, #4202 ),
 .UNSPECIFIED., .F., .F.,
 ( 4, 2, 2, 2, 2, 2, 2, 2, 2, 2, 4 ),
 ( 0.007016944905381117953, 0.008283731966277374861, 0.009550519027173631770, 0.01018391255762175762, 0.01081730608806988694, 0.01208409314896614559, 0.01271748667941427491, 0.01335088020986240596, 0.01461766727075866287, 0.01588445433165491805, 0.01715124139255117669 ),
 .UNSPECIFIED. ) ;
#3029 = DIRECTION ( 'NONE',  ( -0.000000000000000000, -1.000000000000000000, -0.000000000000000000 ) ) ;
#3030 = EDGE_CURVE ( 'NONE', #1227, #1245, #1356, .T. ) ;
#3031 = EDGE_LOOP ( 'NONE', ( #4526, #2283, #2342, #972 ) ) ;
#3032 = CARTESIAN_POINT ( 'NONE',  ( -11.34067200061738667, 25.50000000000000711, 7.000000000000000000 ) ) ;
#3033 = CARTESIAN_POINT ( 'NONE',  ( -8.745966692414814503, 8.500000000000000000, 25.00000000000000000 ) ) ;
#3034 = SPHERICAL_SURFACE ( 'NONE', #3216, 1.000000000000000000 ) ;
#3035 = ORIENTED_EDGE ( 'NONE', *, *, #3557, .F. ) ;
#3036 = DIRECTION ( 'NONE',  ( -0.000000000000000000, -1.000000000000000000, -0.000000000000000000 ) ) ;
#3037 = CARTESIAN_POINT ( 'NONE',  ( 1.838041400672770331, 12.83327016750736327, -10.85011940492547211 ) ) ;
#3038 = CARTESIAN_POINT ( 'NONE',  ( -6.809475019311105548, 8.000000000000000000, 9.138219645438292460 ) ) ;
#3039 = AXIS2_PLACEMENT_3D ( 'NONE', #393, #1601, #5217 ) ;
#3040 = CARTESIAN_POINT ( 'NONE',  ( 0.5140597636018798822, 12.30804815344954939, 11.97689545121338206 ) ) ;
#3041 = APPLICATION_CONTEXT ( 'automotive_design' ) ;
#3042 = CARTESIAN_POINT ( 'NONE',  ( -7.033571013441724418, 8.655634183196049491, 8.458414334147237312 ) ) ;
#3043 = CARTESIAN_POINT ( 'NONE',  ( -2.291109490276830307, 4.962849435120086028, -8.704417905979399350 ) ) ;
#3044 = EDGE_CURVE ( 'NONE', #4285, #2931, #2660, .T. ) ;
#3045 = DIRECTION ( 'NONE',  ( 0.000000000000000000, 0.000000000000000000, 1.000000000000000000 ) ) ;
#3046 = ORIENTED_EDGE ( 'NONE', *, *, #1177, .T. ) ;
#3047 = CARTESIAN_POINT ( 'NONE',  ( 21.71918471982879595, 37.27553390593275395, -14.99999999999999467 ) ) ;
#3048 = ORIENTED_EDGE ( 'NONE', *, *, #1494, .F. ) ;
#3049 = DIRECTION ( 'NONE',  ( 0.000000000000000000, 0.000000000000000000, -1.000000000000000000 ) ) ;
#3050 = CARTESIAN_POINT ( 'NONE',  ( -8.745966692414814503, 6.500000000000000888, 8.227376772842271535 ) ) ;
#3051 = EDGE_CURVE ( 'NONE', #3879, #3626, #3729, .T. ) ;
#3052 = CIRCLE ( 'NONE', #2287, 1.500000000000001332 ) ;
#3053 = CARTESIAN_POINT ( 'NONE',  ( 18.89075759508260788, 40.10396103067894558, 15.00000000000000533 ) ) ;
#3054 = ORIENTED_EDGE ( 'NONE', *, *, #3311, .F. ) ;
#3055 = CARTESIAN_POINT ( 'NONE',  ( -10.15332851853791674, 26.79089928580481939, 6.278469019740068546 ) ) ;
#3056 = CARTESIAN_POINT ( 'NONE',  ( 12.29925138167211074, 25.90527824266831303, 2.727272727272544550 ) ) ;
#3057 = ORIENTED_EDGE ( 'NONE', *, *, #2695, .F. ) ;
#3058 = DIRECTION ( 'NONE',  ( 1.000000000000000000, 0.000000000000000000, 0.000000000000000000 ) ) ;
#3059 = ORIENTED_EDGE ( 'NONE', *, *, #4897, .T. ) ;
#3060 = CARTESIAN_POINT ( 'NONE',  ( -1.692664813963046910, 8.384201701894633985, -8.841020365227020505 ) ) ;
#3061 = MECHANICAL_DESIGN_GEOMETRIC_PRESENTATION_REPRESENTATION (  '', ( #1854 ), #3732 ) ;
#3062 = CIRCLE ( 'NONE', #139, 2.999999999999999112 ) ;
#3063 = AXIS2_PLACEMENT_3D ( 'NONE', #2674, #4277, #131 ) ;
#3064 = EDGE_LOOP ( 'NONE', ( #901, #3918, #2754, #3706, #4123 ) ) ;
#3065 = AXIS2_PLACEMENT_3D ( 'NONE', #2493, #1786, #63 ) ;
#3066 = CARTESIAN_POINT ( 'NONE',  ( -27.99999999999997868, 26.50000000000000355, -6.000000000000000888 ) ) ;
#3067 = CARTESIAN_POINT ( 'NONE',  ( -11.53256259467079481, 26.50000000000000355, -5.999999999999999112 ) ) ;
#3068 = CIRCLE ( 'NONE', #2025, 1.000000000000000000 ) ;
#3069 = DIRECTION ( 'NONE',  ( 0.000000000000000000, 1.000000000000000000, -0.000000000000000000 ) ) ;
#3070 = AXIS2_PLACEMENT_3D ( 'NONE', #4876, #3394, #1707 ) ;
#3071 = CARTESIAN_POINT ( 'NONE',  ( -0.2740175135086957980, 12.46480400049714454, 12.00501624407739421 ) ) ;
#3072 = AXIS2_PLACEMENT_3D ( 'NONE', #766, #331, #2013 ) ;
#3073 = DIRECTION ( 'NONE',  ( 0.000000000000000000, 0.000000000000000000, 1.000000000000000000 ) ) ;
#3074 = VERTEX_POINT ( 'NONE', #7 ) ;
#3075 = DIRECTION ( 'NONE',  ( 0.2107435494033622347, 0.5379539963212147669, -0.8162062571598597271 ) ) ;
#3076 = DIRECTION ( 'NONE',  ( 0.7071067811865467956, -0.7071067811865484609, 0.000000000000000000 ) ) ;
#3077 = AXIS2_PLACEMENT_3D ( 'NONE', #2100, #963, #3738 ) ;
#3078 = DIRECTION ( 'NONE',  ( 0.000000000000000000, 1.000000000000000000, 0.000000000000000000 ) ) ;
#3079 = VERTEX_POINT ( 'NONE', #407 ) ;
#3080 = DIRECTION ( 'NONE',  ( -1.067871377262452863E-16, 0.000000000000000000, -1.000000000000000000 ) ) ;
#3081 = EDGE_CURVE ( 'NONE', #4036, #1265, #433, .T. ) ;
#3082 = EDGE_CURVE ( 'NONE', #2712, #4011, #3157, .T. ) ;
#3083 = CARTESIAN_POINT ( 'NONE',  ( 6.010778835338744130, 7.678668602957522182, 9.944086993509506200 ) ) ;
#3084 = EDGE_CURVE ( 'NONE', #2635, #4950, #3838, .T. ) ;
#3085 = AXIS2_PLACEMENT_3D ( 'NONE', #736, #818, #1242 ) ;
#3086 = DIRECTION ( 'NONE',  ( -1.000000000000000000, 0.000000000000000000, 0.000000000000000000 ) ) ;
#3087 = ORIENTED_EDGE ( 'NONE', *, *, #629, .T. ) ;
#3088 = DIRECTION ( 'NONE',  ( -0.7071067811865465735, 0.7071067811865484609, 0.000000000000000000 ) ) ;
#3089 = LINE ( 'NONE', #3948, #135 ) ;
#3090 = ADVANCED_FACE ( 'NONE', ( #461 ), #33, .T. ) ;
#3091 = DIRECTION ( 'NONE',  ( 0.8314242719495242850, 0.5556380836598620032, -0.000000000000000000 ) ) ;
#3092 = ORIENTED_EDGE ( 'NONE', *, *, #3534, .F. ) ;
#3093 = CARTESIAN_POINT ( 'NONE',  ( 37.27553390593281790, 21.71918471982868581, -14.99999999999999822 ) ) ;
#3094 = AXIS2_PLACEMENT_3D ( 'NONE', #2690, #258, #1046 ) ;
#3095 = EDGE_CURVE ( 'NONE', #2587, #2829, #1883, .T. ) ;
#3096 = CARTESIAN_POINT ( 'NONE',  ( 3.951610483169973875, 9.903008817808228059, -11.01025816239698862 ) ) ;
#3097 = EDGE_CURVE ( 'NONE', #2110, #60, #3217, .T. ) ;
#3098 = LINE ( 'NONE', #2319, #3135 ) ;
#3099 = CARTESIAN_POINT ( 'NONE',  ( -30.99999999999997868, 22.50000000000000355, -7.000000000000000000 ) ) ;
#3100 = CARTESIAN_POINT ( 'NONE',  ( 2.719290493321785185, 12.27957081385402915, 10.66270456296493663 ) ) ;
#3101 = CARTESIAN_POINT ( 'NONE',  ( 0.3049608460266270415, 8.055981581023120341, -8.999999999999998224 ) ) ;
#3102 = ORIENTED_EDGE ( 'NONE', *, *, #2239, .T. ) ;
#3103 = CARTESIAN_POINT ( 'NONE',  ( -1.184496660594497097, 4.500702269576708936, -8.923485539218170004 ) ) ;
#3104 = CARTESIAN_POINT ( 'NONE',  ( -2.500000000000000444, 37.50000000000000711, -8.645808232895291212 ) ) ;
#3105 = CARTESIAN_POINT ( 'NONE',  ( 1.734723475976807094E-15, 1.734723475976807094E-15, 9.000000000000000000 ) ) ;
#3106 = ORIENTED_EDGE ( 'NONE', *, *, #93, .T. ) ;
#3107 = LINE ( 'NONE', #4695, #5164 ) ;
#3108 = EDGE_LOOP ( 'NONE', ( #4515, #4786, #4581, #3247 ) ) ;
#3109 = DIRECTION ( 'NONE',  ( 0.000000000000000000, 0.000000000000000000, 1.000000000000000000 ) ) ;
#3110 = FACE_OUTER_BOUND ( 'NONE', #3795, .T. ) ;
#3111 = ORIENTED_EDGE ( 'NONE', *, *, #1986, .F. ) ;
#3112 = CARTESIAN_POINT ( 'NONE',  ( -9.773048427892971901, 26.73662512446603046, 7.000000000000001776 ) ) ;
#3113 = LINE ( 'NONE', #1469, #1675 ) ;
#3114 = CARTESIAN_POINT ( 'NONE',  ( 11.61895003862225018, 37.50000000000000711, 3.000000000000000000 ) ) ;
#3115 = EDGE_CURVE ( 'NONE', #1488, #3128, #1260, .T. ) ;
#3116 = CARTESIAN_POINT ( 'NONE',  ( 4.378805655792351814, 10.47017695396070458, -10.09273664975069629 ) ) ;
#3117 = ORIENTED_EDGE ( 'NONE', *, *, #2870, .F. ) ;
#3118 = LINE ( 'NONE', #2622, #2019 ) ;
#3119 = EDGE_CURVE ( 'NONE', #1154, #2547, #4203, .T. ) ;
#3120 = CARTESIAN_POINT ( 'NONE',  ( -1.684286126944376294, 13.46481191682417666, 10.87848097093232980 ) ) ;
#3121 = ORIENTED_EDGE ( 'NONE', *, *, #1840, .F. ) ;
#3122 = CARTESIAN_POINT ( 'NONE',  ( -2.642000165549564183, 5.344837368534211208, -8.603971021622683679 ) ) ;
#3123 = CARTESIAN_POINT ( 'NONE',  ( 15.89075759508259189, 31.44710678118655522, -10.99999999999999822 ) ) ;
#3124 = PLANE ( 'NONE',  #4729 ) ;
#3125 = VERTEX_POINT ( 'NONE', #3524 ) ;
#3126 = CARTESIAN_POINT ( 'NONE',  ( -9.380831519646857686, 6.500000000000000888, -8.000000000000000000 ) ) ;
#3127 =( BOUNDED_SURFACE ( )  B_SPLINE_SURFACE ( 3, 2, ( 
 ( #4637, #2654, #5133 ),
 ( #2364, #3976, #701 ),
 ( #4838, #1577, #366 ),
 ( #1149, #2422, #3953 ),
 ( #1903, #1206, #683 ),
 ( #3211, #4731, #5192 ),
 ( #2005, #1181, #2818 ),
 ( #781, #3644, #1125 ),
 ( #316, #3541, #3935 ),
 ( #4033, #2396, #4807 ) ),
 .UNSPECIFIED., .F., .F., .T. ) 
 B_SPLINE_SURFACE_WITH_KNOTS ( ( 4, 2, 2, 2, 4 ),
 ( 3, 3 ),
 ( 3.417819284353383669, 3.688910905710592658, 3.960002527067802092, 4.231094148425011525, 4.502185769782220071 ),
 ( 0.000000000000000000, 1.000000000000000000 ),
 .UNSPECIFIED. ) 
 GEOMETRIC_REPRESENTATION_ITEM ( )  RATIONAL_B_SPLINE_SURFACE ( (
 ( 1.000000000000000000, 0.3998116162333146262, 1.000000000000000000),
 ( 1.000000000000000000, 0.4107010309327423503, 1.000000000000000000),
 ( 1.000000000000000000, 0.4263982599195011436, 1.000000000000000000),
 ( 1.000000000000000000, 0.4637535650652943042, 1.000000000000000000),
 ( 1.000000000000000000, 0.4853758436587634062, 1.000000000000000000),
 ( 1.000000000000000000, 0.5312610391801024790, 1.000000000000000000),
 ( 1.000000000000000000, 0.5555246245456760823, 1.000000000000000000),
 ( 1.000000000000000000, 0.6043555147361192592, 1.000000000000000000),
 ( 1.000000000000000000, 0.6289411041519752388, 1.000000000000000000),
 ( 1.000000000000000000, 0.6528614169315305471, 1.000000000000000000) ) ) 
 REPRESENTATION_ITEM ( '' )  SURFACE ( )  );
#3128 = VERTEX_POINT ( 'NONE', #4262 ) ;
#3129 = DIRECTION ( 'NONE',  ( 0.000000000000000000, 0.000000000000000000, 1.000000000000000000 ) ) ;
#3130 = DIRECTION ( 'NONE',  ( 1.000000000000000000, 0.000000000000000000, 0.000000000000000000 ) ) ;
#3131 = ORIENTED_EDGE ( 'NONE', *, *, #2840, .F. ) ;
#3132 = CARTESIAN_POINT ( 'NONE',  ( -10.76531555956220920, 25.55856519626577139, 7.000000000000000000 ) ) ;
#3133 = PLANE ( 'NONE',  #3728 ) ;
#3134 = CYLINDRICAL_SURFACE ( 'NONE', #4570, 2.000000000000001776 ) ;
#3135 = VECTOR ( 'NONE', #264, 999.9999999999998863 ) ;
#3136 = ORIENTED_EDGE ( 'NONE', *, *, #1243, .F. ) ;
#3137 = CARTESIAN_POINT ( 'NONE',  ( 4.543214957750870475, 8.796250842605671139, -10.68227462919461423 ) ) ;
#3138 = CLOSED_SHELL ( 'NONE', ( #723, #288, #4139, #2066, #4039, #2338, #688, #3952, #624, #1472, #2398, #788, #4187, #2916, #698, #4548, #1335, #4686, #231, #2946, #484, #2119, #1799, #784, #3271, #3446, #882, #3381, #3403, #2423, #1833, #5070, #951, #1631, #2907, #1706, #1809, #1452, #1334, #5008, #923, #4173, #782, #4359, #3152, #2304, #4555, #1014, #317, #745, #2017, #2313, #709, #2849, #1440, #2270, #5105, #4490, #1528, #4710, #2194, #2046, #4304, #5274, #4326, #191, #23, #1566, #5114, #219, #1828, #1343, #4955, #3896, #2000, #1960, #459, #349, #4839, #3183, #239, #165, #4942, #4593, #3972, #2138, #5038, #4110, #2505, #1557, #3090, #4340, #3012, #1207, #1306, #5134, #754, #3690, #2612, #846, #4521, #3485, #779, #2702, #4651, #3404, #4561, #3923, #3170, #4644, #625, #5042, #154, #4452, #2061, #4507, #1055, #98, #4968, #960, #5160, #1636, #128, #155, #5243, #2230, #2910, #2016, #493, #1071, #283, #3672, #2993 ) ) ;
#3139 = EDGE_CURVE ( 'NONE', #4204, #3704, #5083, .T. ) ;
#3140 = ORIENTED_EDGE ( 'NONE', *, *, #370, .F. ) ;
#3141 = CARTESIAN_POINT ( 'NONE',  ( 16.87840190425552933, 4.137066757345572832, 4.432352908314581619 ) ) ;
#3142 = EDGE_CURVE ( 'NONE', #1536, #4121, #4141, .T. ) ;
#3143 = VECTOR ( 'NONE', #163, 1000.000000000000000 ) ;
#3144 = CIRCLE ( 'NONE', #3405, 2.999999999999999112 ) ;
#3145 = AXIS2_PLACEMENT_3D ( 'NONE', #4646, #1481, #2252 ) ;
#3146 = CARTESIAN_POINT ( 'NONE',  ( -9.155450298330336523, 27.42925894159163747, 6.631134369047815724 ) ) ;
#3147 = ORIENTED_EDGE ( 'NONE', *, *, #2920, .F. ) ;
#3148 = LINE ( 'NONE', #1210, #4653 ) ;
#3149 = DIRECTION ( 'NONE',  ( -0.000000000000000000, -1.000000000000000000, -0.000000000000000000 ) ) ;
#3150 = AXIS2_PLACEMENT_3D ( 'NONE', #3398, #557, #3001 ) ;
#3151 = FACE_OUTER_BOUND ( 'NONE', #4134, .T. ) ;
#3152 = ADVANCED_FACE ( 'NONE', ( #3423 ), #3845, .T. ) ;
#3153 = EDGE_LOOP ( 'NONE', ( #2815, #471, #4663, #3167 ) ) ;
#3154 = CARTESIAN_POINT ( 'NONE',  ( 11.85042092742409992, 24.86270876860538337, -3.928630757039158539 ) ) ;
#3155 = SURFACE_STYLE_FILL_AREA ( #2377 ) ;
#3156 = DIRECTION ( 'NONE',  ( -0.000000000000000000, -1.000000000000000000, -0.000000000000000000 ) ) ;
#3157 = CIRCLE ( 'NONE', #839, 1.000000000000000888 ) ;
#3158 = CIRCLE ( 'NONE', #505, 1.499999999999999556 ) ;
#3159 = LINE ( 'NONE', #3878, #939 ) ;
#3160 = EDGE_LOOP ( 'NONE', ( #1283, #4549, #4196, #2964 ) ) ;
#3161 = CIRCLE ( 'NONE', #2661, 1.500000000000001332 ) ;
#3162 = CARTESIAN_POINT ( 'NONE',  ( -9.700026930346284715, 25.93641750109577160, 7.000000000000000000 ) ) ;
#3163 = CARTESIAN_POINT ( 'NONE',  ( 10.22792206135786586, -2.500000000000000444, -2.583122318103263648 ) ) ;
#3164 = ORIENTED_EDGE ( 'NONE', *, *, #3142, .T. ) ;
#3165 = CARTESIAN_POINT ( 'NONE',  ( 32.00000000000002132, 18.39397313900376218, 2.727272727272728847 ) ) ;
#3166 = DIRECTION ( 'NONE',  ( -0.000000000000000000, -1.000000000000000000, -0.000000000000000000 ) ) ;
#3167 = ORIENTED_EDGE ( 'NONE', *, *, #1115, .F. ) ;
#3168 = CARTESIAN_POINT ( 'NONE',  ( -7.483314773547887100, 7.483314773547909304, 2.000000000000000000 ) ) ;
#3169 = CARTESIAN_POINT ( 'NONE',  ( 15.15721274071020908, 2.500000000000001776, 7.351376520699858474 ) ) ;
#3170 = ADVANCED_FACE ( 'NONE', ( #5017 ), #1380, .F. ) ;
#3171 = EDGE_CURVE ( 'NONE', #4660, #1012, #2294, .T. ) ;
#3172 = CARTESIAN_POINT ( 'NONE',  ( -8.072211827241888571, 28.36566607276844465, 7.475104539749234611 ) ) ;
#3173 = DIRECTION ( 'NONE',  ( 0.000000000000000000, 0.000000000000000000, 1.000000000000000000 ) ) ;
#3174 = LINE ( 'NONE', #2008, #4258 ) ;
#3175 = EDGE_CURVE ( 'NONE', #1568, #1997, #437, .T. ) ;
#3176 = FACE_OUTER_BOUND ( 'NONE', #4446, .T. ) ;
#3177 = ORIENTED_EDGE ( 'NONE', *, *, #2474, .T. ) ;
#3178 = CARTESIAN_POINT ( 'NONE',  ( 12.29925138167205212, 25.90527824266817092, -2.727272727272743502 ) ) ;
#3179 = CARTESIAN_POINT ( 'NONE',  ( -2.999999999999979128, 6.500000000000000888, 8.485281374238576646 ) ) ;
#3180 = DIRECTION ( 'NONE',  ( 0.000000000000000000, 1.000000000000000000, 0.000000000000000000 ) ) ;
#3181 = VERTEX_POINT ( 'NONE', #3503 ) ;
#3182 = CARTESIAN_POINT ( 'NONE',  ( -8.745966692414814503, 6.500000000000000888, -8.227376772842271535 ) ) ;
#3183 = ADVANCED_FACE ( 'NONE', ( #5096 ), #2006, .F. ) ;
#3184 = ORIENTED_EDGE ( 'NONE', *, *, #2429, .F. ) ;
#3185 = DIRECTION ( 'NONE',  ( -0.000000000000000000, 0.000000000000000000, 1.000000000000000000 ) ) ;
#3186 = CARTESIAN_POINT ( 'NONE',  ( 6.228623782962032784, 2.563688289943037102, 10.79980083088397258 ) ) ;
#3187 = ORIENTED_EDGE ( 'NONE', *, *, #3639, .F. ) ;
#3188 = FACE_OUTER_BOUND ( 'NONE', #4425, .T. ) ;
#3189 = CARTESIAN_POINT ( 'NONE',  ( -0.1402687296623497670, 13.45893800121106842, 11.00459822320918768 ) ) ;
#3190 = DIRECTION ( 'NONE',  ( 0.000000000000000000, -0.000000000000000000, 1.000000000000000000 ) ) ;
#3191 = CARTESIAN_POINT ( 'NONE',  ( 32.00000000000002132, 17.03337045290414764, 2.000000000000000000 ) ) ;
#3192 = DIRECTION ( 'NONE',  ( -0.000000000000000000, 1.000000000000000000, -0.000000000000000000 ) ) ;
#3193 = DIRECTION ( 'NONE',  ( -1.000000000000000000, 0.000000000000000000, 0.000000000000000000 ) ) ;
#3194 = CARTESIAN_POINT ( 'NONE',  ( 5.168948968686692069, 3.253858125206080754, -9.908748461795083173 ) ) ;
#3195 = CARTESIAN_POINT ( 'NONE',  ( -6.321837653367251342, 9.345853435355058636, -9.023411299212847680 ) ) ;
#3196 = ORIENTED_EDGE ( 'NONE', *, *, #2723, .T. ) ;
#3197 = CARTESIAN_POINT ( 'NONE',  ( 21.71918471982880661, 37.27553390593275395, -10.99999999999999822 ) ) ;
#3198 = LINE ( 'NONE', #3604, #489 ) ;
#3199 = ORIENTED_EDGE ( 'NONE', *, *, #1183, .T. ) ;
#3200 = EDGE_CURVE ( 'NONE', #4253, #413, #4991, .T. ) ;
#3201 = LINE ( 'NONE', #2876, #1246 ) ;
#3202 = ORIENTED_EDGE ( 'NONE', *, *, #4100, .F. ) ;
#3203 = CARTESIAN_POINT ( 'NONE',  ( 8.098774517904658410, 17.54211993889901322, 7.484879750509403351 ) ) ;
#3204 = CARTESIAN_POINT ( 'NONE',  ( 5.410523837487541954, 10.78704392714706195, 9.580880743670784128 ) ) ;
#3205 = VERTEX_POINT ( 'NONE', #1552 ) ;
#3206 = LINE ( 'NONE', #801, #4245 ) ;
#3207 = EDGE_CURVE ( 'NONE', #2237, #4640, #310, .T. ) ;
#3208 = CARTESIAN_POINT ( 'NONE',  ( 32.00000000000002132, 17.85786437626896017, 0.000000000000000000 ) ) ;
#3209 = EDGE_LOOP ( 'NONE', ( #3337, #2042, #2503, #2530, #4276, #4601, #1357, #2334, #11 ) ) ;
#3210 = CYLINDRICAL_SURFACE ( 'NONE', #3039, 1.000000000000000000 ) ;
#3211 = CARTESIAN_POINT ( 'NONE',  ( 12.66809898317181471, 3.936576142055955518, -7.918132191661422681 ) ) ;
#3212 = VECTOR ( 'NONE', #4207, 1000.000000000000000 ) ;
#3213 = CARTESIAN_POINT ( 'NONE',  ( -9.699803985316531652, 27.05006788410661756, 6.381220125649707420 ) ) ;
#3214 = DIRECTION ( 'NONE',  ( -1.602657519932700251E-15, -6.638933738999194751E-16, 1.000000000000000000 ) ) ;
#3215 = DIRECTION ( 'NONE',  ( 1.067871377262452863E-16, 0.000000000000000000, 1.000000000000000000 ) ) ;
#3216 = AXIS2_PLACEMENT_3D ( 'NONE', #4631, #994, #1314 ) ;
#3217 = CIRCLE ( 'NONE', #2653, 0.9999999999999992228 ) ;
#3218 = CIRCLE ( 'NONE', #1774, 1.000000000000000888 ) ;
#3219 = DIRECTION ( 'NONE',  ( 0.000000000000000000, 0.000000000000000000, -1.000000000000000000 ) ) ;
#3220 = ORIENTED_EDGE ( 'NONE', *, *, #4933, .F. ) ;
#3221 = AXIS2_PLACEMENT_3D ( 'NONE', #4344, #3587, #281 ) ;
#3222 = CARTESIAN_POINT ( 'NONE',  ( 9.300059204644281152, 18.82553652106383524, 7.402074750473982334 ) ) ;
#3223 = ADVANCED_BREP_SHAPE_REPRESENTATION ( 'Automotive Coolant Thermostat Housing', ( #116, #2478 ), #2803 ) ;
#3224 = DIRECTION ( 'NONE',  ( -0.9693531026188600963, 0.2456716557586359206, 0.000000000000000000 ) ) ;
#3225 = DIRECTION ( 'NONE',  ( -1.000000000000000000, 0.000000000000000000, 0.000000000000000000 ) ) ;
#3226 = VERTEX_POINT ( 'NONE', #1607 ) ;
#3227 = CARTESIAN_POINT ( 'NONE',  ( -1.355779836453924414, 4.524169230577344436, 8.898937636629407066 ) ) ;
#3228 = EDGE_CURVE ( 'NONE', #1629, #2022, #3248, .T. ) ;
#3229 = VECTOR ( 'NONE', #4306, 1000.000000000000000 ) ;
#3230 = EDGE_CURVE ( 'NONE', #1373, #2457, #3652, .T. ) ;
#3231 = VERTEX_POINT ( 'NONE', #4781 ) ;
#3232 = LINE ( 'NONE', #773, #3920 ) ;
#3233 = VERTEX_POINT ( 'NONE', #2725 ) ;
#3234 = CARTESIAN_POINT ( 'NONE',  ( -11.53256259467079481, 26.50000000000000355, 5.999999999999999112 ) ) ;
#3235 = AXIS2_PLACEMENT_3D ( 'NONE', #4494, #1305, #2075 ) ;
#3236 = CARTESIAN_POINT ( 'NONE',  ( 1.396981829639080352, 13.03653109904092311, -10.91412888353137056 ) ) ;
#3237 = DIRECTION ( 'NONE',  ( 0.000000000000000000, 0.000000000000000000, -1.000000000000000000 ) ) ;
#3238 = VECTOR ( 'NONE', #3029, 1000.000000000000000 ) ;
#3239 = EDGE_CURVE ( 'NONE', #3231, #4771, #3068, .T. ) ;
#3240 = ORIENTED_EDGE ( 'NONE', *, *, #550, .F. ) ;
#3241 = CARTESIAN_POINT ( 'NONE',  ( 32.00000000000002132, 17.69052316201578279, 2.000000000000000000 ) ) ;
#3242 = CARTESIAN_POINT ( 'NONE',  ( 0.000000000000000000, 3.500000000000002220, 3.000000000000000000 ) ) ;
#3243 = VERTEX_POINT ( 'NONE', #5194 ) ;
#3244 = CARTESIAN_POINT ( 'NONE',  ( 14.08771173496170093, 2.499999999999722888, 5.898138897207210185 ) ) ;
#3245 = EDGE_CURVE ( 'NONE', #2863, #2237, #346, .T. ) ;
#3246 = EDGE_CURVE ( 'NONE', #3984, #1988, #4328, .T. ) ;
#3247 = ORIENTED_EDGE ( 'NONE', *, *, #1864, .F. ) ;
#3248 = LINE ( 'NONE', #2767, #5078 ) ;
#3249 = CARTESIAN_POINT ( 'NONE',  ( -7.669693079685013792, 6.712729380423262171, -7.888155694568959042 ) ) ;
#3250 = FACE_OUTER_BOUND ( 'NONE', #2214, .T. ) ;
#3251 = CIRCLE ( 'NONE', #83, 9.000000000000000000 ) ;
#3252 = ORIENTED_EDGE ( 'NONE', *, *, #389, .T. ) ;
#3253 = DIRECTION ( 'NONE',  ( -0.000000000000000000, -1.000000000000000000, -0.000000000000000000 ) ) ;
#3254 = CARTESIAN_POINT ( 'NONE',  ( -1.183328142635950542, 8.499215600212570720, 8.923597583596713179 ) ) ;
#3255 = CARTESIAN_POINT ( 'NONE',  ( -3.000000000001734168, 6.499999999998599343, -8.485281374238008212 ) ) ;
#3256 = ORIENTED_EDGE ( 'NONE', *, *, #1268, .T. ) ;
#3257 = CARTESIAN_POINT ( 'NONE',  ( -0.6568046897130812578, 4.521876452366980104, 8.977606957490742445 ) ) ;
#3258 = EDGE_LOOP ( 'NONE', ( #2801, #4811, #2449, #3035, #4165 ) ) ;
#3259 = CARTESIAN_POINT ( 'NONE',  ( 6.132167109203662037, 10.58838125509748451, 9.498222841334625244 ) ) ;
#3260 = CARTESIAN_POINT ( 'NONE',  ( 0.8200680173366539094, 5.652472274805361074, 8.962994812657356647 ) ) ;
#3261 = ORIENTED_EDGE ( 'NONE', *, *, #3421, .F. ) ;
#3262 = CARTESIAN_POINT ( 'NONE',  ( 3.895294059391448904, 11.16771386738110827, 10.29313110657200703 ) ) ;
#3263 = CARTESIAN_POINT ( 'NONE',  ( 9.000000000000003553, 21.72792206135781257, 0.000000000000000000 ) ) ;
#3264 = CARTESIAN_POINT ( 'NONE',  ( 2.645746185116391480, 12.33005128782095383, -10.67987874783786495 ) ) ;
#3265 = CARTESIAN_POINT ( 'NONE',  ( -3.706319096074956576, 11.86364386981960628, -11.26205727683446156 ) ) ;
#3266 = CARTESIAN_POINT ( 'NONE',  ( 10.22792206135786230, -2.500000000000000444, 1.102182119232617714E-15 ) ) ;
#3267 = ORIENTED_EDGE ( 'NONE', *, *, #5081, .T. ) ;
#3268 = CARTESIAN_POINT ( 'NONE',  ( 6.836954316778899532, 15.54262608925338007, -8.623523950556142736 ) ) ;
#3269 = ORIENTED_EDGE ( 'NONE', *, *, #1026, .T. ) ;
#3270 = CARTESIAN_POINT ( 'NONE',  ( -9.211114317490729064, 26.31986688912924777, -7.000000000000000888 ) ) ;
#3271 = ADVANCED_FACE ( 'NONE', ( #783 ), #1923, .F. ) ;
#3272 =( NAMED_UNIT ( * ) SI_UNIT ( $, .STERADIAN. ) SOLID_ANGLE_UNIT ( ) );
#3273 = CARTESIAN_POINT ( 'NONE',  ( -3.968888602493746198, 11.72254437380189884, 11.14351711351802798 ) ) ;
#3274 = CARTESIAN_POINT ( 'NONE',  ( -6.974486123016570005, 7.544726839478211211, 9.067753031830552146 ) ) ;
#3275 = EDGE_CURVE ( 'NONE', #3626, #1400, #4156, .T. ) ;
#3276 = DIRECTION ( 'NONE',  ( 0.000000000000000000, 0.000000000000000000, -1.000000000000000000 ) ) ;
#3277 = ORIENTED_EDGE ( 'NONE', *, *, #3022, .T. ) ;
#3278 = DIRECTION ( 'NONE',  ( 0.000000000000000000, 0.000000000000000000, 1.000000000000000000 ) ) ;
#3279 = ORIENTED_EDGE ( 'NONE', *, *, #4906, .T. ) ;
#3280 = CARTESIAN_POINT ( 'NONE',  ( -9.904389682852908550, 26.93315648272485063, 6.334868926348073970 ) ) ;
#3281 = ORIENTED_EDGE ( 'NONE', *, *, #4072, .T. ) ;
#3282 = CARTESIAN_POINT ( 'NONE',  ( 1.347111479062088405E-15, 37.50000000000000711, 11.00000000000000000 ) ) ;
#3283 = CARTESIAN_POINT ( 'NONE',  ( 4.636059436396704037, 8.572121625873334594, -9.613581166310876114 ) ) ;
#3284 = CARTESIAN_POINT ( 'NONE',  ( 7.292049186599381727, 15.31527073905436076, 8.262996010055571716 ) ) ;
#3285 = VECTOR ( 'NONE', #4421, 1000.000000000000000 ) ;
#3286 = VERTEX_POINT ( 'NONE', #4814 ) ;
#3287 = CARTESIAN_POINT ( 'NONE',  ( -8.301239416568567009, 27.67571949207451709, 7.296462191224776461 ) ) ;
#3288 = CYLINDRICAL_SURFACE ( 'NONE', #2814, 11.00000000000000000 ) ;
#3289 = FACE_OUTER_BOUND ( 'NONE', #1491, .T. ) ;
#3290 = CARTESIAN_POINT ( 'NONE',  ( 1.734723475976807094E-15, 1.734723475976807094E-15, -9.000000000000000000 ) ) ;
#3291 = ORIENTED_EDGE ( 'NONE', *, *, #1901, .F. ) ;
#3292 = DIRECTION ( 'NONE',  ( 1.000000000000000000, -1.040834085586083310E-14, 0.000000000000000000 ) ) ;
#3293 = CARTESIAN_POINT ( 'NONE',  ( -7.937626670470420365, 37.50000000000000711, 7.615384615384616751 ) ) ;
#3294 = VERTEX_POINT ( 'NONE', #4350 ) ;
#3295 = DIRECTION ( 'NONE',  ( -0.000000000000000000, -0.000000000000000000, -1.000000000000000000 ) ) ;
#3296 = SHAPE_DEFINITION_REPRESENTATION ( #659, #3223 ) ;
#3297 = EDGE_CURVE ( 'NONE', #5036, #2514, #5247, .T. ) ;
#3298 = CARTESIAN_POINT ( 'NONE',  ( -0.9685852339677644141, 12.50895395251855824, 11.96743372642519709 ) ) ;
#3299 = VERTEX_POINT ( 'NONE', #1578 ) ;
#3300 = DIRECTION ( 'NONE',  ( 0.000000000000000000, 1.000000000000000000, 0.000000000000000000 ) ) ;
#3301 = CARTESIAN_POINT ( 'NONE',  ( -6.649945429389473972, 8.617855444993775649, 9.296628269419397128 ) ) ;
#3302 = CIRCLE ( 'NONE', #2790, 1.000000000000000000 ) ;
#3303 = EDGE_LOOP ( 'NONE', ( #2555, #3547, #3585, #1484 ) ) ;
#3304 = DIRECTION ( 'NONE',  ( -0.7071067811865486830, -0.7071067811865464625, -0.000000000000000000 ) ) ;
#3305 = VERTEX_POINT ( 'NONE', #3542 ) ;
#3306 = CARTESIAN_POINT ( 'NONE',  ( -30.99999999999997868, 12.50000000000000000, 6.000000000000000000 ) ) ;
#3307 = CARTESIAN_POINT ( 'NONE',  ( 32.55511154327238899, 17.58848199617651886, -2.000000000000000000 ) ) ;
#3308 = FACE_OUTER_BOUND ( 'NONE', #130, .T. ) ;
#3309 = CIRCLE ( 'NONE', #3077, 4.000000000000000000 ) ;
#3310 = CIRCLE ( 'NONE', #3736, 9.000000000000000000 ) ;
#3311 = EDGE_CURVE ( 'NONE', #5140, #1297, #4078, .T. ) ;
#3312 = CARTESIAN_POINT ( 'NONE',  ( 6.010778835338744130, 7.678668602957522182, -9.944086993509506200 ) ) ;
#3313 = CARTESIAN_POINT ( 'NONE',  ( 12.09611606715296794, 25.43403998159922708, 3.337674956605297449 ) ) ;
#3314 = CARTESIAN_POINT ( 'NONE',  ( 4.745966692414854471, 4.499999999999918288, 10.96466066509570148 ) ) ;
#3315 = ORIENTED_EDGE ( 'NONE', *, *, #3718, .F. ) ;
#3316 = AXIS2_PLACEMENT_3D ( 'NONE', #4840, #367, #266 ) ;
#3317 = CARTESIAN_POINT ( 'NONE',  ( 4.543214957750868699, 8.796250842605672915, -10.68227462919461423 ) ) ;
#3318 = CIRCLE ( 'NONE', #2655, 1.000000000000000000 ) ;
#3319 = CARTESIAN_POINT ( 'NONE',  ( 5.011493774261342793, 9.178959316373287436, 9.792085076761729567 ) ) ;
#3320 = CARTESIAN_POINT ( 'NONE',  ( 3.945133576122497043, 9.912530260452328434, -11.01355989108735933 ) ) ;
#3321 = VECTOR ( 'NONE', #2965, 1000.000000000000000 ) ;
#3322 = ORIENTED_EDGE ( 'NONE', *, *, #2245, .T. ) ;
#3323 = DIRECTION ( 'NONE',  ( 0.000000000000000000, 0.000000000000000000, 1.000000000000000000 ) ) ;
#3324 = EDGE_LOOP ( 'NONE', ( #3687, #507, #813, #1320 ) ) ;
#3325 = CARTESIAN_POINT ( 'NONE',  ( -8.020312840803958565, 28.29573386653852296, -7.529199611728641273 ) ) ;
#3326 = TOROIDAL_SURFACE ( 'NONE', #69, 1.000000000000000000, 1.000000000000000000 ) ;
#3327 = ORIENTED_EDGE ( 'NONE', *, *, #2600, .F. ) ;
#3328 = CARTESIAN_POINT ( 'NONE',  ( 2.996307621783505848, 10.99017566195068163, -10.60057203943242676 ) ) ;
#3329 = DIRECTION ( 'NONE',  ( 1.000000000000000000, -0.000000000000000000, 0.000000000000000000 ) ) ;
#3330 =( BOUNDED_SURFACE ( )  B_SPLINE_SURFACE ( 3, 2, ( 
 ( #4314, #3112, #4342 ),
 ( #3055, #3857, #3162 ),
 ( #2233, #5127, #1419 ),
 ( #644, #2335, #3132 ),
 ( #4658, #2742, #3947 ),
 ( #3880, #182, #1897 ) ),
 .UNSPECIFIED., .F., .F., .F. ) 
 B_SPLINE_SURFACE_WITH_KNOTS ( ( 4, 2, 4 ),
 ( 3, 3 ),
 ( 0.000000000000000000, 0.001128924580817883706, 0.002257849161635767411 ),
 ( 0.000000000000000000, 1.000000000000000000 ),
 .UNSPECIFIED. ) 
 GEOMETRIC_REPRESENTATION_ITEM ( )  RATIONAL_B_SPLINE_SURFACE ( (
 ( 1.000000000000000000, 0.8169666230477453661, 1.000000000000000000),
 ( 1.000000000000000000, 0.7996914039522867723, 1.000000000000000000),
 ( 1.000000000000000000, 0.7816895607155710524, 1.000000000000000000),
 ( 1.000000000000000000, 0.7446822081307132857, 1.000000000000000000),
 ( 1.000000000000000000, 0.7255103795653329302, 1.000000000000000000),
 ( 1.000000000000000000, 0.7071067811865472397, 1.000000000000000000) ) ) 
 REPRESENTATION_ITEM ( '' )  SURFACE ( )  );
#3331 = CIRCLE ( 'NONE', #1030, 1.500000000000001332 ) ;
#3332 = DIRECTION ( 'NONE',  ( -0.000000000000000000, -0.000000000000000000, -1.000000000000000000 ) ) ;
#3333 = CARTESIAN_POINT ( 'NONE',  ( -9.380831519646857686, 6.500000000000000888, -9.000000000000001776 ) ) ;
#3334 = CARTESIAN_POINT ( 'NONE',  ( -2.087347069014073853, 13.39721209556852521, -10.80794112406505469 ) ) ;
#3335 = EDGE_LOOP ( 'NONE', ( #4069, #1941, #4313, #3184 ) ) ;
#3336 = CARTESIAN_POINT ( 'NONE',  ( -27.99999999999997868, -6.742640687119290099, 22.50000000000000355 ) ) ;
#3337 = ORIENTED_EDGE ( 'NONE', *, *, #1891, .F. ) ;
#3338 = DIRECTION ( 'NONE',  ( 0.7071067811865486830, 0.7071067811865464625, 0.000000000000000000 ) ) ;
#3339 = ORIENTED_EDGE ( 'NONE', *, *, #1993, .F. ) ;
#3340 = CARTESIAN_POINT ( 'NONE',  ( 0.000000000000000000, 6.500000000000000888, 25.00000000000000000 ) ) ;
#3341 = CARTESIAN_POINT ( 'NONE',  ( 4.745966692414854471, 4.500000000000002665, 25.00000000000000000 ) ) ;
#3342 = EDGE_CURVE ( 'NONE', #4161, #150, #2574, .T. ) ;
#3343 = CARTESIAN_POINT ( 'NONE',  ( 35.50776695296644192, 17.83009742330267144, -10.99999999999999822 ) ) ;
#3344 = VERTEX_POINT ( 'NONE', #3596 ) ;
#3345 = DIRECTION ( 'NONE',  ( -1.000000000000000000, 0.000000000000000000, 0.000000000000000000 ) ) ;
#3346 = FACE_BOUND ( 'NONE', #2197, .T. ) ;
#3347 = VERTEX_POINT ( 'NONE', #3360 ) ;
#3348 = CARTESIAN_POINT ( 'NONE',  ( 4.809475019311147292, 5.000000000000001776, -10.97596897413675343 ) ) ;
#3349 = FACE_OUTER_BOUND ( 'NONE', #2073, .T. ) ;
#3350 = EDGE_CURVE ( 'NONE', #1345, #3763, #3387, .T. ) ;
#3351 = CARTESIAN_POINT ( 'NONE',  ( 1.562566380113150410, 11.93493795816620029, -11.83919498740840304 ) ) ;
#3352 = VERTEX_POINT ( 'NONE', #2950 ) ;
#3353 = CARTESIAN_POINT ( 'NONE',  ( 28.00000000000002132, -2.499999999999998668, 21.00000000000000000 ) ) ;
#3354 = CARTESIAN_POINT ( 'NONE',  ( 18.89075759508260788, 40.10396103067894558, -14.99999999999999467 ) ) ;
#3355 = FACE_OUTER_BOUND ( 'NONE', #4335, .T. ) ;
#3356 = ORIENTED_EDGE ( 'NONE', *, *, #2846, .F. ) ;
#3357 = CARTESIAN_POINT ( 'NONE',  ( -7.937626670470418588, 28.50000000000000355, -7.615384615384615863 ) ) ;
#3358 = CARTESIAN_POINT ( 'NONE',  ( -0.2740175135085521907, 12.46480400049713566, -12.00501624407739421 ) ) ;
#3359 = CARTESIAN_POINT ( 'NONE',  ( 36.21487373415300937, 22.77984489160850856, 10.99999999999999822 ) ) ;
#3360 = CARTESIAN_POINT ( 'NONE',  ( 6.745966692414854471, 2.500000000000002220, 10.75787386595823847 ) ) ;
#3361 = CARTESIAN_POINT ( 'NONE',  ( 6.572885700226257732, 2.500000000000002665, 9.610614107002053430 ) ) ;
#3362 = DIRECTION ( 'NONE',  ( 0.000000000000000000, -0.000000000000000000, -1.000000000000000000 ) ) ;
#3363 =( BOUNDED_CURVE ( )  B_SPLINE_CURVE ( 3, ( #4053, #2390, #3691, #3290 ),
 .UNSPECIFIED., .F., .T. ) 
 B_SPLINE_CURVE_WITH_KNOTS ( ( 4, 4 ),
 ( 0.8357589553766522350, 1.570796326794896558 ),
 .UNSPECIFIED. ) 
 CURVE ( )  GEOMETRIC_REPRESENTATION_ITEM ( )  RATIONAL_B_SPLINE_CURVE ( ( 1.000000000000000000, 0.9554811707287803602, 0.9554811707287803602, 1.000000000000000000 ) ) 
 REPRESENTATION_ITEM ( '' )  );
#3364 = ORIENTED_EDGE ( 'NONE', *, *, #2789, .T. ) ;
#3365 = CARTESIAN_POINT ( 'NONE',  ( -9.719238617186142903, 27.03896187457114308, -6.376816997958558275 ) ) ;
#3366 = VERTEX_POINT ( 'NONE', #2037 ) ;
#3367 = CARTESIAN_POINT ( 'NONE',  ( 29.49735931288081048, 29.49735931288071811, 0.000000000000000000 ) ) ;
#3368 = VERTEX_POINT ( 'NONE', #4956 ) ;
#3369 = CARTESIAN_POINT ( 'NONE',  ( 4.809475019311147292, 5.000000000000001776, 25.00000000000000000 ) ) ;
#3370 = CARTESIAN_POINT ( 'NONE',  ( -2.500000000000000444, 37.50000000000000711, -8.645808232895291212 ) ) ;
#3371 = CARTESIAN_POINT ( 'NONE',  ( 5.635805717330435449, 9.010237716418858511, -9.711158753813288413 ) ) ;
#3372 = EDGE_LOOP ( 'NONE', ( #4320, #1700, #4210, #4566 ) ) ;
#3373 = LINE ( 'NONE', #4995, #2126 ) ;
#3374 = EDGE_CURVE ( 'NONE', #5006, #2550, #84, .T. ) ;
#3375 = ORIENTED_EDGE ( 'NONE', *, *, #4287, .F. ) ;
#3376 = CARTESIAN_POINT ( 'NONE',  ( -31.99999999999997868, 22.50000000000000355, 6.000000000000000000 ) ) ;
#3377 = FACE_OUTER_BOUND ( 'NONE', #1525, .T. ) ;
#3378 = ORIENTED_EDGE ( 'NONE', *, *, #5198, .F. ) ;
#3379 = DIRECTION ( 'NONE',  ( 1.734723475976807094E-15, 0.000000000000000000, 1.000000000000000000 ) ) ;
#3380 = CARTESIAN_POINT ( 'NONE',  ( 37.27553390593281790, 21.71918471982867871, 11.00000000000000355 ) ) ;
#3381 = ADVANCED_FACE ( 'NONE', ( #516 ), #3726, .F. ) ;
#3382 = CARTESIAN_POINT ( 'NONE',  ( 9.625006447464844683, 19.60903530535096451, -7.095295973344813767 ) ) ;
#3383 = VERTEX_POINT ( 'NONE', #4889 ) ;
#3384 = DIRECTION ( 'NONE',  ( -1.000000000000000000, -0.000000000000000000, 0.000000000000000000 ) ) ;
#3385 = ORIENTED_EDGE ( 'NONE', *, *, #4589, .T. ) ;
#3386 = CARTESIAN_POINT ( 'NONE',  ( -2.838827023293017948, 13.18103722267211886, -10.62864405210288155 ) ) ;
#3387 = LINE ( 'NONE', #4060, #746 ) ;
#3388 = CARTESIAN_POINT ( 'NONE',  ( -7.206000076876637017, 8.020940893251543358, -8.311415928819362975 ) ) ;
#3389 = CARTESIAN_POINT ( 'NONE',  ( -3.978571646329046807, 12.66646755312653738, -10.26218778002278142 ) ) ;
#3390 = CARTESIAN_POINT ( 'NONE',  ( -6.809475019311105548, 8.000000000000000000, -9.138219645438296013 ) ) ;
#3391 = CARTESIAN_POINT ( 'NONE',  ( 0.000000000000000000, 37.50000000000000711, 0.000000000000000000 ) ) ;
#3392 = AXIS2_PLACEMENT_3D ( 'NONE', #499, #65, #1787 ) ;
#3393 = CARTESIAN_POINT ( 'NONE',  ( 6.745966692414854471, 4.500000000000002665, 25.00000000000000000 ) ) ;
#3394 = DIRECTION ( 'NONE',  ( 0.7071067811865485719, 0.7071067811865464625, -0.000000000000000000 ) ) ;
#3395 = VERTEX_POINT ( 'NONE', #1722 ) ;
#3396 = CARTESIAN_POINT ( 'NONE',  ( 10.17210728977267920, 25.24911203552087358, 4.195490778670767362 ) ) ;
#3397 = VERTEX_POINT ( 'NONE', #4092 ) ;
#3398 = CARTESIAN_POINT ( 'NONE',  ( 18.89075759508260788, 34.44710678118656233, 11.00000000000000178 ) ) ;
#3399 = AXIS2_PLACEMENT_3D ( 'NONE', #2032, #3671, #3292 ) ;
#3400 = AXIS2_PLACEMENT_3D ( 'NONE', #1316, #4554, #80 ) ;
#3401 = PLANE ( 'NONE',  #1792 ) ;
#3402 = AXIS2_PLACEMENT_3D ( 'NONE', #1301, #3426, #2186 ) ;
#3403 = ADVANCED_FACE ( 'NONE', ( #51 ), #2899, .F. ) ;
#3404 = ADVANCED_FACE ( 'NONE', ( #1264 ), #4117, .F. ) ;
#3405 = AXIS2_PLACEMENT_3D ( 'NONE', #4750, #209, #3554 ) ;
#3406 = ORIENTED_EDGE ( 'NONE', *, *, #1122, .F. ) ;
#3407 = DIRECTION ( 'NONE',  ( -0.000000000000000000, 1.000000000000000000, -0.000000000000000000 ) ) ;
#3408 = CARTESIAN_POINT ( 'NONE',  ( -9.101432385142590675, 27.17500094137378497, 6.988929822280994131 ) ) ;
#3409 = AXIS2_PLACEMENT_3D ( 'NONE', #3933, #205, #2317 ) ;
#3410 = CARTESIAN_POINT ( 'NONE',  ( 11.07525626828147836, 23.05051418778082706, -5.325572233759308993 ) ) ;
#3411 = ORIENTED_EDGE ( 'NONE', *, *, #1144, .T. ) ;
#3412 = FACE_OUTER_BOUND ( 'NONE', #2134, .T. ) ;
#3413 = CIRCLE ( 'NONE', #3835, 1.000000000000000222 ) ;
#3414 = EDGE_CURVE ( 'NONE', #2635, #1488, #190, .T. ) ;
#3415 = CARTESIAN_POINT ( 'NONE',  ( 1.196724519544843046, 13.11210560258261282, -10.93595238903247235 ) ) ;
#3416 = CIRCLE ( 'NONE', #1180, 4.000000000000000000 ) ;
#3417 = VECTOR ( 'NONE', #708, 1000.000000000000000 ) ;
#3418 = DIRECTION ( 'NONE',  ( 1.067871377262452863E-16, 0.000000000000000000, 1.000000000000000000 ) ) ;
#3419 = DIRECTION ( 'NONE',  ( 0.000000000000000000, 0.000000000000000000, 1.000000000000000000 ) ) ;
#3420 = CARTESIAN_POINT ( 'NONE',  ( 0.2005633916802068428, 13.40326036600013992, 11.00327358979796522 ) ) ;
#3421 = EDGE_CURVE ( 'NONE', #4771, #462, #3522, .T. ) ;
#3422 = CIRCLE ( 'NONE', #5261, 1.500000000000001332 ) ;
#3423 = FACE_OUTER_BOUND ( 'NONE', #948, .T. ) ;
#3424 = ORIENTED_EDGE ( 'NONE', *, *, #3470, .T. ) ;
#3425 = CARTESIAN_POINT ( 'NONE',  ( 28.00000000000002132, 2.500000000000002220, 21.00000000000000000 ) ) ;
#3426 = DIRECTION ( 'NONE',  ( -0.000000000000000000, -1.000000000000000000, -0.000000000000000000 ) ) ;
#3427 = CARTESIAN_POINT ( 'NONE',  ( 28.00000000000002132, 2.500000000000002220, -19.50000000000000000 ) ) ;
#3428 = DIRECTION ( 'NONE',  ( -0.7071067811865486830, -0.7071067811865464625, -0.000000000000000000 ) ) ;
#3429 = ORIENTED_EDGE ( 'NONE', *, *, #3758, .T. ) ;
#3430 = CARTESIAN_POINT ( 'NONE',  ( 6.803013430498083380, -6.803013430498103808, 2.727272727272729291 ) ) ;
#3431 = EDGE_LOOP ( 'NONE', ( #3279, #2420, #4556, #5129 ) ) ;
#3432 = CARTESIAN_POINT ( 'NONE',  ( 37.27553390593282501, 21.71918471982868581, -10.99999999999999822 ) ) ;
#3433 = VECTOR ( 'NONE', #5054, 1000.000000000000000 ) ;
#3434 =( BOUNDED_SURFACE ( )  B_SPLINE_SURFACE ( 3, 2, ( 
 ( #924, #4868, #2573 ),
 ( #4094, #1664, #3301 ),
 ( #2125, #4894, #4118 ),
 ( #1267, #55, #869 ),
 ( #2513, #2929, #458 ),
 ( #4535, #2540, #487 ),
 ( #3756, #169, #2699 ),
 ( #2388, #1379, #4302 ),
 ( #138, #606, #5064 ),
 ( #1805, #4638, #744 ),
 ( #3015, #211, #631 ),
 ( #1002, #4613, #4387 ),
 ( #3447, #2656, #1827 ),
 ( #5041, #5095, #3468 ),
 ( #4777, #4259, #2679 ),
 ( #1404, #572, #976 ),
 ( #1781, #5016, #651 ),
 ( #4670, #1428, #5186 ),
 ( #2289, #4227, #245 ),
 ( #3189, #4689, #3071 ),
 ( #3420, #2244, #1882 ),
 ( #1034, #4282, #3040 ),
 ( #2267, #3868, #1145 ),
 ( #3890, #1853, #193 ),
 ( #2623, #2212, #3842 ),
 ( #3915, #3501, #1454 ),
 ( #1546, #3588, #2784 ),
 ( #3100, #1054, #4444 ),
 ( #5214, #3689, #444 ),
 ( #2473, #388, #5238 ),
 ( #1173, #1977, #1573 ),
 ( #3668, #2887, #802 ),
 ( #2443, #1285, #41 ),
 ( #4797, #857, #4052 ),
 ( #16, #2054, #1999 ),
 ( #3319, #1251, #1200 ) ),
 .UNSPECIFIED., .F., .F., .T. ) 
 B_SPLINE_SURFACE_WITH_KNOTS ( ( 4, 2, 2, 2, 2, 2, 2, 2, 2, 2, 2, 2, 2, 2, 2, 2, 2, 4 ),
 ( 3, 3 ),
 ( 1.734723475976807094E-18, 0.002244618368593687564, 0.003366927552890530695, 0.004489236737187373392, 0.005611545921484216090, 0.006733855105781059655, 0.007295009697929480570, 0.007856164290077901485, 0.008978473474374745050, 0.01010078265867158862, 0.01122309184296843045, 0.01178424643511685049, 0.01234540102726527228, 0.01346771021156211584, 0.01459001939585895941, 0.01571232858015580297, 0.01683463776445264654, 0.01795694694874948663 ),
 ( 0.000000000000000000, 1.000000000000000000 ),
 .UNSPECIFIED. ) 
 GEOMETRIC_REPRESENTATION_ITEM ( )  RATIONAL_B_SPLINE_SURFACE ( (
 ( 1.000000000000000000, 0.9020981523775519761, 1.000000000000000000),
 ( 1.000000000000000000, 0.8931209985909804860, 1.000000000000000000),
 ( 1.000000000000000000, 0.8795553243672513677, 1.000000000000000000),
 ( 1.000000000000000000, 0.8545276642782463350, 1.000000000000000000),
 ( 1.000000000000000000, 0.8454698222322653001, 1.000000000000000000),
 ( 1.000000000000000000, 0.8266889633102888491, 1.000000000000000000),
 ( 1.000000000000000000, 0.8169129595870342486, 1.000000000000000000),
 ( 1.000000000000000000, 0.7970474409287643391, 1.000000000000000000),
 ( 1.000000000000000000, 0.7869632818245313466, 1.000000000000000000),
 ( 1.000000000000000000, 0.7676973161066062978, 1.000000000000000000),
 ( 1.000000000000000000, 0.7584336020516735388, 1.000000000000000000),
 ( 1.000000000000000000, 0.7456200509172556945, 1.000000000000000000),
 ( 1.000000000000000000, 0.7415303852797315853, 1.000000000000000000),
 ( 1.000000000000000000, 0.7338200614998696691, 1.000000000000000000),
 ( 1.000000000000000000, 0.7301885563738047535, 1.000000000000000000),
 ( 1.000000000000000000, 0.7203760275341822839, 1.000000000000000000),
 ( 1.000000000000000000, 0.7152029179682760640, 1.000000000000000000),
 ( 1.000000000000000000, 0.7080942514742912808, 1.000000000000000000),
 ( 1.000000000000000000, 0.7061599267847229466, 1.000000000000000000),
 ( 1.000000000000000000, 0.7059561604229103171, 1.000000000000000000),
 ( 1.000000000000000000, 0.7076757523905312652, 1.000000000000000000),
 ( 1.000000000000000000, 0.7126447988960078472, 1.000000000000000000),
 ( 1.000000000000000000, 0.7146986008537973278, 1.000000000000000000),
 ( 1.000000000000000000, 0.7195351775542192518, 1.000000000000000000),
 ( 1.000000000000000000, 0.7223339490570434007, 1.000000000000000000),
 ( 1.000000000000000000, 0.7315641244258207498, 1.000000000000000000),
 ( 1.000000000000000000, 0.7388203303628184671, 1.000000000000000000),
 ( 1.000000000000000000, 0.7546591405263285424, 1.000000000000000000),
 ( 1.000000000000000000, 0.7633161892304078933, 1.000000000000000000),
 ( 1.000000000000000000, 0.7807539729439387788, 1.000000000000000000),
 ( 1.000000000000000000, 0.7895392326040000519, 1.000000000000000000),
 ( 1.000000000000000000, 0.8065900043049951673, 1.000000000000000000),
 ( 1.000000000000000000, 0.8149217348904982394, 1.000000000000000000),
 ( 1.000000000000000000, 0.8300956802506691545, 1.000000000000000000),
 ( 1.000000000000000000, 0.8369548375940593088, 1.000000000000000000),
 ( 1.000000000000000000, 0.8428837011790762945, 1.000000000000000000) ) ) 
 REPRESENTATION_ITEM ( '' )  SURFACE ( )  );
#3435 = FACE_OUTER_BOUND ( 'NONE', #2792, .T. ) ;
#3436 = ORIENTED_EDGE ( 'NONE', *, *, #3030, .T. ) ;
#3437 = CARTESIAN_POINT ( 'NONE',  ( 16.24589803672147781, 4.106947525558165779, -6.386804101481835971 ) ) ;
#3438 = CARTESIAN_POINT ( 'NONE',  ( -8.110166327058909275, 28.07376168224246626, 7.435544009949688338 ) ) ;
#3439 = CARTESIAN_POINT ( 'NONE',  ( 10.56857269757863094, 26.35686745665440611, -3.068093949095575201 ) ) ;
#3440 = VERTEX_POINT ( 'NONE', #1825 ) ;
#3441 = FACE_OUTER_BOUND ( 'NONE', #1457, .T. ) ;
#3442 = CARTESIAN_POINT ( 'NONE',  ( 0.8683068347949397525, 13.22633582870234648, -10.96691604196518099 ) ) ;
#3443 = DIRECTION ( 'NONE',  ( 0.000000000000000000, 1.000000000000000000, 0.000000000000000000 ) ) ;
#3444 = EDGE_CURVE ( 'NONE', #3243, #3654, #1937, .T. ) ;
#3445 = CARTESIAN_POINT ( 'NONE',  ( 4.725340696042572119, 4.390486287857361170, 10.96285588223037699 ) ) ;
#3446 = ADVANCED_FACE ( 'NONE', ( #2359 ), #1032, .T. ) ;
#3447 = CARTESIAN_POINT ( 'NONE',  ( -3.155105796450495159, 13.06279037927768805, 10.53908538098468739 ) ) ;
#3448 = CARTESIAN_POINT ( 'NONE',  ( -7.937626670470418588, 28.50000000000000355, -7.615384615384616751 ) ) ;
#3449 = EDGE_CURVE ( 'NONE', #3305, #3352, #5039, .T. ) ;
#3450 = VERTEX_POINT ( 'NONE', #3165 ) ;
#3451 = CARTESIAN_POINT ( 'NONE',  ( -2.976845999787125940, 6.148892217014913619, -8.493571786212559260 ) ) ;
#3452 = CARTESIAN_POINT ( 'NONE',  ( 1.000000000000020650, 6.500000000000000888, 8.944271909999155667 ) ) ;
#3453 = B_SPLINE_CURVE_WITH_KNOTS ( 'NONE', 3,
 ( #2833, #4441, #13, #799 ),
 .UNSPECIFIED., .F., .F.,
 ( 4, 4 ),
 ( 0.000000000000000000, 0.0001913139930955418122 ),
 .UNSPECIFIED. ) ;
#3454 = DIRECTION ( 'NONE',  ( -0.000000000000000000, 1.000000000000000000, -0.000000000000000000 ) ) ;
#3455 = CARTESIAN_POINT ( 'NONE',  ( 5.011493774261344569, 9.178959316373282107, -9.792085076761729567 ) ) ;
#3456 = ORIENTED_EDGE ( 'NONE', *, *, #2819, .T. ) ;
#3457 = FACE_OUTER_BOUND ( 'NONE', #341, .T. ) ;
#3458 = CARTESIAN_POINT ( 'NONE',  ( 21.71918471982880661, 37.27553390593275395, 11.00000000000000178 ) ) ;
#3459 = ORIENTED_EDGE ( 'NONE', *, *, #4278, .T. ) ;
#3460 = CARTESIAN_POINT ( 'NONE',  ( 2.500000000000001776, 37.50000000000000711, 10.71214264281427475 ) ) ;
#3461 = CARTESIAN_POINT ( 'NONE',  ( 1.734723475976807094E-15, 1.734723475976807094E-15, -9.000000000000000000 ) ) ;
#3462 = CARTESIAN_POINT ( 'NONE',  ( 18.89397313900390074, 32.50000000000000711, -2.727272727272728403 ) ) ;
#3463 = CARTESIAN_POINT ( 'NONE',  ( -1.854552519237052000, 8.316501294286593904, -8.808188981702338438 ) ) ;
#3464 = ORIENTED_EDGE ( 'NONE', *, *, #3115, .F. ) ;
#3465 = CARTESIAN_POINT ( 'NONE',  ( 4.363366646250382175, 9.213451785386276072, -10.11516614505117317 ) ) ;
#3466 = DIRECTION ( 'NONE',  ( 0.000000000000000000, 0.000000000000000000, 1.000000000000000000 ) ) ;
#3467 = CARTESIAN_POINT ( 'NONE',  ( 4.868520178794214281, 3.794145850539352161, 10.93741580696659632 ) ) ;
#3468 = CARTESIAN_POINT ( 'NONE',  ( -2.797344749084897941, 12.22660333412317257, 11.59488442003551079 ) ) ;
#3469 = EDGE_CURVE ( 'NONE', #328, #808, #3144, .T. ) ;
#3470 = EDGE_CURVE ( 'NONE', #4119, #617, #3826, .T. ) ;
#3471 = EDGE_CURVE ( 'NONE', #2444, #1470, #4280, .T. ) ;
#3472 = DIRECTION ( 'NONE',  ( -1.000000000000000000, 0.000000000000000000, 0.000000000000000000 ) ) ;
#3473 = VERTEX_POINT ( 'NONE', #627 ) ;
#3474 = CARTESIAN_POINT ( 'NONE',  ( -1.853986844313380011, 4.683325776946317909, -8.808294059010629340 ) ) ;
#3475 = CARTESIAN_POINT ( 'NONE',  ( 4.740399623871624613, 4.453248491903699424, -10.01831048188788031 ) ) ;
#3476 = EDGE_CURVE ( 'NONE', #1297, #5024, #3003, .T. ) ;
#3477 = CYLINDRICAL_SURFACE ( 'NONE', #2303, 1.000000000000000888 ) ;
#3478 = B_SPLINE_CURVE_WITH_KNOTS ( 'NONE', 3,
 ( #4816, #1186, #1352, #2156, #3785, #431 ),
 .UNSPECIFIED., .F., .F.,
 ( 4, 2, 4 ),
 ( 0.000000000000000000, 0.001942319543444113571, 0.003884639086888227143 ),
 .UNSPECIFIED. ) ;
#3479 = EDGE_LOOP ( 'NONE', ( #3861, #4427, #3773 ) ) ;
#3480 = CARTESIAN_POINT ( 'NONE',  ( -8.745966692414814503, 8.500000000000000000, 25.00000000000000000 ) ) ;
#3481 = CARTESIAN_POINT ( 'NONE',  ( -8.659229095058636361, 7.503768807351989700, 8.307692307692308376 ) ) ;
#3482 = VERTEX_POINT ( 'NONE', #1426 ) ;
#3483 = CARTESIAN_POINT ( 'NONE',  ( 16.85284556227963293, 2.500000000000001776, 7.025484511630024187 ) ) ;
#3484 = DIRECTION ( 'NONE',  ( 1.000000000000000000, 0.000000000000000000, 0.000000000000000000 ) ) ;
#3485 = ADVANCED_FACE ( 'NONE', ( #2620 ), #4588, .F. ) ;
#3486 = CIRCLE ( 'NONE', #999, 1.000000000000000888 ) ;
#3487 = ORIENTED_EDGE ( 'NONE', *, *, #2090, .T. ) ;
#3488 = LINE ( 'NONE', #5085, #2824 ) ;
#3489 = CARTESIAN_POINT ( 'NONE',  ( -9.380831519646857686, 26.14973472408727417, 7.000000000000000000 ) ) ;
#3490 = DIRECTION ( 'NONE',  ( 1.000000000000000000, 0.000000000000000000, 0.000000000000000000 ) ) ;
#3491 = ORIENTED_EDGE ( 'NONE', *, *, #3665, .F. ) ;
#3492 = CARTESIAN_POINT ( 'NONE',  ( -1.358424923644373061, 8.475229650454759067, -8.898507571363257540 ) ) ;
#3493 = CIRCLE ( 'NONE', #2365, 4.000000000000000000 ) ;
#3494 = VECTOR ( 'NONE', #3332, 1000.000000000000000 ) ;
#3495 = AXIS2_PLACEMENT_3D ( 'NONE', #2181, #3069, #3419 ) ;
#3496 = VECTOR ( 'NONE', #3019, 999.9999999999998863 ) ;
#3497 = CARTESIAN_POINT ( 'NONE',  ( 6.745966692414854471, 4.500000000000002665, 25.00000000000000000 ) ) ;
#3498 = CIRCLE ( 'NONE', #4904, 9.000000000000000000 ) ;
#3499 = DIRECTION ( 'NONE',  ( 0.000000000000000000, 0.000000000000000000, 1.000000000000000000 ) ) ;
#3500 = CIRCLE ( 'NONE', #235, 1.500000000000001998 ) ;
#3501 = CARTESIAN_POINT ( 'NONE',  ( 1.444435020528237690, 11.98942415117576310, 10.91547541411337896 ) ) ;
#3502 = CIRCLE ( 'NONE', #2730, 1.000000000000000000 ) ;
#3503 = CARTESIAN_POINT ( 'NONE',  ( 9.189018742722510250E-13, 8.232050807571559048, 9.000000000000493827 ) ) ;
#3504 = ORIENTED_EDGE ( 'NONE', *, *, #915, .F. ) ;
#3505 = CARTESIAN_POINT ( 'NONE',  ( -9.380831519646855909, 26.14973472408727773, -7.000000000000000000 ) ) ;
#3506 = LINE ( 'NONE', #4307, #318 ) ;
#3507 = AXIS2_PLACEMENT_3D ( 'NONE', #2772, #1989, #329 ) ;
#3508 = CIRCLE ( 'NONE', #164, 1.000000000000000444 ) ;
#3509 = CARTESIAN_POINT ( 'NONE',  ( -22.99999999999997868, 12.50000000000000000, -8.000000000000000000 ) ) ;
#3510 = ORIENTED_EDGE ( 'NONE', *, *, #3567, .F. ) ;
#3511 = DIRECTION ( 'NONE',  ( 0.000000000000000000, -0.000000000000000000, -1.000000000000000000 ) ) ;
#3512 = VERTEX_POINT ( 'NONE', #604 ) ;
#3513 = CARTESIAN_POINT ( 'NONE',  ( 5.635805717330435449, 9.010237716418858511, 9.711158753813288413 ) ) ;
#3514 = EDGE_CURVE ( 'NONE', #2235, #5183, #4668, .T. ) ;
#3515 = DIRECTION ( 'NONE',  ( -0.000000000000000000, -0.000000000000000000, -1.000000000000000000 ) ) ;
#3516 = ORIENTED_EDGE ( 'NONE', *, *, #4300, .T. ) ;
#3517 = CARTESIAN_POINT ( 'NONE',  ( 18.71474967288254732, 32.50000000000000711, 2.280210856675264797 ) ) ;
#3518 = CARTESIAN_POINT ( 'NONE',  ( 4.745966692414866905, 4.238707815903181242, 10.95723769578737361 ) ) ;
#3519 = EDGE_CURVE ( 'NONE', #5191, #1315, #189, .T. ) ;
#3520 = DIRECTION ( 'NONE',  ( -1.000000000000000000, 0.000000000000000000, 0.000000000000000000 ) ) ;
#3521 = CARTESIAN_POINT ( 'NONE',  ( 4.422621734204495780, 9.087366320132117536, -10.75427947499868964 ) ) ;
#3522 = B_SPLINE_CURVE_WITH_KNOTS ( 'NONE', 3,
 ( #483, #836, #2123, #1750, #1319, #2487, #1694, #920, #3700, #2511, #2570, #2088, #2450, #4925, #1, #3298, #1294, #2927, #25, #1660, #3782, #1633, #3273, #5013, #2264, #1850, #1945, #952, #3888, #5062, #4980, #3038 ),
 .UNSPECIFIED., .F., .F.,
 ( 4, 2, 2, 2, 2, 2, 2, 2, 2, 2, 2, 2, 2, 2, 2, 4 ),
 ( 0.000000000000000000, 0.0009826850709644323160, 0.001965370141928864632, 0.002948055212893297382, 0.003930740283857729264, 0.004913425354822161147, 0.005896110425786594764, 0.006878795496751026646, 0.007861480567715458528, 0.008844165638679891278, 0.009826850709644322293, 0.01080953578060875504, 0.01179222085157318953, 0.01277490592253762054, 0.01375759099350205329, 0.01572296113543091359 ),
 .UNSPECIFIED. ) ;
#3523 = CARTESIAN_POINT ( 'NONE',  ( 5.251555886815123309, 3.132090825180822602, 9.890121428106796841 ) ) ;
#3524 = CARTESIAN_POINT ( 'NONE',  ( -22.99999999999997868, 12.50000000000000000, 7.000000000000000000 ) ) ;
#3525 = EDGE_LOOP ( 'NONE', ( #540, #251, #4383, #4996 ) ) ;
#3526 = FACE_OUTER_BOUND ( 'NONE', #1299, .T. ) ;
#3527 = CYLINDRICAL_SURFACE ( 'NONE', #2486, 1.500000000000000888 ) ;
#3528 = DIRECTION ( 'NONE',  ( 0.000000000000000000, -0.000000000000000000, 1.000000000000000000 ) ) ;
#3529 = VERTEX_POINT ( 'NONE', #1518 ) ;
#3530 = CARTESIAN_POINT ( 'NONE',  ( 7.573290433290258861, 17.77937221651352573, -7.986014259794232295 ) ) ;
#3531 = VERTEX_POINT ( 'NONE', #2761 ) ;
#3532 = CARTESIAN_POINT ( 'NONE',  ( -27.99999999999997868, 22.50000000000000355, 5.999999999999998224 ) ) ;
#3533 = EDGE_CURVE ( 'NONE', #4003, #3529, #570, .T. ) ;
#3534 = EDGE_CURVE ( 'NONE', #426, #1560, #3969, .T. ) ;
#3535 = EDGE_LOOP ( 'NONE', ( #1688, #5117, #2649, #2771 ) ) ;
#3536 = CARTESIAN_POINT ( 'NONE',  ( 4.766903868406392242, 4.835122641517006770, -10.97310597769822138 ) ) ;
#3537 = CARTESIAN_POINT ( 'NONE',  ( 8.840142448517882556, 21.47844873661361831, 6.558545616879299267 ) ) ;
#3538 = ORIENTED_EDGE ( 'NONE', *, *, #1231, .T. ) ;
#3539 = CARTESIAN_POINT ( 'NONE',  ( 28.00000000000002132, -6.742640687119290099, -19.50000000000000000 ) ) ;
#3540 = CARTESIAN_POINT ( 'NONE',  ( 4.745966692414679500, 4.369115666608228921, -10.96094241231692834 ) ) ;
#3541 = CARTESIAN_POINT ( 'NONE',  ( 7.910728892360975983, 2.499999999995623057, -9.330971943158566262 ) ) ;
#3542 = CARTESIAN_POINT ( 'NONE',  ( -2.500000000000000888, 29.50000000000000711, -10.71214264281427475 ) ) ;
#3543 = ORIENTED_EDGE ( 'NONE', *, *, #3766, .T. ) ;
#3544 = CARTESIAN_POINT ( 'NONE',  ( -10.15332851853798601, 26.79089928580406621, -6.278469019741731216 ) ) ;
#3545 = CARTESIAN_POINT ( 'NONE',  ( 4.770858520550445014, 4.850438943410967596, -10.97337193811415723 ) ) ;
#3546 = CARTESIAN_POINT ( 'NONE',  ( 28.00000000000002132, 0.000000000000000000, 21.00000000000000000 ) ) ;
#3547 = ORIENTED_EDGE ( 'NONE', *, *, #3718, .T. ) ;
#3548 = CARTESIAN_POINT ( 'NONE',  ( 9.597910562091357178, 19.54386411790981271, 7.121831771591022431 ) ) ;
#3549 = CYLINDRICAL_SURFACE ( 'NONE', #1355, 2.000000000000000000 ) ;
#3550 = CARTESIAN_POINT ( 'NONE',  ( -8.745966692414814503, 8.500000000000000000, 25.00000000000000000 ) ) ;
#3551 = ORIENTED_EDGE ( 'NONE', *, *, #4776, .T. ) ;
#3552 = DIRECTION ( 'NONE',  ( 0.7071067811865485719, 0.7071067811865464625, 0.000000000000000000 ) ) ;
#3553 = CARTESIAN_POINT ( 'NONE',  ( 0.000000000000000000, 0.000000000000000000, -7.000000000000000000 ) ) ;
#3554 = DIRECTION ( 'NONE',  ( -1.000000000000000000, 0.000000000000000000, 0.000000000000000000 ) ) ;
#3555 = DIRECTION ( 'NONE',  ( -0.000000000000000000, -0.000000000000000000, -1.000000000000000000 ) ) ;
#3556 = EDGE_CURVE ( 'NONE', #3768, #1768, #136, .T. ) ;
#3557 = EDGE_CURVE ( 'NONE', #496, #2861, #167, .T. ) ;
#3558 = CIRCLE ( 'NONE', #2869, 0.9999999999999991118 ) ;
#3559 = FACE_OUTER_BOUND ( 'NONE', #1670, .T. ) ;
#3560 = CARTESIAN_POINT ( 'NONE',  ( 16.13200817538316656, 2.500000000001086242, 2.856504623647120322 ) ) ;
#3561 = EDGE_CURVE ( 'NONE', #4263, #3993, #3206, .T. ) ;
#3562 = CIRCLE ( 'NONE', #1255, 1.000000000000000444 ) ;
#3563 = AXIS2_PLACEMENT_3D ( 'NONE', #2360, #3555, #3520 ) ;
#3564 = AXIS2_PLACEMENT_3D ( 'NONE', #4009, #684, #2322 ) ;
#3565 = CARTESIAN_POINT ( 'NONE',  ( -8.214362097357485126, 28.22979170510702218, 7.338998560257122605 ) ) ;
#3566 = CARTESIAN_POINT ( 'NONE',  ( -8.572491497702463548, 6.507537614703979401, -8.307692307692308376 ) ) ;
#3567 = EDGE_CURVE ( 'NONE', #2861, #3581, #5155, .T. ) ;
#3568 = CARTESIAN_POINT ( 'NONE',  ( 6.745966692414854471, 4.500000000000002665, 25.00000000000000000 ) ) ;
#3569 = CIRCLE ( 'NONE', #3659, 1.000000000000000000 ) ;
#3570 = DIRECTION ( 'NONE',  ( -0.7071067811865464625, 0.7071067811865486830, 0.000000000000000000 ) ) ;
#3571 = ORIENTED_EDGE ( 'NONE', *, *, #716, .T. ) ;
#3572 = CARTESIAN_POINT ( 'NONE',  ( 6.128877872075121580, 10.57839636785767645, -9.499680246415321605 ) ) ;
#3573 = CARTESIAN_POINT ( 'NONE',  ( -2.152011915933948583, 8.143998879171498118, 8.740272887188275774 ) ) ;
#3574 = CARTESIAN_POINT ( 'NONE',  ( -2.500000000000000888, 37.50000000000000711, -10.71214264281427475 ) ) ;
#3575 = CIRCLE ( 'NONE', #2389, 2.000000000000001776 ) ;
#3576 = ORIENTED_EDGE ( 'NONE', *, *, #3721, .T. ) ;
#3577 = B_SPLINE_CURVE_WITH_KNOTS ( 'NONE', 3,
 ( #2697, #3540, #5131, #2286, #2745, #4346, #626, #700, #3951, #1424, #722, #3911, #1918, #1823 ),
 .UNSPECIFIED., .F., .F.,
 ( 4, 2, 2, 2, 2, 2, 4 ),
 ( 0.0005037008251324338881, 0.0008951104744988997667, 0.001286520123865365645, 0.002069339422598294800, 0.002460749071964759161, 0.002852158721331223088, 0.003634978020064153544 ),
 .UNSPECIFIED. ) ;
#3578 = VECTOR ( 'NONE', #2428, 1000.000000000000000 ) ;
#3579 = CARTESIAN_POINT ( 'NONE',  ( 28.00000000000002132, 2.500000000000002220, 21.00000000000000000 ) ) ;
#3580 = CIRCLE ( 'NONE', #2221, 1.000000000000000000 ) ;
#3581 = VERTEX_POINT ( 'NONE', #5236 ) ;
#3582 = VECTOR ( 'NONE', #4099, 999.9999999999998863 ) ;
#3583 = CARTESIAN_POINT ( 'NONE',  ( 5.011493774261039036, 9.178959316373509481, 9.792085076762203855 ) ) ;
#3584 = CARTESIAN_POINT ( 'NONE',  ( 6.745966692414854471, 2.500000000000002220, 10.75787386595823847 ) ) ;
#3585 = ORIENTED_EDGE ( 'NONE', *, *, #4703, .T. ) ;
#3586 = CARTESIAN_POINT ( 'NONE',  ( 6.598422751850543833, 3.647543940564312859, 9.779885332689310928 ) ) ;
#3587 = DIRECTION ( 'NONE',  ( 0.7071067811865485719, 0.7071067811865464625, -0.000000000000000000 ) ) ;
#3588 = CARTESIAN_POINT ( 'NONE',  ( 1.717111005438405558, 11.86074918686711577, 10.87699697476057992 ) ) ;
#3589 = VERTEX_POINT ( 'NONE', #3667 ) ;
#3590 = CARTESIAN_POINT ( 'NONE',  ( 18.89075759508260077, 34.44710678118656233, 11.00000000000000533 ) ) ;
#3591 = FACE_OUTER_BOUND ( 'NONE', #2625, .T. ) ;
#3592 = CARTESIAN_POINT ( 'NONE',  ( 9.455423133681531311, 2.500000000000001776, 10.21050972478062668 ) ) ;
#3593 =( BOUNDED_SURFACE ( )  B_SPLINE_SURFACE ( 3, 2, ( 
 ( #988, #4967, #3050 ),
 ( #506, #3824, #4654 ),
 ( #2143, #3002, #2637 ),
 ( #4191, #153, #940 ) ),
 .UNSPECIFIED., .F., .F., .F. ) 
 B_SPLINE_SURFACE_WITH_KNOTS ( ( 4, 4 ),
 ( 3, 3 ),
 ( 0.000000000000000000, 0.0001182717203824569676 ),
 ( 0.000000000000000000, 1.000000000000000000 ),
 .UNSPECIFIED. ) 
 GEOMETRIC_REPRESENTATION_ITEM ( )  RATIONAL_B_SPLINE_SURFACE ( (
 ( 1.000000000000000000, 0.7071067811865475727, 1.000000000000000000),
 ( 1.000000000000000000, 0.7139602095002705040, 1.000000000000000000),
 ( 1.000000000000000000, 0.7213312677748962010, 1.000000000000000000),
 ( 1.000000000000000000, 0.7288998767166766646, 1.000000000000000000) ) ) 
 REPRESENTATION_ITEM ( '' )  SURFACE ( )  );
#3594 = B_SPLINE_CURVE_WITH_KNOTS ( 'NONE', 3,
 ( #2783, #1199, #2810, #1998, #1621, #4000, #4775, #4881, #4443, #386, #3262, #1250, #854, #2501, #442, #1545 ),
 .UNSPECIFIED., .F., .F.,
 ( 4, 2, 2, 2, 2, 2, 2, 4 ),
 ( 0.01003775650225165357, 0.01090646015022250434, 0.01177516379819335511, 0.01264386744616420588, 0.01351257109413505492, 0.01524997839007675299, 0.01611868203804760202, 0.01698738568601844759 ),
 .UNSPECIFIED. ) ;
#3595 = EDGE_CURVE ( 'NONE', #1373, #4161, #4438, .T. ) ;
#3596 = CARTESIAN_POINT ( 'NONE',  ( 22.77984489160862580, 36.21487373415292410, 11.00000000000000178 ) ) ;
#3597 = CARTESIAN_POINT ( 'NONE',  ( -7.338673083490560245, 7.006283014254790942, -8.199954380856940617 ) ) ;
#3598 = CARTESIAN_POINT ( 'NONE',  ( 6.141537729845855331, 2.569497589232442980, -10.80694673167034026 ) ) ;
#3599 = EDGE_CURVE ( 'NONE', #1082, #3294, #4081, .T. ) ;
#3600 = CARTESIAN_POINT ( 'NONE',  ( -3.928086192588639225, 11.74570528132764125, -11.16258978296463944 ) ) ;
#3601 = ORIENTED_EDGE ( 'NONE', *, *, #4906, .F. ) ;
#3602 = CARTESIAN_POINT ( 'NONE',  ( 12.19965143233809179, 25.67436090056452258, 3.054835855718522009 ) ) ;
#3603 = CARTESIAN_POINT ( 'NONE',  ( -1.694027475719883435, 8.383868032841522933, 8.840793804253072707 ) ) ;
#3604 = CARTESIAN_POINT ( 'NONE',  ( 0.000000000000000000, 25.50000000000000355, 7.000000000000000000 ) ) ;
#3605 = EDGE_LOOP ( 'NONE', ( #1970, #1789 ) ) ;
#3606 = CARTESIAN_POINT ( 'NONE',  ( 28.00000000000002132, -2.499999999999998668, 22.50000000000000355 ) ) ;
#3607 = LINE ( 'NONE', #4580, #1273 ) ;
#3608 = ORIENTED_EDGE ( 'NONE', *, *, #324, .F. ) ;
#3609 = CARTESIAN_POINT ( 'NONE',  ( 9.406914406415566532, 21.02381675207625733, 5.789197507907354101 ) ) ;
#3610 = CARTESIAN_POINT ( 'NONE',  ( 33.74000000000009436, 19.59786437626902966, 0.000000000000000000 ) ) ;
#3611 = CARTESIAN_POINT ( 'NONE',  ( -10.41587887357776410, 26.68517096190691262, 6.221375021893650548 ) ) ;
#3612 = CARTESIAN_POINT ( 'NONE',  ( 2.874680969212683568, 12.15545162582760064, -10.62010914776136161 ) ) ;
#3613 = LINE ( 'NONE', #4002, #4497 ) ;
#3614 = ORIENTED_EDGE ( 'NONE', *, *, #3757, .T. ) ;
#3615 = FACE_BOUND ( 'NONE', #4400, .T. ) ;
#3616 = DIRECTION ( 'NONE',  ( -1.000000000000000000, 0.000000000000000000, -0.000000000000000000 ) ) ;
#3617 = ORIENTED_EDGE ( 'NONE', *, *, #4147, .F. ) ;
#3618 = CARTESIAN_POINT ( 'NONE',  ( 12.66809898317119298, 3.936576142055518979, 7.918132191661545249 ) ) ;
#3619 = CARTESIAN_POINT ( 'NONE',  ( -9.904389682852908550, 26.93315648272485419, -6.334868926348073970 ) ) ;
#3620 = ORIENTED_EDGE ( 'NONE', *, *, #4935, .F. ) ;
#3621 = CARTESIAN_POINT ( 'NONE',  ( -7.200974272730691794, 8.031453183279616326, 8.315750355292140128 ) ) ;
#3622 = DIRECTION ( 'NONE',  ( 0.7071067811865464625, -0.7071067811865486830, -1.156482317317871478E-16 ) ) ;
#3623 = EDGE_CURVE ( 'NONE', #4071, #1719, #2554, .T. ) ;
#3624 = EDGE_CURVE ( 'NONE', #4351, #3581, #1572, .T. ) ;
#3625 = CARTESIAN_POINT ( 'NONE',  ( -21.99999999999997868, 7.500000000000000888, -8.000000000000000000 ) ) ;
#3626 = VERTEX_POINT ( 'NONE', #4796 ) ;
#3627 = CARTESIAN_POINT ( 'NONE',  ( 5.870898777588114292, 9.800551974258256749, 9.614694664244359146 ) ) ;
#3628 = CARTESIAN_POINT ( 'NONE',  ( -1.852941353981069739, 8.317238238602715938, 8.808526197244743727 ) ) ;
#3629 = DIRECTION ( 'NONE',  ( -0.7071067811865486830, -0.7071067811865464625, 1.232595164407830946E-32 ) ) ;
#3630 = VERTEX_POINT ( 'NONE', #3586 ) ;
#3631 = CARTESIAN_POINT ( 'NONE',  ( -27.99999999999997868, 12.50000000000000000, -21.00000000000000000 ) ) ;
#3632 = ORIENTED_EDGE ( 'NONE', *, *, #93, .F. ) ;
#3633 = CARTESIAN_POINT ( 'NONE',  ( -21.99999999999997868, 8.500000000000000000, -25.00000000000000000 ) ) ;
#3634 = CARTESIAN_POINT ( 'NONE',  ( 32.00000000000002132, 17.85786437626896017, 0.000000000000000000 ) ) ;
#3635 = ORIENTED_EDGE ( 'NONE', *, *, #3698, .F. ) ;
#3636 = DIRECTION ( 'NONE',  ( -0.000000000000000000, -0.000000000000000000, 1.000000000000000000 ) ) ;
#3637 = EDGE_CURVE ( 'NONE', #4128, #4114, #4896, .T. ) ;
#3638 = DIRECTION ( 'NONE',  ( -0.000000000000000000, -1.000000000000000000, -0.000000000000000000 ) ) ;
#3639 = EDGE_CURVE ( 'NONE', #150, #1588, #5, .T. ) ;
#3640 = CARTESIAN_POINT ( 'NONE',  ( 6.035533905932735976, -2.500000000000002220, 6.676251228821180383 ) ) ;
#3641 = EDGE_LOOP ( 'NONE', ( #3054, #385, #4536 ) ) ;
#3642 = DIRECTION ( 'NONE',  ( 0.3721042037676249858, -0.000000000000000000, 0.9281909617845144345 ) ) ;
#3643 = ORIENTED_EDGE ( 'NONE', *, *, #1050, .F. ) ;
#3644 = CARTESIAN_POINT ( 'NONE',  ( 9.139246294097395307, 2.500000000000553779, -8.920969386093171138 ) ) ;
#3645 = VERTEX_POINT ( 'NONE', #4463 ) ;
#3646 = AXIS2_PLACEMENT_3D ( 'NONE', #3393, #3735, #875 ) ;
#3647 = DIRECTION ( 'NONE',  ( 0.000000000000000000, 0.000000000000000000, -1.000000000000000000 ) ) ;
#3648 = DIRECTION ( 'NONE',  ( -0.7071067811865485719, -0.7071067811865464625, -0.000000000000000000 ) ) ;
#3649 = AXIS2_PLACEMENT_3D ( 'NONE', #953, #2539, #2124 ) ;
#3650 = CARTESIAN_POINT ( 'NONE',  ( 6.437937400407213850, 2.499999999999998668, -10.78110924685709904 ) ) ;
#3651 = AXIS2_PLACEMENT_3D ( 'NONE', #103, #1745, #2284 ) ;
#3652 = CIRCLE ( 'NONE', #3316, 1.000000000000000000 ) ;
#3653 = CIRCLE ( 'NONE', #4482, 2.000000000000000888 ) ;
#3654 = VERTEX_POINT ( 'NONE', #4051 ) ;
#3655 = CIRCLE ( 'NONE', #4064, 0.9999999999999991118 ) ;
#3656 = CARTESIAN_POINT ( 'NONE',  ( 8.703295367399000781, 17.36866481664763739, -7.912876030228959578 ) ) ;
#3657 = CARTESIAN_POINT ( 'NONE',  ( 2.500000000000001332, 37.50000000000000711, 8.645808232895291212 ) ) ;
#3658 = ORIENTED_EDGE ( 'NONE', *, *, #4562, .F. ) ;
#3659 = AXIS2_PLACEMENT_3D ( 'NONE', #4214, #4545, #4190 ) ;
#3660 = DIRECTION ( 'NONE',  ( -1.000000000000000000, 0.000000000000000000, 0.000000000000000000 ) ) ;
#3661 = CIRCLE ( 'NONE', #2034, 4.000000000000000000 ) ;
#3662 = ORIENTED_EDGE ( 'NONE', *, *, #4480, .F. ) ;
#3663 = FACE_OUTER_BOUND ( 'NONE', #886, .T. ) ;
#3664 = CARTESIAN_POINT ( 'NONE',  ( -8.050091013849476340, 7.500000000000000888, 7.504886187610774861 ) ) ;
#3665 = EDGE_CURVE ( 'NONE', #1997, #1467, #3594, .T. ) ;
#3666 = ORIENTED_EDGE ( 'NONE', *, *, #2723, .F. ) ;
#3667 = CARTESIAN_POINT ( 'NONE',  ( 2.499999999999999556, 37.50000000000000711, -8.645808232895291212 ) ) ;
#3668 = CARTESIAN_POINT ( 'NONE',  ( 4.179010112542726141, 10.76984433578712519, 10.17792370969718618 ) ) ;
#3669 = AXIS2_PLACEMENT_3D ( 'NONE', #1985, #5223, #3215 ) ;
#3670 = ORIENTED_EDGE ( 'NONE', *, *, #3444, .F. ) ;
#3671 = DIRECTION ( 'NONE',  ( -1.074968821237311535E-14, -1.000000000000000000, 0.000000000000000000 ) ) ;
#3672 = ADVANCED_FACE ( 'NONE', ( #3188 ), #1143, .F. ) ;
#3674 = CARTESIAN_POINT ( 'NONE',  ( -7.937626670470418588, 28.50000000000000355, 7.615384615384615863 ) ) ;
#3673 =( BOUNDED_CURVE ( )  B_SPLINE_CURVE ( 3, ( #2259, #1515, #2640, #1489 ),
 .UNSPECIFIED., .F., .T. ) 
 B_SPLINE_CURVE_WITH_KNOTS ( ( 4, 4 ),
 ( 0.000000000000000000, 1.570796326794896558 ),
 .UNSPECIFIED. ) 
 CURVE ( )  GEOMETRIC_REPRESENTATION_ITEM ( )  RATIONAL_B_SPLINE_CURVE ( ( 1.000000000000000000, 0.8047378541243649375, 0.8047378541243649375, 1.000000000000000000 ) ) 
 REPRESENTATION_ITEM ( '' )  );
#3675 = ORIENTED_EDGE ( 'NONE', *, *, #3342, .F. ) ;
#3676 = CARTESIAN_POINT ( 'NONE',  ( -0.6565262913754678076, 8.478132427505794766, -8.977638722644494251 ) ) ;
#3677 = CARTESIAN_POINT ( 'NONE',  ( 5.719409475896787498, 4.233705756622374139, -9.945322755895546152 ) ) ;
#3678 = CARTESIAN_POINT ( 'NONE',  ( -7.129577451207713246, 8.250000000000000000, -8.376701341651767052 ) ) ;
#3679 = CARTESIAN_POINT ( 'NONE',  ( 5.586585186357484467, 2.854978609982182558, -9.815890150575876660 ) ) ;
#3680 = CARTESIAN_POINT ( 'NONE',  ( -8.222339468508295113, 28.21581880069419412, -7.318624305397887220 ) ) ;
#3681 = CARTESIAN_POINT ( 'NONE',  ( 11.61895003862225018, 32.50000000000000711, -2.000000000000000000 ) ) ;
#3682 = ORIENTED_EDGE ( 'NONE', *, *, #4703, .F. ) ;
#3683 = CARTESIAN_POINT ( 'NONE',  ( -27.99999999999997868, 25.50000000000000355, 5.999999999999998224 ) ) ;
#3684 = CARTESIAN_POINT ( 'NONE',  ( -27.99999999999997868, 22.50000000000000355, 5.999999999999998224 ) ) ;
#3685 = CARTESIAN_POINT ( 'NONE',  ( 5.635805717330105935, 9.010237716419069898, 9.711158753813787570 ) ) ;
#3686 = CARTESIAN_POINT ( 'NONE',  ( 2.217277059131240252E-16, 4.767949192431111705, 9.000000000000000000 ) ) ;
#3687 = ORIENTED_EDGE ( 'NONE', *, *, #2171, .F. ) ;
#3688 = CARTESIAN_POINT ( 'NONE',  ( -8.104289119303459188, 28.08828067766324565, 7.441669909478560996 ) ) ;
#3689 = CARTESIAN_POINT ( 'NONE',  ( 2.507687394201607134, 11.38171105263413097, 10.72522346015543704 ) ) ;
#3690 = ADVANCED_FACE ( 'NONE', ( #4418 ), #775, .F. ) ;
#3691 = CARTESIAN_POINT ( 'NONE',  ( 2.256251205956468997, -0.9345698496278205258, -9.000000000000001776 ) ) ;
#3692 = EDGE_CURVE ( 'NONE', #1421, #3128, #3909, .T. ) ;
#3693 = ORIENTED_EDGE ( 'NONE', *, *, #447, .F. ) ;
#3694 = LINE ( 'NONE', #2058, #3285 ) ;
#3695 = CARTESIAN_POINT ( 'NONE',  ( 7.825956094461215429, 15.17516561326188906, -8.552255157652403739 ) ) ;
#3696 = ORIENTED_EDGE ( 'NONE', *, *, #3789, .T. ) ;
#3697 = CARTESIAN_POINT ( 'NONE',  ( -9.380831519646857686, 6.500000000000000888, -8.000000000000000000 ) ) ;
#3698 = EDGE_CURVE ( 'NONE', #4412, #2444, #3771, .T. ) ;
#3699 =( NAMED_UNIT ( * ) SI_UNIT ( $, .STERADIAN. ) SOLID_ANGLE_UNIT ( ) );
#3700 = CARTESIAN_POINT ( 'NONE',  ( 2.388028991473849949, 11.46210067749800743, 11.63560182136394694 ) ) ;
#3701 = CARTESIAN_POINT ( 'NONE',  ( -7.323024234000582666, 7.837330259662347309, -8.208494863129201846 ) ) ;
#3702 = CARTESIAN_POINT ( 'NONE',  ( -3.445756869854921245, 12.93688918241580055, -10.44806882577844220 ) ) ;
#3703 = EDGE_CURVE ( 'NONE', #4696, #2459, #3413, .T. ) ;
#3704 = VERTEX_POINT ( 'NONE', #964 ) ;
#3705 = CARTESIAN_POINT ( 'NONE',  ( -8.110166327059145530, 28.07376168224208612, -7.435544009949441424 ) ) ;
#3706 = ORIENTED_EDGE ( 'NONE', *, *, #623, .F. ) ;
#3707 = CARTESIAN_POINT ( 'NONE',  ( 5.884344586238520414, 8.345702141714150812, -9.869796239729529574 ) ) ;
#3708 = CARTESIAN_POINT ( 'NONE',  ( -8.187689729197538568, 6.569148377337551636, 8.504678701843452870 ) ) ;
#3709 = DIRECTION ( 'NONE',  ( -1.000000000000000000, -0.000000000000000000, -0.000000000000000000 ) ) ;
#3710 = CARTESIAN_POINT ( 'NONE',  ( 0.000000000000000000, 29.50000000000000711, 0.000000000000000000 ) ) ;
#3711 = CARTESIAN_POINT ( 'NONE',  ( 0.6440779659488573561, 7.652224573485265857, 8.977353689801399028 ) ) ;
#3712 = CARTESIAN_POINT ( 'NONE',  ( 0.5379255204376064414, 5.209579733406167534, 8.984756987609543444 ) ) ;
#3713 = DIRECTION ( 'NONE',  ( 0.9682458365518542553, -0.2500000000000002220, 0.000000000000000000 ) ) ;
#3714 = CARTESIAN_POINT ( 'NONE',  ( -23.99999999999997868, 0.000000000000000000, 25.00000000000000000 ) ) ;
#3715 = CARTESIAN_POINT ( 'NONE',  ( -2.999999999999979128, 6.500000000000000888, -25.00000000000000000 ) ) ;
#3716 = EDGE_LOOP ( 'NONE', ( #817, #3436, #675 ) ) ;
#3717 = DIRECTION ( 'NONE',  ( 1.067871377262452863E-16, 0.000000000000000000, 1.000000000000000000 ) ) ;
#3718 = EDGE_CURVE ( 'NONE', #2838, #4774, #4812, .T. ) ;
#3719 = EDGE_LOOP ( 'NONE', ( #956, #1991, #359, #1794 ) ) ;
#3720 = DIRECTION ( 'NONE',  ( 0.000000000000000000, 1.000000000000000000, 0.000000000000000000 ) ) ;
#3721 = EDGE_CURVE ( 'NONE', #4095, #2918, #2525, .T. ) ;
#3722 = UNCERTAINTY_MEASURE_WITH_UNIT (LENGTH_MEASURE( 1.000000000000000082E-05 ), #4473, 'distance_accuracy_value', 'NONE');
#3723 = ORIENTED_EDGE ( 'NONE', *, *, #4776, .F. ) ;
#3724 = CARTESIAN_POINT ( 'NONE',  ( 11.61895003862225018, 37.50000000000000711, -3.000000000000000000 ) ) ;
#3725 = FACE_BOUND ( 'NONE', #1123, .T. ) ;
#3726 = PLANE ( 'NONE',  #2209 ) ;
#3727 = CARTESIAN_POINT ( 'NONE',  ( 6.415235514506976600, 2.513114835276413217, 9.640507793717691953 ) ) ;
#3728 = AXIS2_PLACEMENT_3D ( 'NONE', #3553, #715, #2714 ) ;
#3729 = LINE ( 'NONE', #2601, #2036 ) ;
#3730 = EDGE_CURVE ( 'NONE', #3226, #4717, #1367, .T. ) ;
#3731 = FACE_OUTER_BOUND ( 'NONE', #1902, .T. ) ;
#3732 =( GEOMETRIC_REPRESENTATION_CONTEXT ( 3 ) GLOBAL_UNCERTAINTY_ASSIGNED_CONTEXT ( ( #512 ) ) GLOBAL_UNIT_ASSIGNED_CONTEXT ( ( #1911, #4434, #4820 ) ) REPRESENTATION_CONTEXT ( 'NONE', 'WORKASPACE' ) );
#3733 = ORIENTED_EDGE ( 'NONE', *, *, #3230, .F. ) ;
#3734 = CARTESIAN_POINT ( 'NONE',  ( 28.00000000000002132, -6.742640687119290099, -22.50000000000000355 ) ) ;
#3735 = DIRECTION ( 'NONE',  ( -0.000000000000000000, -0.000000000000000000, -1.000000000000000000 ) ) ;
#3736 = AXIS2_PLACEMENT_3D ( 'NONE', #4892, #457, #1295 ) ;
#3737 = DIRECTION ( 'NONE',  ( 0.000000000000000000, 0.000000000000000000, 1.000000000000000000 ) ) ;
#3738 = DIRECTION ( 'NONE',  ( -0.7071067811865467956, 0.7071067811865484609, 0.000000000000000000 ) ) ;
#3739 = CARTESIAN_POINT ( 'NONE',  ( 0.000000000000000000, 6.500000000000000888, 25.00000000000000000 ) ) ;
#3740 = VERTEX_POINT ( 'NONE', #3796 ) ;
#3741 = VECTOR ( 'NONE', #1456, 1000.000000000000000 ) ;
#3742 = CARTESIAN_POINT ( 'NONE',  ( 34.44710678118662628, 18.89075759508249419, 10.99999999999999822 ) ) ;
#3743 = AXIS2_PLACEMENT_3D ( 'NONE', #636, #983, #4308 ) ;
#3744 = CARTESIAN_POINT ( 'NONE',  ( 6.745966692414854471, 2.500000000000002220, 25.00000000000000000 ) ) ;
#3745 = VECTOR ( 'NONE', #2610, 1000.000000000000000 ) ;
#3746 = ORIENTED_EDGE ( 'NONE', *, *, #3519, .F. ) ;
#3747 = CARTESIAN_POINT ( 'NONE',  ( -11.53256259467079659, 25.50000000000000355, 7.000000000000000000 ) ) ;
#3748 = CARTESIAN_POINT ( 'NONE',  ( 10.60146614994869019, 24.11809142780629145, -3.154086649622601879 ) ) ;
#3749 = CARTESIAN_POINT ( 'NONE',  ( -27.99999999999997868, 12.50000000000000000, -25.00000000000000000 ) ) ;
#3750 = AXIS2_PLACEMENT_3D ( 'NONE', #1220, #357, #303 ) ;
#3751 = AXIS2_PLACEMENT_3D ( 'NONE', #3714, #4498, #2502 ) ;
#3752 = ORIENTED_EDGE ( 'NONE', *, *, #2878, .T. ) ;
#3753 = CARTESIAN_POINT ( 'NONE',  ( -2.578049104602314845, 12.29520270763693546, -10.69801257111833692 ) ) ;
#3754 = DIRECTION ( 'NONE',  ( 1.000000000000000000, 0.000000000000000000, 0.000000000000000000 ) ) ;
#3755 = CARTESIAN_POINT ( 'NONE',  ( -7.866506553638910937, 6.659180831925246125, 8.663397645214546472 ) ) ;
#3756 = CARTESIAN_POINT ( 'NONE',  ( -5.344980836140329039, 11.57794359020601327, 9.618048015242314008 ) ) ;
#3757 = EDGE_CURVE ( 'NONE', #2395, #1421, #3569, .T. ) ;
#3758 = EDGE_CURVE ( 'NONE', #4874, #3768, #1599, .T. ) ;
#3759 = ORIENTED_EDGE ( 'NONE', *, *, #4208, .T. ) ;
#3760 = DIRECTION ( 'NONE',  ( 1.067871377262452863E-16, 0.000000000000000000, 1.000000000000000000 ) ) ;
#3761 = ORIENTED_EDGE ( 'NONE', *, *, #2787, .F. ) ;
#3762 = DIRECTION ( 'NONE',  ( 0.000000000000000000, -1.000000000000000000, 0.000000000000000000 ) ) ;
#3763 = VERTEX_POINT ( 'NONE', #72 ) ;
#3764 = DIRECTION ( 'NONE',  ( 0.000000000000000000, -1.000000000000000000, 0.000000000000000000 ) ) ;
#3765 = CARTESIAN_POINT ( 'NONE',  ( 32.00000000000002132, 3.500000000000003109, 2.000000000000000000 ) ) ;
#3766 = EDGE_CURVE ( 'NONE', #4874, #2417, #4941, .T. ) ;
#3767 = DIRECTION ( 'NONE',  ( 0.000000000000000000, 1.000000000000000000, 0.000000000000000000 ) ) ;
#3768 = VERTEX_POINT ( 'NONE', #4131 ) ;
#3769 = CARTESIAN_POINT ( 'NONE',  ( 10.68331606742010642, 24.32816895441436600, 2.867296097233826391 ) ) ;
#3770 = ORIENTED_EDGE ( 'NONE', *, *, #50, .T. ) ;
#3771 = LINE ( 'NONE', #880, #835 ) ;
#3772 = CARTESIAN_POINT ( 'NONE',  ( 5.731006271505593830, 4.796714584357411049, 9.978153612851599519 ) ) ;
#3773 = ORIENTED_EDGE ( 'NONE', *, *, #3470, .F. ) ;
#3774 = LINE ( 'NONE', #4970, #5071 ) ;
#3775 = CYLINDRICAL_SURFACE ( 'NONE', #2716, 4.000000000000000000 ) ;
#3776 = CARTESIAN_POINT ( 'NONE',  ( 8.110304977747114563, 19.36574666372315079, -7.440192516546085599 ) ) ;
#3777 = EDGE_LOOP ( 'NONE', ( #4436, #4417, #3269, #1209 ) ) ;
#3778 = PLANE ( 'NONE',  #3400 ) ;
#3779 = ORIENTED_EDGE ( 'NONE', *, *, #3863, .F. ) ;
#3780 = CARTESIAN_POINT ( 'NONE',  ( -0.9235207090899858473, 12.50833489854725222, -11.97139593672723734 ) ) ;
#3781 = PLANE ( 'NONE',  #2211 ) ;
#3782 = CARTESIAN_POINT ( 'NONE',  ( -3.146441501646883410, 12.11121502779500503, 11.48209691692239609 ) ) ;
#3783 = ORIENTED_EDGE ( 'NONE', *, *, #3533, .T. ) ;
#3784 = CARTESIAN_POINT ( 'NONE',  ( 6.593130471660824554, 2.500000000000002220, 10.76940266575952165 ) ) ;
#3785 = CARTESIAN_POINT ( 'NONE',  ( 4.786435518074059203, 8.209109480259495939, 10.85058615098785317 ) ) ;
#3786 = CARTESIAN_POINT ( 'NONE',  ( -9.773048427892973677, 26.73662512446602690, -7.000000000000000888 ) ) ;
#3787 = CARTESIAN_POINT ( 'NONE',  ( 6.043177144154645575, 6.198773371452817038, -10.01309295907318386 ) ) ;
#3788 = VERTEX_POINT ( 'NONE', #40 ) ;
#3789 = EDGE_CURVE ( 'NONE', #2417, #2863, #472, .T. ) ;
#3790 = FACE_OUTER_BOUND ( 'NONE', #4976, .T. ) ;
#3791 = CARTESIAN_POINT ( 'NONE',  ( 18.79705854077842631, 2.500000000000002220, 3.000000000000000000 ) ) ;
#3792 = DIRECTION ( 'NONE',  ( -1.000000000000000000, 0.000000000000000000, 0.000000000000000000 ) ) ;
#3793 = VERTEX_POINT ( 'NONE', #4625 ) ;
#3794 = CARTESIAN_POINT ( 'NONE',  ( 9.842595909119618014, 24.32449041798112432, 4.941552804940312349 ) ) ;
#3795 = EDGE_LOOP ( 'NONE', ( #647, #3783, #2157, #986, #3281, #21, #2701, #978, #1980, #2785, #5123, #6 ) ) ;
#3796 = CARTESIAN_POINT ( 'NONE',  ( 1.734723475976807094E-15, 1.734723475976807094E-15, -9.000000000000000000 ) ) ;
#3797 =( BOUNDED_CURVE ( )  B_SPLINE_CURVE ( 3, ( #4678, #4291, #639, #2277 ),
 .UNSPECIFIED., .F., .T. ) 
 B_SPLINE_CURVE_WITH_KNOTS ( ( 4, 4 ),
 ( 0.000000000000000000, 0.2762266307635912188 ),
 .UNSPECIFIED. ) 
 CURVE ( )  GEOMETRIC_REPRESENTATION_ITEM ( )  RATIONAL_B_SPLINE_CURVE ( ( 1.000000000000000000, 0.9936516716859913334, 0.9936516716859913334, 1.000000000000000000 ) ) 
 REPRESENTATION_ITEM ( '' )  );
#3798 = DIRECTION ( 'NONE',  ( 0.000000000000000000, 1.000000000000000000, -0.000000000000000000 ) ) ;
#3799 = VERTEX_POINT ( 'NONE', #4966 ) ;
#3800 = CYLINDRICAL_SURFACE ( 'NONE', #4801, 1.500000000000001332 ) ;
#3801 = CARTESIAN_POINT ( 'NONE',  ( -9.193921586292624681, 27.40053529250191033, 6.609859990939328966 ) ) ;
#3802 = EDGE_CURVE ( 'NONE', #3654, #3243, #2978, .T. ) ;
#3803 = EDGE_CURVE ( 'NONE', #3512, #692, #5250, .T. ) ;
#3804 = CARTESIAN_POINT ( 'NONE',  ( 8.724274603427765840, 17.42032421715380508, -7.896203799132465839 ) ) ;
#3805 = ORIENTED_EDGE ( 'NONE', *, *, #2763, .F. ) ;
#3806 = CARTESIAN_POINT ( 'NONE',  ( -2.642168489975066592, 7.654714334763632166, -8.603912295719762682 ) ) ;
#3807 = ORIENTED_EDGE ( 'NONE', *, *, #2819, .F. ) ;
#3808 = CARTESIAN_POINT ( 'NONE',  ( -0.2615518640683733853, 12.46155656144473056, -11.00133710189113323 ) ) ;
#3809 = EDGE_CURVE ( 'NONE', #1245, #4656, #2142, .T. ) ;
#3810 = DIRECTION ( 'NONE',  ( -0.7071067811865485719, -0.7071067811865464625, -0.000000000000000000 ) ) ;
#3811 = CARTESIAN_POINT ( 'NONE',  ( 4.996537539233123049, 3.518912272110713335, 10.92117234554902616 ) ) ;
#3812 = FACE_OUTER_BOUND ( 'NONE', #2375, .T. ) ;
#3813 = CARTESIAN_POINT ( 'NONE',  ( 0.5579759921023937919, 7.801499393323733322, -8.984384403130889041 ) ) ;
#3814 = VERTEX_POINT ( 'NONE', #3027 ) ;
#3815 = DIRECTION ( 'NONE',  ( 0.000000000000000000, 1.000000000000000000, 0.000000000000000000 ) ) ;
#3816 = AXIS2_PLACEMENT_3D ( 'NONE', #2520, #1705, #4936 ) ;
#3817 = CARTESIAN_POINT ( 'NONE',  ( -2.999999999999978684, 6.322103952240153646, 8.485281374238576646 ) ) ;
#3818 = CARTESIAN_POINT ( 'NONE',  ( 28.00000000000002132, 0.000000000000000000, 25.00000000000000000 ) ) ;
#3819 = EDGE_LOOP ( 'NONE', ( #4837, #2906, #4782, #4470 ) ) ;
#3820 = DIRECTION ( 'NONE',  ( -0.000000000000000000, -0.000000000000000000, 1.000000000000000000 ) ) ;
#3821 = EDGE_LOOP ( 'NONE', ( #3424, #1205, #535, #2880, #521 ) ) ;
#3822 = DIRECTION ( 'NONE',  ( 0.000000000000000000, 1.000000000000000000, 0.000000000000000000 ) ) ;
#3823 = VECTOR ( 'NONE', #628, 1000.000000000000000 ) ;
#3824 = CARTESIAN_POINT ( 'NONE',  ( -8.032574942829494802, 6.519197279630327913, 7.519279267147847889 ) ) ;
#3825 = AXIS2_PLACEMENT_3D ( 'NONE', #2135, #3764, #1731 ) ;
#3826 = CIRCLE ( 'NONE', #579, 9.000000000000000000 ) ;
#3827 = AXIS2_PLACEMENT_3D ( 'NONE', #968, #2919, #1337 ) ;
#3828 = ORIENTED_EDGE ( 'NONE', *, *, #1211, .F. ) ;
#3829 = CIRCLE ( 'NONE', #3145, 1.000000000000000000 ) ;
#3830 = CARTESIAN_POINT ( 'NONE',  ( 29.49735931288081403, 29.49735931288072521, 0.000000000000000000 ) ) ;
#3831 = LINE ( 'NONE', #4682, #4979 ) ;
#3832 = CARTESIAN_POINT ( 'NONE',  ( 11.34935876411725886, 23.69316890365578843, -4.886747011639428706 ) ) ;
#3833 = VERTEX_POINT ( 'NONE', #987 ) ;
#3834 = CARTESIAN_POINT ( 'NONE',  ( 4.809475019311147292, 5.000000000000001776, 25.00000000000000000 ) ) ;
#3835 = AXIS2_PLACEMENT_3D ( 'NONE', #2103, #1763, #122 ) ;
#3836 = EDGE_CURVE ( 'NONE', #1719, #1227, #671, .T. ) ;
#3837 = CARTESIAN_POINT ( 'NONE',  ( 0.5140597636018870986, 12.30804815344954761, -11.97689545121354548 ) ) ;
#3838 = CIRCLE ( 'NONE', #2895, 0.9999999999999998890 ) ;
#3839 = DIRECTION ( 'NONE',  ( 1.000000000000000000, 0.000000000000000000, 0.000000000000000000 ) ) ;
#3840 = CARTESIAN_POINT ( 'NONE',  ( -23.99999999999997868, 8.500000000000000000, -25.00000000000000000 ) ) ;
#3841 = AXIS2_PLACEMENT_3D ( 'NONE', #1064, #5145, #4680 ) ;
#3842 = CARTESIAN_POINT ( 'NONE',  ( 1.128948413291892550, 12.11190741783516245, 11.90920680979629509 ) ) ;
#3843 = CIRCLE ( 'NONE', #597, 2.000000000000000888 ) ;
#3844 = CIRCLE ( 'NONE', #75, 4.000000000000000000 ) ;
#3845 = PLANE ( 'NONE',  #1169 ) ;
#3846 = ORIENTED_EDGE ( 'NONE', *, *, #1025, .T. ) ;
#3847 = DIRECTION ( 'NONE',  ( 0.7071067811865464625, -0.7071067811865486830, -1.156482317317871478E-16 ) ) ;
#3848 = DIRECTION ( 'NONE',  ( 0.000000000000000000, 1.000000000000000000, 0.000000000000000000 ) ) ;
#3849 = FACE_OUTER_BOUND ( 'NONE', #4544, .T. ) ;
#3850 = DIRECTION ( 'NONE',  ( -0.000000000000000000, -1.000000000000000000, -0.000000000000000000 ) ) ;
#3851 = CARTESIAN_POINT ( 'NONE',  ( 5.855385819410494186, 12.37006244029500301, -9.315659741865829346 ) ) ;
#3852 = CARTESIAN_POINT ( 'NONE',  ( -27.99999999999997868, -2.499999999999998668, 25.00000000000000000 ) ) ;
#3853 = CARTESIAN_POINT ( 'NONE',  ( 6.058464016177745215, 3.780687387615130568, 9.870337442182268717 ) ) ;
#3854 = AXIS2_PLACEMENT_3D ( 'NONE', #2614, #4135, #4218 ) ;
#3855 = ORIENTED_EDGE ( 'NONE', *, *, #2424, .F. ) ;
#3856 = CARTESIAN_POINT ( 'NONE',  ( 1.102182119232617714E-15, 37.50000000000000711, 9.000000000000000000 ) ) ;
#3857 = CARTESIAN_POINT ( 'NONE',  ( -10.06228842846464211, 26.59841652789864597, 7.000000000000000000 ) ) ;
#3858 = CARTESIAN_POINT ( 'NONE',  ( -27.99999999999997868, 25.50000000000000355, -7.000000000000000000 ) ) ;
#3859 = ORIENTED_EDGE ( 'NONE', *, *, #229, .F. ) ;
#3860 = CARTESIAN_POINT ( 'NONE',  ( 10.50755368962533964, 21.71322569500409472, -6.119132303942485862 ) ) ;
#3861 = ORIENTED_EDGE ( 'NONE', *, *, #1901, .T. ) ;
#3862 = CARTESIAN_POINT ( 'NONE',  ( -2.290170468358978084, 8.038098150271810738, -8.704680131709444879 ) ) ;
#3863 = EDGE_CURVE ( 'NONE', #1568, #462, #3502, .T. ) ;
#3864 = CARTESIAN_POINT ( 'NONE',  ( 2.996022613845979343, 12.06020857115575495, -10.58752641632850988 ) ) ;
#3865 = CARTESIAN_POINT ( 'NONE',  ( 28.00000000000002132, -2.499999999999998668, -25.00000000000000000 ) ) ;
#3866 = CARTESIAN_POINT ( 'NONE',  ( 6.315949352917044735, 3.674525659569428448, 9.824201537934843742 ) ) ;
#3867 = EDGE_CURVE ( 'NONE', #3704, #3984, #1439, .T. ) ;
#3868 = CARTESIAN_POINT ( 'NONE',  ( 0.5969402234531370199, 12.28596733419830933, 10.98805733961025766 ) ) ;
#3869 = CARTESIAN_POINT ( 'NONE',  ( -4.933155145732696312, 11.96298112464026353, 9.833130679848322231 ) ) ;
#3870 = ORIENTED_EDGE ( 'NONE', *, *, #623, .T. ) ;
#3871 = EDGE_CURVE ( 'NONE', #4341, #4973, #4997, .T. ) ;
#3872 = LINE ( 'NONE', #2272, #3229 ) ;
#3873 = CARTESIAN_POINT ( 'NONE',  ( 5.695837533887420534, 4.651897547610095884, -9.972832916735319131 ) ) ;
#3874 = DIRECTION ( 'NONE',  ( 0.000000000000000000, 0.000000000000000000, 1.000000000000000000 ) ) ;
#3875 = DIRECTION ( 'NONE',  ( 1.000000000000000000, 0.000000000000000000, 0.000000000000000000 ) ) ;
#3876 = VERTEX_POINT ( 'NONE', #3877 ) ;
#3877 = CARTESIAN_POINT ( 'NONE',  ( -2.499999999999998224, 37.50000000000000711, 10.71214264281427475 ) ) ;
#3878 = CARTESIAN_POINT ( 'NONE',  ( -21.99999999999997868, 7.500000000000000888, -7.000000000000000000 ) ) ;
#3879 = VERTEX_POINT ( 'NONE', #1017 ) ;
#3880 = CARTESIAN_POINT ( 'NONE',  ( -11.53256259467079659, 26.50000000000000711, 6.000000000000000000 ) ) ;
#3881 = CARTESIAN_POINT ( 'NONE',  ( -8.527734685450614194, 27.93597725214580407, 7.050591707870500713 ) ) ;
#3882 = CARTESIAN_POINT ( 'NONE',  ( -8.111101865182767767, 7.500000000000000888, -7.454753545684539517 ) ) ;
#3883 = ORIENTED_EDGE ( 'NONE', *, *, #3789, .F. ) ;
#3884 = CYLINDRICAL_SURFACE ( 'NONE', #3063, 1.500000000000001332 ) ;
#3885 = CIRCLE ( 'NONE', #720, 4.000000000000000000 ) ;
#3886 = ORIENTED_EDGE ( 'NONE', *, *, #520, .F. ) ;
#3887 = DIRECTION ( 'NONE',  ( 0.000000000000000000, 1.000000000000000000, 0.000000000000000000 ) ) ;
#3888 = CARTESIAN_POINT ( 'NONE',  ( -5.927865325541696429, 9.935994640006116541, 9.924731400927038649 ) ) ;
#3889 = CARTESIAN_POINT ( 'NONE',  ( 4.797398339036173631, 4.019064424122242407, 9.995845787617646749 ) ) ;
#3890 = CARTESIAN_POINT ( 'NONE',  ( 1.196724519544859699, 13.11210560258261282, 10.93595238903247058 ) ) ;
#3891 = EDGE_CURVE ( 'NONE', #5029, #3305, #4665, .T. ) ;
#3892 = CARTESIAN_POINT ( 'NONE',  ( 7.483314773547889764, -7.483314773547911081, -3.000000000000000000 ) ) ;
#3893 = VERTEX_POINT ( 'NONE', #4718 ) ;
#3894 = CARTESIAN_POINT ( 'NONE',  ( -10.06228842846230620, 26.59841652789338085, -6.999999999998981259 ) ) ;
#3895 = DIRECTION ( 'NONE',  ( 0.000000000000000000, 0.000000000000000000, 1.000000000000000000 ) ) ;
#3896 = ADVANCED_FACE ( 'NONE', ( #1085 ), #1113, .T. ) ;
#3897 = CARTESIAN_POINT ( 'NONE',  ( -9.380831519646857686, 7.500000000000000000, 7.000000000000000000 ) ) ;
#3898 = ORIENTED_EDGE ( 'NONE', *, *, #2627, .F. ) ;
#3899 = CARTESIAN_POINT ( 'NONE',  ( 0.000000000000000000, 0.000000000000000000, 7.000000000000000000 ) ) ;
#3900 = ORIENTED_EDGE ( 'NONE', *, *, #4547, .F. ) ;
#3901 = CARTESIAN_POINT ( 'NONE',  ( 5.025502723343721279, 6.282603144931425021, 9.998549225017853814 ) ) ;
#3902 = CARTESIAN_POINT ( 'NONE',  ( -8.032574942829496578, 6.519197279630326136, -7.519279267147847001 ) ) ;
#3903 = CIRCLE ( 'NONE', #2962, 1.000000000000000444 ) ;
#3904 = DIRECTION ( 'NONE',  ( -0.000000000000000000, -0.000000000000000000, 1.000000000000000000 ) ) ;
#3905 = VERTEX_POINT ( 'NONE', #3852 ) ;
#3906 = CARTESIAN_POINT ( 'NONE',  ( 1.102182119232617714E-15, -2.500000000000002220, 9.000000000000000000 ) ) ;
#3907 = CARTESIAN_POINT ( 'NONE',  ( 5.424643777053541172, 2.992968463084192621, 10.87516935299968246 ) ) ;
#3908 = CARTESIAN_POINT ( 'NONE',  ( 11.61895003862225018, 32.50000000000000711, -3.000000000000000000 ) ) ;
#3909 = B_SPLINE_CURVE_WITH_KNOTS ( 'NONE', 3,
 ( #3317, #4602, #2169, #2076, #96, #3348 ),
 .UNSPECIFIED., .F., .F.,
 ( 4, 2, 4 ),
 ( 0.000000000000000000, 0.001971231782120969490, 0.003942463564241938979 ),
 .UNSPECIFIED. ) ;
#3910 = AXIS2_PLACEMENT_3D ( 'NONE', #2885, #825, #4854 ) ;
#3911 = CARTESIAN_POINT ( 'NONE',  ( 6.221575845301646090, 2.552424568789823045, -10.80006583328705894 ) ) ;
#3912 = AXIS2_PLACEMENT_3D ( 'NONE', #3945, #4679, #4270 ) ;
#3913 = CARTESIAN_POINT ( 'NONE',  ( 2.499999999999999112, 29.50000000000000711, -10.71214264281427475 ) ) ;
#3914 = VECTOR ( 'NONE', #3454, 1000.000000000000000 ) ;
#3915 = CARTESIAN_POINT ( 'NONE',  ( 1.838041400672691728, 12.83327016750769012, 10.85011940492548455 ) ) ;
#3916 = AXIS2_PLACEMENT_3D ( 'NONE', #711, #2351, #1539 ) ;
#3917 = CARTESIAN_POINT ( 'NONE',  ( -31.99999999999997868, 0.000000000000000000, 25.00000000000000000 ) ) ;
#3918 = ORIENTED_EDGE ( 'NONE', *, *, #950, .F. ) ;
#3919 = CARTESIAN_POINT ( 'NONE',  ( -10.04183708634998595, 25.77771514049049273, -7.000000000000000000 ) ) ;
#3920 = VECTOR ( 'NONE', #852, 1000.000000000000000 ) ;
#3921 = CARTESIAN_POINT ( 'NONE',  ( 4.767145780401634170, 4.836059562645825594, 10.97312224677166803 ) ) ;
#3922 = EDGE_CURVE ( 'NONE', #4834, #3531, #5077, .T. ) ;
#3923 = ADVANCED_FACE ( 'NONE', ( #2737 ), #2246, .F. ) ;
#3924 = CARTESIAN_POINT ( 'NONE',  ( 18.89075759508260788, 34.44710678118656233, 11.00000000000000178 ) ) ;
#3925 = ORIENTED_EDGE ( 'NONE', *, *, #3943, .T. ) ;
#3926 = CARTESIAN_POINT ( 'NONE',  ( 8.840404294232714122, 21.47919959674304735, -6.558193146637329995 ) ) ;
#3927 = ORIENTED_EDGE ( 'NONE', *, *, #1800, .T. ) ;
#3928 = CARTESIAN_POINT ( 'NONE',  ( -23.99999999999997868, 8.500000000000000000, -8.000000000000000000 ) ) ;
#3929 = CARTESIAN_POINT ( 'NONE',  ( -7.962040579667847950, 6.541884311554558629, -7.586685263017158398 ) ) ;
#3930 = EDGE_CURVE ( 'NONE', #3366, #272, #2121, .T. ) ;
#3931 = ORIENTED_EDGE ( 'NONE', *, *, #4072, .F. ) ;
#3932 = CARTESIAN_POINT ( 'NONE',  ( 10.15640312690014291, 25.20512083541047232, 4.233583338941047103 ) ) ;
#3933 = CARTESIAN_POINT ( 'NONE',  ( 0.000000000000000000, 29.50000000000000711, 0.000000000000000000 ) ) ;
#3934 = DIRECTION ( 'NONE',  ( -1.000000000000000000, 0.000000000000000000, 0.000000000000000000 ) ) ;
#3935 = CARTESIAN_POINT ( 'NONE',  ( 8.120857249498969921, 2.500000000000001776, -10.55045142312088124 ) ) ;
#3936 = DIRECTION ( 'NONE',  ( 0.000000000000000000, 0.000000000000000000, -1.000000000000000000 ) ) ;
#3937 = VERTEX_POINT ( 'NONE', #1893 ) ;
#3938 = CARTESIAN_POINT ( 'NONE',  ( -10.04183708673911468, 25.77771514144258802, -7.000000000000000000 ) ) ;
#3939 = CARTESIAN_POINT ( 'NONE',  ( 4.817411494637692471, 5.030737836767301907, -10.03188148808668423 ) ) ;
#3940 = DIRECTION ( 'NONE',  ( -0.000000000000000000, -0.000000000000000000, 1.000000000000000000 ) ) ;
#3941 = ORIENTED_EDGE ( 'NONE', *, *, #1410, .F. ) ;
#3942 = LINE ( 'NONE', #1084, #4411 ) ;
#3943 = EDGE_CURVE ( 'NONE', #362, #2040, #4162, .T. ) ;
#3944 = SURFACE_STYLE_USAGE ( .BOTH. , #765 ) ;
#3945 = CARTESIAN_POINT ( 'NONE',  ( -27.99999999999997868, -2.499999999999998668, -21.00000000000000000 ) ) ;
#3946 = FACE_OUTER_BOUND ( 'NONE', #118, .T. ) ;
#3947 = CARTESIAN_POINT ( 'NONE',  ( -11.15092970622283985, 25.50000000436607550, 7.000000000000000000 ) ) ;
#3948 = CARTESIAN_POINT ( 'NONE',  ( 2.499999999999999112, 37.50000000000000711, -12.18351418237184980 ) ) ;
#3949 = EDGE_CURVE ( 'NONE', #2863, #4717, #3987, .T. ) ;
#3950 = DIRECTION ( 'NONE',  ( 0.000000000000000000, -0.000000000000000000, -1.000000000000000000 ) ) ;
#3951 = CARTESIAN_POINT ( 'NONE',  ( 5.526264628999973283, 2.909622523524888482, -10.86501595772902640 ) ) ;
#3952 = ADVANCED_FACE ( 'NONE', ( #3457 ), #5051, .F. ) ;
#3953 = CARTESIAN_POINT ( 'NONE',  ( 16.05238536487625822, 2.500000000000001776, -6.573191919884526335 ) ) ;
#3954 =( BOUNDED_CURVE ( )  B_SPLINE_CURVE ( 3, ( #4524, #4882, #4855, #3208 ),
 .UNSPECIFIED., .F., .T. ) 
 B_SPLINE_CURVE_WITH_KNOTS ( ( 4, 4 ),
 ( 6.006958676415995235, 6.283185307179586232 ),
 .UNSPECIFIED. ) 
 CURVE ( )  GEOMETRIC_REPRESENTATION_ITEM ( )  RATIONAL_B_SPLINE_CURVE ( ( 1.000000000000000000, 0.9936516716859913334, 0.9936516716859913334, 1.000000000000000000 ) ) 
 REPRESENTATION_ITEM ( '' )  );
#3955 = CARTESIAN_POINT ( 'NONE',  ( 34.44710678118662628, 18.89075759508249064, -10.99999999999999822 ) ) ;
#3956 = DIRECTION ( 'NONE',  ( 0.9238691596251420446, 0.3827084737676109127, 0.000000000000000000 ) ) ;
#3957 = CARTESIAN_POINT ( 'NONE',  ( -7.384530757478787955, 7.021193877703309383, -8.886154101171969799 ) ) ;
#3958 = CARTESIAN_POINT ( 'NONE',  ( 5.904914383714451098, 3.924389742166684236, -9.901692547920109888 ) ) ;
#3959 = DIRECTION ( 'NONE',  ( 0.000000000000000000, 1.000000000000000000, 0.000000000000000000 ) ) ;
#3960 = ORIENTED_EDGE ( 'NONE', *, *, #370, .T. ) ;
#3961 = DIRECTION ( 'NONE',  ( 0.7071067811865485719, 0.7071067811865464625, 0.000000000000000000 ) ) ;
#3962 = DIRECTION ( 'NONE',  ( -1.000000000000000000, -0.000000000000000000, -0.000000000000000000 ) ) ;
#3963 = LINE ( 'NONE', #3681, #1782 ) ;
#3964 = ORIENTED_EDGE ( 'NONE', *, *, #3471, .T. ) ;
#3965 = CARTESIAN_POINT ( 'NONE',  ( -8.050045833726381161, 7.500000021196498778, -7.504923312136721592 ) ) ;
#3966 = ORIENTED_EDGE ( 'NONE', *, *, #212, .F. ) ;
#3967 = DIRECTION ( 'NONE',  ( 0.000000000000000000, -1.000000000000000000, 0.000000000000000000 ) ) ;
#3968 = DIRECTION ( 'NONE',  ( 0.000000000000000000, 0.000000000000000000, -1.000000000000000000 ) ) ;
#3969 = LINE ( 'NONE', #4200, #1510 ) ;
#3970 = CARTESIAN_POINT ( 'NONE',  ( -7.937626670470420365, 7.503768807351991477, -7.615384615384616751 ) ) ;
#3971 = B_SPLINE_CURVE_WITH_KNOTS ( 'NONE', 3,
 ( #3179, #1508, #2850, #5227, #296, #4766, #330, #1968, #3573, #3628, #3603, #1133, #3254, #2774, #1156, #4017, #5176, #710 ),
 .UNSPECIFIED., .F., .F.,
 ( 4, 2, 2, 2, 2, 2, 2, 2, 4 ),
 ( 0.000000000000000000, 0.0005260072400667944537, 0.001052014480133588907, 0.001578021720200383253, 0.002104028960267177815, 0.002630036200333972160, 0.003156043440400766505, 0.003682050680467561284, 0.004208057920534356497 ),
 .UNSPECIFIED. ) ;
#3972 = ADVANCED_FACE ( 'NONE', ( #2710 ), #3549, .F. ) ;
#3973 = CARTESIAN_POINT ( 'NONE',  ( 4.496253090238323757, 8.909618128796436665, -10.05578024076263866 ) ) ;
#3974 = DIRECTION ( 'NONE',  ( 0.7071067811865485719, 0.7071067811865464625, -0.000000000000000000 ) ) ;
#3975 = ORIENTED_EDGE ( 'NONE', *, *, #2366, .T. ) ;
#3976 = CARTESIAN_POINT ( 'NONE',  ( 16.13200817538505660, 2.499999999999134026, -2.856504623647138530 ) ) ;
#3977 = CIRCLE ( 'NONE', #3750, 4.000000000000000000 ) ;
#3978 = CIRCLE ( 'NONE', #2556, 1.000000000000000000 ) ;
#3979 = EDGE_CURVE ( 'NONE', #4071, #3347, #371, .T. ) ;
#3980 = CIRCLE ( 'NONE', #2383, 9.000000000000000000 ) ;
#3981 = VECTOR ( 'NONE', #3418, 1000.000000000000000 ) ;
#3982 = VECTOR ( 'NONE', #3036, 1000.000000000000000 ) ;
#3983 = CARTESIAN_POINT ( 'NONE',  ( -9.155459385106668790, 27.42925215900806180, -6.631129347221449422 ) ) ;
#3984 = VERTEX_POINT ( 'NONE', #3928 ) ;
#3985 = CARTESIAN_POINT ( 'NONE',  ( -7.878147661047131933, 6.688668464495181709, -8.655886397855653058 ) ) ;
#3986 = CARTESIAN_POINT ( 'NONE',  ( 5.688760772862322845, 4.432604755479624181, -9.960643137552883886 ) ) ;
#3987 = CIRCLE ( 'NONE', #4576, 4.000000000000000000 ) ;
#3988 = CARTESIAN_POINT ( 'NONE',  ( -5.792763574863341702, 10.13064298267275731, -9.365141704398205036 ) ) ;
#3989 = ORIENTED_EDGE ( 'NONE', *, *, #1775, .F. ) ;
#3990 = CARTESIAN_POINT ( 'NONE',  ( 11.33098125111629173, 23.65076773453681369, -4.941649699784699479 ) ) ;
#3991 = DIRECTION ( 'NONE',  ( 0.000000000000000000, 1.000000000000000000, 0.000000000000000000 ) ) ;
#3992 = AXIS2_PLACEMENT_3D ( 'NONE', #851, #95, #4104 ) ;
#3993 = VERTEX_POINT ( 'NONE', #615 ) ;
#3994 = TOROIDAL_SURFACE ( 'NONE', #4332, 1.000000000000000000, 1.000000000000000000 ) ;
#3995 = CARTESIAN_POINT ( 'NONE',  ( 0.000000000000000000, 37.50000000000000711, 0.000000000000000000 ) ) ;
#3996 = AXIS2_PLACEMENT_3D ( 'NONE', #2853, #2071, #4875 ) ;
#3997 = CARTESIAN_POINT ( 'NONE',  ( 7.830564274453412743, 15.18689102501018695, 8.549187379719487723 ) ) ;
#3998 = CARTESIAN_POINT ( 'NONE',  ( 6.613842064184064284, 2.500000000000002220, 10.76784033674579000 ) ) ;
#3999 = ORIENTED_EDGE ( 'NONE', *, *, #4237, .F. ) ;
#4000 = CARTESIAN_POINT ( 'NONE',  ( 1.919216645978744085, 12.78695406737200813, 10.83449929551308522 ) ) ;
#4001 = CARTESIAN_POINT ( 'NONE',  ( 4.526837271240291116, 10.21763358276141176, -10.02641836372532147 ) ) ;
#4002 = CARTESIAN_POINT ( 'NONE',  ( 0.000000000000000000, 37.50000000000000711, -11.00000000000000000 ) ) ;
#4003 = VERTEX_POINT ( 'NONE', #254 ) ;
#4004 = CARTESIAN_POINT ( 'NONE',  ( 18.46662954709583460, 3.500000000000001776, -2.999999999999996891 ) ) ;
#4005 = EDGE_CURVE ( 'NONE', #2931, #4285, #2031, .T. ) ;
#4006 = CARTESIAN_POINT ( 'NONE',  ( 6.101821604847773806, 13.19477054024784657, -9.157303433490865174 ) ) ;
#4007 = EDGE_CURVE ( 'NONE', #2457, #328, #3198, .T. ) ;
#4008 = CARTESIAN_POINT ( 'NONE',  ( -0.9999999999999794609, 6.500000000000000888, -25.00000000000000000 ) ) ;
#4009 = CARTESIAN_POINT ( 'NONE',  ( 0.000000000000000000, 37.50000000000000711, 0.000000000000000000 ) ) ;
#4010 = EDGE_CURVE ( 'NONE', #2411, #3993, #3963, .T. ) ;
#4011 = VERTEX_POINT ( 'NONE', #2434 ) ;
#4012 = FACE_OUTER_BOUND ( 'NONE', #3479, .T. ) ;
#4013 = CARTESIAN_POINT ( 'NONE',  ( -6.809475019311105548, 8.000000000000000000, -9.138219645438292460 ) ) ;
#4014 = EDGE_CURVE ( 'NONE', #1227, #4071, #400, .T. ) ;
#4015 = EDGE_LOOP ( 'NONE', ( #1138, #4628, #4522, #4272 ) ) ;
#4016 = CARTESIAN_POINT ( 'NONE',  ( 9.300461153984693752, 18.82650676656897204, -7.401699021794907907 ) ) ;
#4017 = CARTESIAN_POINT ( 'NONE',  ( -0.3182178804612779133, 8.388336715990535097, 8.995968613012150783 ) ) ;
#4018 = CARTESIAN_POINT ( 'NONE',  ( -0.000000000000000000, 12.50000000000000000, -25.00000000000000000 ) ) ;
#4019 = ORIENTED_EDGE ( 'NONE', *, *, #3044, .T. ) ;
#4020 = DIRECTION ( 'NONE',  ( -0.000000000000000000, 1.000000000000000000, -0.000000000000000000 ) ) ;
#4021 = ORIENTED_EDGE ( 'NONE', *, *, #1624, .F. ) ;
#4022 = DIRECTION ( 'NONE',  ( 0.000000000000000000, 1.000000000000000000, 0.000000000000000000 ) ) ;
#4023 = CARTESIAN_POINT ( 'NONE',  ( 0.000000000000000000, 2.500000000000002220, 25.00000000000000000 ) ) ;
#4024 = EDGE_LOOP ( 'NONE', ( #3927, #4869, #1656, #633, #1223, #893 ) ) ;
#4025 = DIRECTION ( 'NONE',  ( 1.000000000000000000, -0.000000000000000000, 0.000000000000000000 ) ) ;
#4026 = DIRECTION ( 'NONE',  ( 0.000000000000000000, 0.000000000000000000, -1.000000000000000000 ) ) ;
#4027 = CARTESIAN_POINT ( 'NONE',  ( 8.745414351035419642, -2.500000000000000444, 4.943970969478541200 ) ) ;
#4028 = B_SPLINE_CURVE_WITH_KNOTS ( 'NONE', 3,
 ( #1649, #1597, #881, #4001, #340, #2836, #776, #3612, #3264, #2811, #1225, #3236, #361, #4464, #4831, #2419 ),
 .UNSPECIFIED., .F., .F.,
 ( 4, 2, 2, 2, 2, 2, 2, 4 ),
 ( 0.000000000000000000, 0.0008771181131726370336, 0.001754236226345274067, 0.003508472452690554206, 0.004385590565863194817, 0.005262708679035835863, 0.006139826792208476908, 0.007016944905381117953 ),
 .UNSPECIFIED. ) ;
#4029 = ORIENTED_EDGE ( 'NONE', *, *, #2986, .F. ) ;
#4030 = DIRECTION ( 'NONE',  ( 1.067871377262452863E-16, 0.000000000000000000, 1.000000000000000000 ) ) ;
#4031 =( BOUNDED_CURVE ( )  B_SPLINE_CURVE ( 3, ( #831, #5242, #3241, #4055 ),
 .UNSPECIFIED., .F., .T. ) 
 B_SPLINE_CURVE_WITH_KNOTS ( ( 4, 4 ),
 ( 3.417819284353383225, 4.712388980384689674 ),
 .UNSPECIFIED. ) 
 CURVE ( )  GEOMETRIC_REPRESENTATION_ITEM ( )  RATIONAL_B_SPLINE_CURVE ( ( 1.000000000000000000, 0.8651493568116432886, 0.8651493568116432886, 1.000000000000000000 ) ) 
 REPRESENTATION_ITEM ( '' )  );
#4032 = ORIENTED_EDGE ( 'NONE', *, *, #2782, .T. ) ;
#4033 = CARTESIAN_POINT ( 'NONE',  ( 6.598422751850537615, 3.647543940564312415, -9.779885332689312705 ) ) ;
#4034 = CARTESIAN_POINT ( 'NONE',  ( 23.13339828220189176, 35.86132034355965459, 0.000000000000000000 ) ) ;
#4035 = DIRECTION ( 'NONE',  ( 0.000000000000000000, 0.000000000000000000, -1.000000000000000000 ) ) ;
#4036 = VERTEX_POINT ( 'NONE', #3574 ) ;
#4037 = CARTESIAN_POINT ( 'NONE',  ( -7.898502967503800321, 6.566218918990049502, -7.656163822712895417 ) ) ;
#4038 = CYLINDRICAL_SURFACE ( 'NONE', #1606, 9.000000000000000000 ) ;
#4039 = ADVANCED_FACE ( 'NONE', ( #5205 ), #2828, .F. ) ;
#4040 = FACE_OUTER_BOUND ( 'NONE', #5066, .T. ) ;
#4041 = EDGE_LOOP ( 'NONE', ( #4171, #5156, #3277, #4432, #133 ) ) ;
#4042 = CARTESIAN_POINT ( 'NONE',  ( 6.666935030171206478, 12.11847242798419622, -9.234901310052649137 ) ) ;
#4043 = CARTESIAN_POINT ( 'NONE',  ( 18.46662954709583460, 3.500000000000001776, 3.000000000000000000 ) ) ;
#4044 = ORIENTED_EDGE ( 'NONE', *, *, #4007, .T. ) ;
#4045 = CARTESIAN_POINT ( 'NONE',  ( -2.534541685574213776, 5.205877917688476408, 8.636669476286924052 ) ) ;
#4046 = EDGE_CURVE ( 'NONE', #1746, #4253, #297, .T. ) ;
#4047 = VERTEX_POINT ( 'NONE', #3657 ) ;
#4048 = CARTESIAN_POINT ( 'NONE',  ( 9.329129078928053431, 18.89593656155075152, 7.375543859026560511 ) ) ;
#4049 = CARTESIAN_POINT ( 'NONE',  ( 1.000000000000020428, 6.326134739552673913, 8.944271909999159220 ) ) ;
#4050 = ORIENTED_EDGE ( 'NONE', *, *, #3922, .T. ) ;
#4051 = CARTESIAN_POINT ( 'NONE',  ( 33.38644660940681064, 19.95141776686232049, 10.99999999999999822 ) ) ;
#4052 = CARTESIAN_POINT ( 'NONE',  ( 4.280254929780687334, 9.366674600935084527, 10.83585194632578030 ) ) ;
#4053 = CARTESIAN_POINT ( 'NONE',  ( 6.035533905932735976, -2.500000000000002220, -6.676251228821180383 ) ) ;
#4054 = ORIENTED_EDGE ( 'NONE', *, *, #4975, .T. ) ;
#4055 = CARTESIAN_POINT ( 'NONE',  ( 32.00000000000002132, 17.03337045290414764, 2.000000000000000000 ) ) ;
#4056 = ORIENTED_EDGE ( 'NONE', *, *, #2474, .F. ) ;
#4057 = CARTESIAN_POINT ( 'NONE',  ( -0.1540600287970181059, 8.320997406666208462, -9.000000000000000000 ) ) ;
#4058 = CIRCLE ( 'NONE', #4645, 4.000000000000000000 ) ;
#4059 =( BOUNDED_SURFACE ( )  B_SPLINE_SURFACE ( 3, 2, ( 
 ( #287, #2343, #4779 ),
 ( #4349, #1955, #1100 ),
 ( #4423, #5246, #3592 ),
 ( #4392, #2841, #1981 ),
 ( #3618, #2321, #1604 ),
 ( #2788, #3244, #3169 ),
 ( #265, #4371, #1497 ),
 ( #3141, #724, #1550 ),
 ( #1920, #3560, #5162 ),
 ( #1526, #2747, #4756 ) ),
 .UNSPECIFIED., .F., .F., .F. ) 
 B_SPLINE_SURFACE_WITH_KNOTS ( ( 4, 2, 2, 2, 4 ),
 ( 3, 3 ),
 ( 1.780999537397365939, 2.052091158754575151, 2.323182780111784140, 2.594274401468993130, 2.865366022826202119 ),
 ( 0.000000000000000000, 1.000000000000000000 ),
 .UNSPECIFIED. ) 
 GEOMETRIC_REPRESENTATION_ITEM ( )  RATIONAL_B_SPLINE_SURFACE ( (
 ( 1.000000000000000000, 0.6528614169315297699, 1.000000000000000000),
 ( 1.000000000000000000, 0.6289411041520875933, 1.000000000000000000),
 ( 1.000000000000000000, 0.6043555147359723767, 1.000000000000000000),
 ( 1.000000000000000000, 0.5555246245458240750, 1.000000000000000000),
 ( 1.000000000000000000, 0.5312610391798288090, 1.000000000000000000),
 ( 1.000000000000000000, 0.4853758436590363545, 1.000000000000000000),
 ( 1.000000000000000000, 0.4637535650652627739, 1.000000000000000000),
 ( 1.000000000000000000, 0.4263982599195318413, 1.000000000000000000),
 ( 1.000000000000000000, 0.4107010309327203679, 1.000000000000000000),
 ( 1.000000000000000000, 0.3998116162333144041, 1.000000000000000000) ) ) 
 REPRESENTATION_ITEM ( '' )  SURFACE ( )  );
#4060 = CARTESIAN_POINT ( 'NONE',  ( -0.000000000000000000, 6.500000000000000888, -25.00000000000000000 ) ) ;
#4061 = DIRECTION ( 'NONE',  ( 0.9238691596251441540, 0.3827084737676055282, 0.000000000000000000 ) ) ;
#4062 = CIRCLE ( 'NONE', #3495, 1.500000000000001332 ) ;
#4063 = CARTESIAN_POINT ( 'NONE',  ( 4.850514806394594203, 3.793070417061242150, -10.93856812625575081 ) ) ;
#4064 = AXIS2_PLACEMENT_3D ( 'NONE', #1519, #3091, #5087 ) ;
#4065 = AXIS2_PLACEMENT_3D ( 'NONE', #2680, #1007, #574 ) ;
#4066 = AXIS2_PLACEMENT_3D ( 'NONE', #876, #2521, #4158 ) ;
#4067 = ORIENTED_EDGE ( 'NONE', *, *, #4859, .F. ) ;
#4068 = CARTESIAN_POINT ( 'NONE',  ( 1.102182119232617714E-15, 37.50000000000000711, 9.000000000000000000 ) ) ;
#4069 = ORIENTED_EDGE ( 'NONE', *, *, #1493, .T. ) ;
#4070 = DIRECTION ( 'NONE',  ( 0.000000000000000000, 0.000000000000000000, 1.000000000000000000 ) ) ;
#4071 = VERTEX_POINT ( 'NONE', #4410 ) ;
#4072 = EDGE_CURVE ( 'NONE', #52, #2717, #2410, .T. ) ;
#4073 = CIRCLE ( 'NONE', #5090, 1.500000000000004663 ) ;
#4074 = CARTESIAN_POINT ( 'NONE',  ( -27.99999999999997868, 22.50000000000000355, -5.999999999999998224 ) ) ;
#4075 = CARTESIAN_POINT ( 'NONE',  ( 0.000000000000000000, 29.50000000000000711, -11.00000000000000000 ) ) ;
#4076 = VECTOR ( 'NONE', #3967, 1000.000000000000000 ) ;
#4077 = CARTESIAN_POINT ( 'NONE',  ( 5.872212605178386724, 9.804968672799549978, 9.614155571676704426 ) ) ;
#4078 = B_SPLINE_CURVE_WITH_KNOTS ( 'NONE', 3,
 ( #2425, #725, #2368, #2400, #3983, #5135, #1982, #3619 ),
 .UNSPECIFIED., .F., .F.,
 ( 4, 2, 2, 4 ),
 ( -1.050459670316343562E-05, 0.001412297411075925328, 0.002123698414965470658, 0.002835099418855016422 ),
 .UNSPECIFIED. ) ;
#4079 = PLANE ( 'NONE',  #3235 ) ;
#4080 = ORIENTED_EDGE ( 'NONE', *, *, #2265, .T. ) ;
#4081 = LINE ( 'NONE', #1976, #4808 ) ;
#4082 = DIRECTION ( 'NONE',  ( 1.000000000000000000, 0.000000000000000000, 0.000000000000000000 ) ) ;
#4083 = LINE ( 'NONE', #180, #4496 ) ;
#4084 = CARTESIAN_POINT ( 'NONE',  ( 1.847863561096975360, 11.79061984600547142, -11.77757863127470550 ) ) ;
#4085 = DIRECTION ( 'NONE',  ( 1.000000000000000000, 0.000000000000000000, 0.000000000000000000 ) ) ;
#4086 = ORIENTED_EDGE ( 'NONE', *, *, #3119, .T. ) ;
#4087 = CARTESIAN_POINT ( 'NONE',  ( 32.00000000000002132, 17.03337045290415119, -2.000000000000000000 ) ) ;
#4088 = EDGE_CURVE ( 'NONE', #3814, #314, #3498, .T. ) ;
#4089 = CARTESIAN_POINT ( 'NONE',  ( 5.306607917573353816, 9.084575380057902549, -9.641048532418949435 ) ) ;
#4090 = ORIENTED_EDGE ( 'NONE', *, *, #4804, .T. ) ;
#4091 = DIRECTION ( 'NONE',  ( 0.000000000000000000, 1.000000000000000000, -0.000000000000000000 ) ) ;
#4092 = CARTESIAN_POINT ( 'NONE',  ( 18.89397313900390074, 32.50000000000000711, -2.727272727272728403 ) ) ;
#4093 = CARTESIAN_POINT ( 'NONE',  ( -6.871066522087557971, 7.761457135478913472, 9.112008733029599128 ) ) ;
#4094 = CARTESIAN_POINT ( 'NONE',  ( -6.959004218360043126, 8.970684286890968195, 8.521879619483332391 ) ) ;
#4095 = VERTEX_POINT ( 'NONE', #4767 ) ;
#4096 = EDGE_LOOP ( 'NONE', ( #3411, #1727, #3733, #5180 ) ) ;
#4097 = CARTESIAN_POINT ( 'NONE',  ( 10.65070420207039525, 32.50000000000000711, -2.750000000000000000 ) ) ;
#4098 = CARTESIAN_POINT ( 'NONE',  ( -7.325632721478576137, 7.077074488547117070, 8.912777181713902763 ) ) ;
#4099 = DIRECTION ( 'NONE',  ( -0.7071067811865486830, -0.7071067811865464625, -0.000000000000000000 ) ) ;
#4100 = EDGE_CURVE ( 'NONE', #3024, #5270, #4073, .T. ) ;
#4101 = LINE ( 'NONE', #67, #2472 ) ;
#4102 = EDGE_CURVE ( 'NONE', #4973, #935, #2775, .T. ) ;
#4103 = ORIENTED_EDGE ( 'NONE', *, *, #3979, .T. ) ;
#4104 = DIRECTION ( 'NONE',  ( 0.000000000000000000, 0.000000000000000000, 1.000000000000000000 ) ) ;
#4105 = DIRECTION ( 'NONE',  ( 0.000000000000000000, -0.000000000000000000, 1.000000000000000000 ) ) ;
#4106 = VERTEX_POINT ( 'NONE', #3255 ) ;
#4107 = DIRECTION ( 'NONE',  ( 1.000000000000000000, 0.000000000000000000, 0.000000000000000000 ) ) ;
#4108 = FACE_OUTER_BOUND ( 'NONE', #5260, .T. ) ;
#4109 = PLANE ( 'NONE',  #1587 ) ;
#4110 = ADVANCED_FACE ( 'NONE', ( #4847 ), #5228, .T. ) ;
#4111 = ORIENTED_EDGE ( 'NONE', *, *, #3051, .F. ) ;
#4112 = LINE ( 'NONE', #1394, #658 ) ;
#4113 = CARTESIAN_POINT ( 'NONE',  ( 5.415302037757739662, 10.80514144934925902, -9.578263398565290743 ) ) ;
#4114 = VERTEX_POINT ( 'NONE', #4821 ) ;
#4115 = DIRECTION ( 'NONE',  ( 0.7071067811865485719, 0.7071067811865464625, 0.000000000000000000 ) ) ;
#4116 = EDGE_CURVE ( 'NONE', #3799, #4121, #5177, .T. ) ;
#4117 = SPHERICAL_SURFACE ( 'NONE', #1433, 1.000000000000000000 ) ;
#4118 = CARTESIAN_POINT ( 'NONE',  ( -6.404568598323695738, 9.175564584669054113, 9.531237282087552387 ) ) ;
#4119 = VERTEX_POINT ( 'NONE', #1191 ) ;
#4120 = DIRECTION ( 'NONE',  ( 0.1491766036371723891, 0.000000000000000000, -0.9888105687781042485 ) ) ;
#4121 = VERTEX_POINT ( 'NONE', #816 ) ;
#4122 = CARTESIAN_POINT ( 'NONE',  ( -2.999999999999979128, 6.500000000000000888, 25.00000000000000000 ) ) ;
#4123 = ORIENTED_EDGE ( 'NONE', *, *, #1744, .F. ) ;
#4124 = CARTESIAN_POINT ( 'NONE',  ( 17.53337045290428620, 32.50000000000000711, 2.000000000000000000 ) ) ;
#4125 = DIRECTION ( 'NONE',  ( 0.000000000000000000, 0.000000000000000000, -1.000000000000000000 ) ) ;
#4126 =( BOUNDED_SURFACE ( )  B_SPLINE_SURFACE ( 3, 2, ( 
 ( #4361, #2688, #2333 ),
 ( #2353, #3929, #5125 ),
 ( #3965, #3902, #694 ),
 ( #5179, #669, #3182 ) ),
 .UNSPECIFIED., .F., .F., .T. ) 
 B_SPLINE_SURFACE_WITH_KNOTS ( ( 4, 4 ),
 ( 3, 3 ),
 ( 0.000000000000000000, 0.0001182717203824569676 ),
 ( 0.000000000000000000, 1.000000000000000000 ),
 .UNSPECIFIED. ) 
 GEOMETRIC_REPRESENTATION_ITEM ( )  RATIONAL_B_SPLINE_SURFACE ( (
 ( 1.000000000000000000, 0.7288998767166766646, 1.000000000000000000),
 ( 1.000000000000000000, 0.7213312677748959789, 1.000000000000000000),
 ( 1.000000000000000000, 0.7139602095002708371, 1.000000000000000000),
 ( 1.000000000000000000, 0.7071067811865475727, 1.000000000000000000) ) ) 
 REPRESENTATION_ITEM ( '' )  SURFACE ( )  );
#4127 = CYLINDRICAL_SURFACE ( 'NONE', #3070, 1.500000000000001998 ) ;
#4128 = VERTEX_POINT ( 'NONE', #4456 ) ;
#4129 = CARTESIAN_POINT ( 'NONE',  ( 11.86425293180845486, 24.89490111955701224, 3.897599927300338774 ) ) ;
#4130 = DIRECTION ( 'NONE',  ( 0.000000000000000000, 1.000000000000000000, 0.000000000000000000 ) ) ;
#4131 = CARTESIAN_POINT ( 'NONE',  ( -27.99999999999997868, 12.50000000000000000, 25.00000000000000000 ) ) ;
#4132 = DIRECTION ( 'NONE',  ( -0.000000000000000000, 0.000000000000000000, 1.000000000000000000 ) ) ;
#4133 = CARTESIAN_POINT ( 'NONE',  ( -1.929867619085490871, 12.43620439726549876, -11.82350575075020771 ) ) ;
#4134 = EDGE_LOOP ( 'NONE', ( #525, #3576, #5146, #3385 ) ) ;
#4135 = DIRECTION ( 'NONE',  ( -1.000000000000000000, 0.000000000000000000, 0.000000000000000000 ) ) ;
#4136 = CARTESIAN_POINT ( 'NONE',  ( 17.53337045290428264, 32.50000000000000711, -2.000000000000000000 ) ) ;
#4137 = ORIENTED_EDGE ( 'NONE', *, *, #2629, .T. ) ;
#4138 = CARTESIAN_POINT ( 'NONE',  ( 32.00000000000002132, 3.500000000000002220, 3.000000000000000000 ) ) ;
#4139 = ADVANCED_FACE ( 'NONE', ( #793 ), #1969, .F. ) ;
#4140 = ORIENTED_EDGE ( 'NONE', *, *, #120, .F. ) ;
#4141 = B_SPLINE_CURVE_WITH_KNOTS ( 'NONE', 3,
 ( #2213, #4616, #1783, #1074, #545, #3813, #3101, #3016 ),
 .UNSPECIFIED., .F., .F.,
 ( 4, 2, 2, 4 ),
 ( 0.01050344298429132205, 0.01102416323251839865, 0.01154488348074547352, 0.01258632397719962846 ),
 .UNSPECIFIED. ) ;
#4142 = CARTESIAN_POINT ( 'NONE',  ( -1.136314517583196126, 12.50636437307569437, -10.94500947865457441 ) ) ;
#4143 = SURFACE_STYLE_USAGE ( .BOTH. , #4864 ) ;
#4144 = CARTESIAN_POINT ( 'NONE',  ( 5.685647481337738895, 4.516493091200175947, -9.965875485047515525 ) ) ;
#4145 = ORIENTED_EDGE ( 'NONE', *, *, #812, .T. ) ;
#4146 = CARTESIAN_POINT ( 'NONE',  ( -6.871245112156382895, 7.760765459116554688, -9.111932738377097607 ) ) ;
#4147 = EDGE_CURVE ( 'NONE', #3205, #5060, #408, .T. ) ;
#4148 = FACE_OUTER_BOUND ( 'NONE', #654, .T. ) ;
#4149 = AXIS2_PLACEMENT_3D ( 'NONE', #3955, #702, #4757 ) ;
#4150 = ORIENTED_EDGE ( 'NONE', *, *, #3239, .F. ) ;
#4151 = CARTESIAN_POINT ( 'NONE',  ( 32.00000000000002132, 3.500000000000002220, 2.000000000000000000 ) ) ;
#4152 = CARTESIAN_POINT ( 'NONE',  ( 17.53337045290428264, 32.50000000000000711, -2.000000000000000000 ) ) ;
#4153 = ORIENTED_EDGE ( 'NONE', *, *, #4702, .T. ) ;
#4154 = CARTESIAN_POINT ( 'NONE',  ( 4.745966692414854471, 4.500000000000002665, -25.00000000000000000 ) ) ;
#4155 = DIRECTION ( 'NONE',  ( -0.000000000000000000, -1.000000000000000000, -0.000000000000000000 ) ) ;
#4156 = CIRCLE ( 'NONE', #4655, 9.000000000000000000 ) ;
#4157 = AXIS2_PLACEMENT_3D ( 'NONE', #2266, #5040, #3499 ) ;
#4158 = DIRECTION ( 'NONE',  ( 1.000000000000000000, 0.000000000000000000, 0.000000000000000000 ) ) ;
#4159 = ORIENTED_EDGE ( 'NONE', *, *, #3342, .T. ) ;
#4160 = CARTESIAN_POINT ( 'NONE',  ( 12.29925138167211074, 25.90527824266830947, 2.727272727272554320 ) ) ;
#4161 = VERTEX_POINT ( 'NONE', #3280 ) ;
#4162 = CIRCLE ( 'NONE', #5161, 1.000000000000000888 ) ;
#4163 = CARTESIAN_POINT ( 'NONE',  ( 21.71918471982879950, 37.27553390593275395, 11.00000000000000533 ) ) ;
#4164 = CARTESIAN_POINT ( 'NONE',  ( 6.527222245341497420, 3.644153440254359388, 9.790115468507842422 ) ) ;
#4165 = ORIENTED_EDGE ( 'NONE', *, *, #1749, .T. ) ;
#4166 = DIRECTION ( 'NONE',  ( -0.000000000000000000, -0.000000000000000000, 1.000000000000000000 ) ) ;
#4167 = CARTESIAN_POINT ( 'NONE',  ( 0.8864277957868375024, 5.812848776438450216, -8.956356998061266950 ) ) ;
#4168 = CARTESIAN_POINT ( 'NONE',  ( 12.29925138167206278, 25.90527824266819579, -2.727272727272711528 ) ) ;
#4169 = ORIENTED_EDGE ( 'NONE', *, *, #4627, .T. ) ;
#4170 = CARTESIAN_POINT ( 'NONE',  ( -8.311196799330469176, 27.67888153067881163, -7.305613887261872108 ) ) ;
#4171 = ORIENTED_EDGE ( 'NONE', *, *, #989, .F. ) ;
#4172 = CARTESIAN_POINT ( 'NONE',  ( 3.137552239438335278, 10.85659130715806597, -11.37710395929521390 ) ) ;
#4173 = ADVANCED_FACE ( 'NONE', ( #1240 ), #4358, .T. ) ;
#4174 = EDGE_CURVE ( 'NONE', #4106, #1418, #733, .T. ) ;
#4175 = DIRECTION ( 'NONE',  ( 0.3827084737676144655, -0.9238691596251404903, 0.000000000000000000 ) ) ;
#4176 = ORIENTED_EDGE ( 'NONE', *, *, #2048, .T. ) ;
#4177 = CARTESIAN_POINT ( 'NONE',  ( -7.322870832127811980, 7.837393310226802079, 8.208635727753383904 ) ) ;
#4178 = CARTESIAN_POINT ( 'NONE',  ( -0.4147337952575984032, 13.49350686709387226, -10.99999999999999822 ) ) ;
#4179 = EDGE_CURVE ( 'NONE', #2059, #4684, #3661, .T. ) ;
#4180 = ORIENTED_EDGE ( 'NONE', *, *, #4859, .T. ) ;
#4181 = DIRECTION ( 'NONE',  ( 0.000000000000000000, 0.000000000000000000, -1.000000000000000000 ) ) ;
#4182 = FACE_BOUND ( 'NONE', #767, .T. ) ;
#4183 = ORIENTED_EDGE ( 'NONE', *, *, #3022, .F. ) ;
#4184 = CARTESIAN_POINT ( 'NONE',  ( -7.817010907553042287, 6.717613311829002676, 8.685256647251923923 ) ) ;
#4185 = LINE ( 'NONE', #3341, #479 ) ;
#4186 = EDGE_CURVE ( 'NONE', #5011, #3395, #2873, .T. ) ;
#4187 = ADVANCED_FACE ( 'NONE', ( #3731 ), #1325, .F. ) ;
#4188 = CARTESIAN_POINT ( 'NONE',  ( 4.817411494637693359, 5.030737836767303683, -10.03188148808668068 ) ) ;
#4189 = CARTESIAN_POINT ( 'NONE',  ( -23.61496103067895547, -10.88703896932104875, 0.000000000000000000 ) ) ;
#4190 = DIRECTION ( 'NONE',  ( -0.9238691596251411564, -0.3827084737676126336, 1.734723475976807094E-15 ) ) ;
#4191 = CARTESIAN_POINT ( 'NONE',  ( -7.937626670470418588, 7.503768807351989700, 7.615384615384614975 ) ) ;
#4192 = VERTEX_POINT ( 'NONE', #4097 ) ;
#4193 = FACE_OUTER_BOUND ( 'NONE', #2441, .T. ) ;
#4194 = CARTESIAN_POINT ( 'NONE',  ( 9.000000000000003553, 21.72792206135781257, 0.000000000000000000 ) ) ;
#4195 = CARTESIAN_POINT ( 'NONE',  ( 9.653538937883105575, 21.66733865550629545, -5.378023718543062159 ) ) ;
#4196 = ORIENTED_EDGE ( 'NONE', *, *, #3867, .F. ) ;
#4197 = CARTESIAN_POINT ( 'NONE',  ( -2.885154057792586713, 7.190378025776882787, -8.525151293657021512 ) ) ;
#4198 = ORIENTED_EDGE ( 'NONE', *, *, #2403, .T. ) ;
#4199 = CARTESIAN_POINT ( 'NONE',  ( -2.185968578607832224, 13.37154057977314459, -10.78583279001275841 ) ) ;
#4200 = CARTESIAN_POINT ( 'NONE',  ( -6.803013430498083380, 6.803013430498103808, 2.727272727272729291 ) ) ;
#4201 = CARTESIAN_POINT ( 'NONE',  ( -6.784585670099378518, 8.096396034994961965, -8.670330721896208459 ) ) ;
#4202 = CARTESIAN_POINT ( 'NONE',  ( -7.129577451207712357, 8.250000000000000000, -8.376701341651767052 ) ) ;
#4203 = LINE ( 'NONE', #2183, #3741 ) ;
#4204 = VERTEX_POINT ( 'NONE', #1701 ) ;
#4205 = DIRECTION ( 'NONE',  ( 0.7071067811865486830, 0.7071067811865464625, 0.000000000000000000 ) ) ;
#4206 = DIRECTION ( 'NONE',  ( -0.000000000000000000, 1.000000000000000000, -0.000000000000000000 ) ) ;
#4207 = DIRECTION ( 'NONE',  ( -0.000000000000000000, -0.000000000000000000, 1.000000000000000000 ) ) ;
#4208 = EDGE_CURVE ( 'NONE', #1741, #3833, #4486, .T. ) ;
#4209 = FACE_OUTER_BOUND ( 'NONE', #1867, .T. ) ;
#4210 = ORIENTED_EDGE ( 'NONE', *, *, #4448, .F. ) ;
#4211 = LINE ( 'NONE', #4543, #4732 ) ;
#4212 = DIRECTION ( 'NONE',  ( 0.000000000000000000, 0.000000000000000000, 1.000000000000000000 ) ) ;
#4213 = ORIENTED_EDGE ( 'NONE', *, *, #2941, .T. ) ;
#4214 = CARTESIAN_POINT ( 'NONE',  ( 5.467084117376009189, 9.178959316373285660, -10.68227462919461423 ) ) ;
#4215 = DIRECTION ( 'NONE',  ( -0.3755721109022605031, 0.9066417763422723874, 0.1922141485514245740 ) ) ;
#4216 = EDGE_CURVE ( 'NONE', #2459, #3397, #62, .T. ) ;
#4217 = ORIENTED_EDGE ( 'NONE', *, *, #4424, .F. ) ;
#4218 = DIRECTION ( 'NONE',  ( 0.000000000000000000, 0.000000000000000000, 1.000000000000000000 ) ) ;
#4219 = CARTESIAN_POINT ( 'NONE',  ( -9.541369100194682318, 27.15471730238503767, 6.443221386831398334 ) ) ;
#4220 = CARTESIAN_POINT ( 'NONE',  ( 9.325702758782297153, 18.88764933500570109, -7.378703322152960098 ) ) ;
#4221 = ORIENTED_EDGE ( 'NONE', *, *, #812, .F. ) ;
#4222 = CARTESIAN_POINT ( 'NONE',  ( -23.99999999999997868, 8.500000000000000000, -8.000000000000000000 ) ) ;
#4223 = EDGE_LOOP ( 'NONE', ( #4217, #3117 ) ) ;
#4224 = CARTESIAN_POINT ( 'NONE',  ( -2.797344749084825555, 12.22660333412319922, -11.59488442003534736 ) ) ;
#4225 = DIRECTION ( 'NONE',  ( 1.000000000000000000, -0.000000000000000000, 0.000000000000000000 ) ) ;
#4226 = DIRECTION ( 'NONE',  ( -0.000000000000000000, -0.000000000000000000, -1.000000000000000000 ) ) ;
#4227 = CARTESIAN_POINT ( 'NONE',  ( -0.8473863337621886371, 12.50564350509269929, 10.97110515660002683 ) ) ;
#4228 = CARTESIAN_POINT ( 'NONE',  ( 5.777720855862999549, 4.750000000000001776, -10.97596897413675698 ) ) ;
#4229 = ORIENTED_EDGE ( 'NONE', *, *, #4943, .F. ) ;
#4230 = CARTESIAN_POINT ( 'NONE',  ( -11.53256259467079126, 26.50000000000000711, -6.000000000000000888 ) ) ;
#4231 = DIRECTION ( 'NONE',  ( -0.000000000000000000, -1.000000000000000000, -0.000000000000000000 ) ) ;
#4232 = FACE_BOUND ( 'NONE', #4741, .T. ) ;
#4233 = FACE_OUTER_BOUND ( 'NONE', #3324, .T. ) ;
#4234 = DIRECTION ( 'NONE',  ( 0.000000000000000000, 0.000000000000000000, 1.000000000000000000 ) ) ;
#4235 = ORIENTED_EDGE ( 'NONE', *, *, #2787, .T. ) ;
#4236 = CARTESIAN_POINT ( 'NONE',  ( 8.082162486995262185, 19.28335588533947131, -7.470595778009217369 ) ) ;
#4237 = EDGE_CURVE ( 'NONE', #2875, #800, #1361, .T. ) ;
#4238 =( BOUNDED_CURVE ( )  B_SPLINE_CURVE ( 3, ( #1094, #3163, #4364, #1067 ),
 .UNSPECIFIED., .F., .T. ) 
 B_SPLINE_CURVE_WITH_KNOTS ( ( 4, 4 ),
 ( 0.000000000000000000, 0.8357589553766522350 ),
 .UNSPECIFIED. ) 
 CURVE ( )  GEOMETRIC_REPRESENTATION_ITEM ( )  RATIONAL_B_SPLINE_CURVE ( ( 1.000000000000000000, 0.9426343679326283365, 0.9426343679326283365, 1.000000000000000000 ) ) 
 REPRESENTATION_ITEM ( '' )  );
#4239 = ORIENTED_EDGE ( 'NONE', *, *, #4046, .T. ) ;
#4240 = DIRECTION ( 'NONE',  ( -0.7071067811865463515, 0.7071067811865486830, 0.000000000000000000 ) ) ;
#4241 = AXIS2_PLACEMENT_3D ( 'NONE', #1247, #2881, #4493 ) ;
#4242 = VECTOR ( 'NONE', #4688, 1000.000000000000000 ) ;
#4243 = CARTESIAN_POINT ( 'NONE',  ( 2.500000000000001332, 37.50000000000000711, 8.645808232895291212 ) ) ;
#4244 = CIRCLE ( 'NONE', #2299, 1.499999999999997113 ) ;
#4245 = VECTOR ( 'NONE', #2442, 1000.000000000000000 ) ;
#4246 = ORIENTED_EDGE ( 'NONE', *, *, #3930, .F. ) ;
#4247 = VECTOR ( 'NONE', #1798, 1000.000000000000000 ) ;
#4248 = CARTESIAN_POINT ( 'NONE',  ( 2.500000000000001332, 29.50000000000000711, 8.645808232895291212 ) ) ;
#4249 = EDGE_CURVE ( 'NONE', #290, #224, #932, .T. ) ;
#4250 = CARTESIAN_POINT ( 'NONE',  ( 28.00000000000002132, 2.500000000000002220, 19.50000000000000000 ) ) ;
#4251 = VECTOR ( 'NONE', #4523, 1000.000000000000000 ) ;
#4252 = EDGE_CURVE ( 'NONE', #3366, #1369, #2603, .T. ) ;
#4253 = VERTEX_POINT ( 'NONE', #2543 ) ;
#4254 = CARTESIAN_POINT ( 'NONE',  ( 2.141282872371158330, 12.66506465241919699, -10.79364243638974052 ) ) ;
#4255 = VECTOR ( 'NONE', #2415, 1000.000000000000000 ) ;
#4256 = DIRECTION ( 'NONE',  ( 0.7071067811865462405, -0.7071067811865487940, 0.000000000000000000 ) ) ;
#4257 = CARTESIAN_POINT ( 'NONE',  ( 4.737655717016776791, 4.741634176824763180, 10.02795781186115853 ) ) ;
#4258 = VECTOR ( 'NONE', #1610, 1000.000000000000000 ) ;
#4259 = CARTESIAN_POINT ( 'NONE',  ( -2.433144385084099248, 12.33230590644956237, 10.73141175673297099 ) ) ;
#4260 = AXIS2_PLACEMENT_3D ( 'NONE', #859, #2108, #591 ) ;
#4261 = CIRCLE ( 'NONE', #3085, 11.00000000000000000 ) ;
#4262 = CARTESIAN_POINT ( 'NONE',  ( 4.809475019311147292, 5.000000000000001776, -10.97596897413675343 ) ) ;
#4263 = VERTEX_POINT ( 'NONE', #4152 ) ;
#4264 = CARTESIAN_POINT ( 'NONE',  ( -0.6574605157837746239, 4.521723500343285629, -8.977567166700664458 ) ) ;
#4265 = LINE ( 'NONE', #3104, #1605 ) ;
#4266 = DIRECTION ( 'NONE',  ( 0.000000000000000000, 1.000000000000000000, 0.000000000000000000 ) ) ;
#4267 = ORIENTED_EDGE ( 'NONE', *, *, #1144, .F. ) ;
#4268 = CARTESIAN_POINT ( 'NONE',  ( 10.56537699689782350, 26.34796837368952538, -3.080470844611790326 ) ) ;
#4269 = DIRECTION ( 'NONE',  ( -0.7071067811865486830, -0.7071067811865464625, 1.232595164407830946E-32 ) ) ;
#4270 = DIRECTION ( 'NONE',  ( 0.000000000000000000, 0.000000000000000000, 1.000000000000000000 ) ) ;
#4271 = CARTESIAN_POINT ( 'NONE',  ( -7.531332955832511722, 7.645927613807497636, -8.018047027985502950 ) ) ;
#4272 = ORIENTED_EDGE ( 'NONE', *, *, #1025, .F. ) ;
#4273 = CARTESIAN_POINT ( 'NONE',  ( -30.99999999999997868, 12.50000000000000000, -6.999999999999999112 ) ) ;
#4274 = CARTESIAN_POINT ( 'NONE',  ( -9.442021297898342880, 26.92283044367692924, 6.960435211162759650 ) ) ;
#4275 = CARTESIAN_POINT ( 'NONE',  ( -27.99999999999997868, -2.499999999999998668, -22.50000000000000355 ) ) ;
#4276 = ORIENTED_EDGE ( 'NONE', *, *, #1236, .T. ) ;
#4277 = DIRECTION ( 'NONE',  ( -0.000000000000000000, 1.000000000000000000, -0.000000000000000000 ) ) ;
#4278 = EDGE_CURVE ( 'NONE', #3368, #1702, #4325, .T. ) ;
#4279 = CARTESIAN_POINT ( 'NONE',  ( 4.730272633057449383, 9.844453701240196253, -9.932864283245177006 ) ) ;
#4280 = LINE ( 'NONE', #4636, #4397 ) ;
#4281 = CARTESIAN_POINT ( 'NONE',  ( 5.839363280258432098, 2.702249174536190068, 9.760661557592845483 ) ) ;
#4282 = CARTESIAN_POINT ( 'NONE',  ( 0.4545708527529692122, 12.32315227381350198, 10.99430048980505603 ) ) ;
#4283 = EDGE_CURVE ( 'NONE', #1461, #2417, #2309, .T. ) ;
#4284 = CARTESIAN_POINT ( 'NONE',  ( -4.781314836840281579, 12.09188761041754034, 9.908013500077712976 ) ) ;
#4285 = VERTEX_POINT ( 'NONE', #2133 ) ;
#4286 = CARTESIAN_POINT ( 'NONE',  ( 16.95141776686240931, 30.38644660940673603, 11.00000000000000178 ) ) ;
#4287 = EDGE_CURVE ( 'NONE', #2237, #4917, #495, .T. ) ;
#4288 = DIRECTION ( 'NONE',  ( 0.000000000000000000, 0.000000000000000000, -1.000000000000000000 ) ) ;
#4289 = ORIENTED_EDGE ( 'NONE', *, *, #1956, .F. ) ;
#4290 = CARTESIAN_POINT ( 'NONE',  ( 9.090186470805830865, 22.19326312677897306, -6.211501279264306952 ) ) ;
#4291 = CARTESIAN_POINT ( 'NONE',  ( 18.35786437626910228, 32.50000000000000711, 0.9236948656460554075 ) ) ;
#4292 = CARTESIAN_POINT ( 'NONE',  ( 6.745966692414854471, 2.500000000000002220, 10.75787386595823847 ) ) ;
#4293 = CARTESIAN_POINT ( 'NONE',  ( -8.745966692414814503, 6.500000000000000888, 25.00000000000000000 ) ) ;
#4294 = EDGE_LOOP ( 'NONE', ( #294, #612, #2821, #1407 ) ) ;
#4295 = LINE ( 'NONE', #5147, #770 ) ;
#4296 = CARTESIAN_POINT ( 'NONE',  ( -8.222339468508208071, 28.21581880069419768, 7.318624305397977814 ) ) ;
#4297 = DIRECTION ( 'NONE',  ( -0.000000000000000000, 1.000000000000000000, -0.000000000000000000 ) ) ;
#4298 = ORIENTED_EDGE ( 'NONE', *, *, #1102, .F. ) ;
#4299 = CARTESIAN_POINT ( 'NONE',  ( 0.000000000000000000, 29.50000000000000711, 0.000000000000000000 ) ) ;
#4300 = EDGE_CURVE ( 'NONE', #52, #4922, #3416, .T. ) ;
#4301 = CARTESIAN_POINT ( 'NONE',  ( 4.731559106437951634, 4.698232967037595742, 10.97072897607361419 ) ) ;
#4302 = CARTESIAN_POINT ( 'NONE',  ( -4.684993315764408806, 11.24459540472156149, 10.77074584964397808 ) ) ;
#4303 = CARTESIAN_POINT ( 'NONE',  ( -3.446771408995151109, 12.93641313272772031, 10.44773328748366481 ) ) ;
#4304 = ADVANCED_FACE ( 'NONE', ( #547, #2517, #4182, #1728, #524, #435 ), #142, .T. ) ;
#4305 = ORIENTED_EDGE ( 'NONE', *, *, #276, .T. ) ;
#4306 = DIRECTION ( 'NONE',  ( 1.000000000000000000, 0.000000000000000000, 0.000000000000000000 ) ) ;
#4307 = CARTESIAN_POINT ( 'NONE',  ( 2.499999999999999556, 37.50000000000000711, -8.645808232895291212 ) ) ;
#4308 = DIRECTION ( 'NONE',  ( 0.7071067811865467956, -0.7071067811865484609, 0.000000000000000000 ) ) ;
#4309 = DIRECTION ( 'NONE',  ( -0.000000000000000000, 1.000000000000000000, -0.000000000000000000 ) ) ;
#4310 = ORIENTED_EDGE ( 'NONE', *, *, #2694, .F. ) ;
#4311 = CARTESIAN_POINT ( 'NONE',  ( 6.745966692414854471, 3.500000000000002220, 10.75787386595823847 ) ) ;
#4312 = VECTOR ( 'NONE', #1003, 1000.000000000000000 ) ;
#4313 = ORIENTED_EDGE ( 'NONE', *, *, #4712, .F. ) ;
#4314 = CARTESIAN_POINT ( 'NONE',  ( -9.904389682852908550, 26.93315648272485063, 6.334868926348073970 ) ) ;
#4315 = CARTESIAN_POINT ( 'NONE',  ( 37.27553390593281790, 21.71918471982868581, 15.00000000000000178 ) ) ;
#4316 = AXIS2_PLACEMENT_3D ( 'NONE', #4815, #3214, #4760 ) ;
#4317 = LINE ( 'NONE', #5109, #1257 ) ;
#4318 = AXIS2_PLACEMENT_3D ( 'NONE', #1879, #3166, #4726 ) ;
#4319 = VECTOR ( 'NONE', #1788, 1000.000000000000000 ) ;
#4320 = ORIENTED_EDGE ( 'NONE', *, *, #3115, .T. ) ;
#4321 = CYLINDRICAL_SURFACE ( 'NONE', #5154, 2.000000000000000000 ) ;
#4322 = AXIS2_PLACEMENT_3D ( 'NONE', #587, #2226, #3109 ) ;
#4323 = CARTESIAN_POINT ( 'NONE',  ( 5.676998682032015076, 4.503898172392192478, 9.966232618067941473 ) ) ;
#4324 = EDGE_CURVE ( 'NONE', #1488, #448, #4828, .T. ) ;
#4325 = CIRCLE ( 'NONE', #677, 10.00000000000002665 ) ;
#4326 = ADVANCED_FACE ( 'NONE', ( #4902 ), #2905, .F. ) ;
#4327 = VECTOR ( 'NONE', #3253, 1000.000000000000000 ) ;
#4328 = LINE ( 'NONE', #1104, #57 ) ;
#4329 = ORIENTED_EDGE ( 'NONE', *, *, #3476, .T. ) ;
#4330 = CARTESIAN_POINT ( 'NONE',  ( -11.53256259467079126, 26.50000000000000711, -7.000000000000000888 ) ) ;
#4331 = FACE_OUTER_BOUND ( 'NONE', #2280, .T. ) ;
#4332 = AXIS2_PLACEMENT_3D ( 'NONE', #1635, #3276, #838 ) ;
#4333 = EDGE_CURVE ( 'NONE', #5002, #4003, #3872, .T. ) ;
#4334 = CARTESIAN_POINT ( 'NONE',  ( 2.688222198374274943E-15, 13.42820323027551233, 11.00000000000000000 ) ) ;
#4335 = EDGE_LOOP ( 'NONE', ( #4298, #280, #2766 ) ) ;
#4336 = CARTESIAN_POINT ( 'NONE',  ( 1.000000000000020206, 6.673840107636433316, 8.944271909999153891 ) ) ;
#4337 = FACE_OUTER_BOUND ( 'NONE', #3819, .T. ) ;
#4338 = CARTESIAN_POINT ( 'NONE',  ( 4.977572450025766315, 5.665101111533823008, 10.02484658498754122 ) ) ;
#4339 = CARTESIAN_POINT ( 'NONE',  ( -8.745966692414814503, 6.500000000000000888, 25.00000000000000000 ) ) ;
#4340 = ADVANCED_FACE ( 'NONE', ( #3526 ), #1160, .T. ) ;
#4341 = VERTEX_POINT ( 'NONE', #2626 ) ;
#4342 = CARTESIAN_POINT ( 'NONE',  ( -9.380831519646857686, 26.14973472408727417, 7.000000000000000000 ) ) ;
#4343 = DIRECTION ( 'NONE',  ( -1.000000000000000000, 0.000000000000000000, -0.000000000000000000 ) ) ;
#4344 = CARTESIAN_POINT ( 'NONE',  ( 15.89075759508259189, 31.44710678118655522, 11.00000000000000178 ) ) ;
#4345 = CIRCLE ( 'NONE', #3854, 1.000000000000000000 ) ;
#4346 = CARTESIAN_POINT ( 'NONE',  ( 4.999325878441460702, 3.490768836140831777, -10.92029837450626850 ) ) ;
#4347 = DIRECTION ( 'NONE',  ( 0.7071067811865486830, 0.7071067811865464625, -0.000000000000000000 ) ) ;
#4348 = ORIENTED_EDGE ( 'NONE', *, *, #1661, .F. ) ;
#4349 = CARTESIAN_POINT ( 'NONE',  ( 7.910822395392139050, 3.710039161685085407, 9.591318884781872001 ) ) ;
#4350 = CARTESIAN_POINT ( 'NONE',  ( 28.00000000000002132, 2.500000000000002220, 22.50000000000000355 ) ) ;
#4351 = VERTEX_POINT ( 'NONE', #2215 ) ;
#4352 = CYLINDRICAL_SURFACE ( 'NONE', #2648, 10.00000000000002487 ) ;
#4353 = CYLINDRICAL_SURFACE ( 'NONE', #2127, 1.500000000000001998 ) ;
#4354 = CARTESIAN_POINT ( 'NONE',  ( -4.464459859090658789, 11.41624701706541423, -10.06627288561577238 ) ) ;
#4355 = ORIENTED_EDGE ( 'NONE', *, *, #2354, .F. ) ;
#4356 = CARTESIAN_POINT ( 'NONE',  ( -0.9999999999999794609, 6.500000000000000888, 25.00000000000000000 ) ) ;
#4357 = CARTESIAN_POINT ( 'NONE',  ( 37.27553390593281790, 21.71918471982868581, -10.99999999999999822 ) ) ;
#4358 = PLANE ( 'NONE',  #3916 ) ;
#4359 = ADVANCED_FACE ( 'NONE', ( #268, #1831 ), #4641, .T. ) ;
#4360 = EDGE_CURVE ( 'NONE', #4973, #1678, #576, .T. ) ;
#4361 = CARTESIAN_POINT ( 'NONE',  ( -7.937626670470418588, 7.503768807351989700, -7.615384615384614975 ) ) ;
#4362 = EDGE_LOOP ( 'NONE', ( #608, #378, #5193, #4721 ) ) ;
#4363 = LINE ( 'NONE', #714, #1928 ) ;
#4364 = CARTESIAN_POINT ( 'NONE',  ( 8.745414351035423195, -2.500000000000000444, -4.943970969478535871 ) ) ;
#4365 = EDGE_LOOP ( 'NONE', ( #5221, #4183, #2150, #4530 ) ) ;
#4366 = CARTESIAN_POINT ( 'NONE',  ( -9.904389682852908550, 26.93315648272485419, -6.334868926348073970 ) ) ;
#4367 = EDGE_CURVE ( 'NONE', #4106, #3893, #1417, .T. ) ;
#4368 = FACE_OUTER_BOUND ( 'NONE', #3303, .T. ) ;
#4369 = ORIENTED_EDGE ( 'NONE', *, *, #791, .F. ) ;
#4370 = DIRECTION ( 'NONE',  ( -1.000000000000000000, -0.000000000000000000, -0.000000000000000000 ) ) ;
#4371 = CARTESIAN_POINT ( 'NONE',  ( 14.76108948082445238, 2.499999999999301892, 5.144362935667041725 ) ) ;
#4372 = DIRECTION ( 'NONE',  ( -0.3732132125417028101, 0.9009473284912754565, -0.2213725576234228110 ) ) ;
#4373 = CARTESIAN_POINT ( 'NONE',  ( 11.61895003862225018, 26.58557958571799418, 3.000000000000000000 ) ) ;
#4374 = CARTESIAN_POINT ( 'NONE',  ( 5.968794209063469580, 2.623897897036787885, -9.732379614477045138 ) ) ;
#4375 = CARTESIAN_POINT ( 'NONE',  ( 1.734723475976807094E-15, 1.734723475976807094E-15, 9.000000000000000000 ) ) ;
#4376 = ORIENTED_EDGE ( 'NONE', *, *, #3051, .T. ) ;
#4377 = CARTESIAN_POINT ( 'NONE',  ( 10.47936840356356214, 21.64651716637316170, -6.154182588444764512 ) ) ;
#4378 = DIRECTION ( 'NONE',  ( 0.000000000000000000, 0.000000000000000000, 1.000000000000000000 ) ) ;
#4379 = CARTESIAN_POINT ( 'NONE',  ( -27.99999999999997868, -6.742640687119290099, -21.00000000000000000 ) ) ;
#4380 = VERTEX_POINT ( 'NONE', #2703 ) ;
#4381 = DIRECTION ( 'NONE',  ( 0.6910534526520605292, 0.06016707423947029176, -0.7202951122665822714 ) ) ;
#4382 = EDGE_CURVE ( 'NONE', #1560, #1746, #2796, .T. ) ;
#4383 = ORIENTED_EDGE ( 'NONE', *, *, #3637, .T. ) ;
#4384 = LINE ( 'NONE', #1166, #4076 ) ;
#4385 = CARTESIAN_POINT ( 'NONE',  ( 17.78632820404602910, 4.180301343049810825, 2.727272727272728847 ) ) ;
#4386 = CARTESIAN_POINT ( 'NONE',  ( -0.9999999999999794609, 6.500000000000000888, 10.00000000000000178 ) ) ;
#4387 = CARTESIAN_POINT ( 'NONE',  ( -3.237323909688051948, 12.06937324371954112, 11.44536337783949698 ) ) ;
#4388 = AXIS2_PLACEMENT_3D ( 'NONE', #4620, #5022, #4125 ) ;
#4389 = EDGE_CURVE ( 'NONE', #3383, #5191, #1222, .T. ) ;
#4390 = DIRECTION ( 'NONE',  ( -0.9281909617845146565, 0.000000000000000000, 0.3721042037676246528 ) ) ;
#4391 = CARTESIAN_POINT ( 'NONE',  ( -30.99999999999997868, 12.50000000000000000, 6.999999999999999112 ) ) ;
#4392 = CARTESIAN_POINT ( 'NONE',  ( 11.56351723034224399, 3.883977010968666210, 8.445643490984556578 ) ) ;
#4393 = AXIS2_PLACEMENT_3D ( 'NONE', #1666, #3304, #4537 ) ;
#4394 = AXIS2_PLACEMENT_3D ( 'NONE', #887, #2534, #396 ) ;
#4395 = DIRECTION ( 'NONE',  ( 0.000000000000000000, 0.000000000000000000, 1.000000000000000000 ) ) ;
#4396 = EDGE_CURVE ( 'NONE', #1436, #3645, #4809, .T. ) ;
#4397 = VECTOR ( 'NONE', #974, 1000.000000000000000 ) ;
#4398 = CIRCLE ( 'NONE', #1176, 9.000000000000000000 ) ;
#4399 = CARTESIAN_POINT ( 'NONE',  ( 28.00000000000002132, -6.742640687119290099, -21.00000000000000000 ) ) ;
#4400 = EDGE_LOOP ( 'NONE', ( #4246, #1473 ) ) ;
#4401 = CARTESIAN_POINT ( 'NONE',  ( -8.398193032000344616, 6.522713038089071880, -8.398529225458062797 ) ) ;
#4402 = DIRECTION ( 'NONE',  ( 1.000000000000000000, 0.000000000000000000, 0.000000000000000000 ) ) ;
#4403 = VECTOR ( 'NONE', #2278, 1000.000000000000000 ) ;
#4404 = PLANE ( 'NONE',  #1598 ) ;
#4405 = B_SPLINE_CURVE_WITH_KNOTS ( 'NONE', 3,
 ( #4643, #2300, #3921, #1009 ),
 .UNSPECIFIED., .F., .F.,
 ( 4, 4 ),
 ( 0.003133952695884399762, 0.003634594360217770215 ),
 .UNSPECIFIED. ) ;
#4406 = ORIENTED_EDGE ( 'NONE', *, *, #2332, .F. ) ;
#4408 = CIRCLE ( 'NONE', #1442, 1.500000000000001332 ) ;
#4407 = CYLINDRICAL_SURFACE ( 'NONE', #1253, 6.000000000000000000 ) ;
#4409 = DIRECTION ( 'NONE',  ( 0.000000000000000000, 1.000000000000000000, 0.000000000000000000 ) ) ;
#4410 = CARTESIAN_POINT ( 'NONE',  ( 18.46662954709583104, 2.500000000000001776, 3.000000000000001776 ) ) ;
#4411 = VECTOR ( 'NONE', #273, 999.9999999999998863 ) ;
#4412 = VERTEX_POINT ( 'NONE', #5168 ) ;
#4413 = CARTESIAN_POINT ( 'NONE',  ( -9.380831519646857686, 7.500000000000000888, 8.000000000000000000 ) ) ;
#4414 = ORIENTED_EDGE ( 'NONE', *, *, #1959, .T. ) ;
#4415 = CARTESIAN_POINT ( 'NONE',  ( 5.519999275848949338, 9.897328072306077473, 9.524501025999381199 ) ) ;
#4416 = CARTESIAN_POINT ( 'NONE',  ( 5.011015248117172582, 3.496408179093126289, 10.91954573460542122 ) ) ;
#4417 = ORIENTED_EDGE ( 'NONE', *, *, #2840, .T. ) ;
#4418 = FACE_OUTER_BOUND ( 'NONE', #726, .T. ) ;
#4419 = CARTESIAN_POINT ( 'NONE',  ( -30.99999999999997868, 22.50000000000000355, 7.000000000000000000 ) ) ;
#4420 = ORIENTED_EDGE ( 'NONE', *, *, #195, .F. ) ;
#4421 = DIRECTION ( 'NONE',  ( -0.000000000000000000, -0.000000000000000000, -1.000000000000000000 ) ) ;
#4422 = EDGE_LOOP ( 'NONE', ( #5159, #3670 ) ) ;
#4423 = CARTESIAN_POINT ( 'NONE',  ( 9.184722082150267752, 3.770701051530978010, 9.282281567982298753 ) ) ;
#4424 = EDGE_CURVE ( 'NONE', #1418, #2044, #4893, .T. ) ;
#4425 = EDGE_LOOP ( 'NONE', ( #2189, #797, #4599, #643, #532 ) ) ;
#4426 = DIRECTION ( 'NONE',  ( 0.000000000000000000, 0.000000000000000000, 1.000000000000000000 ) ) ;
#4427 = ORIENTED_EDGE ( 'NONE', *, *, #2600, .T. ) ;
#4428 = CARTESIAN_POINT ( 'NONE',  ( 0.000000000000000000, 0.000000000000000000, 0.000000000000000000 ) ) ;
#4429 = EDGE_CURVE ( 'NONE', #4380, #60, #5137, .T. ) ;
#4430 = CARTESIAN_POINT ( 'NONE',  ( 4.757170451166988556, 4.239593908171603864, -10.95670745277280922 ) ) ;
#4431 = CARTESIAN_POINT ( 'NONE',  ( 40.10396103067900242, 18.89075759508248353, 15.00000000000000178 ) ) ;
#4432 = ORIENTED_EDGE ( 'NONE', *, *, #4429, .F. ) ;
#4433 = DIRECTION ( 'NONE',  ( -1.000000000000000000, 0.000000000000000000, 0.000000000000000000 ) ) ;
#4434 =( NAMED_UNIT ( * ) PLANE_ANGLE_UNIT ( ) SI_UNIT ( $, .RADIAN. ) );
#4435 = CARTESIAN_POINT ( 'NONE',  ( 37.27553390593282501, 21.71918471982868937, 10.99999999999999822 ) ) ;
#4436 = ORIENTED_EDGE ( 'NONE', *, *, #652, .T. ) ;
#4437 = CARTESIAN_POINT ( 'NONE',  ( -1.853386317716275267, 4.683007439820071838, 8.808426523879877124 ) ) ;
#4438 = B_SPLINE_CURVE_WITH_KNOTS ( 'NONE', 3,
 ( #3234, #2471, #360, #3611, #5213, #2835 ),
 .UNSPECIFIED., .F., .F.,
 ( 4, 2, 4 ),
 ( 1.734723475976807094E-18, 0.0008692223665944480556, 0.001738444733188894377 ),
 .UNSPECIFIED. ) ;
#4439 = EDGE_LOOP ( 'NONE', ( #1924, #1037, #1390, #2085, #491, #3017, #3635, #4198 ) ) ;
#4440 = CARTESIAN_POINT ( 'NONE',  ( 7.827679968927051313, 16.80390104299222287, 7.763662528287096798 ) ) ;
#4441 = CARTESIAN_POINT ( 'NONE',  ( -8.686877334909160808, 6.500000000000000888, -8.251653647666550739 ) ) ;
#4442 = ORIENTED_EDGE ( 'NONE', *, *, #2669, .T. ) ;
#4443 = CARTESIAN_POINT ( 'NONE',  ( 2.874680969212686232, 12.15545162582759886, 10.62010914776136516 ) ) ;
#4444 = CARTESIAN_POINT ( 'NONE',  ( 2.399856045835581764, 11.45391784040578109, 11.63204134222495689 ) ) ;
#4445 = ORIENTED_EDGE ( 'NONE', *, *, #3207, .T. ) ;
#4446 = EDGE_LOOP ( 'NONE', ( #2958, #1444, #3859, #1729 ) ) ;
#4447 = CARTESIAN_POINT ( 'NONE',  ( -27.99999999999997868, -2.499999999999998668, 22.50000000000000355 ) ) ;
#4448 = EDGE_CURVE ( 'NONE', #448, #1421, #3562, .T. ) ;
#4449 = CARTESIAN_POINT ( 'NONE',  ( 5.467084117376011854, 9.178959316373282107, 10.68227462919461423 ) ) ;
#4450 = CARTESIAN_POINT ( 'NONE',  ( 5.604192071512962059, 2.851044311523363906, -10.85734116483466316 ) ) ;
#4451 = VECTOR ( 'NONE', #2480, 1000.000000000000000 ) ;
#4452 = ADVANCED_FACE ( 'NONE', ( #2007 ), #1531, .F. ) ;
#4453 = ORIENTED_EDGE ( 'NONE', *, *, #3350, .F. ) ;
#4454 = CARTESIAN_POINT ( 'NONE',  ( 19.95141776686243062, 33.38644660940673958, -10.99999999999999822 ) ) ;
#4455 = CARTESIAN_POINT ( 'NONE',  ( -0.000000000000000000, 3.500000000000002220, -2.000000000000000000 ) ) ;
#4456 = CARTESIAN_POINT ( 'NONE',  ( 4.809475019311147292, 5.000000000000001776, 10.97596897413675698 ) ) ;
#4457 = ORIENTED_EDGE ( 'NONE', *, *, #1108, .F. ) ;
#4458 = DIRECTION ( 'NONE',  ( 0.000000000000000000, 0.000000000000000000, -1.000000000000000000 ) ) ;
#4459 = EDGE_CURVE ( 'NONE', #462, #3645, #3148, .T. ) ;
#4460 = ORIENTED_EDGE ( 'NONE', *, *, #4396, .T. ) ;
#4461 = CARTESIAN_POINT ( 'NONE',  ( 5.867953507006794744, 12.41330432427774788, 9.307853784505050854 ) ) ;
#4462 = CARTESIAN_POINT ( 'NONE',  ( 0.2914327096464397471, 4.962924553802050553, 8.996126331243063490 ) ) ;
#4463 = CARTESIAN_POINT ( 'NONE',  ( -6.809475019311104660, 8.000000000000000000, 25.00000000000000000 ) ) ;
#4464 = CARTESIAN_POINT ( 'NONE',  ( 0.5691256733339860041, 13.31700116082483909, -10.98877763030187893 ) ) ;
#4465 = DIRECTION ( 'NONE',  ( 1.000000000000000000, 0.000000000000000000, 0.000000000000000000 ) ) ;
#4466 = CARTESIAN_POINT ( 'NONE',  ( 18.35786437626909873, 32.50000000000000711, 1.224646799147356215E-15 ) ) ;
#4467 = ORIENTED_EDGE ( 'NONE', *, *, #1405, .T. ) ;
#4468 = FACE_OUTER_BOUND ( 'NONE', #4439, .T. ) ;
#4469 = FACE_OUTER_BOUND ( 'NONE', #4890, .T. ) ;
#4470 = ORIENTED_EDGE ( 'NONE', *, *, #3922, .F. ) ;
#4471 = CARTESIAN_POINT ( 'NONE',  ( -8.419040320968367297, 27.47572714786057801, -7.241634685278047101 ) ) ;
#4472 = AXIS2_PLACEMENT_3D ( 'NONE', #2030, #2860, #4465 ) ;
#4473 =( LENGTH_UNIT ( ) NAMED_UNIT ( * ) SI_UNIT ( .MILLI., .METRE. ) );
#4474 = CARTESIAN_POINT ( 'NONE',  ( 5.696914373077474281, 4.658057039704008417, -9.973089937321740095 ) ) ;
#4475 = CARTESIAN_POINT ( 'NONE',  ( -8.572491497702467100, 6.507537614703977624, 8.307692307692308376 ) ) ;
#4476 = CIRCLE ( 'NONE', #5079, 1.500000000000001332 ) ;
#4477 = CARTESIAN_POINT ( 'NONE',  ( -23.99999999999997868, 8.500000000000000000, 25.00000000000000000 ) ) ;
#4478 = VECTOR ( 'NONE', #2682, 1000.000000000000000 ) ;
#4479 = EDGE_CURVE ( 'NONE', #3125, #2712, #4736, .T. ) ;
#4480 = EDGE_CURVE ( 'NONE', #575, #1568, #2589, .T. ) ;
#4481 = VECTOR ( 'NONE', #3636, 1000.000000000000000 ) ;
#4482 = AXIS2_PLACEMENT_3D ( 'NONE', #1721, #1230, #866 ) ;
#4483 = ORIENTED_EDGE ( 'NONE', *, *, #1108, .T. ) ;
#4484 = CARTESIAN_POINT ( 'NONE',  ( -8.378505796275462103, 6.524427121665216767, -8.408789373376045262 ) ) ;
#4485 = ORIENTED_EDGE ( 'NONE', *, *, #1965, .T. ) ;
#4486 = LINE ( 'NONE', #900, #240 ) ;
#4487 = ORIENTED_EDGE ( 'NONE', *, *, #4528, .T. ) ;
#4488 = AXIS2_PLACEMENT_3D ( 'NONE', #2551, #533, #4998 ) ;
#4489 = CARTESIAN_POINT ( 'NONE',  ( -21.99999999999997868, 6.500000000000000888, -8.000000000000000000 ) ) ;
#4490 = ADVANCED_FACE ( 'NONE', ( #2750 ), #4352, .T. ) ;
#4491 = FACE_OUTER_BOUND ( 'NONE', #3153, .T. ) ;
#4492 = CIRCLE ( 'NONE', #1443, 1.000000000000000888 ) ;
#4493 = DIRECTION ( 'NONE',  ( 0.000000000000000000, 0.000000000000000000, 1.000000000000000000 ) ) ;
#4494 = CARTESIAN_POINT ( 'NONE',  ( 32.00000000000002132, 0.000000000000000000, 25.00000000000000000 ) ) ;
#4495 = CARTESIAN_POINT ( 'NONE',  ( -8.654712779901373665, 27.07561518905389519, 7.131941751569454979 ) ) ;
#4496 = VECTOR ( 'NONE', #2526, 1000.000000000000000 ) ;
#4497 = VECTOR ( 'NONE', #828, 1000.000000000000000 ) ;
#4498 = DIRECTION ( 'NONE',  ( 1.000000000000000000, 0.000000000000000000, -0.000000000000000000 ) ) ;
#4499 = EDGE_CURVE ( 'NONE', #1560, #3286, #227, .T. ) ;
#4500 = CARTESIAN_POINT ( 'NONE',  ( -3.149040624879063888, 12.11021060252222981, -11.48116404776297550 ) ) ;
#4501 = AXIS2_PLACEMENT_3D ( 'NONE', #1019, #2668, #3130 ) ;
#4502 = CYLINDRICAL_SURFACE ( 'NONE', #4260, 4.000000000000000000 ) ;
#4503 = EDGE_LOOP ( 'NONE', ( #1725, #1822, #2580, #381 ) ) ;
#4504 = DIRECTION ( 'NONE',  ( -1.000000000000000000, 0.000000000000000000, 0.000000000000000000 ) ) ;
#4505 = CARTESIAN_POINT ( 'NONE',  ( 5.635805717330434561, 9.010237716418858511, -9.711158753813290190 ) ) ;
#4506 = ORIENTED_EDGE ( 'NONE', *, *, #4424, .T. ) ;
#4507 = ADVANCED_FACE ( 'NONE', ( #2427 ), #2596, .F. ) ;
#4508 = DIRECTION ( 'NONE',  ( 1.000000000000000000, -0.000000000000000000, 0.000000000000000000 ) ) ;
#4509 = PLANE ( 'NONE',  #3649 ) ;
#4510 = CARTESIAN_POINT ( 'NONE',  ( -6.907007747972889078, 9.041637988858138186, -8.563395182439244024 ) ) ;
#4511 = AXIS2_PLACEMENT_3D ( 'NONE', #561, #4527, #3379 ) ;
#4512 = ORIENTED_EDGE ( 'NONE', *, *, #1556, .F. ) ;
#4513 = LINE ( 'NONE', #3336, #2483 ) ;
#4514 = CARTESIAN_POINT ( 'NONE',  ( -17.25100000000003675, -17.25099999999998346, 0.000000000000000000 ) ) ;
#4515 = ORIENTED_EDGE ( 'NONE', *, *, #1268, .F. ) ;
#4516 = CARTESIAN_POINT ( 'NONE',  ( 7.071067811865482611, -7.071067811865503039, 0.000000000000000000 ) ) ;
#4517 = CARTESIAN_POINT ( 'NONE',  ( -9.904389682852908550, 26.93315648272485419, -6.334868926348073970 ) ) ;
#4518 = CYLINDRICAL_SURFACE ( 'NONE', #2979, 1.000000000000000000 ) ;
#4519 = CARTESIAN_POINT ( 'NONE',  ( -21.99999999999997868, 7.500000000000000888, 8.000000000000000000 ) ) ;
#4520 = CARTESIAN_POINT ( 'NONE',  ( 0.8864386587099718495, 5.813077419807789248, 8.956355129435030094 ) ) ;
#4521 = ADVANCED_FACE ( 'NONE', ( #1234 ), #4754, .F. ) ;
#4522 = ORIENTED_EDGE ( 'NONE', *, *, #2027, .F. ) ;
#4523 = DIRECTION ( 'NONE',  ( -0.000000000000000000, -0.000000000000000000, 1.000000000000000000 ) ) ;
#4524 = CARTESIAN_POINT ( 'NONE',  ( 32.00000000000002132, 18.39397313900376218, -2.727272727272728403 ) ) ;
#4525 = DIRECTION ( 'NONE',  ( -1.067871377262452863E-16, 0.000000000000000000, -1.000000000000000000 ) ) ;
#4526 = ORIENTED_EDGE ( 'NONE', *, *, #4014, .T. ) ;
#4527 = DIRECTION ( 'NONE',  ( -0.000000000000000000, -1.000000000000000000, -0.000000000000000000 ) ) ;
#4528 = EDGE_CURVE ( 'NONE', #2831, #5225, #54, .T. ) ;
#4529 = CARTESIAN_POINT ( 'NONE',  ( 18.19052316201591779, 32.50000000000000711, -2.000000000000001332 ) ) ;
#4530 = ORIENTED_EDGE ( 'NONE', *, *, #1075, .F. ) ;
#4531 = DIRECTION ( 'NONE',  ( 1.000000000000000000, 0.000000000000000000, -0.000000000000000000 ) ) ;
#4532 = CARTESIAN_POINT ( 'NONE',  ( -1.998730238000590909, 12.42674283274189229, -10.82251852814735926 ) ) ;
#4533 = CARTESIAN_POINT ( 'NONE',  ( 4.745966692414854471, 4.500000000000002665, 25.00000000000000000 ) ) ;
#4534 = DIRECTION ( 'NONE',  ( 0.000000000000000000, 0.000000000000000000, 1.000000000000000000 ) ) ;
#4535 = CARTESIAN_POINT ( 'NONE',  ( -5.570382895540638479, 11.33193149817036804, 9.488454641461405714 ) ) ;
#4536 = ORIENTED_EDGE ( 'NONE', *, *, #1558, .F. ) ;
#4537 = DIRECTION ( 'NONE',  ( -0.7071067811865463515, 0.7071067811865487940, 0.000000000000000000 ) ) ;
#4538 = ORIENTED_EDGE ( 'NONE', *, *, #661, .F. ) ;
#4539 = CARTESIAN_POINT ( 'NONE',  ( 0.000000000000000000, 37.50000000000000711, 0.000000000000000000 ) ) ;
#4540 = CARTESIAN_POINT ( 'NONE',  ( 11.61895003862225018, 32.50000000000000711, 2.000000000000000000 ) ) ;
#4541 = DIRECTION ( 'NONE',  ( -0.7071067811865467956, 0.7071067811865484609, 0.000000000000000000 ) ) ;
#4542 = FACE_OUTER_BOUND ( 'NONE', #4015, .T. ) ;
#4543 = CARTESIAN_POINT ( 'NONE',  ( 18.89075759508260788, 40.10396103067894558, -10.99999999999999467 ) ) ;
#4544 = EDGE_LOOP ( 'NONE', ( #4445, #682, #1874, #3375 ) ) ;
#4545 = DIRECTION ( 'NONE',  ( 0.3755721109022578941, -0.9066417763422749410, 0.1922141485514185510 ) ) ;
#4546 = LINE ( 'NONE', #4243, #3238 ) ;
#4547 = EDGE_CURVE ( 'NONE', #2576, #5084, #3310, .T. ) ;
#4548 = ADVANCED_FACE ( 'NONE', ( #894 ), #2985, .T. ) ;
#4549 = ORIENTED_EDGE ( 'NONE', *, *, #2776, .F. ) ;
#4550 = FACE_OUTER_BOUND ( 'NONE', #3209, .T. ) ;
#4551 = CARTESIAN_POINT ( 'NONE',  ( -27.99999999999997868, 12.50000000000000000, -21.00000000000000000 ) ) ;
#4552 = CARTESIAN_POINT ( 'NONE',  ( 10.91575947569517346, 24.92421256820341569, -1.723445339426786127 ) ) ;
#4553 = ORIENTED_EDGE ( 'NONE', *, *, #3414, .T. ) ;
#4554 = DIRECTION ( 'NONE',  ( 0.7071067811865464625, -0.7071067811865486830, 0.000000000000000000 ) ) ;
#4555 = ADVANCED_FACE ( 'NONE', ( #2155, #2900 ), #4509, .T. ) ;
#4556 = ORIENTED_EDGE ( 'NONE', *, *, #3200, .F. ) ;
#4557 = CARTESIAN_POINT ( 'NONE',  ( 0.4545708527529644938, 12.32315227381350020, -10.99430048980505248 ) ) ;
#4558 = CARTESIAN_POINT ( 'NONE',  ( 6.056838558190163369, 3.781507371436211518, -9.870636698718840307 ) ) ;
#4559 = CARTESIAN_POINT ( 'NONE',  ( -6.887039327581157444, 7.717440802430061808, -8.588211715495409848 ) ) ;
#4560 = B_SPLINE_CURVE_WITH_KNOTS ( 'NONE', 3,
 ( #1389, #4268, #1062, #3025, #2734, #2684, #252, #4290, #3926, #1890, #4236, #3530, #4623, #985, #584, #1483, #3851, #177, #1813, #3455 ),
 .UNSPECIFIED., .F., .F.,
 ( 4, 2, 2, 2, 2, 2, 2, 2, 2, 4 ),
 ( 0.0008905784509021604954, 0.002137248794419345423, 0.003383919137936530243, 0.005877259824970892943, 0.008370600512005254776, 0.01086394119903962008, 0.01335728188607398365, 0.01585062257310834374, 0.01834396326014270731, 0.02083730394717706741 ),
 .UNSPECIFIED. ) ;
#4561 = ADVANCED_FACE ( 'NONE', ( #2512 ), #1476, .F. ) ;
#4562 = EDGE_CURVE ( 'NONE', #4673, #3833, #4062, .T. ) ;
#4563 = EDGE_LOOP ( 'NONE', ( #803, #3196, #672, #2082 ) ) ;
#4564 = DIRECTION ( 'NONE',  ( 1.000000000000000000, -0.000000000000000000, 0.000000000000000000 ) ) ;
#4565 = CARTESIAN_POINT ( 'NONE',  ( -31.99999999999997868, 0.000000000000000000, -5.999999999999998224 ) ) ;
#4566 = ORIENTED_EDGE ( 'NONE', *, *, #4324, .F. ) ;
#4567 = DIRECTION ( 'NONE',  ( -0.000000000000000000, -0.000000000000000000, -1.000000000000000000 ) ) ;
#4568 = VECTOR ( 'NONE', #2053, 1000.000000000000000 ) ;
#4569 = AXIS2_PLACEMENT_3D ( 'NONE', #4008, #344, #511 ) ;
#4570 = AXIS2_PLACEMENT_3D ( 'NONE', #697, #1648, #4082 ) ;
#4571 = CARTESIAN_POINT ( 'NONE',  ( 6.745966692414854471, 2.500000000000002220, -25.00000000000000000 ) ) ;
#4572 = ORIENTED_EDGE ( 'NONE', *, *, #2731, .T. ) ;
#4574 = AXIS2_PLACEMENT_3D ( 'NONE', #3546, #1504, #3219 ) ;
#4573 = DIRECTION ( 'NONE',  ( -1.000000000000000000, -0.000000000000000000, -0.000000000000000000 ) ) ;
#4575 = ORIENTED_EDGE ( 'NONE', *, *, #416, .F. ) ;
#4576 = AXIS2_PLACEMENT_3D ( 'NONE', #3532, #274, #2310 ) ;
#4577 = DIRECTION ( 'NONE',  ( -0.7071067811865486830, -0.7071067811865464625, -0.000000000000000000 ) ) ;
#4578 = DIRECTION ( 'NONE',  ( -1.000000000000000000, 0.000000000000000000, 0.000000000000000000 ) ) ;
#4579 = AXIS2_PLACEMENT_3D ( 'NONE', #3391, #4932, #5020 ) ;
#4580 = CARTESIAN_POINT ( 'NONE',  ( -30.99999999999997868, 12.50000000000000000, 7.000000000000000000 ) ) ;
#4581 = ORIENTED_EDGE ( 'NONE', *, *, #819, .F. ) ;
#4582 = CARTESIAN_POINT ( 'NONE',  ( 0.000000000000000000, -2.499999999999998668, -25.00000000000000000 ) ) ;
#4583 = DIRECTION ( 'NONE',  ( 0.000000000000000000, 0.000000000000000000, 1.000000000000000000 ) ) ;
#4584 = CARTESIAN_POINT ( 'NONE',  ( 10.93438507218311706, 22.71942623861611565, -5.532922647890886836 ) ) ;
#4585 = ORIENTED_EDGE ( 'NONE', *, *, #4208, .F. ) ;
#4586 = CARTESIAN_POINT ( 'NONE',  ( -31.99999999999997868, 12.50000000000000000, -5.999999999999998224 ) ) ;
#4587 = CARTESIAN_POINT ( 'NONE',  ( -1.876412106715856787, 12.44410135853561350, -11.83417555983637293 ) ) ;
#4588 = CYLINDRICAL_SURFACE ( 'NONE', #2116, 0.9999999999999995559 ) ;
#4589 = EDGE_CURVE ( 'NONE', #3079, #2059, #5093, .T. ) ;
#4590 = CARTESIAN_POINT ( 'NONE',  ( -7.898502967503803873, 6.566218918990045950, 7.656163822712896305 ) ) ;
#4591 = CARTESIAN_POINT ( 'NONE',  ( -4.311434859395327557, 12.45481201724621734, -10.12572957604948876 ) ) ;
#4592 = CARTESIAN_POINT ( 'NONE',  ( -8.311998712829581137, 27.65396587591553512, -7.289058861268599365 ) ) ;
#4593 = ADVANCED_FACE ( 'NONE', ( #168 ), #1378, .F. ) ;
#4594 = EDGE_LOOP ( 'NONE', ( #2883, #2639, #334 ) ) ;
#4595 = CARTESIAN_POINT ( 'NONE',  ( 6.014909941793254333, 7.648447479624051581, -9.946854440287360433 ) ) ;
#4596 = LINE ( 'NONE', #2933, #1172 ) ;
#4597 = CARTESIAN_POINT ( 'NONE',  ( 28.00000000000002132, -2.499999999999998668, -21.00000000000000000 ) ) ;
#4598 = LINE ( 'NONE', #438, #4657 ) ;
#4599 = ORIENTED_EDGE ( 'NONE', *, *, #2813, .T. ) ;
#4600 = CARTESIAN_POINT ( 'NONE',  ( -9.380831519646857686, 7.500000000000000000, 9.000000000000001776 ) ) ;
#4601 = ORIENTED_EDGE ( 'NONE', *, *, #3200, .T. ) ;
#4602 = CARTESIAN_POINT ( 'NONE',  ( 4.786306679544291676, 8.209420500141163757, -10.85049699319222150 ) ) ;
#4603 = CARTESIAN_POINT ( 'NONE',  ( 5.689384126479562376, 4.658940137994003194, 9.973652063801281997 ) ) ;
#4604 = ORIENTED_EDGE ( 'NONE', *, *, #2332, .T. ) ;
#4605 = CYLINDRICAL_SURFACE ( 'NONE', #398, 9.000000000000000000 ) ;
#4606 = CYLINDRICAL_SURFACE ( 'NONE', #821, 2.000000000000000000 ) ;
#4607 = CARTESIAN_POINT ( 'NONE',  ( 8.365321253692949099, 20.10823674844955633, -7.154423439786710581 ) ) ;
#4608 = DIRECTION ( 'NONE',  ( -0.000000000000000000, -0.000000000000000000, 1.000000000000000000 ) ) ;
#4609 = ORIENTED_EDGE ( 'NONE', *, *, #4832, .T. ) ;
#4610 = CARTESIAN_POINT ( 'NONE',  ( 0.6690661311810151002, 12.26543071018825692, -11.96390840923060672 ) ) ;
#4611 = CARTESIAN_POINT ( 'NONE',  ( 0.000000000000000000, -2.500000000000002220, 0.000000000000000000 ) ) ;
#4612 = DIRECTION ( 'NONE',  ( -0.000000000000000000, -1.000000000000000000, -0.000000000000000000 ) ) ;
#4613 = CARTESIAN_POINT ( 'NONE',  ( -3.003165230729416546, 12.16327282913463570, 10.58793187535511038 ) ) ;
#4614 = EDGE_CURVE ( 'NONE', #4917, #4922, #243, .T. ) ;
#4615 = EDGE_CURVE ( 'NONE', #272, #3366, #2373, .T. ) ;
#4616 = CARTESIAN_POINT ( 'NONE',  ( 1.000000000000020428, 6.673931524415969818, -8.944271909999155667 ) ) ;
#4617 = VERTEX_POINT ( 'NONE', #1453 ) ;
#4618 = CARTESIAN_POINT ( 'NONE',  ( -10.96324755146583030, 26.53904346352661392, -6.108418410117450570 ) ) ;
#4619 = CARTESIAN_POINT ( 'NONE',  ( -22.99999999999997868, 12.50000000000000000, 8.000000000000000000 ) ) ;
#4620 = CARTESIAN_POINT ( 'NONE',  ( -30.99999999999997868, 0.000000000000000000, -5.999999999999998224 ) ) ;
#4621 = CYLINDRICAL_SURFACE ( 'NONE', #3743, 4.000000000000000000 ) ;
#4622 = ORIENTED_EDGE ( 'NONE', *, *, #2752, .F. ) ;
#4623 = CARTESIAN_POINT ( 'NONE',  ( 7.318791159249135703, 17.01669083176998143, -8.218403289963204017 ) ) ;
#4624 = EDGE_LOOP ( 'NONE', ( #1397, #157, #2807, #1249 ) ) ;
#4625 = CARTESIAN_POINT ( 'NONE',  ( 17.78632820404602910, 4.180301343049810825, -2.727272727272727959 ) ) ;
#4626 = CARTESIAN_POINT ( 'NONE',  ( 5.817543555748871498, 4.040119421052654758, 9.920953854453239629 ) ) ;
#4627 = EDGE_CURVE ( 'NONE', #737, #4011, #1475, .T. ) ;
#4628 = ORIENTED_EDGE ( 'NONE', *, *, #4733, .F. ) ;
#4629 = CARTESIAN_POINT ( 'NONE',  ( 0.5377955979485092852, 5.209476488823172602, -8.984760873184427510 ) ) ;
#4630 = CARTESIAN_POINT ( 'NONE',  ( -9.380831519646857686, 26.14973472408727417, 7.000000000000000888 ) ) ;
#4631 = CARTESIAN_POINT ( 'NONE',  ( 18.46662954709583460, 3.500000000000001776, -3.000000000000000000 ) ) ;
#4632 = VERTEX_POINT ( 'NONE', #3913 ) ;
#4633 = FACE_OUTER_BOUND ( 'NONE', #121, .T. ) ;
#4634 = ORIENTED_EDGE ( 'NONE', *, *, #2651, .T. ) ;
#4635 = CARTESIAN_POINT ( 'NONE',  ( 1.859381387020103471, 11.78434113068587230, -11.77488265707105342 ) ) ;
#4636 = CARTESIAN_POINT ( 'NONE',  ( 32.00000000000002132, 2.500000000000002220, -21.00000000000000000 ) ) ;
#4637 = CARTESIAN_POINT ( 'NONE',  ( 17.78632820404603265, 4.180301343049810825, -2.727272727272722186 ) ) ;
#4638 = CARTESIAN_POINT ( 'NONE',  ( -3.685533928051287766, 11.88100101386174323, 10.37524581320023920 ) ) ;
#4639 = CARTESIAN_POINT ( 'NONE',  ( 2.688222198374274943E-15, 13.42820323027551233, 11.00000000000000000 ) ) ;
#4640 = VERTEX_POINT ( 'NONE', #3099 ) ;
#4641 = PLANE ( 'NONE',  #4725 ) ;
#4642 = EDGE_CURVE ( 'NONE', #5060, #1470, #3118, .T. ) ;
#4643 = CARTESIAN_POINT ( 'NONE',  ( 4.745966692414854471, 4.499999999999918288, 10.96466066509570148 ) ) ;
#4644 = ADVANCED_FACE ( 'NONE', ( #1803 ), #3127, .F. ) ;
#4645 = AXIS2_PLACEMENT_3D ( 'NONE', #4597, #4155, #92 ) ;
#4646 = CARTESIAN_POINT ( 'NONE',  ( -27.99999999999997868, 25.50000000000000355, -6.000000000000000888 ) ) ;
#4647 = EDGE_LOOP ( 'NONE', ( #546, #2052, #2491, #2465, #1042 ) ) ;
#4648 = SPHERICAL_SURFACE ( 'NONE', #2372, 1.000000000000000000 ) ;
#4649 = ORIENTED_EDGE ( 'NONE', *, *, #4300, .F. ) ;
#4650 = CARTESIAN_POINT ( 'NONE',  ( 4.949938108129406267, 7.492101916481192170, 9.867015532762746233 ) ) ;
#4651 = ADVANCED_FACE ( 'NONE', ( #5218 ), #4059, .F. ) ;
#4652 = AXIS2_PLACEMENT_3D ( 'NONE', #2708, #2224, #4677 ) ;
#4653 = VECTOR ( 'NONE', #5254, 1000.000000000000000 ) ;
#4654 = CARTESIAN_POINT ( 'NONE',  ( -8.684912195502247911, 6.500000000000000888, 8.252461029561649397 ) ) ;
#4655 = AXIS2_PLACEMENT_3D ( 'NONE', #1904, #1529, #2820 ) ;
#4656 = VERTEX_POINT ( 'NONE', #3191 ) ;
#4657 = VECTOR ( 'NONE', #2464, 1000.000000000000000 ) ;
#4658 = CARTESIAN_POINT ( 'NONE',  ( -11.25111982867887050, 26.50000000000000711, 6.052070956862815265 ) ) ;
#4659 = CARTESIAN_POINT ( 'NONE',  ( 9.000000000000001776, 21.72792206135781612, -5.272077938642143913 ) ) ;
#4660 = VERTEX_POINT ( 'NONE', #752 ) ;
#4661 = EDGE_CURVE ( 'NONE', #1784, #4380, #1171, .T. ) ;
#4662 = DIRECTION ( 'NONE',  ( 0.000000000000000000, -1.000000000000000000, 0.000000000000000000 ) ) ;
#4663 = ORIENTED_EDGE ( 'NONE', *, *, #2704, .F. ) ;
#4664 = CARTESIAN_POINT ( 'NONE',  ( -3.000000000000089262, 6.675980569815033405, -8.485281374238537566 ) ) ;
#4665 = CIRCLE ( 'NONE', #1940, 11.00000000000000000 ) ;
#4666 = CARTESIAN_POINT ( 'NONE',  ( 4.179010112542867361, 10.76984433578712697, -10.17792370969713289 ) ) ;
#4667 = VECTOR ( 'NONE', #638, 999.9999999999998863 ) ;
#4668 = LINE ( 'NONE', #2242, #2968 ) ;
#4669 = CARTESIAN_POINT ( 'NONE',  ( -9.380831519646857686, 37.50000000000000711, -9.000000000000001776 ) ) ;
#4670 = CARTESIAN_POINT ( 'NONE',  ( -1.179049397753913375, 13.50391161750706637, 10.94193393597205954 ) ) ;
#4671 = CIRCLE ( 'NONE', #2397, 1.500000000000001332 ) ;
#4672 = CARTESIAN_POINT ( 'NONE',  ( -2.884911276709623884, 13.16616385499901654, 10.61678745652375788 ) ) ;
#4673 = VERTEX_POINT ( 'NONE', #2945 ) ;
#4674 = DIRECTION ( 'NONE',  ( 0.7071067811865485719, 0.7071067811865464625, -0.000000000000000000 ) ) ;
#4675 = CYLINDRICAL_SURFACE ( 'NONE', #1506, 2.000000000000000000 ) ;
#4676 = DIRECTION ( 'NONE',  ( -1.000000000000000000, 0.000000000000000000, 0.000000000000000000 ) ) ;
#4677 = DIRECTION ( 'NONE',  ( -1.000000000000000000, 0.000000000000000000, 0.000000000000000000 ) ) ;
#4678 = CARTESIAN_POINT ( 'NONE',  ( 18.35786437626909873, 32.50000000000000711, 1.224646799147356215E-15 ) ) ;
#4679 = DIRECTION ( 'NONE',  ( -0.000000000000000000, -1.000000000000000000, -0.000000000000000000 ) ) ;
#4680 = DIRECTION ( 'NONE',  ( -1.000000000000000000, 0.000000000000000000, 0.000000000000000000 ) ) ;
#4681 = EDGE_CURVE ( 'NONE', #1547, #3383, #1228, .T. ) ;
#4682 = CARTESIAN_POINT ( 'NONE',  ( 7.483314773547889764, -7.483314773547911081, 2.000000000000000000 ) ) ;
#4683 = CARTESIAN_POINT ( 'NONE',  ( 1.102182119232617714E-15, 29.50000000000000711, 9.000000000000000000 ) ) ;
#4684 = VERTEX_POINT ( 'NONE', #2482 ) ;
#4685 = DIRECTION ( 'NONE',  ( -2.687422053037983237E-15, -1.000000000000000000, -1.838806884534899290E-13 ) ) ;
#4686 = ADVANCED_FACE ( 'NONE', ( #478 ), #1657, .F. ) ;
#4687 = CARTESIAN_POINT ( 'NONE',  ( -30.99999999999997868, 12.50000000000000000, -5.999999999999998224 ) ) ;
#4688 = DIRECTION ( 'NONE',  ( -0.000000000000000000, 0.000000000000000000, -1.000000000000000000 ) ) ;
#4689 = CARTESIAN_POINT ( 'NONE',  ( -0.2615518640685274288, 12.46155656144506807, 11.00133710189146008 ) ) ;
#4690 = DIRECTION ( 'NONE',  ( 0.000000000000000000, 0.000000000000000000, 1.000000000000000000 ) ) ;
#4691 = EDGE_LOOP ( 'NONE', ( #1869, #2447, #4086, #5058, #538, #2489 ) ) ;
#4692 = CARTESIAN_POINT ( 'NONE',  ( -0.1519658684547399996, 4.680211657371134315, -9.000000000000001776 ) ) ;
#4693 = DIRECTION ( 'NONE',  ( -0.000000000000000000, -1.000000000000000000, -0.000000000000000000 ) ) ;
#4694 = CARTESIAN_POINT ( 'NONE',  ( -22.99999999999997868, 0.000000000000000000, -8.000000000000000000 ) ) ;
#4695 = CARTESIAN_POINT ( 'NONE',  ( 28.00000000000002132, -6.742640687119290099, 19.50000000000000000 ) ) ;
#4696 = VERTEX_POINT ( 'NONE', #2562 ) ;
#4697 = DIRECTION ( 'NONE',  ( 0.7071067811865485719, 0.7071067811865464625, -0.000000000000000000 ) ) ;
#4698 = DIRECTION ( 'NONE',  ( 0.000000000000000000, 0.000000000000000000, -1.000000000000000000 ) ) ;
#4699 = ORIENTED_EDGE ( 'NONE', *, *, #1956, .T. ) ;
#4700 = CARTESIAN_POINT ( 'NONE',  ( 5.859642386735433917, 2.702333568318968204, 10.83302188174105218 ) ) ;
#4701 = CARTESIAN_POINT ( 'NONE',  ( 11.93431846220207504, 26.90094800929781726, -2.000000000000000000 ) ) ;
#4702 = EDGE_CURVE ( 'NONE', #5191, #5140, #840, .T. ) ;
#4703 = EDGE_CURVE ( 'NONE', #4774, #2168, #914, .T. ) ;
#4704 = VECTOR ( 'NONE', #4730, 1000.000000000000000 ) ;
#4705 = ORIENTED_EDGE ( 'NONE', *, *, #4562, .T. ) ;
#4706 = CARTESIAN_POINT ( 'NONE',  ( -31.99999999999997868, 26.50000000000000355, 6.000000000000000000 ) ) ;
#4707 = CARTESIAN_POINT ( 'NONE',  ( 5.465954743670765836, 2.927719825910263918, 9.842243325442376900 ) ) ;
#4708 = CARTESIAN_POINT ( 'NONE',  ( -7.937626670470418588, 28.50000000000000355, -7.615384615384616751 ) ) ;
#4709 = EDGE_LOOP ( 'NONE', ( #3177, #2399, #2049, #1615 ) ) ;
#4710 = ADVANCED_FACE ( 'NONE', ( #864 ), #3778, .F. ) ;
#4711 = CARTESIAN_POINT ( 'NONE',  ( -2.151691366142387540, 4.855857135124474588, -8.740339565128882882 ) ) ;
#4712 = EDGE_CURVE ( 'NONE', #1315, #2831, #3218, .T. ) ;
#4713 = DIRECTION ( 'NONE',  ( 0.7071067811865485719, 0.7071067811865464625, -0.000000000000000000 ) ) ;
#4714 = CARTESIAN_POINT ( 'NONE',  ( -5.920867799168858525, 9.946311361192298861, -9.930349142869959067 ) ) ;
#4715 = ORIENTED_EDGE ( 'NONE', *, *, #123, .T. ) ;
#4716 = CARTESIAN_POINT ( 'NONE',  ( 2.499999999999999112, 29.50000000000000711, -12.18351418237184980 ) ) ;
#4717 = VERTEX_POINT ( 'NONE', #5273 ) ;
#4718 = CARTESIAN_POINT ( 'NONE',  ( -6.390385793042283162E-16, 4.767949192431110816, -9.000000000000000000 ) ) ;
#4719 = CIRCLE ( 'NONE', #1922, 1.499999999999999556 ) ;
#4720 = CARTESIAN_POINT ( 'NONE',  ( -7.773477789213709244, 7.531351536616321951, -7.783694000703432536 ) ) ;
#4721 = ORIENTED_EDGE ( 'NONE', *, *, #2571, .F. ) ;
#4722 = CARTESIAN_POINT ( 'NONE',  ( 4.745966692414854471, 4.499999999999918288, 10.96466066509570148 ) ) ;
#4723 = CARTESIAN_POINT ( 'NONE',  ( 6.570589824272956569, 14.71021936706092070, 8.826881991371401170 ) ) ;
#4724 = ORIENTED_EDGE ( 'NONE', *, *, #1766, .F. ) ;
#4725 = AXIS2_PLACEMENT_3D ( 'NONE', #5067, #5098, #1810 ) ;
#4726 = DIRECTION ( 'NONE',  ( 0.000000000000000000, 0.000000000000000000, 1.000000000000000000 ) ) ;
#4727 =( BOUNDED_CURVE ( )  B_SPLINE_CURVE ( 3, ( #1567, #1652, #2553, #99 ),
 .UNSPECIFIED., .F., .T. ) 
 B_SPLINE_CURVE_WITH_KNOTS ( ( 4, 4 ),
 ( 1.780999537397366383, 2.865366022826202563 ),
 .UNSPECIFIED. ) 
 CURVE ( )  GEOMETRIC_REPRESENTATION_ITEM ( )  RATIONAL_B_SPLINE_CURVE ( ( 1.000000000000000000, 0.9043894362954976174, 0.9043894362954976174, 1.000000000000000000 ) ) 
 REPRESENTATION_ITEM ( '' )  );
#4728 = AXIS2_PLACEMENT_3D ( 'NONE', #5252, #4759, #3647 ) ;
#4729 = AXIS2_PLACEMENT_3D ( 'NONE', #1888, #1411, #3528 ) ;
#4730 = DIRECTION ( 'NONE',  ( 0.000000000000000000, 1.000000000000000000, 0.000000000000000000 ) ) ;
#4731 = CARTESIAN_POINT ( 'NONE',  ( 12.38105088399842302, 2.500000000001278533, -7.275568597620505784 ) ) ;
#4732 = VECTOR ( 'NONE', #936, 1000.000000000000000 ) ;
#4733 = EDGE_CURVE ( 'NONE', #1198, #2831, #105, .T. ) ;
#4734 = CARTESIAN_POINT ( 'NONE',  ( -8.662512711220989203, 27.82721190665073507, 6.960585288530677595 ) ) ;
#4735 = EDGE_LOOP ( 'NONE', ( #2132, #4575, #3779, #3662 ) ) ;
#4736 = LINE ( 'NONE', #4783, #2721 ) ;
#4737 = CIRCLE ( 'NONE', #679, 10.00000000000002665 ) ;
#4738 = DIRECTION ( 'NONE',  ( 0.000000000000000000, 0.000000000000000000, 1.000000000000000000 ) ) ;
#4739 = EDGE_CURVE ( 'NONE', #1423, #52, #832, .T. ) ;
#4740 = CARTESIAN_POINT ( 'NONE',  ( -5.140761301463823152, 10.85252307702475250, -10.49241601749979935 ) ) ;
#4741 = EDGE_LOOP ( 'NONE', ( #3658, #3504 ) ) ;
#4742 = CARTESIAN_POINT ( 'NONE',  ( 0.000000000000000000, 37.50000000000000711, 0.000000000000000000 ) ) ;
#4743 = DIRECTION ( 'NONE',  ( 0.7071067811865486830, 0.7071067811865464625, -1.232595164407830946E-32 ) ) ;
#4744 = CARTESIAN_POINT ( 'NONE',  ( 4.937758010386084528, 7.581768363828173207, 10.93849569090521534 ) ) ;
#4745 = CARTESIAN_POINT ( 'NONE',  ( -27.99999999999997868, -2.499999999999998668, -21.00000000000000000 ) ) ;
#4746 = ORIENTED_EDGE ( 'NONE', *, *, #4014, .F. ) ;
#4747 = CARTESIAN_POINT ( 'NONE',  ( 33.38644660940681064, 19.95141776686231339, -10.99999999999999822 ) ) ;
#4748 = CARTESIAN_POINT ( 'NONE',  ( 1.000000000000020650, 6.500000000000000888, 25.00000000000000000 ) ) ;
#4749 = ORIENTED_EDGE ( 'NONE', *, *, #3802, .T. ) ;
#4750 = CARTESIAN_POINT ( 'NONE',  ( -27.99999999999997868, 22.50000000000000355, 7.000000000000000000 ) ) ;
#4751 = DIRECTION ( 'NONE',  ( -0.000000000000000000, -1.000000000000000000, -0.000000000000000000 ) ) ;
#4752 = EDGE_LOOP ( 'NONE', ( #913, #2358 ) ) ;
#4753 = DIRECTION ( 'NONE',  ( 0.7071067811865486830, 0.7071067811865464625, -0.000000000000000000 ) ) ;
#4755 = CARTESIAN_POINT ( 'NONE',  ( 15.89075759508259189, 31.44710678118655522, 11.00000000000000178 ) ) ;
#4754 =( BOUNDED_SURFACE ( )  B_SPLINE_SURFACE ( 3, 2, ( 
 ( #85, #486, #1752 ),
 ( #4093, #2867, #543 ),
 ( #3274, #921, #430 ),
 ( #1695, #4981, #4177 ),
 ( #2064, #2, #1634 ),
 ( #3755, #4927, #26 ),
 ( #2572, #1351, #2928 ),
 ( #4475, #4590, #837 ) ),
 .UNSPECIFIED., .F., .F., .T. ) 
 B_SPLINE_SURFACE_WITH_KNOTS ( ( 4, 2, 2, 4 ),
 ( 3, 3 ),
 ( 0.000000000000000000, 0.0003746622169359971051, 0.0007493244338719942102, 0.001498648867743988420 ),
 ( 0.000000000000000000, 1.000000000000000000 ),
 .UNSPECIFIED. ) 
 GEOMETRIC_REPRESENTATION_ITEM ( )  RATIONAL_B_SPLINE_SURFACE ( (
 ( 1.000000000000000000, 0.9020981523775519761, 1.000000000000000000),
 ( 1.000000000000000000, 0.8972734873312234738, 1.000000000000000000),
 ( 1.000000000000000000, 0.8890314215948326160, 1.000000000000000000),
 ( 1.000000000000000000, 0.8674033051840973618, 1.000000000000000000),
 ( 1.000000000000000000, 0.8540367637387265010, 1.000000000000000000),
 ( 1.000000000000000000, 0.8088113034405434165, 1.000000000000000000),
 ( 1.000000000000000000, 0.7714892853712764786, 1.000000000000000000),
 ( 1.000000000000000000, 0.7288998767166761095, 1.000000000000000000) ) ) 
 REPRESENTATION_ITEM ( '' )  SURFACE ( )  );
#4756 = CARTESIAN_POINT ( 'NONE',  ( 18.46662954709583815, 2.500000000000001776, 2.999999999999987566 ) ) ;
#4757 = DIRECTION ( 'NONE',  ( -0.7071067811865463515, 0.7071067811865486830, 0.000000000000000000 ) ) ;
#4758 = DIRECTION ( 'NONE',  ( 0.000000000000000000, 1.000000000000000000, -0.000000000000000000 ) ) ;
#4759 = DIRECTION ( 'NONE',  ( 0.000000000000000000, -1.000000000000000000, 0.000000000000000000 ) ) ;
#4760 = DIRECTION ( 'NONE',  ( 0.3827084737676058057, -0.9238691596251439320, 0.000000000000000000 ) ) ;
#4761 = CARTESIAN_POINT ( 'NONE',  ( 4.749151466993164483, 4.305883785175556255, -10.01224850463099258 ) ) ;
#4762 = EDGE_CURVE ( 'NONE', #5270, #3024, #1006, .T. ) ;
#4763 = FACE_OUTER_BOUND ( 'NONE', #2936, .T. ) ;
#4764 = ORIENTED_EDGE ( 'NONE', *, *, #3519, .T. ) ;
#4765 = DIRECTION ( 'NONE',  ( -0.7071067811865463515, 0.7071067811865487940, 0.000000000000000000 ) ) ;
#4766 = CARTESIAN_POINT ( 'NONE',  ( -2.642565529518671852, 7.654150390741178533, 8.603789826006675412 ) ) ;
#4767 = CARTESIAN_POINT ( 'NONE',  ( 37.27553390593281080, 16.06233047033629902, -10.99999999999999822 ) ) ;
#4768 = EDGE_LOOP ( 'NONE', ( #4899, #4180, #1909, #3886 ) ) ;
#4769 = DIRECTION ( 'NONE',  ( 0.000000000000000000, 0.000000000000000000, -1.000000000000000000 ) ) ;
#4770 = EDGE_CURVE ( 'NONE', #1142, #1254, #4476, .T. ) ;
#4771 = VERTEX_POINT ( 'NONE', #47 ) ;
#4772 = CARTESIAN_POINT ( 'NONE',  ( 6.840852275320005838, 15.55470736258734554, 8.620430607805268153 ) ) ;
#4773 = CARTESIAN_POINT ( 'NONE',  ( 6.089538189946279267, 13.15394770409297109, 9.165370748727076133 ) ) ;
#4774 = VERTEX_POINT ( 'NONE', #1259 ) ;
#4775 = CARTESIAN_POINT ( 'NONE',  ( 2.168587693131824423, 12.64527699068814570, 10.78689067163350934 ) ) ;
#4776 = EDGE_CURVE ( 'NONE', #395, #362, #2323, .T. ) ;
#4777 = CARTESIAN_POINT ( 'NONE',  ( -2.676102945419235546, 13.23422766594046784, 10.67083103257249910 ) ) ;
#4778 = FACE_OUTER_BOUND ( 'NONE', #4691, .T. ) ;
#4779 = CARTESIAN_POINT ( 'NONE',  ( 6.745966692414853583, 2.500000000000001776, 10.75787386595823847 ) ) ;
#4780 = DIRECTION ( 'NONE',  ( -0.000000000000000000, -1.000000000000000000, -0.000000000000000000 ) ) ;
#4781 = CARTESIAN_POINT ( 'NONE',  ( 5.635805717330433673, 9.010237716418858511, 9.711158753813288413 ) ) ;
#4782 = ORIENTED_EDGE ( 'NONE', *, *, #2773, .F. ) ;
#4783 = CARTESIAN_POINT ( 'NONE',  ( -22.99999999999997868, 0.000000000000000000, 7.000000000000000000 ) ) ;
#4784 = CARTESIAN_POINT ( 'NONE',  ( 6.061463143347387117, 3.789138392129812516, -9.870310149441413827 ) ) ;
#4785 = CARTESIAN_POINT ( 'NONE',  ( -4.048092178391518914, 12.61998949483183630, -10.23237396826822909 ) ) ;
#4786 = ORIENTED_EDGE ( 'NONE', *, *, #2137, .T. ) ;
#4787 = CARTESIAN_POINT ( 'NONE',  ( 10.18733717874178168, 20.95383613786940913, 6.497902271629199866 ) ) ;
#4788 = PRESENTATION_STYLE_ASSIGNMENT (( #3944 ) ) ;
#4789 = DIRECTION ( 'NONE',  ( -1.000000000000000000, 0.000000000000000000, 0.000000000000000000 ) ) ;
#4790 = ORIENTED_EDGE ( 'NONE', *, *, #2954, .T. ) ;
#4791 = DIRECTION ( 'NONE',  ( -0.7071067811865486830, -0.7071067811865464625, -0.000000000000000000 ) ) ;
#4792 = CARTESIAN_POINT ( 'NONE',  ( 8.632260789112844890, 18.97779739468717608, 6.872329124442755344 ) ) ;
#4793 = CARTESIAN_POINT ( 'NONE',  ( 5.527649384274838873, 2.908540893579646625, 10.86487861690602408 ) ) ;
#4794 = EDGE_CURVE ( 'NONE', #2395, #448, #922, .T. ) ;
#4795 = ORIENTED_EDGE ( 'NONE', *, *, #3414, .F. ) ;
#4796 = CARTESIAN_POINT ( 'NONE',  ( 35.86132034355972564, 23.13339828220178518, 1.102182119232617714E-15 ) ) ;
#4797 = CARTESIAN_POINT ( 'NONE',  ( 4.730272633057451159, 9.844453701240192700, 9.932864283245177006 ) ) ;
#4798 = CIRCLE ( 'NONE', #3392, 11.00000000000000000 ) ;
#4799 = CARTESIAN_POINT ( 'NONE',  ( 10.22792206135786586, -2.500000000000000444, 2.583122318103264980 ) ) ;
#4800 = B_SPLINE_CURVE_WITH_KNOTS ( 'NONE', 3,
 ( #3584, #3998, #5182, #3186, #336, #4700, #1974, #4793, #3907, #1167, #2809, #4416, #237, #1877, #3518, #3314 ),
 .UNSPECIFIED., .F., .F.,
 ( 4, 2, 2, 2, 2, 2, 2, 4 ),
 ( 0.000000000000000000, 0.0003917440869855501329, 0.0007834881739711002657, 0.001175232260956650399, 0.001566976347942200531, 0.001958720434927750664, 0.002350464521913300797, 0.003133952695884399762 ),
 .UNSPECIFIED. ) ;
#4801 = AXIS2_PLACEMENT_3D ( 'NONE', #1795, #3407, #508 ) ;
#4802 = VERTEX_POINT ( 'NONE', #4447 ) ;
#4803 = CARTESIAN_POINT ( 'NONE',  ( 28.00000000000002132, 2.500000000000002220, -21.00000000000000000 ) ) ;
#4804 = EDGE_CURVE ( 'NONE', #1245, #365, #3978, .T. ) ;
#4805 = VECTOR ( 'NONE', #4743, 1000.000000000000000 ) ;
#4806 = ORIENTED_EDGE ( 'NONE', *, *, #528, .T. ) ;
#4807 = CARTESIAN_POINT ( 'NONE',  ( 6.745966692414847365, 2.500000000000001776, -10.75787386595824024 ) ) ;
#4808 = VECTOR ( 'NONE', #2387, 1000.000000000000000 ) ;
#4809 = CIRCLE ( 'NONE', #5151, 6.000000000000000000 ) ;
#4810 = CARTESIAN_POINT ( 'NONE',  ( -27.99999999999997868, -2.499999999999998668, 21.00000000000000000 ) ) ;
#4811 = ORIENTED_EDGE ( 'NONE', *, *, #3624, .T. ) ;
#4812 = CIRCLE ( 'NONE', #3150, 1.499999999999999556 ) ;
#4813 = AXIS2_PLACEMENT_3D ( 'NONE', #3009, #2617, #566 ) ;
#4814 = CARTESIAN_POINT ( 'NONE',  ( 11.61895003862224840, 26.58557958571799062, 2.000000000000000000 ) ) ;
#4815 = CARTESIAN_POINT ( 'NONE',  ( 5.467084117376012742, 9.178959316373278554, -10.68227462919461423 ) ) ;
#4816 = CARTESIAN_POINT ( 'NONE',  ( 4.809475019311147292, 5.000000000000001776, 10.97596897413675698 ) ) ;
#4817 = AXIS2_PLACEMENT_3D ( 'NONE', #3425, #112, #872 ) ;
#4818 = ORIENTED_EDGE ( 'NONE', *, *, #2941, .F. ) ;
#4819 = FACE_OUTER_BOUND ( 'NONE', #4647, .T. ) ;
#4820 =( NAMED_UNIT ( * ) SI_UNIT ( $, .STERADIAN. ) SOLID_ANGLE_UNIT ( ) );
#4821 = CARTESIAN_POINT ( 'NONE',  ( 5.731006271505593830, 4.796714584357411049, 9.978153612851599519 ) ) ;
#4822 = ORIENTED_EDGE ( 'NONE', *, *, #796, .T. ) ;
#4823 = AXIS2_PLACEMENT_3D ( 'NONE', #1487, #1894, #3484 ) ;
#4824 = DIRECTION ( 'NONE',  ( 0.000000000000000000, 1.000000000000000000, 0.000000000000000000 ) ) ;
#4825 = ORIENTED_EDGE ( 'NONE', *, *, #3703, .T. ) ;
#4826 = CARTESIAN_POINT ( 'NONE',  ( 5.306607917573044730, 9.084575380058117489, 9.641048532419439709 ) ) ;
#4827 = DIRECTION ( 'NONE',  ( -0.7071067811865456854, 0.7071067811865492381, 0.000000000000000000 ) ) ;
#4828 = B_SPLINE_CURVE_WITH_KNOTS ( 'NONE', 3,
 ( #957, #2957, #3787, #4595, #3707, #31 ),
 .UNSPECIFIED., .F., .F.,
 ( 4, 2, 4 ),
 ( 0.000000000000000000, 0.002147676829093812106, 0.004295353658187624213 ),
 .UNSPECIFIED. ) ;
#4829 = ORIENTED_EDGE ( 'NONE', *, *, #2629, .F. ) ;
#4830 = DIRECTION ( 'NONE',  ( -0.2498587811242896639, -0.9676988981980603199, -0.03360702190531988237 ) ) ;
#4831 = CARTESIAN_POINT ( 'NONE',  ( 0.2871599617601863219, 13.38298726266932093, -11.00000000000000178 ) ) ;
#4832 = EDGE_CURVE ( 'NONE', #4121, #4106, #594, .T. ) ;
#4833 = CARTESIAN_POINT ( 'NONE',  ( 18.53770900996088855, 32.50000000000000711, -1.838593853888483842 ) ) ;
#4834 = VERTEX_POINT ( 'NONE', #3093 ) ;
#4835 = PLANE ( 'NONE',  #282 ) ;
#4836 = CARTESIAN_POINT ( 'NONE',  ( 5.519075265486359960, 9.893808754953740348, -9.525005690777678780 ) ) ;
#4837 = ORIENTED_EDGE ( 'NONE', *, *, #50, .F. ) ;
#4838 = CARTESIAN_POINT ( 'NONE',  ( 16.87840190425555420, 4.137066757345575496, -4.432352908314549644 ) ) ;
#4839 = ADVANCED_FACE ( 'NONE', ( #3412 ), #3884, .F. ) ;
#4840 = CARTESIAN_POINT ( 'NONE',  ( -11.53256259467079659, 25.50000000000000355, 6.000000000000000000 ) ) ;
#4841 = ORIENTED_EDGE ( 'NONE', *, *, #3374, .F. ) ;
#4842 = CARTESIAN_POINT ( 'NONE',  ( -7.705916635527207070, 6.779921155456706039, -8.737611549563174762 ) ) ;
#4843 = DIRECTION ( 'NONE',  ( 0.7071067811865485719, 0.7071067811865464625, -0.000000000000000000 ) ) ;
#4844 = ORIENTED_EDGE ( 'NONE', *, *, #1405, .F. ) ;
#4845 = LINE ( 'NONE', #4068, #4327 ) ;
#4846 = FACE_OUTER_BOUND ( 'NONE', #3335, .T. ) ;
#4847 = FACE_OUTER_BOUND ( 'NONE', #4096, .T. ) ;
#4848 = EDGE_LOOP ( 'NONE', ( #4841, #517, #794, #267 ) ) ;
#4849 = DIRECTION ( 'NONE',  ( 0.000000000000000000, 0.000000000000000000, 1.000000000000000000 ) ) ;
#4850 = ORIENTED_EDGE ( 'NONE', *, *, #1466, .T. ) ;
#4851 = DIRECTION ( 'NONE',  ( 1.000000000000000000, 0.000000000000000000, 0.000000000000000000 ) ) ;
#4852 = FACE_OUTER_BOUND ( 'NONE', #3719, .T. ) ;
#4853 = ORIENTED_EDGE ( 'NONE', *, *, #3758, .F. ) ;
#4854 = DIRECTION ( 'NONE',  ( -0.9281909617845144345, 0.000000000000000000, -0.3721042037676250414 ) ) ;
#4855 = CARTESIAN_POINT ( 'NONE',  ( 32.00000000000002842, 17.85786437626896017, -0.9236948656460548523 ) ) ;
#4856 = CARTESIAN_POINT ( 'NONE',  ( 3.351399434185900805, 10.64282804102847990, -11.28918835155840483 ) ) ;
#4857 = ORIENTED_EDGE ( 'NONE', *, *, #3171, .F. ) ;
#4858 = FACE_BOUND ( 'NONE', #5100, .T. ) ;
#4859 = EDGE_CURVE ( 'NONE', #2507, #3984, #2593, .T. ) ;
#4860 = CARTESIAN_POINT ( 'NONE',  ( 7.823830398706972389, 16.79335164605767261, -7.767500317091274198 ) ) ;
#4861 = ORIENTED_EDGE ( 'NONE', *, *, #5158, .T. ) ;
#4862 = DIRECTION ( 'NONE',  ( 0.7071067811865486830, 0.7071067811865464625, -0.000000000000000000 ) ) ;
#4863 = PRODUCT_DEFINITION_CONTEXT ( 'detailed design', #1740, 'design' ) ;
#4864 = SURFACE_SIDE_STYLE ('',( #4978 ) ) ;
#4865 = DIRECTION ( 'NONE',  ( 1.000000000000000000, 0.000000000000000000, 0.000000000000000000 ) ) ;
#4866 = EDGE_CURVE ( 'NONE', #1329, #2566, #187, .T. ) ;
#4867 = CARTESIAN_POINT ( 'NONE',  ( -6.809475019311105548, 8.000000000000000000, -9.138219645438292460 ) ) ;
#4868 = CARTESIAN_POINT ( 'NONE',  ( -6.784585670099377630, 8.096396034994960189, 8.670330721896210235 ) ) ;
#4869 = ORIENTED_EDGE ( 'NONE', *, *, #4147, .T. ) ;
#4870 = CARTESIAN_POINT ( 'NONE',  ( -2.500000000000000888, 37.50000000000000711, -12.18351418237184980 ) ) ;
#4871 = EDGE_CURVE ( 'NONE', #617, #2576, #5241, .T. ) ;
#4872 = ORIENTED_EDGE ( 'NONE', *, *, #1698, .F. ) ;
#4873 = DIRECTION ( 'NONE',  ( 0.000000000000000000, 0.000000000000000000, 1.000000000000000000 ) ) ;
#4874 = VERTEX_POINT ( 'NONE', #622 ) ;
#4875 = DIRECTION ( 'NONE',  ( 0.000000000000000000, 0.000000000000000000, 1.000000000000000000 ) ) ;
#4876 = CARTESIAN_POINT ( 'NONE',  ( 31.44710678118661917, 15.89075759508249241, 10.99999999999999822 ) ) ;
#4877 = VERTEX_POINT ( 'NONE', #4250 ) ;
#4878 = CARTESIAN_POINT ( 'NONE',  ( 9.605339211815870470, 23.65579502644715859, 5.380628459401633812 ) ) ;
#4879 = CARTESIAN_POINT ( 'NONE',  ( 26.66893218813461530, 26.66893218813453359, 0.000000000000000000 ) ) ;
#4880 = ORIENTED_EDGE ( 'NONE', *, *, #4499, .T. ) ;
#4881 = CARTESIAN_POINT ( 'NONE',  ( 2.645746185116393256, 12.33005128782095561, 10.67987874783787028 ) ) ;
#4882 = CARTESIAN_POINT ( 'NONE',  ( 32.00000000000002842, 18.03770900996075000, -1.838593853888483842 ) ) ;
#4883 = CARTESIAN_POINT ( 'NONE',  ( -5.162381221045024837, 10.83154970808655193, -10.47820565434238738 ) ) ;
#4884 = B_SPLINE_CURVE_WITH_KNOTS ( 'NONE', 3,
 ( #2558, #44, #1742, #4629, #911, #2145, #4167, #77, #1715, #2971 ),
 .UNSPECIFIED., .F., .F.,
 ( 4, 2, 2, 2, 4 ),
 ( 0.008418042357236326170, 0.008939392514000076007, 0.009460742670763824108, 0.009982092827527572210, 0.01050344298429132205 ),
 .UNSPECIFIED. ) ;
#4885 = ORIENTED_EDGE ( 'NONE', *, *, #3471, .F. ) ;
#4886 = LINE ( 'NONE', #1256, #4451 ) ;
#4887 = DIRECTION ( 'NONE',  ( 1.000000000000000000, -0.000000000000000000, -0.000000000000000000 ) ) ;
#4888 = VECTOR ( 'NONE', #2433, 1000.000000000000000 ) ;
#4889 = CARTESIAN_POINT ( 'NONE',  ( -11.53256259467079659, 25.50000000000000355, -7.000000000000000000 ) ) ;
#4890 = EDGE_LOOP ( 'NONE', ( #820, #4825, #503, #841 ) ) ;
#4891 = AXIS2_PLACEMENT_3D ( 'NONE', #5181, #3185, #4851 ) ;
#4892 = CARTESIAN_POINT ( 'NONE',  ( 0.000000000000000000, -2.500000000000002220, 0.000000000000000000 ) ) ;
#4893 = CIRCLE ( 'NONE', #743, 2.000000000000000000 ) ;
#4894 = CARTESIAN_POINT ( 'NONE',  ( -6.321837653367828658, 9.345853435354513294, 9.023411299211606007 ) ) ;
#4895 = VECTOR ( 'NONE', #635, 999.9999999999998863 ) ;
#4896 = CIRCLE ( 'NONE', #1350, 0.9999999999999998890 ) ;
#4897 = EDGE_CURVE ( 'NONE', #1678, #3079, #2966, .T. ) ;
#4898 = COLOUR_RGB ( '',0.5294117647058823595, 0.5490196078431373028, 0.5490196078431373028 ) ;
#4899 = ORIENTED_EDGE ( 'NONE', *, *, #2192, .F. ) ;
#4900 = CARTESIAN_POINT ( 'NONE',  ( -9.193921586292763237, 27.40053529250181796, -6.609859990939258800 ) ) ;
#4901 = ORIENTED_EDGE ( 'NONE', *, *, #170, .F. ) ;
#4902 = FACE_OUTER_BOUND ( 'NONE', #2670, .T. ) ;
#4903 = LINE ( 'NONE', #3369, #2973 ) ;
#4904 = AXIS2_PLACEMENT_3D ( 'NONE', #5259, #3991, #1614 ) ;
#4905 = FACE_OUTER_BOUND ( 'NONE', #4503, .T. ) ;
#4906 = EDGE_CURVE ( 'NONE', #1746, #3286, #4984, .T. ) ;
#4907 = CARTESIAN_POINT ( 'NONE',  ( 5.946387927199569212, 5.509654504094738670, -10.00144772957920836 ) ) ;
#4908 = AXIS2_PLACEMENT_3D ( 'NONE', #3480, #3511, #5101 ) ;
#4909 = CARTESIAN_POINT ( 'NONE',  ( 10.56864248414426299, 26.35706179181854480, 3.067823666889110346 ) ) ;
#4910 = CARTESIAN_POINT ( 'NONE',  ( 1.000000000000020650, 6.500000000000000888, 8.944271909999155667 ) ) ;
#4911 = ORIENTED_EDGE ( 'NONE', *, *, #1136, .T. ) ;
#4912 = CARTESIAN_POINT ( 'NONE',  ( -27.99999999999997868, 26.50000000000000355, 6.999999999999999112 ) ) ;
#4913 = VECTOR ( 'NONE', #4166, 1000.000000000000000 ) ;
#4914 = DIRECTION ( 'NONE',  ( 0.7071067811865464625, -0.7071067811865485719, 0.000000000000000000 ) ) ;
#4915 = CARTESIAN_POINT ( 'NONE',  ( 3.758320283126979522, 10.16825425734744215, -11.10629125150026830 ) ) ;
#4916 = CIRCLE ( 'NONE', #2667, 1.000000000000000000 ) ;
#4917 = VERTEX_POINT ( 'NONE', #4586 ) ;
#4918 = CARTESIAN_POINT ( 'NONE',  ( 17.78632820404602910, 4.180301343049810825, -2.727272727272727959 ) ) ;
#4919 = DIRECTION ( 'NONE',  ( 0.000000000000000000, 0.000000000000000000, 1.000000000000000000 ) ) ;
#4920 = ORIENTED_EDGE ( 'NONE', *, *, #1410, .T. ) ;
#4921 = CARTESIAN_POINT ( 'NONE',  ( -8.686877334909160808, 6.500000000000000888, 8.251653647666550739 ) ) ;
#4922 = VERTEX_POINT ( 'NONE', #1773 ) ;
#4923 = CARTESIAN_POINT ( 'NONE',  ( 3.508215589392153166, 11.58268985872811818, -10.42901196170933531 ) ) ;
#4924 = DIRECTION ( 'NONE',  ( 0.000000000000000000, 0.000000000000000000, -1.000000000000000000 ) ) ;
#4925 = CARTESIAN_POINT ( 'NONE',  ( 0.01146557973231322573, 12.42301938352902191, 12.00433563844272200 ) ) ;
#4926 = ORIENTED_EDGE ( 'NONE', *, *, #3246, .F. ) ;
#4927 = CARTESIAN_POINT ( 'NONE',  ( -7.444299474554344265, 6.875705555737043007, 8.106435858487515134 ) ) ;
#4928 = CARTESIAN_POINT ( 'NONE',  ( -6.597237445614351437, 9.780614532009341389, -8.804257559122467214 ) ) ;
#4929 = ORIENTED_EDGE ( 'NONE', *, *, #3444, .T. ) ;
#4930 = CARTESIAN_POINT ( 'NONE',  ( -8.189156232986158912, 6.568877395508535777, -8.503935554837793731 ) ) ;
#4931 = ORIENTED_EDGE ( 'NONE', *, *, #1593, .F. ) ;
#4932 = DIRECTION ( 'NONE',  ( 0.000000000000000000, 1.000000000000000000, 0.000000000000000000 ) ) ;
#4933 = EDGE_CURVE ( 'NONE', #3226, #2237, #490, .T. ) ;
#4934 = CARTESIAN_POINT ( 'NONE',  ( -8.745966692414814503, 6.500000000000000888, 8.227376772842271535 ) ) ;
#4935 = EDGE_CURVE ( 'NONE', #4036, #3305, #2176, .T. ) ;
#4936 = DIRECTION ( 'NONE',  ( -0.7071067811865463515, 0.7071067811865486830, 0.000000000000000000 ) ) ;
#4937 = CARTESIAN_POINT ( 'NONE',  ( 4.937758010386061436, 7.581768363828502721, -10.93849569090521534 ) ) ;
#4938 = CARTESIAN_POINT ( 'NONE',  ( 9.655153090874572186, 21.67154095543052961, 5.375109886980627749 ) ) ;
#4939 = PLANE ( 'NONE',  #2484 ) ;
#4940 = ORIENTED_EDGE ( 'NONE', *, *, #3514, .F. ) ;
#4941 = LINE ( 'NONE', #1332, #3321 ) ;
#4942 = ADVANCED_FACE ( 'NONE', ( #3441 ), #58, .F. ) ;
#4943 = EDGE_CURVE ( 'NONE', #1436, #4128, #1374, .T. ) ;
#4944 = CARTESIAN_POINT ( 'NONE',  ( 0.000000000000000000, 2.500000000000002220, 25.00000000000000000 ) ) ;
#4945 = CARTESIAN_POINT ( 'NONE',  ( -0.9615742490424447064, 12.50889239544360798, -11.96807393245828344 ) ) ;
#4946 = EDGE_LOOP ( 'NONE', ( #3643, #1817, #4649, #927 ) ) ;
#4947 = CARTESIAN_POINT ( 'NONE',  ( -10.58444594106459213, 25.61335268184591030, 6.999999999999999112 ) ) ;
#4948 = DIRECTION ( 'NONE',  ( 8.177564888977983077E-17, -8.177564888978006497E-17, 1.000000000000000000 ) ) ;
#4949 = CARTESIAN_POINT ( 'NONE',  ( 10.82173327550156294, 24.68319830092928058, -2.289014367776683212 ) ) ;
#4950 = VERTEX_POINT ( 'NONE', #5034 ) ;
#4951 = CARTESIAN_POINT ( 'NONE',  ( 6.745966692414854471, 4.500000000000002665, 25.00000000000000000 ) ) ;
#4952 = ORIENTED_EDGE ( 'NONE', *, *, #2920, .T. ) ;
#4953 = CARTESIAN_POINT ( 'NONE',  ( 0.2005633916801785321, 13.40326036600013992, -11.00327358979796522 ) ) ;
#4954 = FACE_BOUND ( 'NONE', #4422, .T. ) ;
#4955 = ADVANCED_FACE ( 'NONE', ( #4633 ), #4127, .F. ) ;
#4956 = CARTESIAN_POINT ( 'NONE',  ( 19.59786437626913269, 33.74000000000003041, 1.224646799147356215E-15 ) ) ;
#4957 = CARTESIAN_POINT ( 'NONE',  ( 6.525481505916594038, 3.644070561387448226, 9.790365581133203321 ) ) ;
#4958 = DIRECTION ( 'NONE',  ( -0.000000000000000000, -0.000000000000000000, -1.000000000000000000 ) ) ;
#4959 = CARTESIAN_POINT ( 'NONE',  ( -8.527734685450523600, 27.93597725214575078, -7.050591707870670355 ) ) ;
#4960 = DIRECTION ( 'NONE',  ( 0.7071067811865486830, 0.7071067811865464625, 0.000000000000000000 ) ) ;
#4961 = CYLINDRICAL_SURFACE ( 'NONE', #1083, 1.500000000000001332 ) ;
#4962 = CARTESIAN_POINT ( 'NONE',  ( -2.883929513439661640, 5.805654416816723007, 8.525570392163311695 ) ) ;
#4963 = CARTESIAN_POINT ( 'NONE',  ( -31.99999999999997868, -2.499999999999998668, 21.00000000000000000 ) ) ;
#4964 = ORIENTED_EDGE ( 'NONE', *, *, #260, .F. ) ;
#4965 = CARTESIAN_POINT ( 'NONE',  ( -21.99999999999997868, 6.500000000000000888, 8.000000000000000000 ) ) ;
#4966 = CARTESIAN_POINT ( 'NONE',  ( 0.000000000000000000, 29.50000000000000711, -9.000000000000000000 ) ) ;
#4967 = CARTESIAN_POINT ( 'NONE',  ( -8.111101865182769544, 6.500000000000000888, 7.454753545684539517 ) ) ;
#4968 = ADVANCED_FACE ( 'NONE', ( #4542 ), #4518, .F. ) ;
#4969 = ORIENTED_EDGE ( 'NONE', *, *, #5111, .F. ) ;
#4970 = CARTESIAN_POINT ( 'NONE',  ( -23.99999999999997868, 0.000000000000000000, 8.000000000000000000 ) ) ;
#4971 = FACE_OUTER_BOUND ( 'NONE', #4041, .T. ) ;
#4972 = CYLINDRICAL_SURFACE ( 'NONE', #663, 4.000000000000000000 ) ;
#4973 = VERTEX_POINT ( 'NONE', #2546 ) ;
#4974 = CARTESIAN_POINT ( 'NONE',  ( -8.572491497702463548, 6.507537614703978512, 8.307692307692308376 ) ) ;
#4975 = EDGE_CURVE ( 'NONE', #3905, #3074, #4101, .T. ) ;
#4976 = EDGE_LOOP ( 'NONE', ( #4585, #4920, #1896, #4705 ) ) ;
#4977 = CARTESIAN_POINT ( 'NONE',  ( -3.761256396132890423, 12.78477231426733240, -10.34184103531416632 ) ) ;
#4978 = SURFACE_STYLE_FILL_AREA ( #2949 ) ;
#4979 = VECTOR ( 'NONE', #3006, 999.9999999999998863 ) ;
#4980 = CARTESIAN_POINT ( 'NONE',  ( -6.649312619635751709, 8.620306306631247750, 9.297256624052852914 ) ) ;
#4981 = CARTESIAN_POINT ( 'NONE',  ( -7.043335626181336906, 7.396719060267763268, 8.458295125918747104 ) ) ;
#4982 = CARTESIAN_POINT ( 'NONE',  ( -5.752064988514303145, 11.11960945063992412, -9.381111851890796771 ) ) ;
#4983 = CIRCLE ( 'NONE', #4472, 2.000000000000000000 ) ;
#4984 = CIRCLE ( 'NONE', #581, 1.000000000000000000 ) ;
#4985 = DIRECTION ( 'NONE',  ( 0.7071067811865486830, 0.7071067811865464625, -0.000000000000000000 ) ) ;
#4986 = ORIENTED_EDGE ( 'NONE', *, *, #4360, .F. ) ;
#4987 = DIRECTION ( 'NONE',  ( -0.000000000000000000, 1.000000000000000000, -0.000000000000000000 ) ) ;
#4988 = VECTOR ( 'NONE', #4662, 1000.000000000000000 ) ;
#4989 = ORIENTED_EDGE ( 'NONE', *, *, #3230, .T. ) ;
#4990 = CARTESIAN_POINT ( 'NONE',  ( -11.53256259467079481, 26.50000000000000355, 5.999999999999999112 ) ) ;
#4991 = CIRCLE ( 'NONE', #4728, 1.000000000000000000 ) ;
#4992 = STYLED_ITEM ( 'NONE', ( #919 ), #3223 ) ;
#4993 = CARTESIAN_POINT ( 'NONE',  ( 4.949938108129403602, 7.492101916481228585, -9.867015532762740904 ) ) ;
#4994 = EDGE_LOOP ( 'NONE', ( #1412, #4067, #2707, #2516 ) ) ;
#4995 = CARTESIAN_POINT ( 'NONE',  ( 2.499999999999999112, 37.50000000000000711, -12.18351418237184980 ) ) ;
#4996 = ORIENTED_EDGE ( 'NONE', *, *, #602, .F. ) ;
#4997 = CIRCLE ( 'NONE', #1693, 4.000000000000000000 ) ;
#4998 = DIRECTION ( 'NONE',  ( 0.000000000000000000, 0.000000000000000000, -1.000000000000000000 ) ) ;
#4999 = CARTESIAN_POINT ( 'NONE',  ( 18.89075759508260788, 40.10396103067894558, 11.00000000000000533 ) ) ;
#5000 = AXIS2_PLACEMENT_3D ( 'NONE', #4539, #2094, #929 ) ;
#5001 = AXIS2_PLACEMENT_3D ( 'NONE', #4716, #1868, #3080 ) ;
#5002 = VERTEX_POINT ( 'NONE', #4571 ) ;
#5003 = CARTESIAN_POINT ( 'NONE',  ( -31.99999999999997868, 12.50000000000000000, 6.000000000000000000 ) ) ;
#5004 = CARTESIAN_POINT ( 'NONE',  ( -8.311998712829261393, 27.65396587591454747, 7.289058861268744138 ) ) ;
#5005 = CARTESIAN_POINT ( 'NONE',  ( 10.32024976520234816, 23.39447160729500297, -3.964360170548157480 ) ) ;
#5006 = VERTEX_POINT ( 'NONE', #2139 ) ;
#5007 = CARTESIAN_POINT ( 'NONE',  ( -2.500000000000000888, 37.50000000000000711, -10.71214264281427475 ) ) ;
#5008 = ADVANCED_FACE ( 'NONE', ( #117 ), #934, .F. ) ;
#5009 = EDGE_CURVE ( 'NONE', #2689, #5140, #4598, .T. ) ;
#5010 = AXIS2_PLACEMENT_3D ( 'NONE', #1622, #2859, #4914 ) ;
#5011 = VERTEX_POINT ( 'NONE', #4963 ) ;
#5012 = CARTESIAN_POINT ( 'NONE',  ( -3.003165230729212709, 12.16327282913463748, -10.58793187535511215 ) ) ;
#5013 = CARTESIAN_POINT ( 'NONE',  ( -4.473044495824924027, 11.40175797039871242, 10.88949387716806960 ) ) ;
#5014 = CARTESIAN_POINT ( 'NONE',  ( 4.836453103472228676, 3.881456482298564215, 9.985609874856852031 ) ) ;
#5015 = EDGE_CURVE ( 'NONE', #4617, #1188, #3500, .T. ) ;
#5016 = CARTESIAN_POINT ( 'NONE',  ( -1.712724181889835995, 12.46662374621240943, 10.87049478708968309 ) ) ;
#5017 = FACE_OUTER_BOUND ( 'NONE', #4624, .T. ) ;
#5018 = ORIENTED_EDGE ( 'NONE', *, *, #1381, .T. ) ;
#5019 = EDGE_CURVE ( 'NONE', #456, #3799, #4398, .T. ) ;
#5020 = DIRECTION ( 'NONE',  ( 0.000000000000000000, 0.000000000000000000, 1.000000000000000000 ) ) ;
#5021 = CARTESIAN_POINT ( 'NONE',  ( -8.572491497702463548, 6.507537614703978512, 8.307692307692308376 ) ) ;
#5022 = DIRECTION ( 'NONE',  ( 0.000000000000000000, -1.000000000000000000, 0.000000000000000000 ) ) ;
#5023 = DIRECTION ( 'NONE',  ( -0.6348648272320435160, 0.000000000000000000, 0.7726232271577315736 ) ) ;
#5024 = VERTEX_POINT ( 'NONE', #35 ) ;
#5025 = CARTESIAN_POINT ( 'NONE',  ( 0.9767164087567654640, 6.850477497757985645, 8.946959213352437601 ) ) ;
#5026 = EDGE_LOOP ( 'NONE', ( #3356, #1049, #4931, #1936 ) ) ;
#5027 = DIRECTION ( 'NONE',  ( 0.7071067811865485719, 0.7071067811865464625, 0.000000000000000000 ) ) ;
#5028 = CARTESIAN_POINT ( 'NONE',  ( 18.89075759508259722, 34.44710678118656233, 15.00000000000000533 ) ) ;
#5029 = VERTEX_POINT ( 'NONE', #4075 ) ;
#5030 = CARTESIAN_POINT ( 'NONE',  ( -9.380831519646857686, 26.14973472408727417, 7.000000000000000000 ) ) ;
#5031 = CARTESIAN_POINT ( 'NONE',  ( -9.904389682852908550, 26.93315648272485063, 6.334868926348074858 ) ) ;
#5032 = CARTESIAN_POINT ( 'NONE',  ( 10.65070420207040058, 26.58557958571800484, -2.749999999999983569 ) ) ;
#5033 = ORIENTED_EDGE ( 'NONE', *, *, #2529, .T. ) ;
#5034 = CARTESIAN_POINT ( 'NONE',  ( 6.745966692414854471, 2.500000000000002220, -10.75787386595823669 ) ) ;
#5035 = UNCERTAINTY_MEASURE_WITH_UNIT (LENGTH_MEASURE( 1.000000000000000082E-05 ), #2568, 'distance_accuracy_value', 'NONE');
#5036 = VERTEX_POINT ( 'NONE', #3343 ) ;
#5037 = CARTESIAN_POINT ( 'NONE',  ( -3.237323909687916057, 12.06937324371959974, -11.44536337783949698 ) ) ;
#5038 = ADVANCED_FACE ( 'NONE', ( #1303 ), #1087, .T. ) ;
#5039 = LINE ( 'NONE', #1376, #3981 ) ;
#5040 = DIRECTION ( 'NONE',  ( -0.000000000000000000, -1.000000000000000000, -0.000000000000000000 ) ) ;
#5041 = CARTESIAN_POINT ( 'NONE',  ( -2.838827023293087226, 13.18103722267211886, 10.62864405210286201 ) ) ;
#5042 = ADVANCED_FACE ( 'NONE', ( #2583 ), #2021, .F. ) ;
#5043 = CARTESIAN_POINT ( 'NONE',  ( -4.312198427967149250, 12.45428853810514802, 10.12540157547749509 ) ) ;
#5044 = ORIENTED_EDGE ( 'NONE', *, *, #4174, .F. ) ;
#5045 = CARTESIAN_POINT ( 'NONE',  ( -2.535388832043089735, 5.206795952128635108, -8.636427342872893931 ) ) ;
#5046 = CYLINDRICAL_SURFACE ( 'NONE', #2204, 1.000000000000000000 ) ;
#5047 = EDGE_CURVE ( 'NONE', #46, #3793, #1780, .T. ) ;
#5048 = DIRECTION ( 'NONE',  ( 0.000000000000000000, -1.000000000000000000, 0.000000000000000000 ) ) ;
#5049 = FACE_OUTER_BOUND ( 'NONE', #2092, .T. ) ;
#5050 = ORIENTED_EDGE ( 'NONE', *, *, #4179, .F. ) ;
#5051 = CYLINDRICAL_SURFACE ( 'NONE', #2889, 1.499999999999997113 ) ;
#5052 = DIRECTION ( 'NONE',  ( -0.000000000000000000, -0.000000000000000000, 1.000000000000000000 ) ) ;
#5053 = ORIENTED_EDGE ( 'NONE', *, *, #1164, .T. ) ;
#5054 = DIRECTION ( 'NONE',  ( -0.000000000000000000, -1.000000000000000000, -0.000000000000000000 ) ) ;
#5055 = CARTESIAN_POINT ( 'NONE',  ( -7.937626670470418588, 28.50000000000000355, 7.615384615384616751 ) ) ;
#5056 = EDGE_LOOP ( 'NONE', ( #3048, #3008 ) ) ;
#5057 = CARTESIAN_POINT ( 'NONE',  ( 18.71474967288254376, 32.50000000000000711, -2.280210856675263464 ) ) ;
#5058 = ORIENTED_EDGE ( 'NONE', *, *, #276, .F. ) ;
#5059 = DIRECTION ( 'NONE',  ( -1.000000000000000000, 0.000000000000000000, 0.000000000000000000 ) ) ;
#5060 = VERTEX_POINT ( 'NONE', #2879 ) ;
#5061 = LINE ( 'NONE', #3168, #2208 ) ;
#5062 = CARTESIAN_POINT ( 'NONE',  ( -6.404907550393405202, 9.173319603603076189, 9.530638332401229817 ) ) ;
#5063 = CARTESIAN_POINT ( 'NONE',  ( 5.599079758298914022, 2.834073560597472952, 10.85735511085602134 ) ) ;
#5064 = CARTESIAN_POINT ( 'NONE',  ( -4.439772875480105796, 11.42535026316793356, 10.90754328448408650 ) ) ;
#5065 = CARTESIAN_POINT ( 'NONE',  ( -5.988936772249430440, 10.80675150314648469, 9.230309378277000931 ) ) ;
#5066 = EDGE_LOOP ( 'NONE', ( #3999, #79, #2159, #3898 ) ) ;
#5067 = CARTESIAN_POINT ( 'NONE',  ( 0.000000000000000000, 12.50000000000000000, 25.00000000000000000 ) ) ;
#5068 = CARTESIAN_POINT ( 'NONE',  ( 6.043081190513552414, 6.198084321785116479, 10.01308186721359839 ) ) ;
#5069 = TOROIDAL_SURFACE ( 'NONE', #218, 3.000000000000000000, 1.000000000000000000 ) ;
#5070 = ADVANCED_FACE ( 'NONE', ( #4491 ), #850, .T. ) ;
#5071 = VECTOR ( 'NONE', #126, 1000.000000000000000 ) ;
#5072 = DIRECTION ( 'NONE',  ( -0.000000000000000000, -1.000000000000000000, -0.000000000000000000 ) ) ;
#5073 = ORIENTED_EDGE ( 'NONE', *, *, #1863, .F. ) ;
#5074 = AXIS2_PLACEMENT_3D ( 'NONE', #376, #2012, #3224 ) ;
#5075 = CARTESIAN_POINT ( 'NONE',  ( 0.8865588156028407774, 7.186394982757119188, 8.956342310061828016 ) ) ;
#5076 = CARTESIAN_POINT ( 'NONE',  ( 18.46662954709583104, 3.500000000000003109, -2.000000000000000000 ) ) ;
#5077 = LINE ( 'NONE', #1485, #4403 ) ;
#5078 = VECTOR ( 'NONE', #703, 1000.000000000000000 ) ;
#5079 = AXIS2_PLACEMENT_3D ( 'NONE', #2149, #3720, #1747 ) ;
#5080 = FACE_OUTER_BOUND ( 'NONE', #3160, .T. ) ;
#5081 = EDGE_CURVE ( 'NONE', #3226, #1547, #3829, .T. ) ;
#5082 = CIRCLE ( 'NONE', #3409, 9.000000000000000000 ) ;
#5083 = CIRCLE ( 'NONE', #4065, 1.000000000000000888 ) ;
#5084 = VERTEX_POINT ( 'NONE', #2662 ) ;
#5085 = CARTESIAN_POINT ( 'NONE',  ( 0.000000000000000000, 37.50000000000000711, -9.000000000000000000 ) ) ;
#5086 = DIRECTION ( 'NONE',  ( -0.7071067811865464625, 0.7071067811865486830, 1.156482317317871478E-16 ) ) ;
#5087 = DIRECTION ( 'NONE',  ( -0.5556380836598631134, 0.8314242719495233969, 0.000000000000000000 ) ) ;
#5088 = ORIENTED_EDGE ( 'NONE', *, *, #3275, .T. ) ;
#5089 = DIRECTION ( 'NONE',  ( 0.000000000000000000, 0.000000000000000000, 1.000000000000000000 ) ) ;
#5090 = AXIS2_PLACEMENT_3D ( 'NONE', #4435, #1990, #1134 ) ;
#5091 = DIRECTION ( 'NONE',  ( 0.000000000000000000, 0.000000000000000000, 1.000000000000000000 ) ) ;
#5092 = CIRCLE ( 'NONE', #1683, 2.000000000000001776 ) ;
#5093 = LINE ( 'NONE', #1033, #2462 ) ;
#5094 = AXIS2_PLACEMENT_3D ( 'NONE', #1696, #4958, #28 ) ;
#5095 = CARTESIAN_POINT ( 'NONE',  ( -2.578049104602439634, 12.29520270763709711, 10.69801257111833515 ) ) ;
#5096 = FACE_OUTER_BOUND ( 'NONE', #4563, .T. ) ;
#5097 = VERTEX_POINT ( 'NONE', #961 ) ;
#5098 = DIRECTION ( 'NONE',  ( 0.000000000000000000, 1.000000000000000000, 0.000000000000000000 ) ) ;
#5099 = CARTESIAN_POINT ( 'NONE',  ( -23.99999999999997868, 0.000000000000000000, -25.00000000000000000 ) ) ;
#5100 = EDGE_LOOP ( 'NONE', ( #4420, #3941 ) ) ;
#5101 = DIRECTION ( 'NONE',  ( 1.000000000000000000, 0.000000000000000000, 0.000000000000000000 ) ) ;
#5102 = EDGE_CURVE ( 'NONE', #3125, #1461, #198, .T. ) ;
#5103 = ORIENTED_EDGE ( 'NONE', *, *, #3245, .T. ) ;
#5104 = CARTESIAN_POINT ( 'NONE',  ( 5.031407519636819536, 6.277927230503067335, 11.01421115580335730 ) ) ;
#5105 = ADVANCED_FACE ( 'NONE', ( #4209 ), #3124, .T. ) ;
#5106 = ORIENTED_EDGE ( 'NONE', *, *, #3081, .F. ) ;
#5107 = CARTESIAN_POINT ( 'NONE',  ( 17.53337045290428620, 32.50000000000000711, 2.000000000000000000 ) ) ;
#5108 = DIRECTION ( 'NONE',  ( 0.000000000000000000, 1.000000000000000000, 0.000000000000000000 ) ) ;
#5109 = CARTESIAN_POINT ( 'NONE',  ( 37.27553390593281080, 16.06233047033629902, 15.00000000000000178 ) ) ;
#5110 =( BOUNDED_CURVE ( )  B_SPLINE_CURVE ( 3, ( #4087, #1979, #2862, #423 ),
 .UNSPECIFIED., .F., .T. ) 
 B_SPLINE_CURVE_WITH_KNOTS ( ( 4, 4 ),
 ( 1.570796326794899000, 2.865366022826202563 ),
 .UNSPECIFIED. ) 
 CURVE ( )  GEOMETRIC_REPRESENTATION_ITEM ( )  RATIONAL_B_SPLINE_CURVE ( ( 1.000000000000000000, 0.8651493568116439548, 0.8651493568116439548, 1.000000000000000000 ) ) 
 REPRESENTATION_ITEM ( '' )  );
#5111 = EDGE_CURVE ( 'NONE', #4036, #3876, #1865, .T. ) ;
#5112 = ORIENTED_EDGE ( 'NONE', *, *, #2773, .T. ) ;
#5113 = LINE ( 'NONE', #1474, #1090 ) ;
#5114 = ADVANCED_FACE ( 'NONE', ( #2607 ), #4621, .T. ) ;
#5115 = CARTESIAN_POINT ( 'NONE',  ( 5.786625027531223431, 4.094083226755008909, 9.928338497118742723 ) ) ;
#5116 = CARTESIAN_POINT ( 'NONE',  ( 0.000000000000000000, 29.50000000000000711, 0.000000000000000000 ) ) ;
#5117 = ORIENTED_EDGE ( 'NONE', *, *, #4681, .F. ) ;
#5118 = CARTESIAN_POINT ( 'NONE',  ( -10.35799278865261464, 26.51647212805215759, -7.000000000000000000 ) ) ;
#5119 = CARTESIAN_POINT ( 'NONE',  ( 0.000000000000000000, -2.500000000000002220, -9.000000000000000000 ) ) ;
#5120 = DIRECTION ( 'NONE',  ( -0.7071067811865451302, 0.7071067811865499042, 0.000000000000000000 ) ) ;
#5121 = ORIENTED_EDGE ( 'NONE', *, *, #3142, .F. ) ;
#5122 = PLANE ( 'NONE',  #5001 ) ;
#5123 = ORIENTED_EDGE ( 'NONE', *, *, #2643, .T. ) ;
#5124 = CARTESIAN_POINT ( 'NONE',  ( 18.89075759508260788, 34.44710678118656233, -10.99999999999999822 ) ) ;
#5125 = CARTESIAN_POINT ( 'NONE',  ( -8.627096970907986773, 6.502783349245019551, -8.279234270501001802 ) ) ;
#5126 = ORIENTED_EDGE ( 'NONE', *, *, #4367, .T. ) ;
#5127 = CARTESIAN_POINT ( 'NONE',  ( -10.35799278865233752, 26.51647212805086440, 6.999999999999999112 ) ) ;
#5128 = CARTESIAN_POINT ( 'NONE',  ( 9.819752547711052770, 24.26022072600370549, 4.987531389092926482 ) ) ;
#5129 = ORIENTED_EDGE ( 'NONE', *, *, #4046, .F. ) ;
#5130 = CARTESIAN_POINT ( 'NONE',  ( -8.050091013849474564, 7.500000000000000888, -7.504886187610775750 ) ) ;
#5131 = CARTESIAN_POINT ( 'NONE',  ( 4.759107877600928127, 4.236482832846553137, -10.95649753403247217 ) ) ;
#5132 = CARTESIAN_POINT ( 'NONE',  ( 32.50776695296644192, 14.83009742330266789, 10.99999999999999822 ) ) ;
#5133 = CARTESIAN_POINT ( 'NONE',  ( 18.46662954709583815, 2.500000000000001776, -2.999999999999993783 ) ) ;
#5134 = ADVANCED_FACE ( 'NONE', ( #552 ), #250, .F. ) ;
#5135 = CARTESIAN_POINT ( 'NONE',  ( -9.512320188154392397, 27.17402488209397760, -6.454819471638121975 ) ) ;
#5136 = ORIENTED_EDGE ( 'NONE', *, *, #1965, .F. ) ;
#5137 = LINE ( 'NONE', #1554, #2290 ) ;
#5138 = CARTESIAN_POINT ( 'NONE',  ( 4.777892088186891151, 4.887485396392662551, -10.02993728425202313 ) ) ;
#5139 = CARTESIAN_POINT ( 'NONE',  ( -4.684993315764313770, 11.24459540472164321, -10.77074584964430670 ) ) ;
#5140 = VERTEX_POINT ( 'NONE', #2683 ) ;
#5141 = CARTESIAN_POINT ( 'NONE',  ( 6.947312379877529587, 12.88020078833590709, 9.085092633623480296 ) ) ;
#5142 = DIRECTION ( 'NONE',  ( 0.7071067811865486830, 0.7071067811865464625, 0.000000000000000000 ) ) ;
#5143 = CARTESIAN_POINT ( 'NONE',  ( -9.380831519646857686, 6.500000000000000888, 9.000000000000001776 ) ) ;
#5144 = CIRCLE ( 'NONE', #4149, 1.499999999999997113 ) ;
#5145 = DIRECTION ( 'NONE',  ( 0.000000000000000000, 0.000000000000000000, -1.000000000000000000 ) ) ;
#5146 = ORIENTED_EDGE ( 'NONE', *, *, #1732, .F. ) ;
#5147 = CARTESIAN_POINT ( 'NONE',  ( 16.06233047033641625, 37.27553390593276106, -14.99999999999999467 ) ) ;
#5148 = CARTESIAN_POINT ( 'NONE',  ( -8.111101865182767767, 7.500000000000000888, -7.454753545684539517 ) ) ;
#5149 = ORIENTED_EDGE ( 'NONE', *, *, #5102, .F. ) ;
#5150 = CARTESIAN_POINT ( 'NONE',  ( 7.483314773547889764, -7.483314773547911081, 3.000000000000000000 ) ) ;
#5151 = AXIS2_PLACEMENT_3D ( 'NONE', #402, #810, #323 ) ;
#5152 = DIRECTION ( 'NONE',  ( 0.000000000000000000, 0.000000000000000000, 1.000000000000000000 ) ) ;
#5153 = CIRCLE ( 'NONE', #1353, 1.000000000000000000 ) ;
#5154 = AXIS2_PLACEMENT_3D ( 'NONE', #3497, #1495, #3934 ) ;
#5155 = CIRCLE ( 'NONE', #226, 2.000000000000000000 ) ;
#5156 = ORIENTED_EDGE ( 'NONE', *, *, #1840, .T. ) ;
#5157 = CARTESIAN_POINT ( 'NONE',  ( -30.99999999999997868, 0.000000000000000000, 6.000000000000000000 ) ) ;
#5158 = EDGE_CURVE ( 'NONE', #3074, #2875, #1435, .T. ) ;
#5159 = ORIENTED_EDGE ( 'NONE', *, *, #3802, .F. ) ;
#5160 = ADVANCED_FACE ( 'NONE', ( #1834 ), #3477, .F. ) ;
#5161 = AXIS2_PLACEMENT_3D ( 'NONE', #5143, #200, #1464 ) ;
#5162 = CARTESIAN_POINT ( 'NONE',  ( 18.08326122295557781, 2.500000000000001776, 3.956288614580845131 ) ) ;
#5163 = EDGE_CURVE ( 'NONE', #1505, #362, #926, .T. ) ;
#5164 = VECTOR ( 'NONE', #4309, 1000.000000000000000 ) ;
#5165 = DIRECTION ( 'NONE',  ( 0.000000000000000000, -1.000000000000000000, -8.177564888978006497E-17 ) ) ;
#5166 = AXIS2_PLACEMENT_3D ( 'NONE', #73, #4132, #473 ) ;
#5167 = DIRECTION ( 'NONE',  ( -0.7071067811865463515, 0.7071067811865486830, 0.000000000000000000 ) ) ;
#5168 = CARTESIAN_POINT ( 'NONE',  ( 32.00000000000002132, -2.499999999999998668, 21.00000000000000000 ) ) ;
#5169 = VECTOR ( 'NONE', #1895, 1000.000000000000000 ) ;
#5170 = DIRECTION ( 'NONE',  ( -0.7071067811865463515, 0.7071067811865487940, 0.000000000000000000 ) ) ;
#5171 = VECTOR ( 'NONE', #4020, 1000.000000000000000 ) ;
#5172 = CARTESIAN_POINT ( 'NONE',  ( -6.649945429389826579, 8.617855444992409630, -9.296628269421978175 ) ) ;
#5173 = EDGE_CURVE ( 'NONE', #1329, #2507, #3318, .T. ) ;
#5174 = ORIENTED_EDGE ( 'NONE', *, *, #132, .T. ) ;
#5175 = CARTESIAN_POINT ( 'NONE',  ( 6.947425820063769741, 12.88050963343039967, -9.085032206387923637 ) ) ;
#5176 = CARTESIAN_POINT ( 'NONE',  ( -0.1522930066453243025, 8.319977215951185556, 8.999999999999985789 ) ) ;
#5177 = LINE ( 'NONE', #1935, #1175 ) ;
#5178 = EDGE_LOOP ( 'NONE', ( #4746, #206, #1131 ) ) ;
#5179 = CARTESIAN_POINT ( 'NONE',  ( -8.111101865182769544, 7.500000000000000888, -7.454753545684539517 ) ) ;
#5180 = ORIENTED_EDGE ( 'NONE', *, *, #2084, .F. ) ;
#5181 = CARTESIAN_POINT ( 'NONE',  ( 6.745966692414854471, 4.500000000000002665, -25.00000000000000000 ) ) ;
#5182 = CARTESIAN_POINT ( 'NONE',  ( 6.483993751403427375, 2.512962782773645820, 10.77829583365587851 ) ) ;
#5183 = VERTEX_POINT ( 'NONE', #3897 ) ;
#5184 = CARTESIAN_POINT ( 'NONE',  ( 5.777720855863000438, 4.750000000000002665, 10.97596897413675698 ) ) ;
#5185 = DIRECTION ( 'NONE',  ( 0.000000000000000000, -1.000000000000000000, 0.000000000000000000 ) ) ;
#5186 = CARTESIAN_POINT ( 'NONE',  ( -1.245344891407382137, 12.50335281535270937, 11.93665520261528101 ) ) ;
#5187 = VECTOR ( 'NONE', #943, 1000.000000000000000 ) ;
#5188 = VERTEX_POINT ( 'NONE', #1866 ) ;
#5189 = DIRECTION ( 'NONE',  ( 0.000000000000000000, 1.000000000000000000, 0.000000000000000000 ) ) ;
#5190 = LINE ( 'NONE', #5132, #298 ) ;
#5191 = VERTEX_POINT ( 'NONE', #147 ) ;
#5192 = CARTESIAN_POINT ( 'NONE',  ( 13.10467512522776623, 2.500000000000001776, -8.709945410827623746 ) ) ;
#5193 = ORIENTED_EDGE ( 'NONE', *, *, #3119, .F. ) ;
#5194 = CARTESIAN_POINT ( 'NONE',  ( 35.50776695296644903, 17.83009742330266789, 10.99999999999999822 ) ) ;
#5195 = ORIENTED_EDGE ( 'NONE', *, *, #2813, .F. ) ;
#5196 = CARTESIAN_POINT ( 'NONE',  ( -9.380831519646857686, 26.14973472408727773, -7.000000000000000000 ) ) ;
#5197 = CARTESIAN_POINT ( 'NONE',  ( 6.572885700226257732, 2.499999999999999556, -9.610614107002064088 ) ) ;
#5198 = EDGE_CURVE ( 'NONE', #2022, #5084, #1855, .T. ) ;
#5199 =( BOUNDED_CURVE ( )  B_SPLINE_CURVE ( 3, ( #3461, #1024, #4659, #4194 ),
 .UNSPECIFIED., .F., .T. ) 
 B_SPLINE_CURVE_WITH_KNOTS ( ( 4, 4 ),
 ( 4.712388980384689674, 6.283185307179586232 ),
 .UNSPECIFIED. ) 
 CURVE ( )  GEOMETRIC_REPRESENTATION_ITEM ( )  RATIONAL_B_SPLINE_CURVE ( ( 1.000000000000000000, 0.8047378541243649375, 0.8047378541243649375, 1.000000000000000000 ) ) 
 REPRESENTATION_ITEM ( '' )  );
#5200 = PRODUCT ( 'Automotive Coolant Thermostat Housing', 'Automotive Coolant Thermostat Housing', '', ( #2982 ) ) ;
#5201 = CARTESIAN_POINT ( 'NONE',  ( -3.685533928051803798, 11.88100101386140039, -10.37524581320023209 ) ) ;
#5202 = ORIENTED_EDGE ( 'NONE', *, *, #4179, .T. ) ;
#5203 = CARTESIAN_POINT ( 'NONE',  ( 7.812500670186556917, 15.14081741128659964, 8.561060271230395813 ) ) ;
#5204 = CARTESIAN_POINT ( 'NONE',  ( -6.809475019311105548, 8.000000000000000000, -9.138219645438296013 ) ) ;
#5205 = FACE_OUTER_BOUND ( 'NONE', #3777, .T. ) ;
#5206 = ORIENTED_EDGE ( 'NONE', *, *, #1081, .T. ) ;
#5207 = CARTESIAN_POINT ( 'NONE',  ( 6.803013430498083380, -6.803013430498103808, -2.727272727272728847 ) ) ;
#5208 = EDGE_CURVE ( 'NONE', #2175, #3876, #2706, .T. ) ;
#5209 = ORIENTED_EDGE ( 'NONE', *, *, #1993, .T. ) ;
#5210 = CARTESIAN_POINT ( 'NONE',  ( -7.937626670470420365, 7.503768807351991477, -7.615384615384616751 ) ) ;
#5211 = CARTESIAN_POINT ( 'NONE',  ( 18.46662954709583460, 3.500000000000001776, 3.000000000000000000 ) ) ;
#5212 = EDGE_LOOP ( 'NONE', ( #178, #1579, #5050, #36 ) ) ;
#5213 = CARTESIAN_POINT ( 'NONE',  ( -10.15212372403595609, 26.79158776959655697, 6.278741982700749347 ) ) ;
#5214 = CARTESIAN_POINT ( 'NONE',  ( 2.996022613846055727, 12.06020857115575318, 10.58752641632848501 ) ) ;
#5215 = DIRECTION ( 'NONE',  ( -1.000000000000000000, -0.000000000000000000, 0.000000000000000000 ) ) ;
#5216 = ORIENTED_EDGE ( 'NONE', *, *, #4100, .T. ) ;
#5217 = DIRECTION ( 'NONE',  ( 0.7071067811865467956, -0.7071067811865484609, 0.000000000000000000 ) ) ;
#5218 = FACE_OUTER_BOUND ( 'NONE', #971, .T. ) ;
#5219 = AXIS2_PLACEMENT_3D ( 'NONE', #4004, #3642, #4390 ) ;
#5220 = CARTESIAN_POINT ( 'NONE',  ( -31.99999999999997868, 22.50000000000000355, -6.999999999999999112 ) ) ;
#5221 = ORIENTED_EDGE ( 'NONE', *, *, #3097, .T. ) ;
#5222 = DIRECTION ( 'NONE',  ( 0.7071067811865477948, 0.7071067811865473507, -3.679904200040098326E-15 ) ) ;
#5223 = DIRECTION ( 'NONE',  ( -1.000000000000000000, 0.000000000000000000, 1.067871377262452863E-16 ) ) ;
#5224 = CARTESIAN_POINT ( 'NONE',  ( 6.745966692414854471, 2.500000000000002220, 25.00000000000000000 ) ) ;
#5225 = VERTEX_POINT ( 'NONE', #2305 ) ;
#5226 = CARTESIAN_POINT ( 'NONE',  ( 11.33050347806854674, 23.64964952286284472, 4.942446062387550576 ) ) ;
#5227 = CARTESIAN_POINT ( 'NONE',  ( -2.885137297244761978, 7.190725177278213920, 8.525158395772193032 ) ) ;
#5228 = CYLINDRICAL_SURFACE ( 'NONE', #2806, 1.000000000000000000 ) ;
#5229 = ORIENTED_EDGE ( 'NONE', *, *, #1952, .T. ) ;
#5230 = EDGE_CURVE ( 'NONE', #4774, #2838, #2117, .T. ) ;
#5231 = DIRECTION ( 'NONE',  ( 0.000000000000000000, 0.000000000000000000, 1.000000000000000000 ) ) ;
#5232 = ORIENTED_EDGE ( 'NONE', *, *, #27, .T. ) ;
#5233 = DIRECTION ( 'NONE',  ( 1.000000000000000000, 0.000000000000000000, 0.000000000000000000 ) ) ;
#5234 = CARTESIAN_POINT ( 'NONE',  ( 32.00000000000002842, 18.03770900996075000, 1.838593853888483842 ) ) ;
#5235 = EDGE_LOOP ( 'NONE', ( #3147, #4305, #286, #1583, #2320, #172, #1135, #5121, #4406, #962, #1755, #5033, #1837, #2004, #5195 ) ) ;
#5236 = CARTESIAN_POINT ( 'NONE',  ( -2.999999999999979128, 6.500000000000000888, 25.00000000000000000 ) ) ;
#5237 = EDGE_CURVE ( 'NONE', #4192, #4696, #1387, .T. ) ;
#5238 = CARTESIAN_POINT ( 'NONE',  ( 3.137552239438289092, 10.85659130715810328, 11.37710395929521212 ) ) ;
#5239 = AXIS2_PLACEMENT_3D ( 'NONE', #4755, #3974, #242 ) ;
#5240 = AXIS2_PLACEMENT_3D ( 'NONE', #749, #2393, #991 ) ;
#5241 = CIRCLE ( 'NONE', #1596, 9.000000000000000000 ) ;
#5242 = CARTESIAN_POINT ( 'NONE',  ( 32.00000000000002132, 18.21474967288240521, 2.280210856675262576 ) ) ;
#5243 = ADVANCED_FACE ( 'NONE', ( #176 ), #1812, .F. ) ;
#5244 = AXIS2_PLACEMENT_3D ( 'NONE', #2330, #4269, #614 ) ;
#5245 = ORIENTED_EDGE ( 'NONE', *, *, #3084, .F. ) ;
#5246 = CARTESIAN_POINT ( 'NONE',  ( 9.139246294098215984, 2.499999999999448441, 8.920969386092192366 ) ) ;
#5247 = CIRCLE ( 'NONE', #833, 1.499999999999997113 ) ;
#5248 = VECTOR ( 'NONE', #3847, 1000.000000000000000 ) ;
#5249 = AXIS2_PLACEMENT_3D ( 'NONE', #2715, #4297, #5152 ) ;
#5250 = CIRCLE ( 'NONE', #1016, 1.499999999999997113 ) ;
#5251 = VECTOR ( 'NONE', #3850, 1000.000000000000000 ) ;
#5252 = CARTESIAN_POINT ( 'NONE',  ( 11.61895003862225018, 32.50000000000000711, 3.000000000000000000 ) ) ;
#5253 = ORIENTED_EDGE ( 'NONE', *, *, #796, .F. ) ;
#5254 = DIRECTION ( 'NONE',  ( 0.000000000000000000, 0.000000000000000000, 1.000000000000000000 ) ) ;
#5255 = CARTESIAN_POINT ( 'NONE',  ( 6.257656142707798352, 2.526223746792341629, -9.670388049334308178 ) ) ;
#5256 = ORIENTED_EDGE ( 'NONE', *, *, #5009, .F. ) ;
#5257 = CARTESIAN_POINT ( 'NONE',  ( 7.520301987249199627, 14.39212854680251930, -8.748002733597605385 ) ) ;
#5258 = LINE ( 'NONE', #1613, #4805 ) ;
#5259 = CARTESIAN_POINT ( 'NONE',  ( 0.000000000000000000, 29.50000000000000711, 0.000000000000000000 ) ) ;
#5260 = EDGE_LOOP ( 'NONE', ( #2777, #4911, #5232, #356, #4213, #202, #2980, #4699, #2345, #4724, #3693 ) ) ;
#5261 = AXIS2_PLACEMENT_3D ( 'NONE', #2170, #3798, #965 ) ;
#5262 = DIRECTION ( 'NONE',  ( -0.7071067811865467956, 0.7071067811865484609, 0.000000000000000000 ) ) ;
#5263 = EDGE_CURVE ( 'NONE', #3704, #1329, #1261, .T. ) ;
#5264 = EDGE_CURVE ( 'NONE', #5006, #1436, #3653, .T. ) ;
#5265 = CARTESIAN_POINT ( 'NONE',  ( 8.871370574338378390, 21.56797680695223463, 6.516356502221515967 ) ) ;
#5266 = DIRECTION ( 'NONE',  ( 0.7071067811865485719, 0.7071067811865464625, -0.000000000000000000 ) ) ;
#5267 = ORIENTED_EDGE ( 'NONE', *, *, #4866, .F. ) ;
#5268 = CARTESIAN_POINT ( 'NONE',  ( -9.380831519646857686, 26.14973472408727417, 7.000000000000000000 ) ) ;
#5269 = CARTESIAN_POINT ( 'NONE',  ( 0.000000000000000000, 37.50000000000000711, 0.000000000000000000 ) ) ;
#5270 = VERTEX_POINT ( 'NONE', #3359 ) ;
#5271 = CARTESIAN_POINT ( 'NONE',  ( -2.499999999999998668, 37.50000000000000711, 8.645808232895291212 ) ) ;
#5272 = ORIENTED_EDGE ( 'NONE', *, *, #2578, .T. ) ;
#5273 = CARTESIAN_POINT ( 'NONE',  ( -27.99999999999997868, 26.50000000000000355, 6.000000000000000000 ) ) ;
#5274 = ADVANCED_FACE ( 'NONE', ( #4954, #1293, #2510, #482, #3725, #2152 ), #3781, .F. ) ;
ENDSEC;
END-ISO-10303-21;
