ISO-10303-21;
HEADER;
FILE_DESCRIPTION (( 'STEP AP214' ),
    '1' );
FILE_NAME ('Suporte-Starlink.STEP',
    '2026-05-15T19:02:14',
    ( '' ),
    ( '' ),
    'SwSTEP 2.0',
    'SolidWorks 2019',
    '' );
FILE_SCHEMA (( 'AUTOMOTIVE_DESIGN' ));
ENDSEC;

DATA;
#1 = EDGE_CURVE ( 'NONE', #1726, #900, #1617, .T. ) ;
#2 = LINE ( 'NONE', #620, #1085 ) ;
#3 = CIRCLE ( 'NONE', #1737, 11.00000000000000000 ) ;
#4 = DIRECTION ( 'NONE',  ( -0.000000000000000000, 1.000000000000000000, 0.000000000000000000 ) ) ;
#5 = ADVANCED_FACE ( 'NONE', ( #834, #1615, #914, #1530 ), #2288, .F. ) ;
#6 = ORIENTED_EDGE ( 'NONE', *, *, #689, .F. ) ;
#7 = EDGE_CURVE ( 'NONE', #959, #244, #742, .T. ) ;
#8 = VECTOR ( 'NONE', #2417, 1000.000000000000114 ) ;
#9 = DIRECTION ( 'NONE',  ( -1.000000000000000000, 0.000000000000000000, -0.000000000000000000 ) ) ;
#10 = CARTESIAN_POINT ( 'NONE',  ( 0.000000000000000000, 0.000000000000000000, 3.259999999999998899 ) ) ;
#11 = CARTESIAN_POINT ( 'NONE',  ( 53.87499999999999289, -32.80000000000003268, 0.000000000000000000 ) ) ;
#12 = VECTOR ( 'NONE', #1184, 1000.000000000000000 ) ;
#13 = ORIENTED_EDGE ( 'NONE', *, *, #1643, .F. ) ;
#14 = VECTOR ( 'NONE', #1748, 1000.000000000000114 ) ;
#15 = CARTESIAN_POINT ( 'NONE',  ( 26.00000000000000000, 28.26999999999997115, 12.00000000000000000 ) ) ;
#16 = CARTESIAN_POINT ( 'NONE',  ( -26.00000000000000000, 4.916873254189397358, -90.50966799187806089 ) ) ;
#17 = ORIENTED_EDGE ( 'NONE', *, *, #1318, .F. ) ;
#18 = DIRECTION ( 'NONE',  ( 0.000000000000000000, 0.000000000000000000, 1.000000000000000000 ) ) ;
#19 = ORIENTED_EDGE ( 'NONE', *, *, #1909, .F. ) ;
#20 = DIRECTION ( 'NONE',  ( -1.000000000000000000, 0.000000000000000000, 0.000000000000000000 ) ) ;
#21 =( BOUNDED_CURVE ( )  B_SPLINE_CURVE ( 3, ( #185, #2077, #921, #1084 ),
 .UNSPECIFIED., .F., .F. ) 
 B_SPLINE_CURVE_WITH_KNOTS ( ( 4, 4 ),
 ( 3.141592653589793116, 3.795163267666776363 ),
 .UNSPECIFIED. ) 
 CURVE ( )  GEOMETRIC_REPRESENTATION_ITEM ( )  RATIONAL_B_SPLINE_CURVE ( ( 1.000000000000000000, 0.9647194348410454978, 0.9647194348410454978, 1.000000000000000000 ) ) 
 REPRESENTATION_ITEM ( '' )  );
#22 = CARTESIAN_POINT ( 'NONE',  ( -85.74000000000000909, -54.00000000000002842, -6.999999999999999112 ) ) ;
#23 = EDGE_CURVE ( 'NONE', #1182, #2330, #1488, .T. ) ;
#24 = ORIENTED_EDGE ( 'NONE', *, *, #534, .T. ) ;
#25 = CARTESIAN_POINT ( 'NONE',  ( 0.000000000000000000, 0.000000000000000000, 0.000000000000000000 ) ) ;
#26 = CARTESIAN_POINT ( 'NONE',  ( 45.09999999999998721, -20.12999999999999545, 40.50000000000000000 ) ) ;
#27 = VERTEX_POINT ( 'NONE', #2093 ) ;
#28 = CARTESIAN_POINT ( 'NONE',  ( -3.150000000000000799, 45.96999999999999886, 37.40000000000000568 ) ) ;
#29 = ORIENTED_EDGE ( 'NONE', *, *, #1046, .F. ) ;
#30 = CARTESIAN_POINT ( 'NONE',  ( 21.41839180263548670, 47.50793917147599643, 15.12525851417339950 ) ) ;
#31 = CARTESIAN_POINT ( 'NONE',  ( -69.32268271876178289, -46.66188147521211960, 3.259999999999998899 ) ) ;
#32 = VERTEX_POINT ( 'NONE', #372 ) ;
#33 = ADVANCED_FACE ( 'NONE', ( #572 ), #1139, .F. ) ;
#34 = LINE ( 'NONE', #26, #1131 ) ;
#35 = EDGE_CURVE ( 'NONE', #950, #1282, #178, .T. ) ;
#36 = CARTESIAN_POINT ( 'NONE',  ( 41.94999999999998863, -20.12999999999999545, 37.40000000000000568 ) ) ;
#37 = DIRECTION ( 'NONE',  ( -0.000000000000000000, 1.000000000000000000, -0.000000000000000000 ) ) ;
#38 = ORIENTED_EDGE ( 'NONE', *, *, #2066, .T. ) ;
#39 = VECTOR ( 'NONE', #797, 1000.000000000000000 ) ;
#40 = ORIENTED_EDGE ( 'NONE', *, *, #803, .F. ) ;
#41 = VECTOR ( 'NONE', #2070, 1000.000000000000000 ) ;
#42 = CARTESIAN_POINT ( 'NONE',  ( -69.32268271876178289, -50.70000000000003126, 3.259999999999998899 ) ) ;
#43 = LINE ( 'NONE', #1792, #1665 ) ;
#44 = ORIENTED_EDGE ( 'NONE', *, *, #2078, .F. ) ;
#45 = SURFACE_STYLE_USAGE ( .BOTH. , #2160 ) ;
#46 = VECTOR ( 'NONE', #128, 1000.000000000000114 ) ;
#47 = AXIS2_PLACEMENT_3D ( 'NONE', #1363, #2111, #603 ) ;
#48 = CARTESIAN_POINT ( 'NONE',  ( 53.87500000000000000, -29.68000000000003169, 0.000000000000000000 ) ) ;
#49 = CARTESIAN_POINT ( 'NONE',  ( -11.00000000000000000, -15.88000000000002565, 0.000000000000000000 ) ) ;
#50 = AXIS2_PLACEMENT_3D ( 'NONE', #883, #922, #2462 ) ;
#51 = ADVANCED_FACE ( 'NONE', ( #1101 ), #717, .F. ) ;
#52 = CARTESIAN_POINT ( 'NONE',  ( 71.59750867587409573, -35.56414167718002517, 0.000000000000000000 ) ) ;
#53 = DIRECTION ( 'NONE',  ( 1.000000000000000000, 0.000000000000000000, 0.000000000000000000 ) ) ;
#54 = AXIS2_PLACEMENT_3D ( 'NONE', #1024, #272, #446 ) ;
#55 = DIRECTION ( 'NONE',  ( -0.000000000000000000, -0.000000000000000000, 1.000000000000000000 ) ) ;
#56 = ADVANCED_FACE ( 'NONE', ( #1676 ), #1712, .F. ) ;
#57 = ORIENTED_EDGE ( 'NONE', *, *, #1353, .F. ) ;
#58 = CIRCLE ( 'NONE', #1976, 26.15000000000000213 ) ;
#59 = ORIENTED_EDGE ( 'NONE', *, *, #301, .T. ) ;
#60 = CARTESIAN_POINT ( 'NONE',  ( 53.87499999999999289, -35.85000000000002984, 0.000000000000000000 ) ) ;
#61 = DIRECTION ( 'NONE',  ( -0.000000000000000000, -0.000000000000000000, -1.000000000000000000 ) ) ;
#62 = ORIENTED_EDGE ( 'NONE', *, *, #2269, .F. ) ;
#63 = CARTESIAN_POINT ( 'NONE',  ( -53.87500000000000000, -32.80000000000003268, 0.000000000000000000 ) ) ;
#64 = DIRECTION ( 'NONE',  ( 0.000000000000000000, 0.000000000000000000, -1.000000000000000000 ) ) ;
#65 = VERTEX_POINT ( 'NONE', #1697 ) ;
#66 = DIRECTION ( 'NONE',  ( 0.000000000000000000, -0.000000000000000000, -1.000000000000000000 ) ) ;
#67 = ORIENTED_EDGE ( 'NONE', *, *, #1848, .T. ) ;
#68 = CARTESIAN_POINT ( 'NONE',  ( 82.85185661918913524, -52.40000000000002700, 0.000000000000000000 ) ) ;
#69 = LINE ( 'NONE', #2147, #1424 ) ;
#70 = ORIENTED_EDGE ( 'NONE', *, *, #745, .T. ) ;
#71 =( NAMED_UNIT ( * ) SI_UNIT ( $, .STERADIAN. ) SOLID_ANGLE_UNIT ( ) );
#72 = DIRECTION ( 'NONE',  ( -1.000000000000000000, 0.000000000000000000, 0.000000000000000000 ) ) ;
#73 = CARTESIAN_POINT ( 'NONE',  ( -70.28732577630341893, -47.96855500435352582, 13.82438127855674104 ) ) ;
#74 = CARTESIAN_POINT ( 'NONE',  ( 0.000000000000000000, -15.88000000000002565, 40.50000000000000000 ) ) ;
#75 = LINE ( 'NONE', #1274, #847 ) ;
#76 = CARTESIAN_POINT ( 'NONE',  ( -71.59750867587409573, -35.56414167718002517, 0.000000000000000000 ) ) ;
#77 = ORIENTED_EDGE ( 'NONE', *, *, #424, .F. ) ;
#78 = ORIENTED_EDGE ( 'NONE', *, *, #2045, .F. ) ;
#79 = EDGE_CURVE ( 'NONE', #2451, #1029, #1322, .T. ) ;
#80 = ADVANCED_FACE ( 'NONE', ( #586 ), #752, .F. ) ;
#81 = LINE ( 'NONE', #1647, #1415 ) ;
#82 = AXIS2_PLACEMENT_3D ( 'NONE', #1335, #559, #188 ) ;
#83 = ORIENTED_EDGE ( 'NONE', *, *, #434, .F. ) ;
#84 = DIRECTION ( 'NONE',  ( 0.000000000000000000, 0.000000000000000000, 1.000000000000000000 ) ) ;
#85 = AXIS2_PLACEMENT_3D ( 'NONE', #2428, #690, #2375 ) ;
#86 = ORIENTED_EDGE ( 'NONE', *, *, #1803, .T. ) ;
#87 = CARTESIAN_POINT ( 'NONE',  ( -12.74134742468223358, 51.40000000000000568, 37.40000000000000568 ) ) ;
#88 = CARTESIAN_POINT ( 'NONE',  ( -72.17809524831672263, -36.42183240182204429, -9.351070120130803076 ) ) ;
#89 = CARTESIAN_POINT ( 'NONE',  ( -38.80000000000001847, -20.12999999999999545, 40.50000000000000000 ) ) ;
#90 = VECTOR ( 'NONE', #1233, 1000.000000000000000 ) ;
#91 = AXIS2_PLACEMENT_3D ( 'NONE', #2044, #903, #2432 ) ;
#92 = LINE ( 'NONE', #1651, #735 ) ;
#93 = FACE_OUTER_BOUND ( 'NONE', #1118, .T. ) ;
#94 = FACE_OUTER_BOUND ( 'NONE', #700, .T. ) ;
#95 = AXIS2_PLACEMENT_3D ( 'NONE', #2336, #2493, #2312 ) ;
#96 = EDGE_LOOP ( 'NONE', ( #2437, #523 ) ) ;
#97 = AXIS2_PLACEMENT_3D ( 'NONE', #1645, #737, #555 ) ;
#98 = EDGE_LOOP ( 'NONE', ( #329, #1472, #1346, #1445 ) ) ;
#99 = CARTESIAN_POINT ( 'NONE',  ( 26.25654736645133980, 35.71999999999997044, -19.00000000000000000 ) ) ;
#100 = VERTEX_POINT ( 'NONE', #762 ) ;
#101 = ORIENTED_EDGE ( 'NONE', *, *, #731, .F. ) ;
#102 = ADVANCED_FACE ( 'NONE', ( #2069 ), #1542, .F. ) ;
#103 = EDGE_CURVE ( 'NONE', #796, #2463, #550, .T. ) ;
#104 = CARTESIAN_POINT ( 'NONE',  ( -69.32268271876178289, 0.000000000000000000, 3.259999999999998899 ) ) ;
#105 = DIRECTION ( 'NONE',  ( 0.5525768464437813554, -0.8334619540052476960, 0.000000000000000000 ) ) ;
#106 = VERTEX_POINT ( 'NONE', #1295 ) ;
#107 = ORIENTED_EDGE ( 'NONE', *, *, #449, .T. ) ;
#108 = FACE_OUTER_BOUND ( 'NONE', #120, .T. ) ;
#109 = CARTESIAN_POINT ( 'NONE',  ( -14.13709223781481406, 54.00000000000000711, 40.50000000000000000 ) ) ;
#110 = ORIENTED_EDGE ( 'NONE', *, *, #863, .T. ) ;
#111 = VERTEX_POINT ( 'NONE', #1088 ) ;
#112 = CARTESIAN_POINT ( 'NONE',  ( 71.59750867587409573, -35.56414167718002517, -9.465785776569772381 ) ) ;
#113 = PLANE ( 'NONE',  #1254 ) ;
#114 = DIRECTION ( 'NONE',  ( 0.000000000000000000, -1.000000000000000000, -0.000000000000000000 ) ) ;
#115 = EDGE_CURVE ( 'NONE', #135, #274, #2465, .T. ) ;
#116 = FACE_OUTER_BOUND ( 'NONE', #823, .T. ) ;
#117 = LINE ( 'NONE', #1247, #247 ) ;
#118 = EDGE_CURVE ( 'NONE', #2075, #2365, #141, .T. ) ;
#119 = ORIENTED_EDGE ( 'NONE', *, *, #2338, .T. ) ;
#120 = EDGE_LOOP ( 'NONE', ( #984, #1317, #187, #1627 ) ) ;
#121 = LINE ( 'NONE', #99, #2051 ) ;
#122 = CARTESIAN_POINT ( 'NONE',  ( -25.39762748144671534, 34.11999999999996902, -18.78600089166294751 ) ) ;
#123 = ORIENTED_EDGE ( 'NONE', *, *, #876, .T. ) ;
#124 = VECTOR ( 'NONE', #2478, 1000.000000000000000 ) ;
#125 = ORIENTED_EDGE ( 'NONE', *, *, #1443, .T. ) ;
#126 = FACE_OUTER_BOUND ( 'NONE', #686, .T. ) ;
#127 = DIRECTION ( 'NONE',  ( 0.000000000000000000, 1.000000000000000000, 0.000000000000000000 ) ) ;
#128 = DIRECTION ( 'NONE',  ( 0.3503957771004689303, -0.5285084797469091766, -0.7732409625891332183 ) ) ;
#129 = VECTOR ( 'NONE', #1619, 1000.000000000000000 ) ;
#130 = AXIS2_PLACEMENT_3D ( 'NONE', #721, #2139, #1558 ) ;
#131 = DIRECTION ( 'NONE',  ( -0.5939294357405524583, -0.8045171380156601604, 0.000000000000000000 ) ) ;
#132 = EDGE_LOOP ( 'NONE', ( #1496, #2135, #1516, #667 ) ) ;
#133 = CIRCLE ( 'NONE', #1815, 3.150000000000000799 ) ;
#134 = VECTOR ( 'NONE', #4, 1000.000000000000000 ) ;
#135 = VERTEX_POINT ( 'NONE', #901 ) ;
#136 = ADVANCED_FACE ( 'NONE', ( #337, #2080, #2057 ), #1872, .T. ) ;
#137 = VECTOR ( 'NONE', #655, 1000.000000000000000 ) ;
#138 = DIRECTION ( 'NONE',  ( 0.000000000000000000, 0.000000000000000000, 1.000000000000000000 ) ) ;
#139 = DIRECTION ( 'NONE',  ( -0.000000000000000000, 0.9870600979503604266, 0.1603507500270108799 ) ) ;
#140 = ORIENTED_EDGE ( 'NONE', *, *, #343, .F. ) ;
#141 = LINE ( 'NONE', #1894, #651 ) ;
#142 = CARTESIAN_POINT ( 'NONE',  ( 67.69638225207087601, -29.68000000000003880, 0.000000000000000000 ) ) ;
#143 = PLANE ( 'NONE',  #91 ) ;
#144 = FACE_OUTER_BOUND ( 'NONE', #2218, .T. ) ;
#145 = FACE_OUTER_BOUND ( 'NONE', #2039, .T. ) ;
#146 = ORIENTED_EDGE ( 'NONE', *, *, #2339, .F. ) ;
#147 = DIRECTION ( 'NONE',  ( 0.000000000000000000, -0.1736481776669307198, 0.9848077530122080203 ) ) ;
#148 = VERTEX_POINT ( 'NONE', #1600 ) ;
#149 = ORIENTED_EDGE ( 'NONE', *, *, #2272, .T. ) ;
#150 = EDGE_CURVE ( 'NONE', #196, #1526, #2256, .T. ) ;
#151 = EDGE_CURVE ( 'NONE', #1892, #1707, #792, .T. ) ;
#152 = DIRECTION ( 'NONE',  ( 1.000000000000000000, -2.454144666803061334E-16, 0.000000000000000000 ) ) ;
#153 = ORIENTED_EDGE ( 'NONE', *, *, #1269, .F. ) ;
#154 = CARTESIAN_POINT ( 'NONE',  ( 0.000000000000000000, 2.119999999999969020, 0.000000000000000000 ) ) ;
#155 = CARTESIAN_POINT ( 'NONE',  ( -41.95000000000001705, -20.12999999999999545, 40.50000000000000000 ) ) ;
#156 = DIRECTION ( 'NONE',  ( -0.000000000000000000, -0.000000000000000000, 1.000000000000000000 ) ) ;
#157 = CARTESIAN_POINT ( 'NONE',  ( 0.000000000000000000, 2.119999999999969020, 12.00000000000000000 ) ) ;
#158 = ORIENTED_EDGE ( 'NONE', *, *, #1803, .F. ) ;
#159 = ORIENTED_EDGE ( 'NONE', *, *, #1431, .T. ) ;
#160 = CARTESIAN_POINT ( 'NONE',  ( -71.59750867587409573, -35.56414167718002517, 0.000000000000000000 ) ) ;
#161 = VERTEX_POINT ( 'NONE', #1959 ) ;
#162 = EDGE_CURVE ( 'NONE', #726, #148, #2366, .T. ) ;
#163 = CARTESIAN_POINT ( 'NONE',  ( -56.11470149532856766, -38.84040891644004034, 0.000000000000000000 ) ) ;
#164 = CARTESIAN_POINT ( 'NONE',  ( -26.15000000000000213, 2.119999999999972129, 12.00000000000000000 ) ) ;
#165 = DIRECTION ( 'NONE',  ( -1.000000000000000000, 0.000000000000000000, -0.000000000000000000 ) ) ;
#166 = EDGE_CURVE ( 'NONE', #111, #1360, #1164, .T. ) ;
#167 = CARTESIAN_POINT ( 'NONE',  ( 8.774428575787526441, -22.51395833333338103, 3.750000000000003553 ) ) ;
#168 = AXIS2_PLACEMENT_3D ( 'NONE', #2474, #2040, #2486 ) ;
#169 = VERTEX_POINT ( 'NONE', #1747 ) ;
#170 = VECTOR ( 'NONE', #910, 1000.000000000000114 ) ;
#171 = AXIS2_PLACEMENT_3D ( 'NONE', #1922, #18, #210 ) ;
#172 = ORIENTED_EDGE ( 'NONE', *, *, #1156, .T. ) ;
#173 = VECTOR ( 'NONE', #2035, 1000.000000000000000 ) ;
#174 = LINE ( 'NONE', #1517, #2087 ) ;
#175 = FACE_OUTER_BOUND ( 'NONE', #2255, .T. ) ;
#176 = EDGE_LOOP ( 'NONE', ( #879, #2115, #872, #1370 ) ) ;
#177 = VECTOR ( 'NONE', #1795, 1000.000000000000227 ) ;
#178 = LINE ( 'NONE', #924, #124 ) ;
#179 = AXIS2_PLACEMENT_3D ( 'NONE', #588, #2468, #1700 ) ;
#180 = FACE_OUTER_BOUND ( 'NONE', #2196, .T. ) ;
#181 = CARTESIAN_POINT ( 'NONE',  ( 14.13709223781478563, 54.00000000000000000, 0.000000000000000000 ) ) ;
#182 = EDGE_CURVE ( 'NONE', #244, #491, #1591, .T. ) ;
#183 = CARTESIAN_POINT ( 'NONE',  ( -82.99400976530290563, -52.40000000000002700, 0.000000000000000000 ) ) ;
#184 = VERTEX_POINT ( 'NONE', #42 ) ;
#185 = CARTESIAN_POINT ( 'NONE',  ( 0.000000000000000000, 34.11999999999996191, 1.387778780781445676E-14 ) ) ;
#186 = DIRECTION ( 'NONE',  ( 0.000000000000000000, -1.000000000000000000, 0.000000000000000000 ) ) ;
#187 = ORIENTED_EDGE ( 'NONE', *, *, #118, .T. ) ;
#188 = DIRECTION ( 'NONE',  ( 0.000000000000000000, -0.000000000000000000, 1.000000000000000000 ) ) ;
#189 = DIRECTION ( 'NONE',  ( 0.09281626907426047957, 0.1728985824073806243, -0.9805565870446502075 ) ) ;
#190 = LINE ( 'NONE', #203, #12 ) ;
#191 = LINE ( 'NONE', #2494, #1582 ) ;
#192 = EDGE_CURVE ( 'NONE', #2330, #1613, #423, .T. ) ;
#193 = EDGE_CURVE ( 'NONE', #1461, #2043, #960, .T. ) ;
#194 = EDGE_CURVE ( 'NONE', #1798, #1958, #2345, .T. ) ;
#195 = EDGE_CURVE ( 'NONE', #1080, #671, #1406, .T. ) ;
#196 = VERTEX_POINT ( 'NONE', #994 ) ;
#197 = DIRECTION ( 'NONE',  ( 1.000000000000000000, 0.000000000000000000, 0.000000000000000000 ) ) ;
#198 = EDGE_LOOP ( 'NONE', ( #2244, #723, #2429, #101 ) ) ;
#199 = CARTESIAN_POINT ( 'NONE',  ( 25.39762748144667626, 34.11999999999996902, 0.000000000000000000 ) ) ;
#200 = DIRECTION ( 'NONE',  ( 0.000000000000000000, 0.000000000000000000, 1.000000000000000000 ) ) ;
#201 = DIRECTION ( 'NONE',  ( 0.5525768464437814664, -0.8334619540052475850, 0.000000000000000000 ) ) ;
#202 = DIRECTION ( 'NONE',  ( 0.000000000000000000, 0.000000000000000000, -1.000000000000000000 ) ) ;
#203 = CARTESIAN_POINT ( 'NONE',  ( -74.74000000000000909, -53.99999999999999289, 3.259999999999998899 ) ) ;
#204 = DIRECTION ( 'NONE',  ( 0.000000000000000000, 0.000000000000000000, -1.000000000000000000 ) ) ;
#205 = DIRECTION ( 'NONE',  ( 0.5491751664947011058, 0.8283311367523955582, -0.1107888279205165860 ) ) ;
#206 = CARTESIAN_POINT ( 'NONE',  ( -71.59750867587410994, -52.40000000000002700, 0.000000000000000000 ) ) ;
#207 = EDGE_LOOP ( 'NONE', ( #830, #2419, #57, #1620, #1351, #1448, #2318, #1106 ) ) ;
#208 = AXIS2_PLACEMENT_3D ( 'NONE', #1371, #1011, #1576 ) ;
#209 = ADVANCED_FACE ( 'NONE', ( #1397, #632 ), #2157, .T. ) ;
#210 = DIRECTION ( 'NONE',  ( 1.000000000000000000, 0.000000000000000000, -0.000000000000000000 ) ) ;
#211 = VECTOR ( 'NONE', #2034, 1000.000000000000114 ) ;
#212 = VERTEX_POINT ( 'NONE', #811 ) ;
#213 = DIRECTION ( 'NONE',  ( 0.000000000000000000, 0.000000000000000000, -1.000000000000000000 ) ) ;
#214 = DIRECTION ( 'NONE',  ( 0.000000000000000000, 0.000000000000000000, -1.000000000000000000 ) ) ;
#215 = VECTOR ( 'NONE', #828, 1000.000000000000000 ) ;
#216 = EDGE_LOOP ( 'NONE', ( #396, #2413, #1385, #2063 ) ) ;
#217 = CARTESIAN_POINT ( 'NONE',  ( 11.00000000000000000, -15.88000000000002565, 4.827705599291125083 ) ) ;
#218 = VECTOR ( 'NONE', #1031, 1000.000000000000000 ) ;
#219 = DIRECTION ( 'NONE',  ( 0.1976051911185592314, -0.5557351593179907789, 0.8075336656392754220 ) ) ;
#220 = CARTESIAN_POINT ( 'NONE',  ( -74.74000000000000909, -53.99999999999999289, 3.259999999999998899 ) ) ;
#221 = VERTEX_POINT ( 'NONE', #233 ) ;
#222 = LINE ( 'NONE', #2130, #324 ) ;
#223 = ORIENTED_EDGE ( 'NONE', *, *, #1514, .F. ) ;
#224 = EDGE_CURVE ( 'NONE', #1613, #2332, #1361, .T. ) ;
#225 = CARTESIAN_POINT ( 'NONE',  ( 0.000000000000000000, 45.96999999999999886, 40.50000000000000000 ) ) ;
#226 = CARTESIAN_POINT ( 'NONE',  ( 57.73297156160062826, -37.96446570157269207, 0.000000000000000000 ) ) ;
#227 = ORIENTED_EDGE ( 'NONE', *, *, #2324, .T. ) ;
#228 = FILL_AREA_STYLE ('',( #2326 ) ) ;
#229 = DIRECTION ( 'NONE',  ( 1.000000000000000000, 0.000000000000000000, 0.000000000000000000 ) ) ;
#230 = CARTESIAN_POINT ( 'NONE',  ( -70.49429657105243052, -33.90014630262813711, -9.688344230589192918 ) ) ;
#231 = ORIENTED_EDGE ( 'NONE', *, *, #182, .T. ) ;
#232 = ORIENTED_EDGE ( 'NONE', *, *, #1098, .T. ) ;
#233 = CARTESIAN_POINT ( 'NONE',  ( 66.98875880235300428, -32.95445890433275338, 13.60635444801524407 ) ) ;
#234 = DIRECTION ( 'NONE',  ( 0.000000000000000000, 1.000000000000000000, 0.000000000000000000 ) ) ;
#235 = EDGE_LOOP ( 'NONE', ( #609, #1343, #1073, #310 ) ) ;
#236 = DIRECTION ( 'NONE',  ( 0.000000000000000000, 0.000000000000000000, 1.000000000000000000 ) ) ;
#237 = EDGE_CURVE ( 'NONE', #308, #1286, #730, .T. ) ;
#238 = EDGE_CURVE ( 'NONE', #1708, #363, #2133, .T. ) ;
#239 = FACE_OUTER_BOUND ( 'NONE', #132, .T. ) ;
#240 = CARTESIAN_POINT ( 'NONE',  ( 59.78404858548206846, -29.68000000000003524, 37.40000000000000568 ) ) ;
#241 = DIRECTION ( 'NONE',  ( -0.7216607363132286901, -0.3906231960812193149, -0.5715061682494266826 ) ) ;
#242 = DIRECTION ( 'NONE',  ( 1.000000000000000000, 0.000000000000000000, 0.000000000000000000 ) ) ;
#243 = CARTESIAN_POINT ( 'NONE',  ( 66.98875880235300428, -32.95445890433274627, 3.259999999999998899 ) ) ;
#244 = VERTEX_POINT ( 'NONE', #1179 ) ;
#245 = VECTOR ( 'NONE', #645, 1000.000000000000000 ) ;
#246 = ORIENTED_EDGE ( 'NONE', *, *, #925, .T. ) ;
#247 = VECTOR ( 'NONE', #1865, 1000.000000000000114 ) ;
#248 = DIRECTION ( 'NONE',  ( -0.000000000000000000, -0.000000000000000000, -1.000000000000000000 ) ) ;
#249 = DIRECTION ( 'NONE',  ( 2.023237084181020581E-16, 1.000000000000000000, -0.000000000000000000 ) ) ;
#250 = ORIENTED_EDGE ( 'NONE', *, *, #2156, .F. ) ;
#251 = VECTOR ( 'NONE', #205, 999.9999999999998863 ) ;
#252 = CARTESIAN_POINT ( 'NONE',  ( -14.13709223781481406, 54.00000000000000711, 0.000000000000000000 ) ) ;
#253 = VECTOR ( 'NONE', #729, 1000.000000000000000 ) ;
#254 = ADVANCED_FACE ( 'NONE', ( #1192 ), #1763, .F. ) ;
#255 = CARTESIAN_POINT ( 'NONE',  ( -8.774428575787533546, -22.51395833333337038, 3.750000000000003553 ) ) ;
#256 = CARTESIAN_POINT ( 'NONE',  ( 25.39762748144667626, 34.11999999999996902, 0.000000000000000000 ) ) ;
#257 = EDGE_LOOP ( 'NONE', ( #1293, #354, #1634, #920 ) ) ;
#258 = EDGE_LOOP ( 'NONE', ( #1728, #1554, #17, #125 ) ) ;
#259 = CARTESIAN_POINT ( 'NONE',  ( -8.774428575787537099, -22.51395833333337038, 40.50000000000000000 ) ) ;
#260 = CARTESIAN_POINT ( 'NONE',  ( 8.774428575787528217, -22.51395833333337748, 12.00000000000000000 ) ) ;
#261 = ORIENTED_EDGE ( 'NONE', *, *, #2128, .T. ) ;
#262 = CARTESIAN_POINT ( 'NONE',  ( 71.59750867587409573, -36.80793513610881007, -9.299429094590887956 ) ) ;
#263 = LINE ( 'NONE', #1235, #496 ) ;
#264 = CARTESIAN_POINT ( 'NONE',  ( 41.94999999999998863, -20.12999999999999545, 37.40000000000000568 ) ) ;
#265 = EDGE_CURVE ( 'NONE', #679, #2191, #1780, .T. ) ;
#266 = EDGE_LOOP ( 'NONE', ( #2236, #1368, #336, #1138 ) ) ;
#267 = EDGE_CURVE ( 'NONE', #2003, #789, #1914, .T. ) ;
#268 = ADVANCED_FACE ( 'NONE', ( #668 ), #1048, .F. ) ;
#269 = ADVANCED_FACE ( 'NONE', ( #2016 ), #880, .T. ) ;
#270 = EDGE_LOOP ( 'NONE', ( #631, #635, #29, #77, #1948, #379 ) ) ;
#271 = CARTESIAN_POINT ( 'NONE',  ( 0.000000000000000000, 45.96999999999999886, 37.40000000000000568 ) ) ;
#272 = DIRECTION ( 'NONE',  ( -0.8207997941450725365, 0.5441819625128719862, 0.1736481776669307198 ) ) ;
#273 = ORIENTED_EDGE ( 'NONE', *, *, #719, .F. ) ;
#274 = VERTEX_POINT ( 'NONE', #463 ) ;
#275 = CARTESIAN_POINT ( 'NONE',  ( 26.25654736645133980, 35.71999999999997044, 0.000000000000000000 ) ) ;
#276 = CARTESIAN_POINT ( 'NONE',  ( 25.39762748144667626, 34.11999999999996902, 0.000000000000000000 ) ) ;
#277 = CARTESIAN_POINT ( 'NONE',  ( 0.000000000000000000, 2.119999999999969020, 0.000000000000000000 ) ) ;
#278 = CARTESIAN_POINT ( 'NONE',  ( 41.94999999999998863, -20.12999999999999545, 40.50000000000000000 ) ) ;
#279 = CARTESIAN_POINT ( 'NONE',  ( 31.99999999999999289, 2.119999999999969020, 37.40000000000000568 ) ) ;
#280 = DIRECTION ( 'NONE',  ( -0.000000000000000000, -0.000000000000000000, 1.000000000000000000 ) ) ;
#281 = ORIENTED_EDGE ( 'NONE', *, *, #712, .T. ) ;
#282 = VERTEX_POINT ( 'NONE', #1446 ) ;
#283 = EDGE_CURVE ( 'NONE', #212, #184, #680, .T. ) ;
#284 = CARTESIAN_POINT ( 'NONE',  ( -69.89750867587137861, -52.40000000000002700, 0.000000000000000000 ) ) ;
#285 = EDGE_CURVE ( 'NONE', #2388, #1743, #2002, .T. ) ;
#286 = VERTEX_POINT ( 'NONE', #259 ) ;
#287 = AXIS2_PLACEMENT_3D ( 'NONE', #271, #1436, #843 ) ;
#288 = ORIENTED_EDGE ( 'NONE', *, *, #2483, .F. ) ;
#289 = LINE ( 'NONE', #1825, #2097 ) ;
#290 = CARTESIAN_POINT ( 'NONE',  ( 3.150000000000000799, 45.96999999999999886, 40.50000000000000000 ) ) ;
#291 = AXIS2_PLACEMENT_3D ( 'NONE', #866, #1468, #1652 ) ;
#292 = CIRCLE ( 'NONE', #1660, 3.149999999999999911 ) ;
#293 = CARTESIAN_POINT ( 'NONE',  ( -53.87500000000000000, -32.80000000000003268, 0.000000000000000000 ) ) ;
#294 =( GEOMETRIC_REPRESENTATION_CONTEXT ( 3 ) GLOBAL_UNCERTAINTY_ASSIGNED_CONTEXT ( ( #2294 ) ) GLOBAL_UNIT_ASSIGNED_CONTEXT ( ( #1195, #1727, #765 ) ) REPRESENTATION_CONTEXT ( 'NONE', 'WORKASPACE' ) );
#295 = ORIENTED_EDGE ( 'NONE', *, *, #660, .F. ) ;
#296 = AXIS2_PLACEMENT_3D ( 'NONE', #1961, #234, #1781 ) ;
#297 = EDGE_LOOP ( 'NONE', ( #1100, #829, #1952, #1470, #1059 ) ) ;
#298 = CARTESIAN_POINT ( 'NONE',  ( 56.11470149532856766, -38.84040891644005455, 0.000000000000000000 ) ) ;
#299 = ADVANCED_FACE ( 'NONE', ( #1989 ), #2183, .F. ) ;
#300 = ORIENTED_EDGE ( 'NONE', *, *, #614, .F. ) ;
#301 = EDGE_CURVE ( 'NONE', #426, #2321, #81, .T. ) ;
#302 = ORIENTED_EDGE ( 'NONE', *, *, #1473, .F. ) ;
#303 = CARTESIAN_POINT ( 'NONE',  ( -56.11470149532856766, -38.84040891644004034, 0.000000000000000000 ) ) ;
#304 = LINE ( 'NONE', #262, #964 ) ;
#305 = CARTESIAN_POINT ( 'NONE',  ( -68.95287129057783204, -31.89131682245507804, 0.9906973188007279774 ) ) ;
#306 = CARTESIAN_POINT ( 'NONE',  ( 23.13702884793282522, 35.71999999999997044, 0.000000000000000000 ) ) ;
#307 = ORIENTED_EDGE ( 'NONE', *, *, #1848, .F. ) ;
#308 = VERTEX_POINT ( 'NONE', #1611 ) ;
#309 = DIRECTION ( 'NONE',  ( 0.000000000000000000, 0.000000000000000000, -1.000000000000000000 ) ) ;
#310 = ORIENTED_EDGE ( 'NONE', *, *, #2203, .F. ) ;
#311 = ORIENTED_EDGE ( 'NONE', *, *, #1122, .T. ) ;
#312 = LINE ( 'NONE', #2443, #325 ) ;
#313 = CARTESIAN_POINT ( 'NONE',  ( 0.000000000000000000, 45.96999999999999886, 37.40000000000000568 ) ) ;
#314 = DIRECTION ( 'NONE',  ( -0.8334619540052476960, -0.5525768464437813554, 0.000000000000000000 ) ) ;
#315 = EDGE_LOOP ( 'NONE', ( #1987, #2085, #2165 ) ) ;
#316 = ORIENTED_EDGE ( 'NONE', *, *, #1271, .F. ) ;
#317 = LINE ( 'NONE', #2450, #2212 ) ;
#318 = CARTESIAN_POINT ( 'NONE',  ( 26.00000000000000000, 28.26999999999997115, 12.00000000000000000 ) ) ;
#319 = EDGE_LOOP ( 'NONE', ( #1071, #527, #724, #1593, #1203, #307, #940, #650, #1418, #1438 ) ) ;
#320 = CARTESIAN_POINT ( 'NONE',  ( -41.95000000000001705, -20.12999999999999545, 37.40000000000000568 ) ) ;
#321 = LINE ( 'NONE', #672, #90 ) ;
#322 = CARTESIAN_POINT ( 'NONE',  ( 0.000000000000000000, 27.52537092150336306, 37.40000000000000568 ) ) ;
#323 = LINE ( 'NONE', #1283, #808 ) ;
#324 = VECTOR ( 'NONE', #1358, 1000.000000000000000 ) ;
#325 = VECTOR ( 'NONE', #1835, 1000.000000000000000 ) ;
#326 = DIRECTION ( 'NONE',  ( -1.000000000000000000, 0.000000000000000000, 0.000000000000000000 ) ) ;
#327 = PLANE ( 'NONE',  #291 ) ;
#328 = ADVANCED_FACE ( 'NONE', ( #2206 ), #831, .F. ) ;
#329 = ORIENTED_EDGE ( 'NONE', *, *, #373, .F. ) ;
#330 = VECTOR ( 'NONE', #2214, 1000.000000000000000 ) ;
#331 = CIRCLE ( 'NONE', #1341, 3.149999999999999911 ) ;
#332 = ORIENTED_EDGE ( 'NONE', *, *, #2422, .T. ) ;
#333 = VECTOR ( 'NONE', #2012, 1000.000000000000000 ) ;
#334 = DIRECTION ( 'NONE',  ( -1.000000000000000000, 0.000000000000000000, 0.000000000000000000 ) ) ;
#335 = STYLED_ITEM ( 'NONE', ( #1426 ), #1636 ) ;
#336 = ORIENTED_EDGE ( 'NONE', *, *, #1155, .F. ) ;
#337 = FACE_OUTER_BOUND ( 'NONE', #1824, .T. ) ;
#338 = CARTESIAN_POINT ( 'NONE',  ( -25.27354265070378503, 33.88885419390700804, 1.310893007775847829 ) ) ;
#339 = DIRECTION ( 'NONE',  ( -0.9848077530122080203, 0.000000000000000000, 0.1736481776669307198 ) ) ;
#340 = CARTESIAN_POINT ( 'NONE',  ( 66.98875880235300428, -32.95445890433274627, 0.000000000000000000 ) ) ;
#341 = CARTESIAN_POINT ( 'NONE',  ( -41.95000000000001705, -20.12999999999999545, 40.50000000000000000 ) ) ;
#342 = VERTEX_POINT ( 'NONE', #1832 ) ;
#343 = EDGE_CURVE ( 'NONE', #580, #2463, #1889, .T. ) ;
#344 = ORIENTED_EDGE ( 'NONE', *, *, #1785, .T. ) ;
#345 = ADVANCED_FACE ( 'NONE', ( #1228, #1033 ), #1661, .T. ) ;
#346 = LINE ( 'NONE', #2234, #1334 ) ;
#347 = DIRECTION ( 'NONE',  ( 0.000000000000000000, 0.000000000000000000, -1.000000000000000000 ) ) ;
#348 = ORIENTED_EDGE ( 'NONE', *, *, #1078, .T. ) ;
#349 = CARTESIAN_POINT ( 'NONE',  ( 3.150000000000000799, 45.96999999999999886, 40.50000000000000000 ) ) ;
#350 = LINE ( 'NONE', #2290, #495 ) ;
#351 = DIRECTION ( 'NONE',  ( -0.6174644695275657291, 0.7865987724825419525, 0.000000000000000000 ) ) ;
#352 = CARTESIAN_POINT ( 'NONE',  ( -21.41325514254691953, 38.31999999999996476, 0.000000000000000000 ) ) ;
#353 = LINE ( 'NONE', #1167, #1294 ) ;
#354 = ORIENTED_EDGE ( 'NONE', *, *, #424, .T. ) ;
#355 = ORIENTED_EDGE ( 'NONE', *, *, #1394, .T. ) ;
#356 = DIRECTION ( 'NONE',  ( -0.000000000000000000, -0.000000000000000000, 1.000000000000000000 ) ) ;
#357 = ORIENTED_EDGE ( 'NONE', *, *, #166, .F. ) ;
#358 = ADVANCED_FACE ( 'NONE', ( #108 ), #1255, .F. ) ;
#359 = ADVANCED_FACE ( 'NONE', ( #1624 ), #1217, .F. ) ;
#360 = CARTESIAN_POINT ( 'NONE',  ( 69.29818880071783838, -33.18062566605217967, 3.398911912093907972 ) ) ;
#361 = DIRECTION ( 'NONE',  ( 1.000000000000000000, 0.000000000000000000, 0.000000000000000000 ) ) ;
#362 = VECTOR ( 'NONE', #1926, 1000.000000000000000 ) ;
#363 = VERTEX_POINT ( 'NONE', #2166 ) ;
#364 = AXIS2_PLACEMENT_3D ( 'NONE', #10, #916, #1309 ) ;
#365 = VECTOR ( 'NONE', #628, 1000.000000000000000 ) ;
#366 = ORIENTED_EDGE ( 'NONE', *, *, #1190, .T. ) ;
#367 = VECTOR ( 'NONE', #1413, 1000.000000000000000 ) ;
#368 = CARTESIAN_POINT ( 'NONE',  ( -14.13709223781481406, 54.00000000000000711, 40.50000000000000000 ) ) ;
#369 = DIRECTION ( 'NONE',  ( -1.000000000000000000, 2.454144666803061334E-16, -0.000000000000000000 ) ) ;
#370 = VERTEX_POINT ( 'NONE', #1977 ) ;
#371 = VECTOR ( 'NONE', #201, 1000.000000000000227 ) ;
#372 = CARTESIAN_POINT ( 'NONE',  ( -8.774428575787533546, -22.51395833333337038, 3.750000000000003553 ) ) ;
#373 = EDGE_CURVE ( 'NONE', #1998, #2245, #2132, .T. ) ;
#374 = DIRECTION ( 'NONE',  ( -1.000000000000000000, -1.103129929741764783E-16, 0.000000000000000000 ) ) ;
#375 = CARTESIAN_POINT ( 'NONE',  ( -69.89750867587137861, -33.00000000000002842, 0.000000000000000000 ) ) ;
#376 = EDGE_CURVE ( 'NONE', #669, #1513, #1074, .T. ) ;
#377 = CARTESIAN_POINT ( 'NONE',  ( 14.13709223781478563, 54.00000000000000000, 40.50000000000000000 ) ) ;
#378 = DIRECTION ( 'NONE',  ( -0.000000000000000000, -0.000000000000000000, 1.000000000000000000 ) ) ;
#379 = ORIENTED_EDGE ( 'NONE', *, *, #863, .F. ) ;
#380 = FACE_OUTER_BOUND ( 'NONE', #621, .T. ) ;
#381 = CARTESIAN_POINT ( 'NONE',  ( 0.000000000000000000, 2.119999999999969020, 0.000000000000000000 ) ) ;
#382 = ORIENTED_EDGE ( 'NONE', *, *, #2485, .F. ) ;
#383 = DIRECTION ( 'NONE',  ( 0.000000000000000000, 0.000000000000000000, -1.000000000000000000 ) ) ;
#384 = DIRECTION ( 'NONE',  ( -1.000000000000000000, 0.000000000000000000, 0.000000000000000000 ) ) ;
#385 = LINE ( 'NONE', #599, #1778 ) ;
#386 = ORIENTED_EDGE ( 'NONE', *, *, #1160, .F. ) ;
#387 = CARTESIAN_POINT ( 'NONE',  ( 83.29219887427007052, -53.05872673009879747, -7.125894775287724414 ) ) ;
#388 = CARTESIAN_POINT ( 'NONE',  ( -24.89567172380619553, -10.94281402859915708, 5.629765651339522670 ) ) ;
#389 = EDGE_CURVE ( 'NONE', #2118, #2062, #121, .T. ) ;
#390 = CARTESIAN_POINT ( 'NONE',  ( -69.32268271876178289, 0.000000000000000000, 3.259999999999998899 ) ) ;
#391 = ORIENTED_EDGE ( 'NONE', *, *, #1411, .T. ) ;
#392 = CARTESIAN_POINT ( 'NONE',  ( -53.87500000000000000, -32.80000000000003268, 0.000000000000000000 ) ) ;
#393 = CARTESIAN_POINT ( 'NONE',  ( 69.89750867587137861, 0.000000000000000000, 0.000000000000000000 ) ) ;
#394 = ORIENTED_EDGE ( 'NONE', *, *, #1452, .F. ) ;
#395 = CARTESIAN_POINT ( 'NONE',  ( 0.000000000000000000, 2.119999999999969020, 40.50000000000000000 ) ) ;
#396 = ORIENTED_EDGE ( 'NONE', *, *, #1333, .T. ) ;
#397 = PRESENTATION_STYLE_ASSIGNMENT (( #1205 ) ) ;
#398 = CARTESIAN_POINT ( 'NONE',  ( -3.150000000000000799, 45.96999999999999886, 40.50000000000000000 ) ) ;
#399 = AXIS2_PLACEMENT_3D ( 'NONE', #2264, #1905, #951 ) ;
#400 = DIRECTION ( 'NONE',  ( -1.000000000000000000, 0.000000000000000000, 0.000000000000000000 ) ) ;
#401 = EDGE_CURVE ( 'NONE', #900, #1726, #1851, .T. ) ;
#402 = CARTESIAN_POINT ( 'NONE',  ( -26.15000000000000213, 2.119999999999972129, 12.00000000000000000 ) ) ;
#403 = ORIENTED_EDGE ( 'NONE', *, *, #1269, .T. ) ;
#404 = AXIS2_PLACEMENT_3D ( 'NONE', #870, #701, #1802 ) ;
#405 = DIRECTION ( 'NONE',  ( -0.5525768464437815775, -0.8334619540052475850, 0.000000000000000000 ) ) ;
#406 = VECTOR ( 'NONE', #1650, 1000.000000000000114 ) ;
#407 = ORIENTED_EDGE ( 'NONE', *, *, #674, .F. ) ;
#408 = VECTOR ( 'NONE', #1222, 1000.000000000000000 ) ;
#409 = DIRECTION ( 'NONE',  ( 0.2069785017694381057, -2.541046381902753728E-14, 0.9783454910231245139 ) ) ;
#410 = FACE_OUTER_BOUND ( 'NONE', #1816, .T. ) ;
#411 = ORIENTED_EDGE ( 'NONE', *, *, #2066, .F. ) ;
#412 = DIRECTION ( 'NONE',  ( -0.3845458114515540315, 0.5208930169947092459, 0.7620990642568821194 ) ) ;
#413 = AXIS2_PLACEMENT_3D ( 'NONE', #1367, #1971, #1946 ) ;
#414 = FACE_OUTER_BOUND ( 'NONE', #1199, .T. ) ;
#415 = CARTESIAN_POINT ( 'NONE',  ( -3.572114219843293803, -29.68000000000620986, 0.000000000000000000 ) ) ;
#416 = CARTESIAN_POINT ( 'NONE',  ( -12.74134742468223358, 51.40000000000000568, 37.40000000000000568 ) ) ;
#417 = MECHANICAL_DESIGN_GEOMETRIC_PRESENTATION_REPRESENTATION (  '', ( #335 ), #1137 ) ;
#418 = CYLINDRICAL_SURFACE ( 'NONE', #2302, 3.149999999999999911 ) ;
#419 = ORIENTED_EDGE ( 'NONE', *, *, #1689, .T. ) ;
#420 = ADVANCED_FACE ( 'NONE', ( #1291 ), #557, .F. ) ;
#421 = VERTEX_POINT ( 'NONE', #1870 ) ;
#422 = EDGE_CURVE ( 'NONE', #757, #1097, #21, .T. ) ;
#423 = LINE ( 'NONE', #1555, #1043 ) ;
#424 = EDGE_CURVE ( 'NONE', #1708, #169, #346, .T. ) ;
#425 = DIRECTION ( 'NONE',  ( -0.000000000000000000, -0.000000000000000000, -1.000000000000000000 ) ) ;
#426 = VERTEX_POINT ( 'NONE', #1693 ) ;
#427 = PLANE ( 'NONE',  #1174 ) ;
#428 = DIRECTION ( 'NONE',  ( -0.8794329730732204364, 0.4760227367170568602, 0.000000000000000000 ) ) ;
#429 = CARTESIAN_POINT ( 'NONE',  ( -69.89750867587137861, -33.00000000000002842, 0.000000000000000000 ) ) ;
#430 = VERTEX_POINT ( 'NONE', #1110 ) ;
#431 = ORIENTED_EDGE ( 'NONE', *, *, #1256, .F. ) ;
#432 = DIRECTION ( 'NONE',  ( -1.000000000000000000, 0.000000000000000000, -0.000000000000000000 ) ) ;
#433 = DIRECTION ( 'NONE',  ( -0.000000000000000000, -0.000000000000000000, -1.000000000000000000 ) ) ;
#434 = EDGE_CURVE ( 'NONE', #1286, #342, #1673, .T. ) ;
#435 = ORIENTED_EDGE ( 'NONE', *, *, #1253, .T. ) ;
#436 =( LENGTH_UNIT ( ) NAMED_UNIT ( * ) SI_UNIT ( .MILLI., .METRE. ) );
#437 = EDGE_CURVE ( 'NONE', #2062, #1671, #174, .T. ) ;
#438 = CYLINDRICAL_SURFACE ( 'NONE', #1588, 31.99999999999999289 ) ;
#439 = CARTESIAN_POINT ( 'NONE',  ( -65.42424579338648982, -50.70000000000003126, 0.000000000000000000 ) ) ;
#440 = LINE ( 'NONE', #402, #2353 ) ;
#441 = ORIENTED_EDGE ( 'NONE', *, *, #912, .T. ) ;
#442 = VECTOR ( 'NONE', #1818, 1000.000000000000000 ) ;
#443 = ORIENTED_EDGE ( 'NONE', *, *, #1365, .T. ) ;
#444 = CIRCLE ( 'NONE', #1047, 26.15000000000000213 ) ;
#445 = DIRECTION ( 'NONE',  ( 0.5525768464437812444, -0.8334619540052478071, 0.000000000000000000 ) ) ;
#446 = DIRECTION ( 'NONE',  ( -0.5525768464437810223, -0.8334619540052479181, 0.000000000000000000 ) ) ;
#447 = ORIENTED_EDGE ( 'NONE', *, *, #876, .F. ) ;
#448 = VECTOR ( 'NONE', #509, 1000.000000000000000 ) ;
#449 = EDGE_CURVE ( 'NONE', #2270, #1042, #547, .T. ) ;
#450 = VECTOR ( 'NONE', #186, 1000.000000000000000 ) ;
#451 = CARTESIAN_POINT ( 'NONE',  ( -62.90187326828853998, -37.96446570157270628, 3.259999999999998899 ) ) ;
#452 = DIRECTION ( 'NONE',  ( -0.5525768464437810223, -0.8334619540052480291, 0.000000000000000000 ) ) ;
#453 = DIRECTION ( 'NONE',  ( -8.170239515370281153E-16, 0.9911737868396052198, -0.1325689416192071257 ) ) ;
#454 = ADVANCED_FACE ( 'NONE', ( #1709 ), #1099, .F. ) ;
#455 = EDGE_CURVE ( 'NONE', #2118, #1282, #2285, .T. ) ;
#456 = VECTOR ( 'NONE', #2095, 1000.000000000000000 ) ;
#457 = ADVANCED_FACE ( 'NONE', ( #1683 ), #1720, .F. ) ;
#458 = CARTESIAN_POINT ( 'NONE',  ( -14.13709223781481406, 54.00000000000000711, 40.50000000000000000 ) ) ;
#459 = DIRECTION ( 'NONE',  ( -0.5525768464437813554, 0.8334619540052476960, -0.000000000000000000 ) ) ;
#460 = FACE_OUTER_BOUND ( 'NONE', #1321, .T. ) ;
#461 = ORIENTED_EDGE ( 'NONE', *, *, #1443, .F. ) ;
#462 = ORIENTED_EDGE ( 'NONE', *, *, #422, .T. ) ;
#463 = CARTESIAN_POINT ( 'NONE',  ( -56.11470149532856766, -38.84040891644004034, 3.259999999999998899 ) ) ;
#464 = LINE ( 'NONE', #260, #2142 ) ;
#465 = EDGE_LOOP ( 'NONE', ( #1437, #1563, #1518, #2232, #158 ) ) ;
#466 = LINE ( 'NONE', #1015, #2182 ) ;
#467 = ORIENTED_EDGE ( 'NONE', *, *, #775, .F. ) ;
#468 = DIRECTION ( 'NONE',  ( -0.8045171380156602714, 0.5939294357405524583, 0.000000000000000000 ) ) ;
#469 = DIRECTION ( 'NONE',  ( -0.000000000000000000, -0.000000000000000000, 1.000000000000000000 ) ) ;
#470 = DIRECTION ( 'NONE',  ( -0.8794329730732199923, -0.4760227367170576374, 0.000000000000000000 ) ) ;
#471 = LINE ( 'NONE', #2385, #579 ) ;
#472 = CARTESIAN_POINT ( 'NONE',  ( -69.89750867587410710, -50.70000000000003126, 0.000000000000000000 ) ) ;
#473 = EDGE_CURVE ( 'NONE', #2204, #2287, #317, .T. ) ;
#474 = ORIENTED_EDGE ( 'NONE', *, *, #2155, .F. ) ;
#475 = EDGE_CURVE ( 'NONE', #1535, #1711, #1485, .T. ) ;
#476 = ORIENTED_EDGE ( 'NONE', *, *, #1770, .T. ) ;
#477 = DIRECTION ( 'NONE',  ( 1.000000000000000000, -0.000000000000000000, 0.000000000000000000 ) ) ;
#478 = FACE_OUTER_BOUND ( 'NONE', #2207, .T. ) ;
#479 = ORIENTED_EDGE ( 'NONE', *, *, #1430, .F. ) ;
#480 = ORIENTED_EDGE ( 'NONE', *, *, #1221, .T. ) ;
#481 = DIRECTION ( 'NONE',  ( -1.103129929741764783E-16, 1.000000000000000000, 0.000000000000000000 ) ) ;
#482 = DIRECTION ( 'NONE',  ( 0.000000000000000000, 0.000000000000000000, -1.000000000000000000 ) ) ;
#483 = CARTESIAN_POINT ( 'NONE',  ( -33.35671283124048614, 22.11516326023156864, 0.000000000000000000 ) ) ;
#484 = ORIENTED_EDGE ( 'NONE', *, *, #1394, .F. ) ;
#485 = EDGE_CURVE ( 'NONE', #1286, #789, #1878, .T. ) ;
#486 = LINE ( 'NONE', #1226, #218 ) ;
#487 = ORIENTED_EDGE ( 'NONE', *, *, #1189, .T. ) ;
#488 = ADVANCED_FACE ( 'NONE', ( #749 ), #1527, .T. ) ;
#489 = DIRECTION ( 'NONE',  ( -1.000000000000000000, 0.000000000000000000, 0.000000000000000000 ) ) ;
#490 = AXIS2_PLACEMENT_3D ( 'NONE', #1369, #795, #405 ) ;
#491 = VERTEX_POINT ( 'NONE', #1499 ) ;
#492 = EDGE_LOOP ( 'NONE', ( #1777, #119, #516, #300, #6, #524 ) ) ;
#493 = FACE_OUTER_BOUND ( 'NONE', #1482, .T. ) ;
#494 = DIRECTION ( 'NONE',  ( -8.170239515370281153E-16, -0.9911737868396052198, 0.1325689416192071257 ) ) ;
#495 = VECTOR ( 'NONE', #1114, 1000.000000000000000 ) ;
#496 = VECTOR ( 'NONE', #1265, 1000.000000000000000 ) ;
#497 = LINE ( 'NONE', #2023, #622 ) ;
#498 = STYLED_ITEM ( 'NONE', ( #397 ), #1564 ) ;
#499 = ORIENTED_EDGE ( 'NONE', *, *, #1951, .F. ) ;
#500 = VECTOR ( 'NONE', #37, 1000.000000000000000 ) ;
#501 = ORIENTED_EDGE ( 'NONE', *, *, #867, .F. ) ;
#502 = ADVANCED_FACE ( 'NONE', ( #568, #2246, #2088, #1471, #1135 ), #1280, .F. ) ;
#503 = DIRECTION ( 'NONE',  ( 0.000000000000000000, 0.000000000000000000, -1.000000000000000000 ) ) ;
#504 = VERTEX_POINT ( 'NONE', #1162 ) ;
#505 = EDGE_CURVE ( 'NONE', #430, #100, #2, .T. ) ;
#506 = VERTEX_POINT ( 'NONE', #1146 ) ;
#507 = LINE ( 'NONE', #2394, #931 ) ;
#508 = CARTESIAN_POINT ( 'NONE',  ( -25.39762748144670468, 34.11999999999996902, 0.000000000000000000 ) ) ;
#509 = DIRECTION ( 'NONE',  ( -0.1533046825019106219, 0.08298132632107151074, -0.9846886684658172628 ) ) ;
#510 = DIRECTION ( 'NONE',  ( 0.6675409519611624765, -0.7445730840251916227, 0.000000000000000000 ) ) ;
#511 = ORIENTED_EDGE ( 'NONE', *, *, #630, .F. ) ;
#512 = LINE ( 'NONE', #1278, #333 ) ;
#513 = ORIENTED_EDGE ( 'NONE', *, *, #2303, .T. ) ;
#514 = CARTESIAN_POINT ( 'NONE',  ( 0.000000000000000000, 0.000000000000000000, 3.259999999999998899 ) ) ;
#515 = ORIENTED_EDGE ( 'NONE', *, *, #2325, .F. ) ;
#516 = ORIENTED_EDGE ( 'NONE', *, *, #1789, .T. ) ;
#517 = EDGE_CURVE ( 'NONE', #1711, #1487, #1562, .T. ) ;
#518 = PLANE ( 'NONE',  #693 ) ;
#519 = FACE_BOUND ( 'NONE', #2074, .T. ) ;
#520 = PLANE ( 'NONE',  #1091 ) ;
#521 = FACE_OUTER_BOUND ( 'NONE', #1654, .T. ) ;
#522 = CARTESIAN_POINT ( 'NONE',  ( -74.74000000000000909, -53.99999999999999289, 3.259999999999998899 ) ) ;
#523 = ORIENTED_EDGE ( 'NONE', *, *, #712, .F. ) ;
#524 = ORIENTED_EDGE ( 'NONE', *, *, #2301, .F. ) ;
#525 = CARTESIAN_POINT ( 'NONE',  ( 0.000000000000000000, 0.000000000000000000, 40.50000000000000000 ) ) ;
#526 = CARTESIAN_POINT ( 'NONE',  ( 0.000000000000000000, 45.96999999999999886, 40.50000000000000000 ) ) ;
#527 = ORIENTED_EDGE ( 'NONE', *, *, #2497, .F. ) ;
#528 = VECTOR ( 'NONE', #2442, 1000.000000000000114 ) ;
#529 = DIRECTION ( 'NONE',  ( -1.000000000000000000, 0.000000000000000000, 0.000000000000000000 ) ) ;
#530 = CARTESIAN_POINT ( 'NONE',  ( 25.39762748144667626, 34.11999999999996902, 0.000000000000000000 ) ) ;
#531 = LINE ( 'NONE', #2467, #653 ) ;
#532 = AXIS2_PLACEMENT_3D ( 'NONE', #777, #383, #432 ) ;
#533 = EDGE_CURVE ( 'NONE', #950, #1786, #1344, .T. ) ;
#534 = EDGE_CURVE ( 'NONE', #2309, #2332, #222, .T. ) ;
#535 = VECTOR ( 'NONE', #2073, 1000.000000000000000 ) ;
#536 = DIRECTION ( 'NONE',  ( 0.5939294357406187386, -0.8045171380156114216, -0.000000000000000000 ) ) ;
#537 = LINE ( 'NONE', #1300, #2136 ) ;
#538 = ADVANCED_FACE ( 'NONE', ( #983 ), #608, .T. ) ;
#539 = VERTEX_POINT ( 'NONE', #1938 ) ;
#540 = CARTESIAN_POINT ( 'NONE',  ( 3.150000000000000799, 45.96999999999999886, 37.40000000000000568 ) ) ;
#541 = ORIENTED_EDGE ( 'NONE', *, *, #1452, .T. ) ;
#542 = VECTOR ( 'NONE', #1751, 1000.000000000000000 ) ;
#543 = PRODUCT_DEFINITION_SHAPE ( 'NONE', 'NONE',  #1320 ) ;
#544 = VECTOR ( 'NONE', #596, 1000.000000000000114 ) ;
#545 = EDGE_LOOP ( 'NONE', ( #2121, #1831, #1939 ) ) ;
#546 = AXIS2_PLACEMENT_3D ( 'NONE', #25, #202, #779 ) ;
#547 = LINE ( 'NONE', #1890, #1002 ) ;
#548 = ORIENTED_EDGE ( 'NONE', *, *, #103, .F. ) ;
#549 =( BOUNDED_CURVE ( )  B_SPLINE_CURVE ( 3, ( #255, #804, #1402, #1170 ),
 .UNSPECIFIED., .F., .T. ) 
 B_SPLINE_CURVE_WITH_KNOTS ( ( 4, 4 ),
 ( 0.9234307064558190392, 1.570796326794897002 ),
 .UNSPECIFIED. ) 
 CURVE ( )  GEOMETRIC_REPRESENTATION_ITEM ( )  RATIONAL_B_SPLINE_CURVE ( ( 1.000000000000000000, 0.9653803296646705778, 0.9653803296646705778, 1.000000000000000000 ) ) 
 REPRESENTATION_ITEM ( '' )  );
#550 = LINE ( 'NONE', #349, #1925 ) ;
#551 = CARTESIAN_POINT ( 'NONE',  ( -67.69638225207087601, -29.68000000000002103, 0.000000000000000000 ) ) ;
#552 = LINE ( 'NONE', #1130, #1380 ) ;
#553 = VERTEX_POINT ( 'NONE', #772 ) ;
#554 = ADVANCED_FACE ( 'NONE', ( #380 ), #2176, .F. ) ;
#555 = DIRECTION ( 'NONE',  ( -0.5525768464437811334, 0.8334619540052479181, 0.000000000000000000 ) ) ;
#556 = EDGE_LOOP ( 'NONE', ( #1076, #1289, #886, #83 ) ) ;
#557 = PLANE ( 'NONE',  #802 ) ;
#558 = ORIENTED_EDGE ( 'NONE', *, *, #955, .T. ) ;
#559 = DIRECTION ( 'NONE',  ( 0.000000000000000000, 1.000000000000000000, 0.000000000000000000 ) ) ;
#560 = FACE_OUTER_BOUND ( 'NONE', #1753, .T. ) ;
#561 = FACE_OUTER_BOUND ( 'NONE', #266, .T. ) ;
#562 = DIRECTION ( 'NONE',  ( -0.000000000000000000, -0.000000000000000000, 1.000000000000000000 ) ) ;
#563 = LINE ( 'NONE', #744, #769 ) ;
#564 = ORIENTED_EDGE ( 'NONE', *, *, #2380, .T. ) ;
#565 = VERTEX_POINT ( 'NONE', #1997 ) ;
#566 = EDGE_CURVE ( 'NONE', #1060, #1434, #1984, .T. ) ;
#567 = EDGE_CURVE ( 'NONE', #629, #1798, #1552, .T. ) ;
#568 = FACE_BOUND ( 'NONE', #1389, .T. ) ;
#569 = CARTESIAN_POINT ( 'NONE',  ( -53.87500000000000000, -32.80000000000003268, 0.000000000000000000 ) ) ;
#570 = ADVANCED_FACE ( 'NONE', ( #1538 ), #2116, .T. ) ;
#571 = ORIENTED_EDGE ( 'NONE', *, *, #150, .F. ) ;
#572 = FACE_OUTER_BOUND ( 'NONE', #2273, .T. ) ;
#573 = LINE ( 'NONE', #2094, #1454 ) ;
#574 = FACE_OUTER_BOUND ( 'NONE', #1793, .T. ) ;
#575 = CARTESIAN_POINT ( 'NONE',  ( 56.11470149532856766, -38.84040891644005455, 0.000000000000000000 ) ) ;
#576 = CARTESIAN_POINT ( 'NONE',  ( -3.572114219843293803, -29.68000000000620986, 0.000000000000000000 ) ) ;
#577 = VECTOR ( 'NONE', #2331, 1000.000000000000000 ) ;
#578 = VECTOR ( 'NONE', #1150, 1000.000000000000114 ) ;
#579 = VECTOR ( 'NONE', #1246, 1000.000000000000227 ) ;
#580 = VERTEX_POINT ( 'NONE', #28 ) ;
#581 = VECTOR ( 'NONE', #2138, 1000.000000000000000 ) ;
#582 = DIRECTION ( 'NONE',  ( -1.000000000000000000, 1.227686141400970525E-13, 0.000000000000000000 ) ) ;
#583 = DIRECTION ( 'NONE',  ( 0.6174644695275653961, 0.7865987724825422855, 0.000000000000000000 ) ) ;
#584 = ORIENTED_EDGE ( 'NONE', *, *, #845, .F. ) ;
#585 = AXIS2_PLACEMENT_3D ( 'NONE', #2476, #1008, #66 ) ;
#586 = FACE_OUTER_BOUND ( 'NONE', #641, .T. ) ;
#587 = CARTESIAN_POINT ( 'NONE',  ( 26.00000000000000000, 4.916873254189397358, -90.50966799187806089 ) ) ;
#588 = CARTESIAN_POINT ( 'NONE',  ( 21.41325514254688400, 38.31999999999996476, 37.40000000000000568 ) ) ;
#589 = CARTESIAN_POINT ( 'NONE',  ( 38.79999999999999005, -20.12999999999999545, 40.50000000000000000 ) ) ;
#590 = EDGE_CURVE ( 'NONE', #1044, #1726, #1223, .T. ) ;
#591 = FACE_OUTER_BOUND ( 'NONE', #2129, .T. ) ;
#592 = LINE ( 'NONE', #980, #1007 ) ;
#593 = CARTESIAN_POINT ( 'NONE',  ( -26.25654736645138243, 35.71999999999996334, 0.000000000000000000 ) ) ;
#594 = ORIENTED_EDGE ( 'NONE', *, *, #2472, .T. ) ;
#595 = CARTESIAN_POINT ( 'NONE',  ( -85.74000000000000909, -54.00000000000002842, 5.000000000000000888 ) ) ;
#596 = DIRECTION ( 'NONE',  ( 0.3503957771004689858, 0.5285084797469091766, 0.7732409625891332183 ) ) ;
#597 = ORIENTED_EDGE ( 'NONE', *, *, #1672, .T. ) ;
#598 = DIRECTION ( 'NONE',  ( 1.000000000000000000, 0.000000000000000000, 0.000000000000000000 ) ) ;
#599 = CARTESIAN_POINT ( 'NONE',  ( -70.19658862763382956, -32.90986196565553712, -1.696166693042445717 ) ) ;
#600 = ORIENTED_EDGE ( 'NONE', *, *, #283, .F. ) ;
#601 = LINE ( 'NONE', #978, #2265 ) ;
#602 = ADVANCED_FACE ( 'NONE', ( #1175 ), #784, .T. ) ;
#603 = DIRECTION ( 'NONE',  ( -1.000000000000000000, 0.000000000000000000, 0.000000000000000000 ) ) ;
#604 = DIRECTION ( 'NONE',  ( -0.000000000000000000, -0.000000000000000000, 1.000000000000000000 ) ) ;
#605 = EDGE_CURVE ( 'NONE', #539, #504, #842, .T. ) ;
#606 = DIRECTION ( 'NONE',  ( -0.000000000000000000, -0.000000000000000000, -1.000000000000000000 ) ) ;
#607 = ORIENTED_EDGE ( 'NONE', *, *, #265, .F. ) ;
#608 = PLANE ( 'NONE',  #1123 ) ;
#609 = ORIENTED_EDGE ( 'NONE', *, *, #2171, .F. ) ;
#610 = CARTESIAN_POINT ( 'NONE',  ( 38.79999999999999005, -20.12999999999999545, 40.50000000000000000 ) ) ;
#611 = ORIENTED_EDGE ( 'NONE', *, *, #2424, .T. ) ;
#612 = LINE ( 'NONE', #589, #1935 ) ;
#613 = CARTESIAN_POINT ( 'NONE',  ( 57.45676231022903835, -6.147138918539553742, -25.34711648346084445 ) ) ;
#614 = EDGE_CURVE ( 'NONE', #32, #286, #665, .T. ) ;
#615 = DIRECTION ( 'NONE',  ( -0.000000000000000000, 0.5642830492349266702, 0.8255813953488374546 ) ) ;
#616 = LINE ( 'NONE', #1560, #1462 ) ;
#617 = ADVANCED_FACE ( 'NONE', ( #2189 ), #1911, .F. ) ;
#618 = ORIENTED_EDGE ( 'NONE', *, *, #2096, .T. ) ;
#619 = EDGE_CURVE ( 'NONE', #833, #363, #1812, .T. ) ;
#620 = CARTESIAN_POINT ( 'NONE',  ( 71.59750867587410994, -52.40000000000002700, 0.000000000000000000 ) ) ;
#621 = EDGE_LOOP ( 'NONE', ( #1639, #1305, #734, #2065 ) ) ;
#622 = VECTOR ( 'NONE', #1604, 1000.000000000000000 ) ;
#623 = CARTESIAN_POINT ( 'NONE',  ( -21.41839180263548315, 47.50793917147601775, 15.12525851417340483 ) ) ;
#624 = LINE ( 'NONE', #2134, #2389 ) ;
#625 = VECTOR ( 'NONE', #1018, 1000.000000000000114 ) ;
#626 = ORIENTED_EDGE ( 'NONE', *, *, #2453, .T. ) ;
#627 = VECTOR ( 'NONE', #991, 1000.000000000000114 ) ;
#628 = DIRECTION ( 'NONE',  ( -1.000000000000000000, 0.000000000000000000, 0.000000000000000000 ) ) ;
#629 = VERTEX_POINT ( 'NONE', #2297 ) ;
#630 = EDGE_CURVE ( 'NONE', #161, #919, #444, .T. ) ;
#631 = ORIENTED_EDGE ( 'NONE', *, *, #1207, .T. ) ;
#632 = FACE_OUTER_BOUND ( 'NONE', #1163, .T. ) ;
#633 = CARTESIAN_POINT ( 'NONE',  ( -12.74134742468223358, 51.40000000000000568, 37.40000000000000568 ) ) ;
#634 = DIRECTION ( 'NONE',  ( 0.8207997941450723145, 0.5441819625128719862, 0.1736481776669306643 ) ) ;
#635 = ORIENTED_EDGE ( 'NONE', *, *, #1173, .T. ) ;
#636 = PLANE ( 'NONE',  #736 ) ;
#637 = CARTESIAN_POINT ( 'NONE',  ( -63.50916688188276993, -32.24103218057378228, 3.259999999999998899 ) ) ;
#638 = DIRECTION ( 'NONE',  ( -0.8794329730732203254, 0.4760227367170568602, 0.000000000000000000 ) ) ;
#639 = DIRECTION ( 'NONE',  ( -0.000000000000000000, -0.000000000000000000, 1.000000000000000000 ) ) ;
#640 = ORIENTED_EDGE ( 'NONE', *, *, #265, .T. ) ;
#641 = EDGE_LOOP ( 'NONE', ( #1871, #1692, #332, #366 ) ) ;
#642 = ADVANCED_FACE ( 'NONE', ( #1105 ), #1070, .F. ) ;
#643 = ADVANCED_FACE ( 'NONE', ( #521 ), #327, .F. ) ;
#644 = ADVANCED_FACE ( 'NONE', ( #2201 ), #2024, .F. ) ;
#645 = DIRECTION ( 'NONE',  ( -0.000000000000000000, -0.000000000000000000, -1.000000000000000000 ) ) ;
#646 = CARTESIAN_POINT ( 'NONE',  ( -69.32268271876179710, -37.45309259378664279, 3.259999999999998455 ) ) ;
#647 = VERTEX_POINT ( 'NONE', #1092 ) ;
#648 = FACE_OUTER_BOUND ( 'NONE', #2004, .T. ) ;
#649 = LINE ( 'NONE', #2090, #2014 ) ;
#650 = ORIENTED_EDGE ( 'NONE', *, *, #1686, .F. ) ;
#651 = VECTOR ( 'NONE', #2276, 999.9999999999998863 ) ;
#652 = ORIENTED_EDGE ( 'NONE', *, *, #1951, .T. ) ;
#653 = VECTOR ( 'NONE', #156, 1000.000000000000000 ) ;
#654 = DIRECTION ( 'NONE',  ( -1.000000000000000000, 0.000000000000000000, 0.000000000000000000 ) ) ;
#655 = DIRECTION ( 'NONE',  ( -1.000000000000000000, 0.000000000000000000, 0.000000000000000000 ) ) ;
#656 = ORIENTED_EDGE ( 'NONE', *, *, #1128, .F. ) ;
#657 = APPLICATION_PROTOCOL_DEFINITION ( 'draft international standard', 'automotive_design', 1998, #2213 ) ;
#658 = AXIS2_PLACEMENT_3D ( 'NONE', #793, #2313, #1571 ) ;
#659 = VERTEX_POINT ( 'NONE', #1669 ) ;
#660 = EDGE_CURVE ( 'NONE', #1942, #2399, #537, .T. ) ;
#661 = VECTOR ( 'NONE', #850, 1000.000000000000000 ) ;
#662 = CARTESIAN_POINT ( 'NONE',  ( 69.10711145071988426, -31.80782913733232320, 0.000000000000000000 ) ) ;
#663 = VECTOR ( 'NONE', #2444, 1000.000000000000000 ) ;
#664 = CARTESIAN_POINT ( 'NONE',  ( 26.00000000000000000, 0.000000000000000000, 0.000000000000000000 ) ) ;
#665 = LINE ( 'NONE', #1433, #1377 ) ;
#666 = ORIENTED_EDGE ( 'NONE', *, *, #2407, .T. ) ;
#667 = ORIENTED_EDGE ( 'NONE', *, *, #193, .T. ) ;
#668 = FACE_OUTER_BOUND ( 'NONE', #838, .T. ) ;
#669 = VERTEX_POINT ( 'NONE', #1480 ) ;
#670 = LINE ( 'NONE', #1204, #1013 ) ;
#671 = VERTEX_POINT ( 'NONE', #306 ) ;
#672 = CARTESIAN_POINT ( 'NONE',  ( 53.87499999999999289, -32.80000000000003268, 36.01692600039213232 ) ) ;
#673 = LINE ( 'NONE', #1630, #2172 ) ;
#674 = EDGE_CURVE ( 'NONE', #1928, #789, #117, .T. ) ;
#675 = ADVANCED_FACE ( 'NONE', ( #145 ), #905, .F. ) ;
#676 = CARTESIAN_POINT ( 'NONE',  ( 85.73999999999998067, -54.00000000000002842, -6.999999999999999112 ) ) ;
#677 = CARTESIAN_POINT ( 'NONE',  ( 0.000000000000000000, -15.88000000000002565, 40.50000000000000000 ) ) ;
#678 = ORIENTED_EDGE ( 'NONE', *, *, #660, .T. ) ;
#679 = VERTEX_POINT ( 'NONE', #1494 ) ;
#680 = LINE ( 'NONE', #1268, #1733 ) ;
#681 = VERTEX_POINT ( 'NONE', #2418 ) ;
#682 = EDGE_LOOP ( 'NONE', ( #1856, #2079, #884, #1589 ) ) ;
#683 = FACE_OUTER_BOUND ( 'NONE', #1749, .T. ) ;
#684 = CARTESIAN_POINT ( 'NONE',  ( -65.42424579338648982, -50.70000000000003126, 0.000000000000000000 ) ) ;
#685 = CARTESIAN_POINT ( 'NONE',  ( -85.74000000000000909, -54.00000000000002842, -6.999999999999999112 ) ) ;
#686 = EDGE_LOOP ( 'NONE', ( #1252, #1649, #2186, #2378, #1469, #2359 ) ) ;
#687 = ADVANCED_FACE ( 'NONE', ( #93 ), #856, .F. ) ;
#688 = EDGE_LOOP ( 'NONE', ( #1455, #1227, #911 ) ) ;
#689 = EDGE_CURVE ( 'NONE', #2495, #32, #2257, .T. ) ;
#690 = DIRECTION ( 'NONE',  ( -1.227686141400970525E-13, -1.000000000000000000, 0.000000000000000000 ) ) ;
#691 = VECTOR ( 'NONE', #356, 1000.000000000000000 ) ;
#692 = ORIENTED_EDGE ( 'NONE', *, *, #2377, .F. ) ;
#693 = AXIS2_PLACEMENT_3D ( 'NONE', #2227, #1994, #2005 ) ;
#694 = ORIENTED_EDGE ( 'NONE', *, *, #285, .F. ) ;
#695 = CIRCLE ( 'NONE', #1214, 3.150000000000000799 ) ;
#696 = CARTESIAN_POINT ( 'NONE',  ( 0.000000000000000000, 2.119999999999969020, 12.00000000000000000 ) ) ;
#697 = ORIENTED_EDGE ( 'NONE', *, *, #1456, .F. ) ;
#698 = CIRCLE ( 'NONE', #413, 26.15000000000000213 ) ;
#699 = ORIENTED_EDGE ( 'NONE', *, *, #1160, .T. ) ;
#700 = EDGE_LOOP ( 'NONE', ( #24, #2392, #858, #1575 ) ) ;
#701 = DIRECTION ( 'NONE',  ( -0.9422090881581657307, -0.3350254232027143342, 0.000000000000000000 ) ) ;
#702 = ORIENTED_EDGE ( 'NONE', *, *, #195, .T. ) ;
#703 = ORIENTED_EDGE ( 'NONE', *, *, #1473, .T. ) ;
#704 = CARTESIAN_POINT ( 'NONE',  ( -71.59750867587409573, -35.56414167718002517, 0.000000000000000000 ) ) ;
#705 = LINE ( 'NONE', #276, #1584 ) ;
#706 = CARTESIAN_POINT ( 'NONE',  ( -12.74134742468223358, 51.40000000000000568, 37.40000000000000568 ) ) ;
#707 = DIRECTION ( 'NONE',  ( -0.000000000000000000, -0.000000000000000000, 1.000000000000000000 ) ) ;
#708 = ORIENTED_EDGE ( 'NONE', *, *, #1379, .T. ) ;
#709 = VERTEX_POINT ( 'NONE', #1313 ) ;
#710 = CARTESIAN_POINT ( 'NONE',  ( 53.87500000000000000, -29.68000000000003169, 0.000000000000000000 ) ) ;
#711 = DIRECTION ( 'NONE',  ( 1.000000000000000000, 0.000000000000000000, 0.000000000000000000 ) ) ;
#712 = EDGE_CURVE ( 'NONE', #1879, #1921, #3, .T. ) ;
#713 = ORIENTED_EDGE ( 'NONE', *, *, #2426, .F. ) ;
#714 = DIRECTION ( 'NONE',  ( 1.000000000000000000, 0.000000000000000000, 0.000000000000000000 ) ) ;
#715 = ADVANCED_FACE ( 'NONE', ( #1523 ), #2482, .F. ) ;
#716 = ADVANCED_FACE ( 'NONE', ( #781 ), #1886, .F. ) ;
#717 = CYLINDRICAL_SURFACE ( 'NONE', #399, 26.15000000000000213 ) ;
#718 = LINE ( 'NONE', #888, #406 ) ;
#719 = EDGE_CURVE ( 'NONE', #1798, #370, #2122, .T. ) ;
#720 = DIRECTION ( 'NONE',  ( 1.000000000000000000, 0.000000000000000000, 0.000000000000000000 ) ) ;
#721 = CARTESIAN_POINT ( 'NONE',  ( 69.89750867587137861, -52.40000000000002700, 0.000000000000000000 ) ) ;
#722 = LINE ( 'NONE', #1495, #1820 ) ;
#723 = ORIENTED_EDGE ( 'NONE', *, *, #238, .T. ) ;
#724 = ORIENTED_EDGE ( 'NONE', *, *, #2078, .T. ) ;
#725 = DIRECTION ( 'NONE',  ( 0.1715813052056639754, 0.1538298258063979240, 0.9730859367991574471 ) ) ;
#726 = VERTEX_POINT ( 'NONE', #2327 ) ;
#727 = CARTESIAN_POINT ( 'NONE',  ( 71.59750867587410994, -52.40000000000002700, 0.000000000000000000 ) ) ;
#728 = CARTESIAN_POINT ( 'NONE',  ( 71.59750867587409573, -35.56414167718002517, 0.000000000000000000 ) ) ;
#729 = DIRECTION ( 'NONE',  ( -8.242993936937532454E-16, 1.000000000000000000, -0.000000000000000000 ) ) ;
#730 = CIRCLE ( 'NONE', #208, 31.99999999999999289 ) ;
#731 = EDGE_CURVE ( 'NONE', #751, #833, #2293, .T. ) ;
#732 = LINE ( 'NONE', #352, #1546 ) ;
#733 = EDGE_CURVE ( 'NONE', #833, #2321, #1545, .T. ) ;
#734 = ORIENTED_EDGE ( 'NONE', *, *, #2126, .F. ) ;
#735 = VECTOR ( 'NONE', #1845, 1000.000000000000000 ) ;
#736 = AXIS2_PLACEMENT_3D ( 'NONE', #1355, #1153, #1463 ) ;
#737 = DIRECTION ( 'NONE',  ( 0.8207997941450723145, 0.5441819625128719862, 0.1736481776669306643 ) ) ;
#738 = EDGE_LOOP ( 'NONE', ( #1257, #511, #1107, #1653, #1288, #288, #2181, #1779 ) ) ;
#739 = VECTOR ( 'NONE', #935, 1000.000000000000000 ) ;
#740 = CARTESIAN_POINT ( 'NONE',  ( 82.85185661918913524, -52.40000000000002700, 0.000000000000000000 ) ) ;
#741 = ORIENTED_EDGE ( 'NONE', *, *, #745, .F. ) ;
#742 = LINE ( 'NONE', #1882, #1206 ) ;
#743 = CARTESIAN_POINT ( 'NONE',  ( 69.32268271876179710, -39.51827219374834499, 3.260000000000000675 ) ) ;
#744 = CARTESIAN_POINT ( 'NONE',  ( 14.13709223781478563, 54.00000000000000000, 40.50000000000000000 ) ) ;
#745 = EDGE_CURVE ( 'NONE', #923, #809, #191, .T. ) ;
#746 = ORIENTED_EDGE ( 'NONE', *, *, #1348, .F. ) ;
#747 = EDGE_CURVE ( 'NONE', #647, #1060, #353, .T. ) ;
#748 = ORIENTED_EDGE ( 'NONE', *, *, #533, .F. ) ;
#749 = FACE_OUTER_BOUND ( 'NONE', #2030, .T. ) ;
#750 = CARTESIAN_POINT ( 'NONE',  ( -69.10711145071989847, -31.80782913733231609, 0.000000000000000000 ) ) ;
#751 = VERTEX_POINT ( 'NONE', #415 ) ;
#752 = CYLINDRICAL_SURFACE ( 'NONE', #2381, 3.149999999999999911 ) ;
#753 = CARTESIAN_POINT ( 'NONE',  ( 26.00000000000000000, 4.916873254189397358, 11.99999999999999645 ) ) ;
#754 = PLANE ( 'NONE',  #2017 ) ;
#755 = CARTESIAN_POINT ( 'NONE',  ( 24.89567172380618842, -10.94281402859915886, 5.629765651339520893 ) ) ;
#756 = DIRECTION ( 'NONE',  ( -1.000000000000000000, 0.000000000000000000, 0.000000000000000000 ) ) ;
#757 = VERTEX_POINT ( 'NONE', #2032 ) ;
#758 = EDGE_CURVE ( 'NONE', #1743, #565, #1861, .T. ) ;
#759 = CARTESIAN_POINT ( 'NONE',  ( -3.643772467678896370E-12, -29.68000000000664684, 37.40000000000000568 ) ) ;
#760 = PLANE ( 'NONE',  #2220 ) ;
#761 = ORIENTED_EDGE ( 'NONE', *, *, #194, .F. ) ;
#762 = CARTESIAN_POINT ( 'NONE',  ( 71.59750867587410994, -52.40000000000002700, -7.213999108337046273 ) ) ;
#763 = CARTESIAN_POINT ( 'NONE',  ( -69.89750867587137861, 0.000000000000000000, 0.000000000000000000 ) ) ;
#764 = LINE ( 'NONE', #778, #1860 ) ;
#765 =( NAMED_UNIT ( * ) SI_UNIT ( $, .STERADIAN. ) SOLID_ANGLE_UNIT ( ) );
#766 = VECTOR ( 'NONE', #20, 1000.000000000000000 ) ;
#767 = VECTOR ( 'NONE', #1185, 1000.000000000000000 ) ;
#768 = DIRECTION ( 'NONE',  ( -0.000000000000000000, -0.000000000000000000, 1.000000000000000000 ) ) ;
#769 = VECTOR ( 'NONE', #1510, 1000.000000000000000 ) ;
#770 = ORIENTED_EDGE ( 'NONE', *, *, #1253, .F. ) ;
#771 = VECTOR ( 'NONE', #139, 1000.000000000000000 ) ;
#772 = CARTESIAN_POINT ( 'NONE',  ( 11.00000000000000000, -15.88000000000002565, 4.827705599291125083 ) ) ;
#773 = CARTESIAN_POINT ( 'NONE',  ( 0.000000000000000000, 2.119999999999969020, 40.50000000000000000 ) ) ;
#774 = ORIENTED_EDGE ( 'NONE', *, *, #2045, .T. ) ;
#775 = EDGE_CURVE ( 'NONE', #65, #506, #321, .T. ) ;
#776 = CIRCLE ( 'NONE', #2223, 31.99999999999999289 ) ;
#777 = CARTESIAN_POINT ( 'NONE',  ( 0.000000000000000000, 0.000000000000000000, 37.40000000000000568 ) ) ;
#778 = CARTESIAN_POINT ( 'NONE',  ( 65.42424579338648982, -50.70000000000003126, 3.259999999999998899 ) ) ;
#779 = DIRECTION ( 'NONE',  ( -1.000000000000000000, 0.000000000000000000, -0.000000000000000000 ) ) ;
#780 = LINE ( 'NONE', #613, #1933 ) ;
#781 = FACE_OUTER_BOUND ( 'NONE', #465, .T. ) ;
#782 = DIRECTION ( 'NONE',  ( 0.000000000000000000, 0.000000000000000000, 1.000000000000000000 ) ) ;
#783 = ORIENTED_EDGE ( 'NONE', *, *, #1583, .F. ) ;
#784 = CYLINDRICAL_SURFACE ( 'NONE', #1814, 31.99999999999999289 ) ;
#785 = ORIENTED_EDGE ( 'NONE', *, *, #1064, .F. ) ;
#786 = DIRECTION ( 'NONE',  ( 0.5525768464437821326, -0.8334619540052472519, 0.000000000000000000 ) ) ;
#787 = ADVANCED_FACE ( 'NONE', ( #1807 ), #2197, .F. ) ;
#788 = CARTESIAN_POINT ( 'NONE',  ( 71.59750867587410994, -52.40000000000002700, -7.213999108337046273 ) ) ;
#789 = VERTEX_POINT ( 'NONE', #142 ) ;
#790 = EDGE_CURVE ( 'NONE', #1513, #868, #1844, .T. ) ;
#791 = DIRECTION ( 'NONE',  ( 0.8334619540052476960, -0.5525768464437814664, 0.000000000000000000 ) ) ;
#792 =( BOUNDED_CURVE ( )  B_SPLINE_CURVE ( 3, ( #2357, #30, #623, #824 ),
 .UNSPECIFIED., .F., .T. ) 
 B_SPLINE_CURVE_WITH_KNOTS ( ( 4, 4 ),
 ( 4.819548953792374135, 7.746821660566798329 ),
 .UNSPECIFIED. ) 
 CURVE ( )  GEOMETRIC_REPRESENTATION_ITEM ( )  RATIONAL_B_SPLINE_CURVE ( ( 1.000000000000000000, 0.4046366667734715428, 0.4046366667734715428, 1.000000000000000000 ) ) 
 REPRESENTATION_ITEM ( '' )  );
#793 = CARTESIAN_POINT ( 'NONE',  ( -41.95000000000001705, -20.12999999999999545, 40.50000000000000000 ) ) ;
#794 = ORIENTED_EDGE ( 'NONE', *, *, #401, .F. ) ;
#795 = DIRECTION ( 'NONE',  ( -0.8334619540052475850, 0.5525768464437815775, 0.000000000000000000 ) ) ;
#796 = VERTEX_POINT ( 'NONE', #290 ) ;
#797 = DIRECTION ( 'NONE',  ( -1.000000000000000000, 0.000000000000000000, 0.000000000000000000 ) ) ;
#798 = PLANE ( 'NONE',  #54 ) ;
#799 = ORIENTED_EDGE ( 'NONE', *, *, #1408, .F. ) ;
#800 = CARTESIAN_POINT ( 'NONE',  ( -85.74000000000000909, -53.99999999999999289, 40.50000000000000000 ) ) ;
#801 = ADVANCED_FACE ( 'NONE', ( #683 ), #518, .T. ) ;
#802 = AXIS2_PLACEMENT_3D ( 'NONE', #740, #2261, #1329 ) ;
#803 = EDGE_CURVE ( 'NONE', #992, #580, #507, .T. ) ;
#804 = CARTESIAN_POINT ( 'NONE',  ( -10.23153899182735316, -20.58670606098555922, 4.063087671159999914 ) ) ;
#805 = CARTESIAN_POINT ( 'NONE',  ( 71.59750867587409573, -35.56414167718002517, 0.000000000000000000 ) ) ;
#806 = VERTEX_POINT ( 'NONE', #303 ) ;
#807 = VECTOR ( 'NONE', #189, 1000.000000000000114 ) ;
#808 = VECTOR ( 'NONE', #1863, 1000.000000000000000 ) ;
#809 = VERTEX_POINT ( 'NONE', #2209 ) ;
#810 = VECTOR ( 'NONE', #638, 1000.000000000000227 ) ;
#811 = CARTESIAN_POINT ( 'NONE',  ( -65.42424579338648982, -50.70000000000003126, 3.259999999999998899 ) ) ;
#812 = DIRECTION ( 'NONE',  ( -0.5525768464437811334, 0.8334619540052479181, 0.000000000000000000 ) ) ;
#813 = CIRCLE ( 'NONE', #1216, 3.150000000000000799 ) ;
#814 = EDGE_LOOP ( 'NONE', ( #1063, #487, #1266, #2402 ) ) ;
#815 = AXIS2_PLACEMENT_3D ( 'NONE', #2109, #1350, #1725 ) ;
#816 = DIRECTION ( 'NONE',  ( -5.020405178988204384E-16, -1.000000000000000000, 0.000000000000000000 ) ) ;
#817 = CARTESIAN_POINT ( 'NONE',  ( 65.42424579338648982, -50.70000000000003126, 3.259999999999998899 ) ) ;
#818 = CARTESIAN_POINT ( 'NONE',  ( 53.87499999999999289, -35.85000000000002984, 31.55458523146780081 ) ) ;
#819 = DIRECTION ( 'NONE',  ( -0.000000000000000000, -0.000000000000000000, -1.000000000000000000 ) ) ;
#820 = ADVANCED_FACE ( 'NONE', ( #2431 ), #113, .F. ) ;
#821 = VERTEX_POINT ( 'NONE', #1826 ) ;
#822 = ADVANCED_FACE ( 'NONE', ( #493 ), #1491, .F. ) ;
#823 = EDGE_LOOP ( 'NONE', ( #656, #38, #110, #431 ) ) ;
#824 = CARTESIAN_POINT ( 'NONE',  ( -26.00000000000000000, 4.916873254189383147, 8.206217436058389936 ) ) ;
#825 = DIRECTION ( 'NONE',  ( 1.000000000000000000, -0.000000000000000000, -0.000000000000000000 ) ) ;
#826 = ORIENTED_EDGE ( 'NONE', *, *, #1868, .T. ) ;
#827 = DIRECTION ( 'NONE',  ( 0.4272008872872585239, 0.3830034862887165548, 0.8190285290462523404 ) ) ;
#828 = DIRECTION ( 'NONE',  ( -0.000000000000000000, -0.000000000000000000, -1.000000000000000000 ) ) ;
#829 = ORIENTED_EDGE ( 'NONE', *, *, #790, .T. ) ;
#830 = ORIENTED_EDGE ( 'NONE', *, *, #2469, .T. ) ;
#831 = PLANE ( 'NONE',  #85 ) ;
#832 = LINE ( 'NONE', #109, #1625 ) ;
#833 = VERTEX_POINT ( 'NONE', #1066 ) ;
#834 = FACE_BOUND ( 'NONE', #933, .T. ) ;
#835 = DIRECTION ( 'NONE',  ( -0.000000000000000000, -0.000000000000000000, -1.000000000000000000 ) ) ;
#836 = DIRECTION ( 'NONE',  ( -1.000000000000000000, 0.000000000000000000, 0.000000000000000000 ) ) ;
#837 = DIRECTION ( 'NONE',  ( 0.000000000000000000, 0.000000000000000000, -1.000000000000000000 ) ) ;
#838 = EDGE_LOOP ( 'NONE', ( #1444, #311, #2091, #2364, #1924, #302, #558, #697, #1328 ) ) ;
#839 = LINE ( 'NONE', #2000, #1742 ) ;
#840 = VECTOR ( 'NONE', #445, 1000.000000000000114 ) ;
#841 = ORIENTED_EDGE ( 'NONE', *, *, #1881, .F. ) ;
#842 = CIRCLE ( 'NONE', #2348, 3.149999999999999911 ) ;
#843 = DIRECTION ( 'NONE',  ( -1.000000000000000000, 0.000000000000000000, 0.000000000000000000 ) ) ;
#844 = LINE ( 'NONE', #633, #1010 ) ;
#845 = EDGE_CURVE ( 'NONE', #1711, #2425, #312, .T. ) ;
#846 = ORIENTED_EDGE ( 'NONE', *, *, #2064, .F. ) ;
#847 = VECTOR ( 'NONE', #836, 1000.000000000000000 ) ;
#848 = EDGE_LOOP ( 'NONE', ( #2477, #344, #515, #2021, #86, #273 ) ) ;
#849 = VECTOR ( 'NONE', #1703, 1000.000000000000000 ) ;
#850 = DIRECTION ( 'NONE',  ( -0.3845458114514986869, -0.5208930169947222355, -0.7620990642569012152 ) ) ;
#851 = LINE ( 'NONE', #1629, #41 ) ;
#852 = LINE ( 'NONE', #88, #177 ) ;
#853 = LINE ( 'NONE', #1465, #1339 ) ;
#854 = VECTOR ( 'NONE', #2454, 1000.000000000000000 ) ;
#855 = DIRECTION ( 'NONE',  ( 1.000000000000000000, 0.000000000000000000, 0.000000000000000000 ) ) ;
#856 = CYLINDRICAL_SURFACE ( 'NONE', #1213, 11.00000000000000000 ) ;
#857 = ORIENTED_EDGE ( 'NONE', *, *, #517, .T. ) ;
#858 = ORIENTED_EDGE ( 'NONE', *, *, #376, .F. ) ;
#859 = DIRECTION ( 'NONE',  ( -1.000000000000000000, 0.000000000000000000, -0.000000000000000000 ) ) ;
#860 = VERTEX_POINT ( 'NONE', #1273 ) ;
#861 = ORIENTED_EDGE ( 'NONE', *, *, #619, .T. ) ;
#862 = DIRECTION ( 'NONE',  ( -0.000000000000000000, -0.000000000000000000, -1.000000000000000000 ) ) ;
#863 = EDGE_CURVE ( 'NONE', #2343, #1829, #718, .T. ) ;
#864 = EDGE_CURVE ( 'NONE', #2347, #2330, #705, .T. ) ;
#865 = LINE ( 'NONE', #2008, #1969 ) ;
#866 = CARTESIAN_POINT ( 'NONE',  ( -71.59750867587409573, -35.56414167718002517, 0.000000000000000000 ) ) ;
#867 = EDGE_CURVE ( 'NONE', #671, #1671, #851, .T. ) ;
#868 = VERTEX_POINT ( 'NONE', #1336 ) ;
#869 = ORIENTED_EDGE ( 'NONE', *, *, #401, .T. ) ;
#870 = CARTESIAN_POINT ( 'NONE',  ( 66.91075018922265372, -32.73507130221172901, 56.49846997174521590 ) ) ;
#871 = VERTEX_POINT ( 'NONE', #753 ) ;
#872 = ORIENTED_EDGE ( 'NONE', *, *, #505, .F. ) ;
#873 = DIRECTION ( 'NONE',  ( -1.000000000000000000, 0.000000000000000000, 0.000000000000000000 ) ) ;
#874 = PLANE ( 'NONE',  #1854 ) ;
#875 = ORIENTED_EDGE ( 'NONE', *, *, #1382, .T. ) ;
#876 = EDGE_CURVE ( 'NONE', #1761, #1782, #350, .T. ) ;
#877 = ORIENTED_EDGE ( 'NONE', *, *, #970, .F. ) ;
#878 = ADVANCED_FACE ( 'NONE', ( #561 ), #1103, .F. ) ;
#879 = ORIENTED_EDGE ( 'NONE', *, *, #758, .T. ) ;
#880 = PLANE ( 'NONE',  #1810 ) ;
#881 = AXIS2_PLACEMENT_3D ( 'NONE', #525, #1236, #1384 ) ;
#882 = DIRECTION ( 'NONE',  ( -1.000000000000000000, 0.000000000000000000, 0.000000000000000000 ) ) ;
#883 = CARTESIAN_POINT ( 'NONE',  ( 69.89750867587410710, -50.70000000000003126, 0.000000000000000000 ) ) ;
#884 = ORIENTED_EDGE ( 'NONE', *, *, #1759, .F. ) ;
#885 = VECTOR ( 'NONE', #2190, 1000.000000000000000 ) ;
#886 = ORIENTED_EDGE ( 'NONE', *, *, #1537, .F. ) ;
#887 = CARTESIAN_POINT ( 'NONE',  ( 82.85185661918913524, -52.40000000000002700, 0.000000000000000000 ) ) ;
#888 = CARTESIAN_POINT ( 'NONE',  ( -69.89750867587137861, -33.00000000000002842, 0.000000000000000000 ) ) ;
#889 = CARTESIAN_POINT ( 'NONE',  ( 45.09999999999998721, -20.12999999999999545, 40.50000000000000000 ) ) ;
#890 = DIRECTION ( 'NONE',  ( 0.000000000000000000, 0.000000000000000000, -1.000000000000000000 ) ) ;
#891 = VECTOR ( 'NONE', #1632, 1000.000000000000227 ) ;
#892 = VECTOR ( 'NONE', #1102, 1000.000000000000114 ) ;
#893 = DIRECTION ( 'NONE',  ( 0.000000000000000000, 0.000000000000000000, 1.000000000000000000 ) ) ;
#894 = ORIENTED_EDGE ( 'NONE', *, *, #1759, .T. ) ;
#895 = EDGE_CURVE ( 'NONE', #2495, #1707, #1323, .T. ) ;
#896 = EDGE_CURVE ( 'NONE', #1839, #2003, #1735, .T. ) ;
#897 = EDGE_LOOP ( 'NONE', ( #1544, #692, #875, #1187 ) ) ;
#898 = EDGE_CURVE ( 'NONE', #1277, #212, #531, .T. ) ;
#899 = DIRECTION ( 'NONE',  ( 1.000000000000000000, 0.000000000000000000, -0.000000000000000000 ) ) ;
#900 = VERTEX_POINT ( 'NONE', #1532 ) ;
#901 = CARTESIAN_POINT ( 'NONE',  ( -57.73297156160060695, -37.96446570157269207, 3.259999999999998899 ) ) ;
#902 = DIRECTION ( 'NONE',  ( 0.000000000000000000, -1.000000000000000000, -0.000000000000000000 ) ) ;
#903 = DIRECTION ( 'NONE',  ( 0.000000000000000000, 0.8255813953488374546, -0.5642830492349266702 ) ) ;
#904 = DIRECTION ( 'NONE',  ( -0.8794329730732199923, -0.4760227367170576374, -0.000000000000000000 ) ) ;
#905 = PLANE ( 'NONE',  #2258 ) ;
#906 = ORIENTED_EDGE ( 'NONE', *, *, #986, .T. ) ;
#907 = CARTESIAN_POINT ( 'NONE',  ( -11.00000000000000000, -15.88000000000002565, 4.827705599291125083 ) ) ;
#908 = EDGE_LOOP ( 'NONE', ( #2315, #1421, #2025, #355, #2449, #1141, #231, #1428, #1813 ) ) ;
#909 = ORIENTED_EDGE ( 'NONE', *, *, #2355, .T. ) ;
#910 = DIRECTION ( 'NONE',  ( -0.5491751664947015499, -0.8283311367523951141, 0.1107888279205165305 ) ) ;
#911 = ORIENTED_EDGE ( 'NONE', *, *, #1525, .F. ) ;
#912 = EDGE_CURVE ( 'NONE', #659, #135, #573, .T. ) ;
#913 = ADVANCED_FACE ( 'NONE', ( #952 ), #1505, .T. ) ;
#914 = FACE_BOUND ( 'NONE', #1133, .T. ) ;
#915 = DIRECTION ( 'NONE',  ( -0.000000000000000000, -0.000000000000000000, -1.000000000000000000 ) ) ;
#916 = DIRECTION ( 'NONE',  ( 0.000000000000000000, 0.000000000000000000, -1.000000000000000000 ) ) ;
#917 = CARTESIAN_POINT ( 'NONE',  ( 26.00000000000000000, -0.6768732541894590948, 7.297497237620554245 ) ) ;
#918 = CARTESIAN_POINT ( 'NONE',  ( -69.89750867587137861, -33.00000000000002842, 0.000000000000000000 ) ) ;
#919 = VERTEX_POINT ( 'NONE', #164 ) ;
#920 = ORIENTED_EDGE ( 'NONE', *, *, #1365, .F. ) ;
#921 = CARTESIAN_POINT ( 'NONE',  ( 13.82122375399381298, 31.84140001181334867, 12.92258268718383007 ) ) ;
#922 = DIRECTION ( 'NONE',  ( 0.000000000000000000, -1.000000000000000000, -0.000000000000000000 ) ) ;
#923 = VERTEX_POINT ( 'NONE', #1724 ) ;
#924 = CARTESIAN_POINT ( 'NONE',  ( -85.74000000000000909, -53.99999999999999289, 40.50000000000000000 ) ) ;
#925 = EDGE_CURVE ( 'NONE', #2309, #669, #2082, .T. ) ;
#926 = LINE ( 'NONE', #1490, #1663 ) ;
#927 = DIRECTION ( 'NONE',  ( -0.000000000000000000, -0.000000000000000000, -1.000000000000000000 ) ) ;
#928 = LINE ( 'NONE', #976, #854 ) ;
#929 = AXIS2_PLACEMENT_3D ( 'NONE', #154, #213, #9 ) ;
#930 = ADVANCED_FACE ( 'NONE', ( #2490 ), #1125, .F. ) ;
#931 = VECTOR ( 'NONE', #1054, 1000.000000000000000 ) ;
#932 = FACE_OUTER_BOUND ( 'NONE', #688, .T. ) ;
#933 = EDGE_LOOP ( 'NONE', ( #1399, #1161, #499 ) ) ;
#934 = AXIS2_PLACEMENT_3D ( 'NONE', #278, #482, #873 ) ;
#935 = DIRECTION ( 'NONE',  ( 0.000000000000000000, -0.000000000000000000, 1.000000000000000000 ) ) ;
#936 = ORIENTED_EDGE ( 'NONE', *, *, #1, .F. ) ;
#937 = AXIS2_PLACEMENT_3D ( 'NONE', #1941, #634, #812 ) ;
#938 = CARTESIAN_POINT ( 'NONE',  ( 11.00000000000000000, -15.88000000000002565, 0.000000000000000000 ) ) ;
#939 = PRODUCT_DEFINITION_FORMATION_WITH_SPECIFIED_SOURCE ( 'ANY', '', #1072, .NOT_KNOWN. ) ;
#940 = ORIENTED_EDGE ( 'NONE', *, *, #533, .T. ) ;
#941 = CARTESIAN_POINT ( 'NONE',  ( -85.74000000000000909, 35.71999999999997044, -19.00000000000000000 ) ) ;
#942 = CYLINDRICAL_SURFACE ( 'NONE', #1623, 3.149999999999999911 ) ;
#943 = CARTESIAN_POINT ( 'NONE',  ( -45.10000000000001563, -20.12999999999999545, 40.50000000000000000 ) ) ;
#944 = EDGE_CURVE ( 'NONE', #2231, #900, #1297, .T. ) ;
#945 = CARTESIAN_POINT ( 'NONE',  ( 65.94112907731283713, -42.08134093629630001, 3.259999999999998899 ) ) ;
#946 = CARTESIAN_POINT ( 'NONE',  ( -18.50099616383662493, -19.04942894532096531, 4.312822757207993796 ) ) ;
#947 = VERTEX_POINT ( 'NONE', #181 ) ;
#948 = DIRECTION ( 'NONE',  ( 0.5525768464437810223, 0.8334619540052479181, 0.000000000000000000 ) ) ;
#949 = PLANE ( 'NONE',  #1702 ) ;
#950 = VERTEX_POINT ( 'NONE', #2479 ) ;
#951 = DIRECTION ( 'NONE',  ( 1.000000000000000000, 0.000000000000000000, 0.000000000000000000 ) ) ;
#952 = FACE_OUTER_BOUND ( 'NONE', #1037, .T. ) ;
#953 = FACE_OUTER_BOUND ( 'NONE', #1722, .T. ) ;
#954 = UNCERTAINTY_MEASURE_WITH_UNIT (LENGTH_MEASURE( 1.000000000000000082E-05 ), #1603, 'distance_accuracy_value', 'NONE');
#955 = EDGE_CURVE ( 'NONE', #2347, #221, #1699, .T. ) ;
#956 = ORIENTED_EDGE ( 'NONE', *, *, #944, .F. ) ;
#957 = DIRECTION ( 'NONE',  ( 0.000000000000000000, -1.000000000000000000, 0.000000000000000000 ) ) ;
#958 = LINE ( 'NONE', #1912, #2464 ) ;
#959 = VERTEX_POINT ( 'NONE', #1543 ) ;
#960 = LINE ( 'NONE', #975, #362 ) ;
#961 = CARTESIAN_POINT ( 'NONE',  ( 25.17883048131781365, 33.71242391948545247, 2.311478815533020370 ) ) ;
#962 = CARTESIAN_POINT ( 'NONE',  ( -71.59750867587409573, -35.56414167718002517, -9.465785776569772381 ) ) ;
#963 = AXIS2_PLACEMENT_3D ( 'NONE', #1319, #2054, #334 ) ;
#964 = VECTOR ( 'NONE', #453, 1000.000000000000227 ) ;
#965 = CARTESIAN_POINT ( 'NONE',  ( 0.000000000000000000, 2.119999999999969020, 0.000000000000000000 ) ) ;
#966 = VECTOR ( 'NONE', #904, 1000.000000000000000 ) ;
#967 = ORIENTED_EDGE ( 'NONE', *, *, #485, .T. ) ;
#968 = EDGE_CURVE ( 'NONE', #1892, #871, #2306, .T. ) ;
#969 = CIRCLE ( 'NONE', #1460, 26.15000000000000213 ) ;
#970 = EDGE_CURVE ( 'NONE', #274, #212, #1349, .T. ) ;
#971 = CARTESIAN_POINT ( 'NONE',  ( -38.80000000000001847, -20.12999999999999545, 40.50000000000000000 ) ) ;
#972 = ADVANCED_FACE ( 'NONE', ( #94 ), #2280, .F. ) ;
#973 = EDGE_LOOP ( 'NONE', ( #1275, #1238, #2055, #1587, #1887, #1447, #461 ) ) ;
#974 = VECTOR ( 'NONE', #1324, 1000.000000000000000 ) ;
#975 = CARTESIAN_POINT ( 'NONE',  ( 56.11470149532856766, -38.84040891644005455, 0.000000000000000000 ) ) ;
#976 = CARTESIAN_POINT ( 'NONE',  ( -21.41325514254691953, 38.31999999999996476, 37.40000000000000568 ) ) ;
#977 = EDGE_LOOP ( 'NONE', ( #1719, #2037 ) ) ;
#978 = CARTESIAN_POINT ( 'NONE',  ( -69.89750867587137861, -50.70000000000003126, 0.000000000000000000 ) ) ;
#979 = SURFACE_STYLE_FILL_AREA ( #228 ) ;
#980 = CARTESIAN_POINT ( 'NONE',  ( 11.00000000000000000, -15.88000000000002565, 40.50000000000000000 ) ) ;
#981 = LINE ( 'NONE', #206, #1264 ) ;
#982 = EDGE_LOOP ( 'NONE', ( #2042, #1910, #708, #40 ) ) ;
#983 = FACE_OUTER_BOUND ( 'NONE', #897, .T. ) ;
#984 = ORIENTED_EDGE ( 'NONE', *, *, #1641, .T. ) ;
#985 = DIRECTION ( 'NONE',  ( -0.000000000000000000, -0.000000000000000000, -1.000000000000000000 ) ) ;
#986 = EDGE_CURVE ( 'NONE', #342, #1928, #1401, .T. ) ;
#987 = ORIENTED_EDGE ( 'NONE', *, *, #1557, .F. ) ;
#988 =( NAMED_UNIT ( * ) PLANE_ANGLE_UNIT ( ) SI_UNIT ( $, .RADIAN. ) );
#989 = DIRECTION ( 'NONE',  ( 0.5525768464437814664, 0.8334619540052476960, 0.000000000000000000 ) ) ;
#990 = CARTESIAN_POINT ( 'NONE',  ( -56.11470149532856766, -38.84040891644004034, 0.000000000000000000 ) ) ;
#991 = DIRECTION ( 'NONE',  ( 0.1560353785890182532, -0.4388262549610054131, -0.8849206058090637317 ) ) ;
#992 = VERTEX_POINT ( 'NONE', #398 ) ;
#993 = ORIENTED_EDGE ( 'NONE', *, *, #955, .F. ) ;
#994 = CARTESIAN_POINT ( 'NONE',  ( 26.15000000000000213, 2.119999999999969020, 40.50000000000000000 ) ) ;
#995 = DIRECTION ( 'NONE',  ( -1.000000000000000000, 2.023237084181020581E-16, 0.000000000000000000 ) ) ;
#996 = EDGE_LOOP ( 'NONE', ( #794, #936 ) ) ;
#997 = FILL_AREA_STYLE ('',( #1183 ) ) ;
#998 = EDGE_CURVE ( 'NONE', #1121, #821, #2337, .T. ) ;
#999 = PLANE ( 'NONE',  #1298 ) ;
#1000 = EDGE_CURVE ( 'NONE', #2425, #2270, #673, .T. ) ;
#1001 = EDGE_CURVE ( 'NONE', #100, #1685, #304, .T. ) ;
#1002 = VECTOR ( 'NONE', #2274, 1000.000000000000000 ) ;
#1003 = CARTESIAN_POINT ( 'NONE',  ( -69.89750867587137861, -33.00000000000002842, 0.000000000000000000 ) ) ;
#1004 = LINE ( 'NONE', #1774, #625 ) ;
#1005 = ORIENTED_EDGE ( 'NONE', *, *, #1427, .F. ) ;
#1006 = VECTOR ( 'NONE', #927, 1000.000000000000000 ) ;
#1007 = VECTOR ( 'NONE', #606, 1000.000000000000000 ) ;
#1008 = DIRECTION ( 'NONE',  ( 0.000000000000000000, -1.000000000000000000, 0.000000000000000000 ) ) ;
#1009 = ORIENTED_EDGE ( 'NONE', *, *, #1157, .F. ) ;
#1010 = VECTOR ( 'NONE', #711, 1000.000000000000000 ) ;
#1011 = DIRECTION ( 'NONE',  ( 0.000000000000000000, 0.000000000000000000, -1.000000000000000000 ) ) ;
#1012 = CARTESIAN_POINT ( 'NONE',  ( 0.000000000000000000, 2.119999999999969020, 0.000000000000000000 ) ) ;
#1013 = VECTOR ( 'NONE', #2149, 1000.000000000000000 ) ;
#1014 = ORIENTED_EDGE ( 'NONE', *, *, #1173, .F. ) ;
#1015 = CARTESIAN_POINT ( 'NONE',  ( 75.24992788534468957, -54.69073142064262782, 3.989416728291629077 ) ) ;
#1016 = CARTESIAN_POINT ( 'NONE',  ( -69.89750867587137861, -33.00000000000002842, 0.000000000000000000 ) ) ;
#1017 = CARTESIAN_POINT ( 'NONE',  ( 41.94999999999998863, -20.12999999999999545, 40.50000000000000000 ) ) ;
#1018 = DIRECTION ( 'NONE',  ( -0.5939294357406174063, 0.8045171380156123098, 0.000000000000000000 ) ) ;
#1019 = CARTESIAN_POINT ( 'NONE',  ( 69.10711145071988426, -31.80782913733232320, 0.000000000000000000 ) ) ;
#1020 = ORIENTED_EDGE ( 'NONE', *, *, #2076, .T. ) ;
#1021 = ADVANCED_FACE ( 'NONE', ( #2405 ), #1414, .F. ) ;
#1022 = ORIENTED_EDGE ( 'NONE', *, *, #970, .T. ) ;
#1023 = DIRECTION ( 'NONE',  ( -0.8794329730732199923, -0.4760227367170576374, 0.000000000000000000 ) ) ;
#1024 = CARTESIAN_POINT ( 'NONE',  ( -33.35671283124048614, 22.11516326023156864, 0.000000000000000000 ) ) ;
#1025 = ORIENTED_EDGE ( 'NONE', *, *, #1176, .T. ) ;
#1026 = LINE ( 'NONE', #662, #367 ) ;
#1027 = CARTESIAN_POINT ( 'NONE',  ( 26.54061423383263829, 32.39601178338070042, -18.55541842845038758 ) ) ;
#1028 = DIRECTION ( 'NONE',  ( 1.000000000000000000, 0.000000000000000000, 0.000000000000000000 ) ) ;
#1029 = VERTEX_POINT ( 'NONE', #1068 ) ;
#1030 = EDGE_CURVE ( 'NONE', #1277, #806, #2395, .T. ) ;
#1031 = DIRECTION ( 'NONE',  ( -0.000000000000000000, -0.000000000000000000, 1.000000000000000000 ) ) ;
#1032 = ORIENTED_EDGE ( 'NONE', *, *, #1191, .T. ) ;
#1033 = FACE_OUTER_BOUND ( 'NONE', #1497, .T. ) ;
#1034 = DIRECTION ( 'NONE',  ( 0.000000000000000000, -0.000000000000000000, 1.000000000000000000 ) ) ;
#1035 = ORIENTED_EDGE ( 'NONE', *, *, #267, .T. ) ;
#1036 = DIRECTION ( 'NONE',  ( -1.000000000000000000, -0.000000000000000000, -0.000000000000000000 ) ) ;
#1037 = EDGE_LOOP ( 'NONE', ( #1853, #394, #785, #2283 ) ) ;
#1038 = FACE_OUTER_BOUND ( 'NONE', #1200, .T. ) ;
#1039 = DIRECTION ( 'NONE',  ( 0.5525768464437812444, -0.8334619540052478071, 0.000000000000000000 ) ) ;
#1040 = LINE ( 'NONE', #458, #173 ) ;
#1041 = DIRECTION ( 'NONE',  ( 0.000000000000000000, -0.000000000000000000, -1.000000000000000000 ) ) ;
#1042 = VERTEX_POINT ( 'NONE', #2228 ) ;
#1043 = VECTOR ( 'NONE', #248, 1000.000000000000000 ) ;
#1044 = VERTEX_POINT ( 'NONE', #89 ) ;
#1045 =( BOUNDED_CURVE ( )  B_SPLINE_CURVE ( 3, ( #2100, #2445, #2251, #2084 ),
 .UNSPECIFIED., .F., .F. ) 
 B_SPLINE_CURVE_WITH_KNOTS ( ( 4, 4 ),
 ( 2.488022039512810313, 3.141592653589793116 ),
 .UNSPECIFIED. ) 
 CURVE ( )  GEOMETRIC_REPRESENTATION_ITEM ( )  RATIONAL_B_SPLINE_CURVE ( ( 1.000000000000000000, 0.9647194348410454978, 0.9647194348410454978, 1.000000000000000000 ) ) 
 REPRESENTATION_ITEM ( '' )  );
#1046 = EDGE_CURVE ( 'NONE', #169, #1761, #2414, .T. ) ;
#1047 = AXIS2_PLACEMENT_3D ( 'NONE', #1633, #2036, #1058 ) ;
#1048 = PLANE ( 'NONE',  #2457 ) ;
#1049 = EDGE_LOOP ( 'NONE', ( #1484, #652, #584, #1732 ) ) ;
#1050 = EDGE_CURVE ( 'NONE', #1060, #111, #2199, .T. ) ;
#1051 = VECTOR ( 'NONE', #720, 1000.000000000000000 ) ;
#1052 = ORIENTED_EDGE ( 'NONE', *, *, #1379, .F. ) ;
#1053 = VECTOR ( 'NONE', #1034, 1000.000000000000000 ) ;
#1054 = DIRECTION ( 'NONE',  ( -0.000000000000000000, -0.000000000000000000, -1.000000000000000000 ) ) ;
#1055 = CARTESIAN_POINT ( 'NONE',  ( 19.45680159586434499, 27.52537092150336306, 37.40000000000000568 ) ) ;
#1056 = VECTOR ( 'NONE', #1862, 1000.000000000000000 ) ;
#1057 = LINE ( 'NONE', #293, #330 ) ;
#1058 = DIRECTION ( 'NONE',  ( 1.000000000000000000, 0.000000000000000000, 0.000000000000000000 ) ) ;
#1059 = ORIENTED_EDGE ( 'NONE', *, *, #2352, .F. ) ;
#1060 = VERTEX_POINT ( 'NONE', #1234 ) ;
#1061 = CARTESIAN_POINT ( 'NONE',  ( 0.000000000000000000, 0.000000000000000000, 0.000000000000000000 ) ) ;
#1062 = ORIENTED_EDGE ( 'NONE', *, *, #986, .F. ) ;
#1063 = ORIENTED_EDGE ( 'NONE', *, *, #895, .T. ) ;
#1064 = EDGE_CURVE ( 'NONE', #2365, #1029, #2383, .T. ) ;
#1065 = DIRECTION ( 'NONE',  ( 1.000000000000000000, -7.530607768482306083E-16, -0.000000000000000000 ) ) ;
#1066 = CARTESIAN_POINT ( 'NONE',  ( -3.572114219843293803, -29.68000000000620986, 37.40000000000000568 ) ) ;
#1067 = CARTESIAN_POINT ( 'NONE',  ( 25.39762748144667626, 34.11999999999996902, 0.000000000000000000 ) ) ;
#1068 = CARTESIAN_POINT ( 'NONE',  ( 61.42610176227201890, -35.96543450874334980, 3.259999999999998899 ) ) ;
#1069 = CARTESIAN_POINT ( 'NONE',  ( -65.42424579338648982, -50.70000000000003126, 0.000000000000000000 ) ) ;
#1070 = PLANE ( 'NONE',  #2458 ) ;
#1071 = ORIENTED_EDGE ( 'NONE', *, *, #1122, .F. ) ;
#1072 = PRODUCT ( 'Suporte-Starlink', 'Suporte-Starlink', '', ( #2019 ) ) ;
#1073 = ORIENTED_EDGE ( 'NONE', *, *, #389, .T. ) ;
#1074 = LINE ( 'NONE', #284, #442 ) ;
#1075 = EDGE_LOOP ( 'NONE', ( #541, #1357, #70, #1459, #2356 ) ) ;
#1076 = ORIENTED_EDGE ( 'NONE', *, *, #237, .F. ) ;
#1077 = ADVANCED_FACE ( 'NONE', ( #1667 ), #1440, .T. ) ;
#1078 = EDGE_CURVE ( 'NONE', #2245, #1998, #1457, .T. ) ;
#1079 = CARTESIAN_POINT ( 'NONE',  ( -25.39762748144670468, 34.11999999999996902, 0.000000000000000000 ) ) ;
#1080 = VERTEX_POINT ( 'NONE', #1809 ) ;
#1081 = CARTESIAN_POINT ( 'NONE',  ( 69.89750867587137861, -52.40000000000002700, 0.000000000000000000 ) ) ;
#1082 = ORIENTED_EDGE ( 'NONE', *, *, #614, .T. ) ;
#1083 = AXIS2_PLACEMENT_3D ( 'NONE', #163, #2452, #2248 ) ;
#1084 = CARTESIAN_POINT ( 'NONE',  ( 19.45680159586434499, 27.52537092150336306, 37.40000000000000568 ) ) ;
#1085 = VECTOR ( 'NONE', #2103, 1000.000000000000000 ) ;
#1086 = ORIENTED_EDGE ( 'NONE', *, *, #475, .T. ) ;
#1087 = AXIS2_PLACEMENT_3D ( 'NONE', #472, #957, #1041 ) ;
#1088 = CARTESIAN_POINT ( 'NONE',  ( 85.73999999999998067, -54.00000000000002842, 5.000000000000000888 ) ) ;
#1089 = CARTESIAN_POINT ( 'NONE',  ( 53.87499999999999289, -49.57890231113339041, 11.46834244604156261 ) ) ;
#1090 = VECTOR ( 'NONE', #1263, 1000.000000000000000 ) ;
#1091 = AXIS2_PLACEMENT_3D ( 'NONE', #1522, #893, #2279 ) ;
#1092 = CARTESIAN_POINT ( 'NONE',  ( -69.65309994052113041, -29.73582888289817916, 40.50000000000000711 ) ) ;
#1093 = DIRECTION ( 'NONE',  ( 0.000000000000000000, 0.9848077530122080203, 0.1736481776669307198 ) ) ;
#1094 = AXIS2_PLACEMENT_3D ( 'NONE', #2334, #249, #995 ) ;
#1095 = ORIENTED_EDGE ( 'NONE', *, *, #343, .T. ) ;
#1096 = EDGE_CURVE ( 'NONE', #308, #1272, #853, .T. ) ;
#1097 = VERTEX_POINT ( 'NONE', #1055 ) ;
#1098 = EDGE_CURVE ( 'NONE', #506, #860, #1827, .T. ) ;
#1099 = PLANE ( 'NONE',  #1249 ) ;
#1100 = ORIENTED_EDGE ( 'NONE', *, *, #376, .T. ) ;
#1101 = FACE_OUTER_BOUND ( 'NONE', #1821, .T. ) ;
#1102 = DIRECTION ( 'NONE',  ( -0.09281626907426052120, 0.1728985824073806243, -0.9805565870446502075 ) ) ;
#1103 = PLANE ( 'NONE',  #1657 ) ;
#1104 = CARTESIAN_POINT ( 'NONE',  ( -71.59750867587410994, -52.40000000000002700, 0.000000000000000000 ) ) ;
#1105 = FACE_OUTER_BOUND ( 'NONE', #973, .T. ) ;
#1106 = ORIENTED_EDGE ( 'NONE', *, *, #2396, .T. ) ;
#1107 = ORIENTED_EDGE ( 'NONE', *, *, #1189, .F. ) ;
#1108 = EDGE_CURVE ( 'NONE', #2309, #370, #323, .T. ) ;
#1109 = ADVANCED_FACE ( 'NONE', ( #1478, #519 ), #143, .F. ) ;
#1110 = CARTESIAN_POINT ( 'NONE',  ( 71.59750867587410994, -52.40000000000002700, 0.000000000000000000 ) ) ;
#1111 = ORIENTED_EDGE ( 'NONE', *, *, #1986, .F. ) ;
#1112 = DIRECTION ( 'NONE',  ( -1.000000000000000000, -1.103129929741764660E-16, -1.613948084887645870E-16 ) ) ;
#1113 = PLANE ( 'NONE',  #2140 ) ;
#1114 = DIRECTION ( 'NONE',  ( 1.000000000000000000, 0.000000000000000000, 0.000000000000000000 ) ) ;
#1115 = LINE ( 'NONE', #1896, #2466 ) ;
#1116 = DIRECTION ( 'NONE',  ( 1.000000000000000000, 0.000000000000000000, 0.000000000000000000 ) ) ;
#1117 = DIRECTION ( 'NONE',  ( -0.000000000000000000, 0.000000000000000000, -1.000000000000000000 ) ) ;
#1118 = EDGE_LOOP ( 'NONE', ( #1947, #172, #281, #846, #1602, #1082, #841, #2373 ) ) ;
#1119 = ORIENTED_EDGE ( 'NONE', *, *, #162, .T. ) ;
#1120 = DIRECTION ( 'NONE',  ( -0.000000000000000000, -0.000000000000000000, 1.000000000000000000 ) ) ;
#1121 = VERTEX_POINT ( 'NONE', #706 ) ;
#1122 = EDGE_CURVE ( 'NONE', #2451, #959, #1378, .T. ) ;
#1123 = AXIS2_PLACEMENT_3D ( 'NONE', #392, #197, #837 ) ;
#1124 = DIRECTION ( 'NONE',  ( 0.000000000000000000, -0.000000000000000000, -1.000000000000000000 ) ) ;
#1125 = PLANE ( 'NONE',  #2089 ) ;
#1126 = CARTESIAN_POINT ( 'NONE',  ( 71.59750867587409573, -35.56414167718002517, 0.000000000000000000 ) ) ;
#1127 = VECTOR ( 'NONE', #862, 1000.000000000000000 ) ;
#1128 = EDGE_CURVE ( 'NONE', #2287, #282, #1391, .T. ) ;
#1129 = AXIS2_PLACEMENT_3D ( 'NONE', #1714, #2481, #1299 ) ;
#1130 = CARTESIAN_POINT ( 'NONE',  ( -12.74134742468223358, 51.40000000000000568, 0.000000000000000000 ) ) ;
#1131 = VECTOR ( 'NONE', #1581, 1000.000000000000000 ) ;
#1132 = AXIS2_PLACEMENT_3D ( 'NONE', #1784, #64, #1403 ) ;
#1133 = EDGE_LOOP ( 'NONE', ( #1014, #2208, #799, #1849, #1145, #447 ) ) ;
#1134 = AXIS2_PLACEMENT_3D ( 'NONE', #1016, #2370, #452 ) ;
#1135 = FACE_BOUND ( 'NONE', #1877, .T. ) ;
#1136 = CARTESIAN_POINT ( 'NONE',  ( -26.00000000000000000, 0.000000000000000000, 0.000000000000000000 ) ) ;
#1137 =( GEOMETRIC_REPRESENTATION_CONTEXT ( 3 ) GLOBAL_UNCERTAINTY_ASSIGNED_CONTEXT ( ( #1717 ) ) GLOBAL_UNIT_ASSIGNED_CONTEXT ( ( #436, #988, #1980 ) ) REPRESENTATION_CONTEXT ( 'NONE', 'WORKASPACE' ) );
#1138 = ORIENTED_EDGE ( 'NONE', *, *, #2128, .F. ) ;
#1139 = PLANE ( 'NONE',  #82 ) ;
#1140 = DIRECTION ( 'NONE',  ( 1.000000000000000000, -0.000000000000000000, -0.000000000000000000 ) ) ;
#1141 = ORIENTED_EDGE ( 'NONE', *, *, #1746, .T. ) ;
#1142 = ADVANCED_FACE ( 'NONE', ( #2141 ), #418, .F. ) ;
#1143 = CARTESIAN_POINT ( 'NONE',  ( -69.89750867587137861, -52.40000000000002700, -7.213999108337046273 ) ) ;
#1144 = CARTESIAN_POINT ( 'NONE',  ( 0.000000000000000000, 2.119999999999969020, 37.40000000000000568 ) ) ;
#1145 = ORIENTED_EDGE ( 'NONE', *, *, #1354, .F. ) ;
#1146 = CARTESIAN_POINT ( 'NONE',  ( 53.87499999999999289, -32.80000000000002558, 36.01692600039213232 ) ) ;
#1147 = DIRECTION ( 'NONE',  ( 0.7865987724825422855, -0.6174644695275653961, 0.000000000000000000 ) ) ;
#1148 = ORIENTED_EDGE ( 'NONE', *, *, #2269, .T. ) ;
#1149 = CARTESIAN_POINT ( 'NONE',  ( -66.22526737342809611, -29.67999999999851823, 6.953662317545178162 ) ) ;
#1150 = DIRECTION ( 'NONE',  ( -0.1533046825019105386, -0.08298132632107162177, 0.9846886684658172628 ) ) ;
#1151 = DIRECTION ( 'NONE',  ( -0.1734108593575509893, 0.05226332926820431019, -0.9834618539987602936 ) ) ;
#1152 = DIRECTION ( 'NONE',  ( -0.000000000000000000, -0.000000000000000000, -1.000000000000000000 ) ) ;
#1153 = DIRECTION ( 'NONE',  ( 0.000000000000000000, 0.000000000000000000, -1.000000000000000000 ) ) ;
#1154 = CARTESIAN_POINT ( 'NONE',  ( 0.000000000000000000, -15.88000000000002565, 0.000000000000000000 ) ) ;
#1155 = EDGE_CURVE ( 'NONE', #2388, #1685, #1741, .T. ) ;
#1156 = EDGE_CURVE ( 'NONE', #553, #1879, #592, .T. ) ;
#1157 = EDGE_CURVE ( 'NONE', #1435, #1395, #1158, .T. ) ;
#1158 = LINE ( 'NONE', #1934, #2421 ) ;
#1159 = CARTESIAN_POINT ( 'NONE',  ( 67.08090354984020109, -33.21360227822513878, 15.97376144430269918 ) ) ;
#1160 = EDGE_CURVE ( 'NONE', #860, #2430, #1954, .T. ) ;
#1161 = ORIENTED_EDGE ( 'NONE', *, *, #1000, .F. ) ;
#1162 = CARTESIAN_POINT ( 'NONE',  ( 38.79999999999999005, -20.12999999999999545, 37.40000000000000568 ) ) ;
#1163 = EDGE_LOOP ( 'NONE', ( #894, #1020, #2009, #1599 ) ) ;
#1164 = LINE ( 'NONE', #2333, #245 ) ;
#1165 = CYLINDRICAL_SURFACE ( 'NONE', #815, 26.15000000000000213 ) ;
#1166 = ORIENTED_EDGE ( 'NONE', *, *, #968, .F. ) ;
#1167 = CARTESIAN_POINT ( 'NONE',  ( -85.74000000000000909, -29.73582888289817916, 40.50000000000000711 ) ) ;
#1168 = VECTOR ( 'NONE', #786, 1000.000000000000000 ) ;
#1169 = AXIS2_PLACEMENT_3D ( 'NONE', #918, #756, #1326 ) ;
#1170 = CARTESIAN_POINT ( 'NONE',  ( -11.00000000000000000, -15.88000000000002565, 4.827705599291125083 ) ) ;
#1171 = VECTOR ( 'NONE', #1783, 1000.000000000000000 ) ;
#1172 = ORIENTED_EDGE ( 'NONE', *, *, #151, .T. ) ;
#1173 = EDGE_CURVE ( 'NONE', #868, #1761, #1918, .T. ) ;
#1174 = AXIS2_PLACEMENT_3D ( 'NONE', #800, #791, #989 ) ;
#1175 = FACE_OUTER_BOUND ( 'NONE', #2262, .T. ) ;
#1176 = EDGE_CURVE ( 'NONE', #2430, #65, #1595, .T. ) ;
#1177 = ORIENTED_EDGE ( 'NONE', *, *, #2407, .F. ) ;
#1178 = VECTOR ( 'NONE', #768, 1000.000000000000000 ) ;
#1179 = CARTESIAN_POINT ( 'NONE',  ( -57.73297156160057853, -37.96446570157270628, 28.46098965618257282 ) ) ;
#1180 =( GEOMETRIC_REPRESENTATION_CONTEXT ( 3 ) GLOBAL_UNCERTAINTY_ASSIGNED_CONTEXT ( ( #954 ) ) GLOBAL_UNIT_ASSIGNED_CONTEXT ( ( #1603, #2379, #71 ) ) REPRESENTATION_CONTEXT ( 'NONE', 'WORKASPACE' ) );
#1181 = DIRECTION ( 'NONE',  ( -0.5491751664947015499, 0.8283311367523952251, -0.1107888279205165305 ) ) ;
#1182 = VERTEX_POINT ( 'NONE', #2362 ) ;
#1183 = FILL_AREA_STYLE_COLOUR ( '', #1515 ) ;
#1184 = DIRECTION ( 'NONE',  ( 1.000000000000000000, 1.443668720976149384E-14, 0.000000000000000000 ) ) ;
#1185 = DIRECTION ( 'NONE',  ( -0.000000000000000000, -0.000000000000000000, -1.000000000000000000 ) ) ;
#1186 = DIRECTION ( 'NONE',  ( -0.000000000000000000, -0.000000000000000000, -1.000000000000000000 ) ) ;
#1187 = ORIENTED_EDGE ( 'NONE', *, *, #1880, .T. ) ;
#1188 = EDGE_LOOP ( 'NONE', ( #1635, #2473, #1524, #694 ) ) ;
#1189 = EDGE_CURVE ( 'NONE', #1707, #161, #1366, .T. ) ;
#1190 = EDGE_CURVE ( 'NONE', #504, #539, #292, .T. ) ;
#1191 = EDGE_CURVE ( 'NONE', #806, #1829, #1559, .T. ) ;
#1192 = FACE_OUTER_BOUND ( 'NONE', #982, .T. ) ;
#1193 = LINE ( 'NONE', #788, #137 ) ;
#1194 = VERTEX_POINT ( 'NONE', #2114 ) ;
#1195 =( LENGTH_UNIT ( ) NAMED_UNIT ( * ) SI_UNIT ( .MILLI., .METRE. ) );
#1196 = LINE ( 'NONE', #1003, #1171 ) ;
#1197 = DIRECTION ( 'NONE',  ( 0.9848077530122080203, 0.000000000000000000, 0.1736481776669307198 ) ) ;
#1198 = CARTESIAN_POINT ( 'NONE',  ( -69.89750867587137861, -33.00000000000002842, 0.000000000000000000 ) ) ;
#1199 = EDGE_LOOP ( 'NONE', ( #906, #1662, #1232, #1800 ) ) ;
#1200 = EDGE_LOOP ( 'NONE', ( #2420, #1450, #746, #2239, #227 ) ) ;
#1201 = DIRECTION ( 'NONE',  ( 0.000000000000000000, 0.000000000000000000, 1.000000000000000000 ) ) ;
#1202 = DIRECTION ( 'NONE',  ( -0.000000000000000000, -0.000000000000000000, 1.000000000000000000 ) ) ;
#1203 = ORIENTED_EDGE ( 'NONE', *, *, #747, .F. ) ;
#1204 = CARTESIAN_POINT ( 'NONE',  ( 26.25654736645133980, 35.71999999999997044, 0.000000000000000000 ) ) ;
#1205 = SURFACE_STYLE_USAGE ( .BOTH. , #1917 ) ;
#1206 = VECTOR ( 'NONE', #1112, 1000.000000000000000 ) ;
#1207 = EDGE_CURVE ( 'NONE', #2343, #868, #1196, .T. ) ;
#1208 = AXIS2_PLACEMENT_3D ( 'NONE', #2027, #2391, #2411 ) ;
#1209 = CARTESIAN_POINT ( 'NONE',  ( 0.000000000000000000, -15.88000000000002565, 0.000000000000000000 ) ) ;
#1210 = DIRECTION ( 'NONE',  ( 0.5525768464437811334, -0.8334619540052479181, 0.000000000000000000 ) ) ;
#1211 = CARTESIAN_POINT ( 'NONE',  ( -26.25654736645136822, 35.71999999999997044, -19.00000000000000000 ) ) ;
#1212 = EDGE_LOOP ( 'NONE', ( #1393, #1540, #607, #78 ) ) ;
#1213 = AXIS2_PLACEMENT_3D ( 'NONE', #677, #1442, #2101 ) ;
#1214 = AXIS2_PLACEMENT_3D ( 'NONE', #313, #1996, #2397 ) ;
#1215 = ORIENTED_EDGE ( 'NONE', *, *, #1986, .T. ) ;
#1216 = AXIS2_PLACEMENT_3D ( 'NONE', #526, #347, #882 ) ;
#1217 = PLANE ( 'NONE',  #1208 ) ;
#1218 = CARTESIAN_POINT ( 'NONE',  ( 11.00000000000000000, -15.88000000000002565, 4.827705599291125083 ) ) ;
#1219 = CIRCLE ( 'NONE', #2099, 31.99999999999999289 ) ;
#1220 = ORIENTED_EDGE ( 'NONE', *, *, #1030, .T. ) ;
#1221 = EDGE_CURVE ( 'NONE', #1921, #1879, #1420, .T. ) ;
#1222 = DIRECTION ( 'NONE',  ( 0.000000000000000000, 1.000000000000000000, -0.000000000000000000 ) ) ;
#1223 = LINE ( 'NONE', #971, #2416 ) ;
#1224 = DIRECTION ( 'NONE',  ( 0.000000000000000000, 0.000000000000000000, 1.000000000000000000 ) ) ;
#1225 = ORIENTED_EDGE ( 'NONE', *, *, #895, .F. ) ;
#1226 = CARTESIAN_POINT ( 'NONE',  ( 65.42424579338648982, -50.70000000000003126, 0.000000000000000000 ) ) ;
#1227 = ORIENTED_EDGE ( 'NONE', *, *, #1396, .T. ) ;
#1228 = FACE_BOUND ( 'NONE', #977, .T. ) ;
#1229 = LINE ( 'NONE', #226, #1706 ) ;
#1230 = ORIENTED_EDGE ( 'NONE', *, *, #1789, .F. ) ;
#1231 = CARTESIAN_POINT ( 'NONE',  ( 0.000000000000000000, 0.000000000000000000, 0.000000000000000000 ) ) ;
#1232 = ORIENTED_EDGE ( 'NONE', *, *, #485, .F. ) ;
#1233 = DIRECTION ( 'NONE',  ( 1.000000000000000000, 0.000000000000000000, 0.000000000000000000 ) ) ;
#1234 = CARTESIAN_POINT ( 'NONE',  ( 69.65309994052110198, -29.73582888289817916, 40.50000000000000711 ) ) ;
#1235 = CARTESIAN_POINT ( 'NONE',  ( 23.13702884793282522, 35.71999999999997044, 37.40000000000000568 ) ) ;
#1236 = DIRECTION ( 'NONE',  ( 0.000000000000000000, 0.000000000000000000, -1.000000000000000000 ) ) ;
#1237 = EDGE_CURVE ( 'NONE', #32, #1901, #549, .T. ) ;
#1238 = ORIENTED_EDGE ( 'NONE', *, *, #1050, .T. ) ;
#1239 = EDGE_CURVE ( 'NONE', #2436, #1786, #1773, .T. ) ;
#1240 = ORIENTED_EDGE ( 'NONE', *, *, #1537, .T. ) ;
#1241 = CARTESIAN_POINT ( 'NONE',  ( -71.59750867587409573, -35.56414167718002517, 0.000000000000000000 ) ) ;
#1242 = ORIENTED_EDGE ( 'NONE', *, *, #1881, .T. ) ;
#1243 = VERTEX_POINT ( 'NONE', #63 ) ;
#1244 = CARTESIAN_POINT ( 'NONE',  ( -67.69638225207087601, -29.68000000000002103, 0.000000000000000000 ) ) ;
#1245 = CARTESIAN_POINT ( 'NONE',  ( 56.11470149532856766, -38.84040891644005455, 3.259999999999998899 ) ) ;
#1246 = DIRECTION ( 'NONE',  ( 0.5939294357405532354, 0.8045171380156596053, 0.000000000000000000 ) ) ;
#1247 = CARTESIAN_POINT ( 'NONE',  ( 66.22526737342865033, -29.68000000000003524, 6.953662317547219196 ) ) ;
#1248 = ORIENTED_EDGE ( 'NONE', *, *, #590, .F. ) ;
#1249 = AXIS2_PLACEMENT_3D ( 'NONE', #368, #2067, #152 ) ;
#1250 = FACE_OUTER_BOUND ( 'NONE', #1409, .T. ) ;
#1251 = AXIS2_PLACEMENT_3D ( 'NONE', #1458, #503, #859 ) ;
#1252 = ORIENTED_EDGE ( 'NONE', *, *, #1895, .T. ) ;
#1253 = EDGE_CURVE ( 'NONE', #2231, #1044, #2384, .T. ) ;
#1254 = AXIS2_PLACEMENT_3D ( 'NONE', #2240, #902, #1677 ) ;
#1255 = PLANE ( 'NONE',  #404 ) ;
#1256 = EDGE_CURVE ( 'NONE', #282, #1829, #2340, .T. ) ;
#1257 = ORIENTED_EDGE ( 'NONE', *, *, #2338, .F. ) ;
#1258 = VECTOR ( 'NONE', #827, 1000.000000000000227 ) ;
#1259 = ORIENTED_EDGE ( 'NONE', *, *, #1819, .T. ) ;
#1260 = VECTOR ( 'NONE', #639, 1000.000000000000000 ) ;
#1261 = DIRECTION ( 'NONE',  ( -1.000000000000000000, -1.103129929741764783E-16, 0.000000000000000000 ) ) ;
#1262 = DIRECTION ( 'NONE',  ( 0.5525768464437831318, 0.8334619540052465858, -0.000000000000000000 ) ) ;
#1263 = DIRECTION ( 'NONE',  ( -0.000000000000000000, -0.000000000000000000, -1.000000000000000000 ) ) ;
#1264 = VECTOR ( 'NONE', #1775, 1000.000000000000000 ) ;
#1265 = DIRECTION ( 'NONE',  ( -1.000000000000000000, -1.499521383992910148E-16, 0.000000000000000000 ) ) ;
#1266 = ORIENTED_EDGE ( 'NONE', *, *, #1525, .T. ) ;
#1267 = ORIENTED_EDGE ( 'NONE', *, *, #719, .T. ) ;
#1268 = CARTESIAN_POINT ( 'NONE',  ( -69.89750867587410710, -50.70000000000003126, 3.259999999999998899 ) ) ;
#1269 = EDGE_CURVE ( 'NONE', #184, #2247, #1441, .T. ) ;
#1270 = EDGE_LOOP ( 'NONE', ( #877, #484, #1501, #1404 ) ) ;
#1271 = EDGE_CURVE ( 'NONE', #757, #2003, #1618, .T. ) ;
#1272 = VERTEX_POINT ( 'NONE', #279 ) ;
#1273 = CARTESIAN_POINT ( 'NONE',  ( 53.87499999999999289, -35.85000000000002984, 31.55458523146780081 ) ) ;
#1274 = CARTESIAN_POINT ( 'NONE',  ( 69.89750867587137861, -52.40000000000002700, -7.213999108337046273 ) ) ;
#1275 = ORIENTED_EDGE ( 'NONE', *, *, #566, .F. ) ;
#1276 = DIRECTION ( 'NONE',  ( 0.000000000000000000, 0.000000000000000000, -1.000000000000000000 ) ) ;
#1277 = VERTEX_POINT ( 'NONE', #1069 ) ;
#1278 = CARTESIAN_POINT ( 'NONE',  ( -26.00000000000000000, -0.6768732541894595389, -90.50966799187806089 ) ) ;
#1279 = ORIENTED_EDGE ( 'NONE', *, *, #896, .F. ) ;
#1280 = PLANE ( 'NONE',  #881 ) ;
#1281 = ORIENTED_EDGE ( 'NONE', *, *, #2469, .F. ) ;
#1282 = VERTEX_POINT ( 'NONE', #685 ) ;
#1283 = CARTESIAN_POINT ( 'NONE',  ( 69.89750867587137861, 0.000000000000000000, 0.000000000000000000 ) ) ;
#1284 = EDGE_CURVE ( 'NONE', #796, #992, #133, .T. ) ;
#1285 = DIRECTION ( 'NONE',  ( 0.5525768464437815775, 0.8334619540052475850, 0.000000000000000000 ) ) ;
#1286 = VERTEX_POINT ( 'NONE', #1837 ) ;
#1287 = FACE_OUTER_BOUND ( 'NONE', #2029, .T. ) ;
#1288 = ORIENTED_EDGE ( 'NONE', *, *, #968, .T. ) ;
#1289 = ORIENTED_EDGE ( 'NONE', *, *, #1096, .T. ) ;
#1290 = CLOSED_SHELL ( 'NONE', ( #2048, #1489, #1142, #644, #254, #687, #1937, #2323, #268, #1302, #56, #617, #2282, #1631, #1822, #1332, #1801, #1609, #602, #1788, #1021, #1536, #2235, #930, #1850, #2144, #457, #345, #2125, #2219, #642, #454, #1610, #502, #1659, #820, #5, #2409, #102, #878, #420, #1716, #716, #972, #715, #1967, #33, #269, #643, #2284, #299, #787, #554, #2046, #209, #2441, #136, #1656, #328, #538, #1077, #801, #2173, #1453, #1731, #80, #570, #51, #359, #1684, #488, #822, #1109, #1715, #675, #913, #358 ) ) ;
#1291 = FACE_OUTER_BOUND ( 'NONE', #1188, .T. ) ;
#1292 = VECTOR ( 'NONE', #2319, 1000.000000000000114 ) ;
#1293 = ORIENTED_EDGE ( 'NONE', *, *, #238, .F. ) ;
#1294 = VECTOR ( 'NONE', #1570, 1000.000000000000000 ) ;
#1295 = CARTESIAN_POINT ( 'NONE',  ( -69.89750867587410710, -50.70000000000003126, 0.000000000000000000 ) ) ;
#1296 = DIRECTION ( 'NONE',  ( 0.8334619540052478071, 0.5525768464437813554, -0.000000000000000000 ) ) ;
#1297 = LINE ( 'NONE', #943, #1006 ) ;
#1298 = AXIS2_PLACEMENT_3D ( 'NONE', #48, #816, #2360 ) ;
#1299 = DIRECTION ( 'NONE',  ( -1.000000000000000000, 0.000000000000000000, 0.000000000000000000 ) ) ;
#1300 = CARTESIAN_POINT ( 'NONE',  ( -85.74000000000000909, -53.99999999999999289, 0.000000000000000000 ) ) ;
#1301 = ORIENTED_EDGE ( 'NONE', *, *, #1239, .T. ) ;
#1302 = ADVANCED_FACE ( 'NONE', ( #116 ), #1811, .F. ) ;
#1303 = VECTOR ( 'NONE', #825, 1000.000000000000000 ) ;
#1304 = ORIENTED_EDGE ( 'NONE', *, *, #1333, .F. ) ;
#1305 = ORIENTED_EDGE ( 'NONE', *, *, #998, .F. ) ;
#1306 = DIRECTION ( 'NONE',  ( 1.000000000000000000, -0.000000000000000000, -0.000000000000000000 ) ) ;
#1307 = ORIENTED_EDGE ( 'NONE', *, *, #2098, .T. ) ;
#1308 = DIRECTION ( 'NONE',  ( 0.000000000000000000, -0.9911737868396052198, 0.1325689416192071257 ) ) ;
#1309 = DIRECTION ( 'NONE',  ( -1.000000000000000000, 0.000000000000000000, -0.000000000000000000 ) ) ;
#1310 = DIRECTION ( 'NONE',  ( -0.000000000000000000, -0.000000000000000000, -1.000000000000000000 ) ) ;
#1311 =( BOUNDED_CURVE ( )  B_SPLINE_CURVE ( 3, ( #1218, #1757, #1398, #2158 ),
 .UNSPECIFIED., .F., .T. ) 
 B_SPLINE_CURVE_WITH_KNOTS ( ( 4, 4 ),
 ( 4.712388980384689674, 5.359754600723768192 ),
 .UNSPECIFIED. ) 
 CURVE ( )  GEOMETRIC_REPRESENTATION_ITEM ( )  RATIONAL_B_SPLINE_CURVE ( ( 1.000000000000000000, 0.9653803296646704668, 0.9653803296646704668, 1.000000000000000000 ) ) 
 REPRESENTATION_ITEM ( '' )  );
#1312 = DIRECTION ( 'NONE',  ( -0.000000000000000000, -1.000000000000000000, -0.000000000000000000 ) ) ;
#1313 = CARTESIAN_POINT ( 'NONE',  ( 53.87499999999999289, -32.80000000000003268, 0.000000000000000000 ) ) ;
#1314 = ORIENTED_EDGE ( 'NONE', *, *, #2352, .T. ) ;
#1315 = CARTESIAN_POINT ( 'NONE',  ( -61.42610176227251628, -35.96543450874307268, 0.000000000000000000 ) ) ;
#1316 = EDGE_CURVE ( 'NONE', #2247, #1435, #471, .T. ) ;
#1317 = ORIENTED_EDGE ( 'NONE', *, *, #2325, .T. ) ;
#1318 = EDGE_CURVE ( 'NONE', #1434, #421, #1040, .T. ) ;
#1319 = CARTESIAN_POINT ( 'NONE',  ( -41.95000000000001705, -20.12999999999999545, 37.40000000000000568 ) ) ;
#1320 = PRODUCT_DEFINITION ( 'UNKNOWN', '', #939, #2113 ) ;
#1321 = EDGE_LOOP ( 'NONE', ( #1936, #1177, #462, #1474 ) ) ;
#1322 = LINE ( 'NONE', #1723, #1498 ) ;
#1323 = LINE ( 'NONE', #1874, #1891 ) ;
#1324 = DIRECTION ( 'NONE',  ( -0.000000000000000000, 1.000000000000000000, -0.000000000000000000 ) ) ;
#1325 = LINE ( 'NONE', #945, #2216 ) ;
#1326 = DIRECTION ( 'NONE',  ( 0.000000000000000000, 0.000000000000000000, 1.000000000000000000 ) ) ;
#1327 = EDGE_LOOP ( 'NONE', ( #140, #1052 ) ) ;
#1328 = ORIENTED_EDGE ( 'NONE', *, *, #1064, .T. ) ;
#1329 = DIRECTION ( 'NONE',  ( -0.5557404721605130327, 0.8313558369331450759, 0.000000000000000000 ) ) ;
#1330 = CARTESIAN_POINT ( 'NONE',  ( 26.00000000000000000, 4.916873254189383147, 8.206217436058389936 ) ) ;
#1331 = ORIENTED_EDGE ( 'NONE', *, *, #1819, .F. ) ;
#1332 = ADVANCED_FACE ( 'NONE', ( #648 ), #874, .F. ) ;
#1333 = EDGE_CURVE ( 'NONE', #421, #647, #92, .T. ) ;
#1334 = VECTOR ( 'NONE', #948, 1000.000000000000114 ) ;
#1335 = CARTESIAN_POINT ( 'NONE',  ( -25.39762748144670468, 34.11999999999996902, 0.000000000000000000 ) ) ;
#1336 = CARTESIAN_POINT ( 'NONE',  ( -69.89750867587137861, -33.00000000000002842, -9.808738296923761979 ) ) ;
#1337 = CARTESIAN_POINT ( 'NONE',  ( 53.87499999999999289, -32.80000000000003268, 0.000000000000000000 ) ) ;
#1338 = AXIS2_PLACEMENT_3D ( 'NONE', #341, #2230, #1846 ) ;
#1339 = VECTOR ( 'NONE', #2006, 1000.000000000000000 ) ;
#1340 = DIRECTION ( 'NONE',  ( 1.000000000000000000, 0.000000000000000000, -0.000000000000000000 ) ) ;
#1341 = AXIS2_PLACEMENT_3D ( 'NONE', #2243, #2047, #326 ) ;
#1342 = CIRCLE ( 'NONE', #2311, 26.15000000000000213 ) ;
#1343 = ORIENTED_EDGE ( 'NONE', *, *, #455, .F. ) ;
#1344 = LINE ( 'NONE', #595, #1964 ) ;
#1345 = LINE ( 'NONE', #2475, #2056 ) ;
#1346 = ORIENTED_EDGE ( 'NONE', *, *, #605, .T. ) ;
#1347 = DIRECTION ( 'NONE',  ( 0.000000000000000000, 0.000000000000000000, -1.000000000000000000 ) ) ;
#1348 = EDGE_CURVE ( 'NONE', #2247, #2436, #865, .T. ) ;
#1349 = LINE ( 'NONE', #1915, #885 ) ;
#1350 = DIRECTION ( 'NONE',  ( -0.000000000000000000, -0.000000000000000000, 1.000000000000000000 ) ) ;
#1351 = ORIENTED_EDGE ( 'NONE', *, *, #867, .T. ) ;
#1352 = CARTESIAN_POINT ( 'NONE',  ( -10.99999999999999112, 6.119999999999968132, 8.401668834072447467 ) ) ;
#1353 = EDGE_CURVE ( 'NONE', #1988, #1904, #263, .T. ) ;
#1354 = EDGE_CURVE ( 'NONE', #1782, #1613, #1796, .T. ) ;
#1355 = CARTESIAN_POINT ( 'NONE',  ( 0.000000000000000000, 0.000000000000000000, 0.000000000000000000 ) ) ;
#1356 = DIRECTION ( 'NONE',  ( 0.000000000000000000, 0.000000000000000000, -1.000000000000000000 ) ) ;
#1357 = ORIENTED_EDGE ( 'NONE', *, *, #1868, .F. ) ;
#1358 = DIRECTION ( 'NONE',  ( -0.000000000000000000, -0.000000000000000000, -1.000000000000000000 ) ) ;
#1359 = FACE_OUTER_BOUND ( 'NONE', #848, .T. ) ;
#1360 = VERTEX_POINT ( 'NONE', #676 ) ;
#1361 = LINE ( 'NONE', #1940, #1451 ) ;
#1362 = LINE ( 'NONE', #375, #974 ) ;
#1363 = CARTESIAN_POINT ( 'NONE',  ( 0.000000000000000000, 2.119999999999969020, 37.40000000000000568 ) ) ;
#1364 = DIRECTION ( 'NONE',  ( -1.000000000000000000, 0.000000000000000000, 0.000000000000000000 ) ) ;
#1365 = EDGE_CURVE ( 'NONE', #363, #426, #2406, .T. ) ;
#1366 = LINE ( 'NONE', #16, #1586 ) ;
#1367 = CARTESIAN_POINT ( 'NONE',  ( 0.000000000000000000, 2.119999999999969020, 40.50000000000000000 ) ) ;
#1368 = ORIENTED_EDGE ( 'NONE', *, *, #1001, .T. ) ;
#1369 = CARTESIAN_POINT ( 'NONE',  ( -21.41325514254691953, 38.31999999999996476, 37.40000000000000568 ) ) ;
#1370 = ORIENTED_EDGE ( 'NONE', *, *, #2472, .F. ) ;
#1371 = CARTESIAN_POINT ( 'NONE',  ( 0.000000000000000000, 2.119999999999969020, 0.000000000000000000 ) ) ;
#1372 = CARTESIAN_POINT ( 'NONE',  ( -71.59750867587410994, -52.40000000000002700, -7.213999108337044497 ) ) ;
#1373 = ORIENTED_EDGE ( 'NONE', *, *, #1641, .F. ) ;
#1374 = CARTESIAN_POINT ( 'NONE',  ( -71.59750867587410994, -52.40000000000002700, 0.000000000000000000 ) ) ;
#1375 = CARTESIAN_POINT ( 'NONE',  ( 23.13702884793282522, 35.71999999999997044, 37.40000000000000568 ) ) ;
#1376 = AXIS2_PLACEMENT_3D ( 'NONE', #395, #1201, #598 ) ;
#1377 = VECTOR ( 'NONE', #280, 1000.000000000000000 ) ;
#1378 = LINE ( 'NONE', #1945, #2460 ) ;
#1379 = EDGE_CURVE ( 'NONE', #2463, #580, #695, .T. ) ;
#1380 = VECTOR ( 'NONE', #1116, 1000.000000000000000 ) ;
#1381 = ORIENTED_EDGE ( 'NONE', *, *, #567, .T. ) ;
#1382 = EDGE_CURVE ( 'NONE', #2191, #1243, #1057, .T. ) ;
#1383 = AXIS2_PLACEMENT_3D ( 'NONE', #381, #1539, #242 ) ;
#1384 = DIRECTION ( 'NONE',  ( -1.000000000000000000, 0.000000000000000000, -0.000000000000000000 ) ) ;
#1385 = ORIENTED_EDGE ( 'NONE', *, *, #566, .T. ) ;
#1386 = VECTOR ( 'NONE', #1310, 1000.000000000000000 ) ;
#1387 = DIRECTION ( 'NONE',  ( -0.000000000000000000, -0.000000000000000000, -1.000000000000000000 ) ) ;
#1388 = DIRECTION ( 'NONE',  ( -0.000000000000000000, -0.000000000000000000, 1.000000000000000000 ) ) ;
#1389 = EDGE_LOOP ( 'NONE', ( #348, #1888 ) ) ;
#1390 = CARTESIAN_POINT ( 'NONE',  ( 69.89750867587137861, -33.00000000000002842, -9.808738296923760203 ) ) ;
#1391 = LINE ( 'NONE', #1585, #1258 ) ;
#1392 = CARTESIAN_POINT ( 'NONE',  ( 69.89750867587137861, -33.00000000000002842, 0.000000000000000000 ) ) ;
#1393 = ORIENTED_EDGE ( 'NONE', *, *, #2096, .F. ) ;
#1394 = EDGE_CURVE ( 'NONE', #806, #274, #497, .T. ) ;
#1395 = VERTEX_POINT ( 'NONE', #1416 ) ;
#1396 = EDGE_CURVE ( 'NONE', #919, #1993, #1893, .T. ) ;
#1397 = FACE_BOUND ( 'NONE', #1327, .T. ) ;
#1398 = CARTESIAN_POINT ( 'NONE',  ( 10.23153899182735493, -20.58670606098556988, 4.063087671159999914 ) ) ;
#1399 = ORIENTED_EDGE ( 'NONE', *, *, #449, .F. ) ;
#1400 = FACE_OUTER_BOUND ( 'NONE', #556, .T. ) ;
#1401 = LINE ( 'NONE', #2328, #1852 ) ;
#1402 = CARTESIAN_POINT ( 'NONE',  ( -11.00000000000000000, -18.29608610893768628, 4.435205466317985845 ) ) ;
#1403 = DIRECTION ( 'NONE',  ( -1.000000000000000000, 0.000000000000000000, 0.000000000000000000 ) ) ;
#1404 = ORIENTED_EDGE ( 'NONE', *, *, #898, .T. ) ;
#1405 = ORIENTED_EDGE ( 'NONE', *, *, #1772, .T. ) ;
#1406 = LINE ( 'NONE', #2146, #1168 ) ;
#1407 = DIRECTION ( 'NONE',  ( 0.000000000000000000, 0.000000000000000000, -1.000000000000000000 ) ) ;
#1408 = EDGE_CURVE ( 'NONE', #2332, #1513, #75, .T. ) ;
#1409 = EDGE_LOOP ( 'NONE', ( #1373, #993, #2448, #1957 ) ) ;
#1410 = CARTESIAN_POINT ( 'NONE',  ( -26.00000000000000000, -0.6768732541894590948, 7.297497237620554245 ) ) ;
#1411 = EDGE_CURVE ( 'NONE', #169, #757, #2175, .T. ) ;
#1412 = LINE ( 'NONE', #73, #661 ) ;
#1413 = DIRECTION ( 'NONE',  ( 0.5525768464437812444, -0.8334619540052478071, -0.000000000000000000 ) ) ;
#1414 = CYLINDRICAL_SURFACE ( 'NONE', #1507, 11.00000000000000000 ) ;
#1415 = VECTOR ( 'NONE', #477, 1000.000000000000000 ) ;
#1416 = CARTESIAN_POINT ( 'NONE',  ( -65.31527824650466130, -33.86028665747451782, 3.259999999999998899 ) ) ;
#1417 = FACE_OUTER_BOUND ( 'NONE', #814, .T. ) ;
#1418 = ORIENTED_EDGE ( 'NONE', *, *, #182, .F. ) ;
#1419 = AXIS2_PLACEMENT_3D ( 'NONE', #87, #127, #2404 ) ;
#1420 = CIRCLE ( 'NONE', #1771, 11.00000000000000000 ) ;
#1421 = ORIENTED_EDGE ( 'NONE', *, *, #1256, .T. ) ;
#1422 = DIRECTION ( 'NONE',  ( -0.4760227367170576374, 0.8794329730732199923, 0.000000000000000000 ) ) ;
#1423 = FACE_OUTER_BOUND ( 'NONE', #257, .T. ) ;
#1424 = VECTOR ( 'NONE', #425, 1000.000000000000000 ) ;
#1425 = EDGE_LOOP ( 'NONE', ( #357, #44, #741, #783, #1301, #748, #2068, #1867 ) ) ;
#1426 = PRESENTATION_STYLE_ASSIGNMENT (( #45 ) ) ;
#1427 = EDGE_CURVE ( 'NONE', #681, #821, #732, .T. ) ;
#1428 = ORIENTED_EDGE ( 'NONE', *, *, #2324, .F. ) ;
#1429 = DIRECTION ( 'NONE',  ( -0.7445730840251915117, -0.6675409519611624765, 0.000000000000000000 ) ) ;
#1430 = EDGE_CURVE ( 'NONE', #1691, #148, #1573, .T. ) ;
#1431 = EDGE_CURVE ( 'NONE', #2321, #757, #1045, .T. ) ;
#1432 = CARTESIAN_POINT ( 'NONE',  ( 0.000000000000000000, 45.96999999999999886, 40.50000000000000000 ) ) ;
#1433 = CARTESIAN_POINT ( 'NONE',  ( -8.774428575787537099, -22.51395833333337038, 12.00000000000000000 ) ) ;
#1434 = VERTEX_POINT ( 'NONE', #377 ) ;
#1435 = VERTEX_POINT ( 'NONE', #1668 ) ;
#1436 = DIRECTION ( 'NONE',  ( 0.000000000000000000, 0.000000000000000000, -1.000000000000000000 ) ) ;
#1437 = ORIENTED_EDGE ( 'NONE', *, *, #192, .T. ) ;
#1438 = ORIENTED_EDGE ( 'NONE', *, *, #7, .F. ) ;
#1439 = CARTESIAN_POINT ( 'NONE',  ( 62.90187326828809944, -37.96446570157269207, 3.259999999999998899 ) ) ;
#1440 = PLANE ( 'NONE',  #2092 ) ;
#1441 = LINE ( 'NONE', #104, #408 ) ;
#1442 = DIRECTION ( 'NONE',  ( -0.000000000000000000, -0.000000000000000000, -1.000000000000000000 ) ) ;
#1443 = EDGE_CURVE ( 'NONE', #1434, #947, #563, .T. ) ;
#1444 = ORIENTED_EDGE ( 'NONE', *, *, #79, .F. ) ;
#1445 = ORIENTED_EDGE ( 'NONE', *, *, #2422, .F. ) ;
#1446 = CARTESIAN_POINT ( 'NONE',  ( -65.31527824650466130, -33.86028665747452493, 24.35525861290394900 ) ) ;
#1447 = ORIENTED_EDGE ( 'NONE', *, *, #2238, .T. ) ;
#1448 = ORIENTED_EDGE ( 'NONE', *, *, #437, .F. ) ;
#1449 = CARTESIAN_POINT ( 'NONE',  ( -27.86034039353687675, 18.47112392056945751, 37.40000000000000568 ) ) ;
#1450 = ORIENTED_EDGE ( 'NONE', *, *, #1239, .F. ) ;
#1451 = VECTOR ( 'NONE', #1565, 1000.000000000000227 ) ;
#1452 = EDGE_CURVE ( 'NONE', #1029, #629, #1325, .T. ) ;
#1453 = ADVANCED_FACE ( 'NONE', ( #144 ), #2061, .F. ) ;
#1454 = VECTOR ( 'NONE', #374, 1000.000000000000000 ) ;
#1455 = ORIENTED_EDGE ( 'NONE', *, *, #630, .T. ) ;
#1456 = EDGE_CURVE ( 'NONE', #2365, #221, #1493, .T. ) ;
#1457 = CIRCLE ( 'NONE', #934, 3.149999999999999911 ) ;
#1458 = CARTESIAN_POINT ( 'NONE',  ( 0.000000000000000000, 0.000000000000000000, 37.40000000000000568 ) ) ;
#1459 = ORIENTED_EDGE ( 'NONE', *, *, #2497, .T. ) ;
#1460 = AXIS2_PLACEMENT_3D ( 'NONE', #773, #1224, #53 ) ;
#1461 = VERTEX_POINT ( 'NONE', #1533 ) ;
#1462 = VECTOR ( 'NONE', #55, 1000.000000000000000 ) ;
#1463 = DIRECTION ( 'NONE',  ( -1.000000000000000000, 0.000000000000000000, -0.000000000000000000 ) ) ;
#1464 = CARTESIAN_POINT ( 'NONE',  ( 82.85185661918913524, -52.40000000000002700, 0.000000000000000000 ) ) ;
#1465 = CARTESIAN_POINT ( 'NONE',  ( 31.99999999999999289, 2.119999999999969020, 0.000000000000000000 ) ) ;
#1466 = VECTOR ( 'NONE', #1140, 1000.000000000000000 ) ;
#1467 = DIRECTION ( 'NONE',  ( 0.000000000000000000, 0.000000000000000000, 1.000000000000000000 ) ) ;
#1468 = DIRECTION ( 'NONE',  ( 1.000000000000000000, -8.242993936937533440E-16, 0.000000000000000000 ) ) ;
#1469 = ORIENTED_EDGE ( 'NONE', *, *, #1919, .F. ) ;
#1470 = ORIENTED_EDGE ( 'NONE', *, *, #2124, .F. ) ;
#1471 = FACE_OUTER_BOUND ( 'NONE', #216, .T. ) ;
#1472 = ORIENTED_EDGE ( 'NONE', *, *, #1568, .T. ) ;
#1473 = EDGE_CURVE ( 'NONE', #2347, #1461, #2267, .T. ) ;
#1474 = ORIENTED_EDGE ( 'NONE', *, *, #1608, .F. ) ;
#1475 = DIRECTION ( 'NONE',  ( -1.000000000000000000, 0.000000000000000000, 0.000000000000000000 ) ) ;
#1476 = DIRECTION ( 'NONE',  ( 0.000000000000000000, 0.9911737868396052198, -0.1325689416192071257 ) ) ;
#1477 = LINE ( 'NONE', #322, #663 ) ;
#1478 = FACE_OUTER_BOUND ( 'NONE', #319, .T. ) ;
#1479 = DIRECTION ( 'NONE',  ( -1.000000000000000000, 8.944667923005413553E-16, 0.000000000000000000 ) ) ;
#1480 = CARTESIAN_POINT ( 'NONE',  ( -69.89750867587137861, -52.40000000000002700, 0.000000000000000000 ) ) ;
#1481 = CARTESIAN_POINT ( 'NONE',  ( -53.87499999999999289, -35.85000000000002984, 31.55458523146780081 ) ) ;
#1482 = EDGE_LOOP ( 'NONE', ( #2459, #1762, #2488, #1598 ) ) ;
#1483 = LINE ( 'NONE', #1315, #739 ) ;
#1484 = ORIENTED_EDGE ( 'NONE', *, *, #2156, .T. ) ;
#1485 = LINE ( 'NONE', #160, #2170 ) ;
#1486 = CARTESIAN_POINT ( 'NONE',  ( 69.32268271876178289, 0.000000000000000000, 3.259999999999998899 ) ) ;
#1487 = VERTEX_POINT ( 'NONE', #1104 ) ;
#1488 = LINE ( 'NONE', #360, #528 ) ;
#1489 = ADVANCED_FACE ( 'NONE', ( #1875 ), #1864, .F. ) ;
#1490 = CARTESIAN_POINT ( 'NONE',  ( 65.42424579338648982, -50.70000000000003126, 0.000000000000000000 ) ) ;
#1491 = PLANE ( 'NONE',  #2052 ) ;
#1492 = LINE ( 'NONE', #1337, #2058 ) ;
#1493 = LINE ( 'NONE', #340, #2174 ) ;
#1494 = CARTESIAN_POINT ( 'NONE',  ( 53.87499999999999289, -35.85000000000002984, 0.000000000000000000 ) ) ;
#1495 = CARTESIAN_POINT ( 'NONE',  ( -65.31527824650466130, -33.86028665747451782, 0.000000000000000000 ) ) ;
#1496 = ORIENTED_EDGE ( 'NONE', *, *, #2098, .F. ) ;
#1497 = EDGE_LOOP ( 'NONE', ( #1062, #1240, #2408, #1745, #1606 ) ) ;
#1498 = VECTOR ( 'NONE', #1347, 1000.000000000000000 ) ;
#1499 = CARTESIAN_POINT ( 'NONE',  ( -61.42610176227250918, -35.96543450874307979, 31.38569732507276555 ) ) ;
#1500 = VECTOR ( 'NONE', #1840, 1000.000000000000000 ) ;
#1501 = ORIENTED_EDGE ( 'NONE', *, *, #1030, .F. ) ;
#1502 = VECTOR ( 'NONE', #378, 1000.000000000000000 ) ;
#1503 = DIRECTION ( 'NONE',  ( 0.000000000000000000, -1.000000000000000000, 0.000000000000000000 ) ) ;
#1504 = LINE ( 'NONE', #338, #892 ) ;
#1505 = PLANE ( 'NONE',  #364 ) ;
#1506 = CARTESIAN_POINT ( 'NONE',  ( 0.000000000000000000, 0.000000000000000000, 37.40000000000000568 ) ) ;
#1507 = AXIS2_PLACEMENT_3D ( 'NONE', #74, #835, #1982 ) ;
#1508 = CIRCLE ( 'NONE', #47, 31.99999999999999289 ) ;
#1509 = EDGE_CURVE ( 'NONE', #821, #1080, #552, .T. ) ;
#1510 = DIRECTION ( 'NONE',  ( -0.000000000000000000, -0.000000000000000000, -1.000000000000000000 ) ) ;
#1511 = DIRECTION ( 'NONE',  ( 0.000000000000000000, 0.000000000000000000, -1.000000000000000000 ) ) ;
#1512 = VECTOR ( 'NONE', #469, 1000.000000000000000 ) ;
#1513 = VERTEX_POINT ( 'NONE', #1143 ) ;
#1514 = EDGE_CURVE ( 'NONE', #871, #726, #1907, .T. ) ;
#1515 = COLOUR_RGB ( '',1.000000000000000000, 1.000000000000000000, 1.000000000000000000 ) ;
#1516 = ORIENTED_EDGE ( 'NONE', *, *, #1689, .F. ) ;
#1517 = CARTESIAN_POINT ( 'NONE',  ( 26.25654736645133980, 35.71999999999997044, -19.00000000000000000 ) ) ;
#1518 = ORIENTED_EDGE ( 'NONE', *, *, #534, .F. ) ;
#1519 = DIRECTION ( 'NONE',  ( 0.8794329730732204364, -0.4760227367170568602, 0.000000000000000000 ) ) ;
#1520 = DIRECTION ( 'NONE',  ( -1.000000000000000000, -8.242993936937533440E-16, 0.000000000000000000 ) ) ;
#1521 = DIRECTION ( 'NONE',  ( 0.000000000000000000, -1.000000000000000000, 0.000000000000000000 ) ) ;
#1522 = CARTESIAN_POINT ( 'NONE',  ( 0.000000000000000000, -6.880000000000028315, 12.00000000000000000 ) ) ;
#1523 = FACE_OUTER_BOUND ( 'NONE', #297, .T. ) ;
#1524 = ORIENTED_EDGE ( 'NONE', *, *, #758, .F. ) ;
#1525 = EDGE_CURVE ( 'NONE', #161, #1993, #1899, .T. ) ;
#1526 = VERTEX_POINT ( 'NONE', #2470 ) ;
#1527 = PLANE ( 'NONE',  #1580 ) ;
#1528 = CARTESIAN_POINT ( 'NONE',  ( -76.12161693698216425, -39.49241360063132333, 26.22550631101483276 ) ) ;
#1529 = EDGE_LOOP ( 'NONE', ( #435, #1572 ) ) ;
#1530 = FACE_OUTER_BOUND ( 'NONE', #235, .T. ) ;
#1531 = DIRECTION ( 'NONE',  ( 0.6174644695275658401, -0.7865987724825419525, -0.000000000000000000 ) ) ;
#1532 = CARTESIAN_POINT ( 'NONE',  ( -45.10000000000001563, -20.12999999999999545, 37.40000000000000568 ) ) ;
#1533 = CARTESIAN_POINT ( 'NONE',  ( 56.11470149532856766, -38.84040891644005455, 0.000000000000000000 ) ) ;
#1534 = CARTESIAN_POINT ( 'NONE',  ( 69.89750867587137861, -50.70000000000003126, 0.000000000000000000 ) ) ;
#1535 = VERTEX_POINT ( 'NONE', #183 ) ;
#1536 = ADVANCED_FACE ( 'NONE', ( #932 ), #520, .T. ) ;
#1537 = EDGE_CURVE ( 'NONE', #342, #1272, #1740, .T. ) ;
#1538 = FACE_OUTER_BOUND ( 'NONE', #545, .T. ) ;
#1539 = DIRECTION ( 'NONE',  ( -0.000000000000000000, -0.000000000000000000, 1.000000000000000000 ) ) ;
#1540 = ORIENTED_EDGE ( 'NONE', *, *, #1382, .F. ) ;
#1541 = VECTOR ( 'NONE', #1387, 1000.000000000000000 ) ;
#1542 = PLANE ( 'NONE',  #2007 ) ;
#1543 = CARTESIAN_POINT ( 'NONE',  ( 57.73297156160062826, -37.96446570157269207, 28.46098965618258347 ) ) ;
#1544 = ORIENTED_EDGE ( 'NONE', *, *, #1176, .F. ) ;
#1545 = CIRCLE ( 'NONE', #1930, 31.99999999999999289 ) ;
#1546 = VECTOR ( 'NONE', #1285, 1000.000000000000000 ) ;
#1547 = DIRECTION ( 'NONE',  ( 0.5523364268348769368, -0.8262635805789324550, 0.1105122934345429131 ) ) ;
#1548 = VECTOR ( 'NONE', #1262, 1000.000000000000227 ) ;
#1549 = LINE ( 'NONE', #1198, #500 ) ;
#1550 = ORIENTED_EDGE ( 'NONE', *, *, #1770, .F. ) ;
#1551 = PRESENTATION_LAYER_ASSIGNMENT (  '', '', ( #335 ) ) ;
#1552 = LINE ( 'NONE', #1729, #129 ) ;
#1553 = FACE_OUTER_BOUND ( 'NONE', #1270, .T. ) ;
#1554 = ORIENTED_EDGE ( 'NONE', *, *, #2272, .F. ) ;
#1555 = CARTESIAN_POINT ( 'NONE',  ( 69.89750867587137861, -33.00000000000002842, 0.000000000000000000 ) ) ;
#1556 = CARTESIAN_POINT ( 'NONE',  ( -26.25654736645136822, 35.71999999999997044, -19.00000000000000000 ) ) ;
#1557 = EDGE_CURVE ( 'NONE', #1044, #2231, #331, .T. ) ;
#1558 = DIRECTION ( 'NONE',  ( 0.000000000000000000, -0.000000000000000000, -1.000000000000000000 ) ) ;
#1559 = LINE ( 'NONE', #990, #810 ) ;
#1560 = CARTESIAN_POINT ( 'NONE',  ( -53.87500000000000000, -35.85000000000002984, 0.000000000000000000 ) ) ;
#1561 = ORIENTED_EDGE ( 'NONE', *, *, #2339, .T. ) ;
#1562 = LINE ( 'NONE', #76, #577 ) ;
#1563 = ORIENTED_EDGE ( 'NONE', *, *, #224, .T. ) ;
#1564 = MANIFOLD_SOLID_BREP ( 'Ressalto-extrusão5', #1290 ) ;
#1565 = DIRECTION ( 'NONE',  ( 0.000000000000000000, -0.9911737868396052198, 0.1325689416192071257 ) ) ;
#1566 = PLANE ( 'NONE',  #296 ) ;
#1567 = ORIENTED_EDGE ( 'NONE', *, *, #1965, .T. ) ;
#1568 = EDGE_CURVE ( 'NONE', #1998, #539, #34, .T. ) ;
#1569 = LINE ( 'NONE', #387, #1972 ) ;
#1570 = DIRECTION ( 'NONE',  ( 1.000000000000000000, -0.000000000000000000, -0.000000000000000000 ) ) ;
#1571 = DIRECTION ( 'NONE',  ( -1.000000000000000000, 0.000000000000000000, 0.000000000000000000 ) ) ;
#1572 = ORIENTED_EDGE ( 'NONE', *, *, #1557, .T. ) ;
#1573 =( BOUNDED_CURVE ( )  B_SPLINE_CURVE ( 3, ( #167, #1690, #755, #917 ),
 .UNSPECIFIED., .F., .F. ) 
 B_SPLINE_CURVE_WITH_KNOTS ( ( 4, 4 ),
 ( 3.483773395076104062, 4.605229006977005213 ),
 .UNSPECIFIED. ) 
 CURVE ( )  GEOMETRIC_REPRESENTATION_ITEM ( )  RATIONAL_B_SPLINE_CURVE ( ( 1.000000000000000000, 0.8979121907838401029, 0.8979121907838401029, 1.000000000000000000 ) ) 
 REPRESENTATION_ITEM ( '' )  );
#1574 = CARTESIAN_POINT ( 'NONE',  ( 0.000000000000000000, 2.119999999999969020, 0.000000000000000000 ) ) ;
#1575 = ORIENTED_EDGE ( 'NONE', *, *, #925, .F. ) ;
#1576 = DIRECTION ( 'NONE',  ( -1.000000000000000000, 0.000000000000000000, 0.000000000000000000 ) ) ;
#1577 = CARTESIAN_POINT ( 'NONE',  ( -53.87500000000000000, -35.85000000000002984, 0.000000000000000000 ) ) ;
#1578 = EDGE_LOOP ( 'NONE', ( #2295, #594, #261 ) ) ;
#1579 = CARTESIAN_POINT ( 'NONE',  ( 0.000000000000000000, 2.119999999999969020, 12.00000000000000000 ) ) ;
#1580 = AXIS2_PLACEMENT_3D ( 'NONE', #514, #138, #899 ) ;
#1581 = DIRECTION ( 'NONE',  ( -0.000000000000000000, -0.000000000000000000, -1.000000000000000000 ) ) ;
#1582 = VECTOR ( 'NONE', #604, 1000.000000000000000 ) ;
#1583 = EDGE_CURVE ( 'NONE', #2436, #923, #190, .T. ) ;
#1584 = VECTOR ( 'NONE', #1039, 1000.000000000000114 ) ;
#1585 = CARTESIAN_POINT ( 'NONE',  ( -58.84580425870160525, -28.06013229094905981, 36.75851881580328495 ) ) ;
#1586 = VECTOR ( 'NONE', #782, 1000.000000000000000 ) ;
#1587 = ORIENTED_EDGE ( 'NONE', *, *, #2203, .T. ) ;
#1588 = AXIS2_PLACEMENT_3D ( 'NONE', #277, #1808, #229 ) ;
#1589 = ORIENTED_EDGE ( 'NONE', *, *, #998, .T. ) ;
#1590 = VECTOR ( 'NONE', #1388, 1000.000000000000000 ) ;
#1591 = LINE ( 'NONE', #1734, #1292 ) ;
#1592 = LINE ( 'NONE', #22, #1303 ) ;
#1593 = ORIENTED_EDGE ( 'NONE', *, *, #1050, .F. ) ;
#1594 = DIRECTION ( 'NONE',  ( 0.000000000000000000, -0.9870600979503604266, -0.1603507500270108799 ) ) ;
#1595 = LINE ( 'NONE', #2151, #1897 ) ;
#1596 = CARTESIAN_POINT ( 'NONE',  ( -74.74000000000003752, -54.00000000000002842, 4.999999999999999112 ) ) ;
#1597 = LINE ( 'NONE', #1211, #1178 ) ;
#1598 = ORIENTED_EDGE ( 'NONE', *, *, #912, .F. ) ;
#1599 = ORIENTED_EDGE ( 'NONE', *, *, #2126, .T. ) ;
#1600 = CARTESIAN_POINT ( 'NONE',  ( 26.00000000000000000, -0.6768732541894590948, 7.297497237620554245 ) ) ;
#1601 = LINE ( 'NONE', #2367, #2180 ) ;
#1602 = ORIENTED_EDGE ( 'NONE', *, *, #1237, .F. ) ;
#1603 =( LENGTH_UNIT ( ) NAMED_UNIT ( * ) SI_UNIT ( .MILLI., .METRE. ) );
#1604 = DIRECTION ( 'NONE',  ( -0.000000000000000000, -0.000000000000000000, 1.000000000000000000 ) ) ;
#1605 = CARTESIAN_POINT ( 'NONE',  ( -11.00000000000000000, -15.88000000000002565, 4.827705599291125083 ) ) ;
#1606 = ORIENTED_EDGE ( 'NONE', *, *, #1836, .T. ) ;
#1607 = ORIENTED_EDGE ( 'NONE', *, *, #473, .F. ) ;
#1608 = EDGE_CURVE ( 'NONE', #1272, #1097, #1508, .T. ) ;
#1609 = ADVANCED_FACE ( 'NONE', ( #1739 ), #1768, .T. ) ;
#1610 = ADVANCED_FACE ( 'NONE', ( #953 ), #427, .F. ) ;
#1611 = CARTESIAN_POINT ( 'NONE',  ( 31.99999999999999289, 2.119999999999969020, 0.000000000000000000 ) ) ;
#1612 = PLANE ( 'NONE',  #1094 ) ;
#1613 = VERTEX_POINT ( 'NONE', #1390 ) ;
#1614 = DIRECTION ( 'NONE',  ( 1.000000000000000000, 0.000000000000000000, 0.000000000000000000 ) ) ;
#1615 = FACE_BOUND ( 'NONE', #315, .T. ) ;
#1616 = CARTESIAN_POINT ( 'NONE',  ( 53.87499999999999289, -35.85000000000002984, 0.000000000000000000 ) ) ;
#1617 = CIRCLE ( 'NONE', #1847, 3.149999999999999911 ) ;
#1618 = LINE ( 'NONE', #1079, #1738 ) ;
#1619 = DIRECTION ( 'NONE',  ( 0.000000000000000000, -1.000000000000000000, 0.000000000000000000 ) ) ;
#1620 = ORIENTED_EDGE ( 'NONE', *, *, #2271, .T. ) ;
#1621 = VECTOR ( 'NONE', #470, 1000.000000000000000 ) ;
#1622 = ORIENTED_EDGE ( 'NONE', *, *, #1000, .T. ) ;
#1623 = AXIS2_PLACEMENT_3D ( 'NONE', #155, #915, #1883 ) ;
#1624 = FACE_OUTER_BOUND ( 'NONE', #1075, .T. ) ;
#1625 = VECTOR ( 'NONE', #1638, 1000.000000000000000 ) ;
#1626 = ORIENTED_EDGE ( 'NONE', *, *, #301, .F. ) ;
#1627 = ORIENTED_EDGE ( 'NONE', *, *, #1456, .T. ) ;
#1628 = EDGE_CURVE ( 'NONE', #1685, #565, #1569, .T. ) ;
#1629 = CARTESIAN_POINT ( 'NONE',  ( 26.25654736645133980, 35.71999999999997044, 0.000000000000000000 ) ) ;
#1630 = CARTESIAN_POINT ( 'NONE',  ( -71.59750867587409573, -36.80793513610881007, -9.299429094590887956 ) ) ;
#1631 = ADVANCED_FACE ( 'NONE', ( #239 ), #1932, .F. ) ;
#1632 = DIRECTION ( 'NONE',  ( 0.5491751664947013278, -0.8283311367523952251, 0.1107888279205165444 ) ) ;
#1633 = CARTESIAN_POINT ( 'NONE',  ( 0.000000000000000000, 2.119999999999969020, 12.00000000000000000 ) ) ;
#1634 = ORIENTED_EDGE ( 'NONE', *, *, #1718, .F. ) ;
#1635 = ORIENTED_EDGE ( 'NONE', *, *, #1155, .T. ) ;
#1636 = ADVANCED_BREP_SHAPE_REPRESENTATION ( 'Suporte-Starlink', ( #1564, #2225 ), #1180 ) ;
#1637 = DIRECTION ( 'NONE',  ( 0.000000000000000000, 0.000000000000000000, -1.000000000000000000 ) ) ;
#1638 = DIRECTION ( 'NONE',  ( -0.000000000000000000, -0.000000000000000000, -1.000000000000000000 ) ) ;
#1639 = ORIENTED_EDGE ( 'NONE', *, *, #1427, .T. ) ;
#1640 = VERTEX_POINT ( 'NONE', #1944 ) ;
#1641 = EDGE_CURVE ( 'NONE', #221, #1182, #780, .T. ) ;
#1642 = DIRECTION ( 'NONE',  ( -0.000000000000000000, 0.000000000000000000, -1.000000000000000000 ) ) ;
#1643 = EDGE_CURVE ( 'NONE', #1487, #2270, #2150, .T. ) ;
#1644 = ORIENTED_EDGE ( 'NONE', *, *, #1411, .F. ) ;
#1645 = CARTESIAN_POINT ( 'NONE',  ( 33.35671283124046482, 22.11516326023156154, 0.000000000000000000 ) ) ;
#1646 = ORIENTED_EDGE ( 'NONE', *, *, #2396, .F. ) ;
#1647 = CARTESIAN_POINT ( 'NONE',  ( 0.000000000000000000, 27.52537092150336306, 37.40000000000000568 ) ) ;
#1648 = ORIENTED_EDGE ( 'NONE', *, *, #2031, .F. ) ;
#1649 = ORIENTED_EDGE ( 'NONE', *, *, #1354, .T. ) ;
#1650 = DIRECTION ( 'NONE',  ( 0.5525768464437810223, 0.8334619540052479181, 0.000000000000000000 ) ) ;
#1651 = CARTESIAN_POINT ( 'NONE',  ( -85.74000000000000909, -53.99999999999999289, 40.50000000000000000 ) ) ;
#1652 = DIRECTION ( 'NONE',  ( 8.242993936937533440E-16, 1.000000000000000000, 0.000000000000000000 ) ) ;
#1653 = ORIENTED_EDGE ( 'NONE', *, *, #151, .F. ) ;
#1654 = EDGE_LOOP ( 'NONE', ( #2018, #1622, #13, #2105 ) ) ;
#1655 = VECTOR ( 'NONE', #1855, 1000.000000000000000 ) ;
#1656 = ADVANCED_FACE ( 'NONE', ( #414 ), #999, .F. ) ;
#1657 = AXIS2_PLACEMENT_3D ( 'NONE', #728, #1520, #2277 ) ;
#1658 = ORIENTED_EDGE ( 'NONE', *, *, #1237, .T. ) ;
#1659 = ADVANCED_FACE ( 'NONE', ( #591 ), #636, .T. ) ;
#1660 = AXIS2_PLACEMENT_3D ( 'NONE', #36, #1356, #400 ) ;
#1661 = PLANE ( 'NONE',  #1251 ) ;
#1662 = ORIENTED_EDGE ( 'NONE', *, *, #674, .T. ) ;
#1663 = VECTOR ( 'NONE', #1531, 1000.000000000000000 ) ;
#1664 = ORIENTED_EDGE ( 'NONE', *, *, #1046, .T. ) ;
#1665 = VECTOR ( 'NONE', #433, 1000.000000000000000 ) ;
#1666 = LINE ( 'NONE', #2241, #1056 ) ;
#1667 = FACE_OUTER_BOUND ( 'NONE', #2145, .T. ) ;
#1668 = CARTESIAN_POINT ( 'NONE',  ( -61.42610176227251628, -35.96543450874307268, 3.259999999999998899 ) ) ;
#1669 = CARTESIAN_POINT ( 'NONE',  ( 57.73297156160062826, -37.96446570157269207, 3.259999999999998899 ) ) ;
#1670 = ORIENTED_EDGE ( 'NONE', *, *, #733, .T. ) ;
#1671 = VERTEX_POINT ( 'NONE', #275 ) ;
#1672 = EDGE_CURVE ( 'NONE', #1708, #751, #289, .T. ) ;
#1673 = LINE ( 'NONE', #2461, #691 ) ;
#1674 = CARTESIAN_POINT ( 'NONE',  ( 25.39762748144667981, 34.11999999999996902, -18.78600089166294751 ) ) ;
#1675 = EDGE_LOOP ( 'NONE', ( #59, #1975, #861, #443 ) ) ;
#1676 = FACE_OUTER_BOUND ( 'NONE', #908, .T. ) ;
#1677 = DIRECTION ( 'NONE',  ( 0.000000000000000000, 0.000000000000000000, -1.000000000000000000 ) ) ;
#1678 = CARTESIAN_POINT ( 'NONE',  ( -25.39762748144670468, 34.11999999999996902, 0.000000000000000000 ) ) ;
#1679 = CARTESIAN_POINT ( 'NONE',  ( -63.50916688188276993, -32.24103218057378228, 56.49846997174521590 ) ) ;
#1680 = PLANE ( 'NONE',  #1974 ) ;
#1681 = ORIENTED_EDGE ( 'NONE', *, *, #1128, .T. ) ;
#1682 = ORIENTED_EDGE ( 'NONE', *, *, #590, .T. ) ;
#1683 = FACE_OUTER_BOUND ( 'NONE', #2192, .T. ) ;
#1684 = ADVANCED_FACE ( 'NONE', ( #1038 ), #2369, .F. ) ;
#1685 = VERTEX_POINT ( 'NONE', #112 ) ;
#1686 = EDGE_CURVE ( 'NONE', #491, #1786, #1412, .T. ) ;
#1687 = DIRECTION ( 'NONE',  ( 0.000000000000000000, 0.1325689416192071535, 0.9911737868396053308 ) ) ;
#1688 = CARTESIAN_POINT ( 'NONE',  ( 69.89750867587137861, -52.40000000000002700, 0.000000000000000000 ) ) ;
#1689 = EDGE_CURVE ( 'NONE', #1461, #2341, #926, .T. ) ;
#1690 = CARTESIAN_POINT ( 'NONE',  ( 18.50099616383661072, -19.04942894532097242, 4.312822757207992908 ) ) ;
#1691 = VERTEX_POINT ( 'NONE', #2289 ) ;
#1692 = ORIENTED_EDGE ( 'NONE', *, *, #1078, .F. ) ;
#1693 = CARTESIAN_POINT ( 'NONE',  ( -21.85746620035250842, 27.52537092150336306, 37.40000000000000568 ) ) ;
#1694 = AXIS2_PLACEMENT_3D ( 'NONE', #2193, #309, #489 ) ;
#1695 = ORIENTED_EDGE ( 'NONE', *, *, #283, .T. ) ;
#1696 = AXIS2_PLACEMENT_3D ( 'NONE', #1908, #1340, #1117 ) ;
#1697 = CARTESIAN_POINT ( 'NONE',  ( -53.87499999999999289, -32.80000000000003268, 36.01692600039213232 ) ) ;
#1698 = CARTESIAN_POINT ( 'NONE',  ( -26.00000000000000000, 4.916873254189383147, 8.206217436058389936 ) ) ;
#1699 = LINE ( 'NONE', #2060, #578 ) ;
#1700 = DIRECTION ( 'NONE',  ( -0.5525768464437821326, 0.8334619540052472519, 0.000000000000000000 ) ) ;
#1701 = AXIS2_PLACEMENT_3D ( 'NONE', #157, #2455, #361 ) ;
#1702 = AXIS2_PLACEMENT_3D ( 'NONE', #393, #1197, #1955 ) ;
#1703 = DIRECTION ( 'NONE',  ( -0.000000000000000000, -1.000000000000000000, -0.000000000000000000 ) ) ;
#1704 = CARTESIAN_POINT ( 'NONE',  ( -8.774428575787533546, -22.51395833333337038, 3.750000000000003553 ) ) ;
#1705 = PRODUCT_RELATED_PRODUCT_CATEGORY ( 'part', '', ( #1072 ) ) ;
#1706 = VECTOR ( 'NONE', #2184, 1000.000000000000000 ) ;
#1707 = VERTEX_POINT ( 'NONE', #1698 ) ;
#1708 = VERTEX_POINT ( 'NONE', #551 ) ;
#1709 = FACE_OUTER_BOUND ( 'NONE', #258, .T. ) ;
#1710 = PLANE ( 'NONE',  #585 ) ;
#1711 = VERTEX_POINT ( 'NONE', #704 ) ;
#1712 = PLANE ( 'NONE',  #1083 ) ;
#1713 = LINE ( 'NONE', #2278, #1386 ) ;
#1714 = CARTESIAN_POINT ( 'NONE',  ( 0.000000000000000000, 45.96999999999999886, 40.50000000000000000 ) ) ;
#1715 = ADVANCED_FACE ( 'NONE', ( #560 ), #1113, .T. ) ;
#1716 = ADVANCED_FACE ( 'NONE', ( #126 ), #2249, .F. ) ;
#1717 = UNCERTAINTY_MEASURE_WITH_UNIT (LENGTH_MEASURE( 1.000000000000000082E-05 ), #436, 'distance_accuracy_value', 'NONE');
#1718 = EDGE_CURVE ( 'NONE', #426, #169, #1504, .T. ) ;
#1719 = ORIENTED_EDGE ( 'NONE', *, *, #1190, .F. ) ;
#1720 = PLANE ( 'NONE',  #168 ) ;
#1721 = DIRECTION ( 'NONE',  ( 1.000000000000000000, 0.000000000000000000, -0.000000000000000000 ) ) ;
#1722 = EDGE_LOOP ( 'NONE', ( #2456, #67, #1304, #149, #678, #1646, #1913 ) ) ;
#1723 = CARTESIAN_POINT ( 'NONE',  ( 61.42610176227201890, -35.96543450874334980, 0.000000000000000000 ) ) ;
#1724 = CARTESIAN_POINT ( 'NONE',  ( 74.73999999999998067, -53.99999999999783284, 3.259999999999998899 ) ) ;
#1725 = DIRECTION ( 'NONE',  ( 1.000000000000000000, 0.000000000000000000, 0.000000000000000000 ) ) ;
#1726 = VERTEX_POINT ( 'NONE', #1873 ) ;
#1727 =( NAMED_UNIT ( * ) PLANE_ANGLE_UNIT ( ) SI_UNIT ( $, .RADIAN. ) );
#1728 = ORIENTED_EDGE ( 'NONE', *, *, #1909, .T. ) ;
#1729 = CARTESIAN_POINT ( 'NONE',  ( 69.32268271876178289, 0.000000000000000000, 3.259999999999998899 ) ) ;
#1730 = CARTESIAN_POINT ( 'NONE',  ( 69.32268271876178289, -50.70000000000003126, 3.259999999999998899 ) ) ;
#1731 = ADVANCED_FACE ( 'NONE', ( #180 ), #942, .F. ) ;
#1732 = ORIENTED_EDGE ( 'NONE', *, *, #475, .F. ) ;
#1733 = VECTOR ( 'NONE', #654, 1000.000000000000000 ) ;
#1734 = CARTESIAN_POINT ( 'NONE',  ( -44.90499238489645251, -44.90804177980977840, 18.30210355256123123 ) ) ;
#1735 = LINE ( 'NONE', #961, #807 ) ;
#1736 = LINE ( 'NONE', #11, #456 ) ;
#1737 = AXIS2_PLACEMENT_3D ( 'NONE', #1154, #204, #1364 ) ;
#1738 = VECTOR ( 'NONE', #855, 1000.000000000000000 ) ;
#1739 = FACE_OUTER_BOUND ( 'NONE', #2026, .T. ) ;
#1740 = CIRCLE ( 'NONE', #1776, 31.99999999999999289 ) ;
#1741 = LINE ( 'NONE', #52, #1931 ) ;
#1742 = VECTOR ( 'NONE', #2038, 1000.000000000000000 ) ;
#1743 = VERTEX_POINT ( 'NONE', #887 ) ;
#1744 = DIRECTION ( 'NONE',  ( -0.000000000000000000, -0.000000000000000000, -1.000000000000000000 ) ) ;
#1745 = ORIENTED_EDGE ( 'NONE', *, *, #2020, .T. ) ;
#1746 = EDGE_CURVE ( 'NONE', #135, #244, #2305, .T. ) ;
#1747 = CARTESIAN_POINT ( 'NONE',  ( -25.39762748144670468, 34.11999999999996902, 0.000000000000000000 ) ) ;
#1748 = DIRECTION ( 'NONE',  ( -0.5525768464437813554, 0.8334619540052476960, -0.000000000000000000 ) ) ;
#1749 = EDGE_LOOP ( 'NONE', ( #2492, #62, #774, #1215 ) ) ;
#1750 = DIRECTION ( 'NONE',  ( 0.000000000000000000, -0.1603507500270108799, 0.9870600979503604266 ) ) ;
#1751 = DIRECTION ( 'NONE',  ( -0.000000000000000000, -0.000000000000000000, 1.000000000000000000 ) ) ;
#1752 = CARTESIAN_POINT ( 'NONE',  ( 65.42424579338648982, -50.70000000000003126, 0.000000000000000000 ) ) ;
#1753 = EDGE_LOOP ( 'NONE', ( #2164, #2281, #1009, #1973 ) ) ;
#1754 = CARTESIAN_POINT ( 'NONE',  ( 14.13709223781478563, 54.00000000000000000, 40.50000000000000000 ) ) ;
#1755 = ORIENTED_EDGE ( 'NONE', *, *, #689, .T. ) ;
#1756 = CARTESIAN_POINT ( 'NONE',  ( 69.89750867587410710, -50.70000000000003126, 3.259999999999998899 ) ) ;
#1757 = CARTESIAN_POINT ( 'NONE',  ( 11.00000000000000000, -18.29608610893769338, 4.435205466317984957 ) ) ;
#1758 = ORIENTED_EDGE ( 'NONE', *, *, #162, .F. ) ;
#1759 = EDGE_CURVE ( 'NONE', #1121, #1640, #844, .T. ) ;
#1760 = CARTESIAN_POINT ( 'NONE',  ( 69.89750867587137861, -52.40000000000002700, -7.213999108337047161 ) ) ;
#1761 = VERTEX_POINT ( 'NONE', #122 ) ;
#1762 = ORIENTED_EDGE ( 'NONE', *, *, #7, .T. ) ;
#1763 = CYLINDRICAL_SURFACE ( 'NONE', #2344, 3.150000000000000799 ) ;
#1764 = CARTESIAN_POINT ( 'NONE',  ( 14.13709223781478563, 54.00000000000000000, 0.000000000000000000 ) ) ;
#1765 = ORIENTED_EDGE ( 'NONE', *, *, #1919, .T. ) ;
#1766 = SURFACE_STYLE_FILL_AREA ( #997 ) ;
#1767 = AXIS2_PLACEMENT_3D ( 'NONE', #1241, #2222, #2401 ) ;
#1768 = PLANE ( 'NONE',  #1817 ) ;
#1769 = VECTOR ( 'NONE', #384, 1000.000000000000000 ) ;
#1770 = EDGE_CURVE ( 'NONE', #992, #796, #813, .T. ) ;
#1771 = AXIS2_PLACEMENT_3D ( 'NONE', #1209, #2162, #2329 ) ;
#1772 = EDGE_CURVE ( 'NONE', #148, #1892, #2041, .T. ) ;
#1773 = LINE ( 'NONE', #220, #542 ) ;
#1774 = CARTESIAN_POINT ( 'NONE',  ( 74.73999999999998067, -53.99999999999783284, 3.259999999999998899 ) ) ;
#1775 = DIRECTION ( 'NONE',  ( -1.000000000000000000, 0.000000000000000000, 0.000000000000000000 ) ) ;
#1776 = AXIS2_PLACEMENT_3D ( 'NONE', #2433, #707, #1479 ) ;
#1777 = ORIENTED_EDGE ( 'NONE', *, *, #1396, .F. ) ;
#1778 = VECTOR ( 'NONE', #1151, 1000.000000000000000 ) ;
#1779 = ORIENTED_EDGE ( 'NONE', *, *, #150, .T. ) ;
#1780 = LINE ( 'NONE', #60, #39 ) ;
#1781 = DIRECTION ( 'NONE',  ( 0.000000000000000000, -0.000000000000000000, 1.000000000000000000 ) ) ;
#1782 = VERTEX_POINT ( 'NONE', #1674 ) ;
#1783 = DIRECTION ( 'NONE',  ( -0.000000000000000000, -0.000000000000000000, -1.000000000000000000 ) ) ;
#1784 = CARTESIAN_POINT ( 'NONE',  ( 0.000000000000000000, -15.88000000000002565, 40.50000000000000000 ) ) ;
#1785 = EDGE_CURVE ( 'NONE', #629, #2075, #2439, .T. ) ;
#1786 = VERTEX_POINT ( 'NONE', #1596 ) ;
#1787 = EDGE_CURVE ( 'NONE', #1904, #681, #958, .T. ) ;
#1788 = ADVANCED_FACE ( 'NONE', ( #460 ), #2163, .T. ) ;
#1789 = EDGE_CURVE ( 'NONE', #1526, #286, #969, .T. ) ;
#1790 = EDGE_LOOP ( 'NONE', ( #1086, #857, #1561 ) ) ;
#1791 = DIRECTION ( 'NONE',  ( -1.000000000000000000, 0.000000000000000000, 0.000000000000000000 ) ) ;
#1792 = CARTESIAN_POINT ( 'NONE',  ( 12.74134742468220161, 51.40000000000000568, 37.40000000000000568 ) ) ;
#1793 = EDGE_LOOP ( 'NONE', ( #702, #2400, #1805, #2382 ) ) ;
#1794 = DIRECTION ( 'NONE',  ( 0.000000000000000000, 0.000000000000000000, -1.000000000000000000 ) ) ;
#1795 = DIRECTION ( 'NONE',  ( 0.5571566318846292720, 0.8230780697007178404, -0.1100862331298329694 ) ) ;
#1796 = LINE ( 'NONE', #1027, #891 ) ;
#1797 = DIRECTION ( 'NONE',  ( 0.000000000000000000, 0.000000000000000000, -1.000000000000000000 ) ) ;
#1798 = VERTEX_POINT ( 'NONE', #1730 ) ;
#1799 = CARTESIAN_POINT ( 'NONE',  ( -19.45680159586434499, 27.52537092150336306, 37.40000000000000568 ) ) ;
#1800 = ORIENTED_EDGE ( 'NONE', *, *, #434, .T. ) ;
#1801 = ADVANCED_FACE ( 'NONE', ( #1417 ), #760, .T. ) ;
#1802 = DIRECTION ( 'NONE',  ( 0.3350254232027143342, -0.9422090881581657307, 0.000000000000000000 ) ) ;
#1803 = EDGE_CURVE ( 'NONE', #2330, #370, #2117, .T. ) ;
#1804 = ORIENTED_EDGE ( 'NONE', *, *, #115, .T. ) ;
#1805 = ORIENTED_EDGE ( 'NONE', *, *, #2076, .F. ) ;
#1806 = DIRECTION ( 'NONE',  ( -0.5939294357405524583, -0.8045171380156602714, 0.000000000000000000 ) ) ;
#1807 = FACE_OUTER_BOUND ( 'NONE', #682, .T. ) ;
#1808 = DIRECTION ( 'NONE',  ( -0.000000000000000000, -0.000000000000000000, 1.000000000000000000 ) ) ;
#1809 = CARTESIAN_POINT ( 'NONE',  ( 12.74134742468220161, 51.40000000000000568, 0.000000000000000000 ) ) ;
#1810 = AXIS2_PLACEMENT_3D ( 'NONE', #1061, #1637, #1791 ) ;
#1811 = PLANE ( 'NONE',  #2260 ) ;
#1812 = LINE ( 'NONE', #759, #2298 ) ;
#1813 = ORIENTED_EDGE ( 'NONE', *, *, #1157, .T. ) ;
#1814 = AXIS2_PLACEMENT_3D ( 'NONE', #1574, #2342, #1028 ) ;
#1815 = AXIS2_PLACEMENT_3D ( 'NONE', #1432, #1828, #2200 ) ;
#1816 = EDGE_LOOP ( 'NONE', ( #386, #1111, #640, #1833 ) ) ;
#1817 = AXIS2_PLACEMENT_3D ( 'NONE', #15, #1750, #1594 ) ;
#1818 = DIRECTION ( 'NONE',  ( -0.000000000000000000, -0.000000000000000000, -1.000000000000000000 ) ) ;
#1819 = EDGE_CURVE ( 'NONE', #2341, #370, #2177, .T. ) ;
#1820 = VECTOR ( 'NONE', #2254, 1000.000000000000000 ) ;
#1821 = EDGE_LOOP ( 'NONE', ( #2202, #382, #1119, #479, #2226, #564 ) ) ;
#1822 = ADVANCED_FACE ( 'NONE', ( #1553 ), #2363, .F. ) ;
#1823 =( BOUNDED_CURVE ( )  B_SPLINE_CURVE ( 3, ( #907, #1352, #1916, #217 ),
 .UNSPECIFIED., .F., .T. ) 
 B_SPLINE_CURVE_WITH_KNOTS ( ( 4, 4 ),
 ( 1.570796326794897002, 4.712388980384689674 ),
 .UNSPECIFIED. ) 
 CURVE ( )  GEOMETRIC_REPRESENTATION_ITEM ( )  RATIONAL_B_SPLINE_CURVE ( ( 1.000000000000000000, 0.3333333333333335369, 0.3333333333333335369, 1.000000000000000000 ) ) 
 REPRESENTATION_ITEM ( '' )  );
#1824 = EDGE_LOOP ( 'NONE', ( #597, #2335, #666, #2253, #967, #1765, #703, #419, #1259, #1991, #246, #1314, #2484, #1220, #1032, #2131 ) ) ;
#1825 = CARTESIAN_POINT ( 'NONE',  ( -53.87500000000000000, -29.68000000000003169, 0.000000000000000000 ) ) ;
#1826 = CARTESIAN_POINT ( 'NONE',  ( -12.74134742468223358, 51.40000000000000568, 0.000000000000000000 ) ) ;
#1827 = LINE ( 'NONE', #1089, #2349 ) ;
#1828 = DIRECTION ( 'NONE',  ( 0.000000000000000000, 0.000000000000000000, -1.000000000000000000 ) ) ;
#1829 = VERTEX_POINT ( 'NONE', #750 ) ;
#1830 = PLANE ( 'NONE',  #97 ) ;
#1831 = ORIENTED_EDGE ( 'NONE', *, *, #2485, .T. ) ;
#1832 = CARTESIAN_POINT ( 'NONE',  ( 3.572114219898275156, -29.68000000000003169, 37.40000000000000568 ) ) ;
#1833 = ORIENTED_EDGE ( 'NONE', *, *, #2377, .T. ) ;
#1834 = EDGE_LOOP ( 'NONE', ( #476, #2410 ) ) ;
#1835 = DIRECTION ( 'NONE',  ( -0.000000000000000000, -0.000000000000000000, -1.000000000000000000 ) ) ;
#1836 = EDGE_CURVE ( 'NONE', #1839, #1928, #1345, .T. ) ;
#1837 = CARTESIAN_POINT ( 'NONE',  ( 3.572114219898275156, -29.68000000000003169, 0.000000000000000000 ) ) ;
#1838 = ORIENTED_EDGE ( 'NONE', *, *, #1583, .T. ) ;
#1839 = VERTEX_POINT ( 'NONE', #2317 ) ;
#1840 = DIRECTION ( 'NONE',  ( 0.5557404721605130327, -0.8313558369331450759, -0.000000000000000000 ) ) ;
#1841 = ORIENTED_EDGE ( 'NONE', *, *, #473, .T. ) ;
#1842 = ORIENTED_EDGE ( 'NONE', *, *, #1880, .F. ) ;
#1843 = CARTESIAN_POINT ( 'NONE',  ( 0.000000000000000000, 0.000000000000000000, 3.259999999999998899 ) ) ;
#1844 = LINE ( 'NONE', #2022, #2010 ) ;
#1845 = DIRECTION ( 'NONE',  ( -0.5525768464437814664, -0.8334619540052476960, -0.000000000000000000 ) ) ;
#1846 = DIRECTION ( 'NONE',  ( -1.000000000000000000, 0.000000000000000000, 0.000000000000000000 ) ) ;
#1847 = AXIS2_PLACEMENT_3D ( 'NONE', #320, #1794, #72 ) ;
#1848 = EDGE_CURVE ( 'NONE', #950, #647, #2104, .T. ) ;
#1849 = ORIENTED_EDGE ( 'NONE', *, *, #224, .F. ) ;
#1850 = ADVANCED_FACE ( 'NONE', ( #1359 ), #949, .F. ) ;
#1851 = CIRCLE ( 'NONE', #963, 3.149999999999999911 ) ;
#1852 = VECTOR ( 'NONE', #2123, 1000.000000000000000 ) ;
#1853 = ORIENTED_EDGE ( 'NONE', *, *, #1785, .F. ) ;
#1854 = AXIS2_PLACEMENT_3D ( 'NONE', #664, #2188, #1642 ) ;
#1855 = DIRECTION ( 'NONE',  ( 1.000000000000000000, -0.000000000000000000, -0.000000000000000000 ) ) ;
#1856 = ORIENTED_EDGE ( 'NONE', *, *, #1509, .T. ) ;
#1857 = APPLICATION_PROTOCOL_DEFINITION ( 'draft international standard', 'automotive_design', 1998, #1999 ) ;
#1858 = VECTOR ( 'NONE', #1985, 1000.000000000000000 ) ;
#1859 = CARTESIAN_POINT ( 'NONE',  ( -56.11470149532856766, -38.84040891644004034, 3.259999999999998899 ) ) ;
#1860 = VECTOR ( 'NONE', #351, 999.9999999999998863 ) ;
#1861 = LINE ( 'NONE', #1464, #1127 ) ;
#1862 = DIRECTION ( 'NONE',  ( 1.000000000000000000, 0.000000000000000000, 0.000000000000000000 ) ) ;
#1863 = DIRECTION ( 'NONE',  ( -0.000000000000000000, 1.000000000000000000, 0.000000000000000000 ) ) ;
#1864 = CYLINDRICAL_SURFACE ( 'NONE', #1701, 26.15000000000000213 ) ;
#1865 = DIRECTION ( 'NONE',  ( 0.2069785017694542317, -1.039115942222587352E-16, -0.9783454910231210722 ) ) ;
#1866 = ORIENTED_EDGE ( 'NONE', *, *, #896, .T. ) ;
#1867 = ORIENTED_EDGE ( 'NONE', *, *, #2171, .T. ) ;
#1868 = EDGE_CURVE ( 'NONE', #923, #629, #1004, .T. ) ;
#1869 = ORIENTED_EDGE ( 'NONE', *, *, #1271, .T. ) ;
#1870 = CARTESIAN_POINT ( 'NONE',  ( -14.13709223781481406, 54.00000000000000711, 40.50000000000000000 ) ) ;
#1871 = ORIENTED_EDGE ( 'NONE', *, *, #1568, .F. ) ;
#1872 = PLANE ( 'NONE',  #929 ) ;
#1873 = CARTESIAN_POINT ( 'NONE',  ( -38.80000000000001847, -20.12999999999999545, 37.40000000000000568 ) ) ;
#1874 = CARTESIAN_POINT ( 'NONE',  ( -26.00000000000000000, 28.26999999999997115, 12.00000000000000000 ) ) ;
#1875 = FACE_OUTER_BOUND ( 'NONE', #738, .T. ) ;
#1876 = ORIENTED_EDGE ( 'NONE', *, *, #2124, .T. ) ;
#1877 = EDGE_LOOP ( 'NONE', ( #1242, #1230, #571, #2224 ) ) ;
#1878 = LINE ( 'NONE', #710, #1655 ) ;
#1879 = VERTEX_POINT ( 'NONE', #938 ) ;
#1880 = EDGE_CURVE ( 'NONE', #1243, #65, #2286, .T. ) ;
#1881 = EDGE_CURVE ( 'NONE', #27, #286, #2387, .T. ) ;
#1882 = CARTESIAN_POINT ( 'NONE',  ( 62.90187326828809944, -37.96446570157269207, 28.46098965618258347 ) ) ;
#1883 = DIRECTION ( 'NONE',  ( -1.000000000000000000, 0.000000000000000000, 0.000000000000000000 ) ) ;
#1884 = FACE_OUTER_BOUND ( 'NONE', #492, .T. ) ;
#1885 = CARTESIAN_POINT ( 'NONE',  ( 26.00000000000000000, -22.51395833333337748, 12.00000000000000000 ) ) ;
#1886 = PLANE ( 'NONE',  #1696 ) ;
#1887 = ORIENTED_EDGE ( 'NONE', *, *, #437, .T. ) ;
#1888 = ORIENTED_EDGE ( 'NONE', *, *, #373, .T. ) ;
#1889 = CIRCLE ( 'NONE', #287, 3.150000000000000799 ) ;
#1890 = CARTESIAN_POINT ( 'NONE',  ( -71.59750867587410994, -52.40000000000002700, -7.213999108337046273 ) ) ;
#1891 = VECTOR ( 'NONE', #2108, 1000.000000000000000 ) ;
#1892 = VERTEX_POINT ( 'NONE', #1330 ) ;
#1893 = CIRCLE ( 'NONE', #2137, 26.15000000000000213 ) ;
#1894 = CARTESIAN_POINT ( 'NONE',  ( 66.91075018922265372, -32.73507130221172901, 3.259999999999998899 ) ) ;
#1895 = EDGE_CURVE ( 'NONE', #2003, #1782, #1970, .T. ) ;
#1896 = CARTESIAN_POINT ( 'NONE',  ( 26.15000000000000213, 2.119999999999969020, 12.00000000000000000 ) ) ;
#1897 = VECTOR ( 'NONE', #615, 1000.000000000000000 ) ;
#1898 = AXIS2_PLACEMENT_3D ( 'NONE', #530, #1296, #2059 ) ;
#1899 = LINE ( 'NONE', #2072, #849 ) ;
#1900 = VECTOR ( 'NONE', #2314, 1000.000000000000000 ) ;
#1901 = VERTEX_POINT ( 'NONE', #1605 ) ;
#1902 = CARTESIAN_POINT ( 'NONE',  ( -88.63001746840262740, -58.35906719911616847, -6.416977191379916512 ) ) ;
#1903 = CARTESIAN_POINT ( 'NONE',  ( 69.89750867587137861, -33.00000000000002842, 0.000000000000000000 ) ) ;
#1904 = VERTEX_POINT ( 'NONE', #2372 ) ;
#1905 = DIRECTION ( 'NONE',  ( -0.000000000000000000, -0.000000000000000000, 1.000000000000000000 ) ) ;
#1906 = LINE ( 'NONE', #2491, #1466 ) ;
#1907 = LINE ( 'NONE', #1885, #2011 ) ;
#1908 = CARTESIAN_POINT ( 'NONE',  ( 69.89750867587137861, -33.00000000000002842, 0.000000000000000000 ) ) ;
#1909 = EDGE_CURVE ( 'NONE', #947, #1942, #649, .T. ) ;
#1910 = ORIENTED_EDGE ( 'NONE', *, *, #103, .T. ) ;
#1911 = PLANE ( 'NONE',  #1087 ) ;
#1912 = CARTESIAN_POINT ( 'NONE',  ( -23.13702884793286074, 35.71999999999996334, 37.40000000000000568 ) ) ;
#1913 = ORIENTED_EDGE ( 'NONE', *, *, #455, .T. ) ;
#1914 = LINE ( 'NONE', #199, #840 ) ;
#1915 = CARTESIAN_POINT ( 'NONE',  ( -65.42424579338648982, -50.70000000000003126, 3.259999999999998899 ) ) ;
#1916 = CARTESIAN_POINT ( 'NONE',  ( 10.99999999999999645, 6.119999999999968132, 8.401668834072445691 ) ) ;
#1917 = SURFACE_SIDE_STYLE ('',( #979 ) ) ;
#1918 = LINE ( 'NONE', #230, #251 ) ;
#1919 = EDGE_CURVE ( 'NONE', #789, #2347, #1026, .T. ) ;
#1920 = LINE ( 'NONE', #1159, #627 ) ;
#1921 = VERTEX_POINT ( 'NONE', #49 ) ;
#1922 = CARTESIAN_POINT ( 'NONE',  ( 0.000000000000000000, -6.880000000000028315, 12.00000000000000000 ) ) ;
#1923 = CARTESIAN_POINT ( 'NONE',  ( -65.74996788915784407, -34.25000412657193039, 23.52187265981144293 ) ) ;
#1924 = ORIENTED_EDGE ( 'NONE', *, *, #193, .F. ) ;
#1925 = VECTOR ( 'NONE', #2304, 1000.000000000000000 ) ;
#1926 = DIRECTION ( 'NONE',  ( -0.000000000000000000, -0.000000000000000000, 1.000000000000000000 ) ) ;
#1927 = FACE_OUTER_BOUND ( 'NONE', #1675, .T. ) ;
#1928 = VERTEX_POINT ( 'NONE', #240 ) ;
#1929 = DIRECTION ( 'NONE',  ( -1.000000000000000000, 0.000000000000000000, 0.000000000000000000 ) ) ;
#1930 = AXIS2_PLACEMENT_3D ( 'NONE', #1144, #1511, #2268 ) ;
#1931 = VECTOR ( 'NONE', #2351, 1000.000000000000000 ) ;
#1932 = PLANE ( 'NONE',  #95 ) ;
#1933 = VECTOR ( 'NONE', #219, 1000.000000000000227 ) ;
#1934 = CARTESIAN_POINT ( 'NONE',  ( -56.11470149532856766, -38.84040891644004034, 3.259999999999998899 ) ) ;
#1935 = VECTOR ( 'NONE', #1152, 1000.000000000000000 ) ;
#1936 = ORIENTED_EDGE ( 'NONE', *, *, #1096, .F. ) ;
#1937 = ADVANCED_FACE ( 'NONE', ( #1400 ), #438, .T. ) ;
#1938 = CARTESIAN_POINT ( 'NONE',  ( 45.09999999999998721, -20.12999999999999545, 37.40000000000000568 ) ) ;
#1939 = ORIENTED_EDGE ( 'NONE', *, *, #2483, .T. ) ;
#1940 = CARTESIAN_POINT ( 'NONE',  ( 69.89750867587137861, -34.28885702909699518, -9.636354387548331957 ) ) ;
#1941 = CARTESIAN_POINT ( 'NONE',  ( 33.35671283124046482, 22.11516326023156154, 0.000000000000000000 ) ) ;
#1942 = VERTEX_POINT ( 'NONE', #252 ) ;
#1943 = DIRECTION ( 'NONE',  ( 1.000000000000000000, 0.000000000000000000, 0.000000000000000000 ) ) ;
#1944 = CARTESIAN_POINT ( 'NONE',  ( 12.74134742468220161, 51.40000000000000568, 37.40000000000000568 ) ) ;
#1945 = CARTESIAN_POINT ( 'NONE',  ( 44.90499238489645961, -44.90804177980979262, 18.30210355256119925 ) ) ;
#1946 = DIRECTION ( 'NONE',  ( 1.000000000000000000, 0.000000000000000000, 0.000000000000000000 ) ) ;
#1947 = ORIENTED_EDGE ( 'NONE', *, *, #2237, .F. ) ;
#1948 = ORIENTED_EDGE ( 'NONE', *, *, #2015, .F. ) ;
#1949 = DIRECTION ( 'NONE',  ( -1.000000000000000000, 0.000000000000000000, 0.000000000000000000 ) ) ;
#1950 = CARTESIAN_POINT ( 'NONE',  ( -45.10000000000001563, -20.12999999999999545, 40.50000000000000000 ) ) ;
#1951 = EDGE_CURVE ( 'NONE', #1042, #2425, #852, .T. ) ;
#1952 = ORIENTED_EDGE ( 'NONE', *, *, #1207, .F. ) ;
#1953 = CARTESIAN_POINT ( 'NONE',  ( 0.000000000000000000, 2.119999999999969020, 12.00000000000000000 ) ) ;
#1954 = LINE ( 'NONE', #818, #365 ) ;
#1955 = DIRECTION ( 'NONE',  ( 0.1736481776669307198, 0.000000000000000000, -0.9848077530122080203 ) ) ;
#1956 = LINE ( 'NONE', #390, #1900 ) ;
#1957 = ORIENTED_EDGE ( 'NONE', *, *, #23, .F. ) ;
#1958 = VERTEX_POINT ( 'NONE', #817 ) ;
#1959 = CARTESIAN_POINT ( 'NONE',  ( -26.00000000000000000, 4.916873254189397358, 11.99999999999999645 ) ) ;
#1960 = AXIS2_PLACEMENT_3D ( 'NONE', #941, #1687, #1308 ) ;
#1961 = CARTESIAN_POINT ( 'NONE',  ( 53.87499999999999289, -35.85000000000002984, 0.000000000000000000 ) ) ;
#1962 = ORIENTED_EDGE ( 'NONE', *, *, #1509, .F. ) ;
#1963 = LINE ( 'NONE', #2169, #2427 ) ;
#1964 = VECTOR ( 'NONE', #2316, 1000.000000000000000 ) ;
#1965 = EDGE_CURVE ( 'NONE', #1395, #2204, #2361, .T. ) ;
#1966 = PLANE ( 'NONE',  #1134 ) ;
#1967 = ADVANCED_FACE ( 'NONE', ( #2161 ), #1966, .F. ) ;
#1968 = VECTOR ( 'NONE', #200, 1000.000000000000000 ) ;
#1969 = VECTOR ( 'NONE', #131, 1000.000000000000114 ) ;
#1970 = LINE ( 'NONE', #256, #215 ) ;
#1971 = DIRECTION ( 'NONE',  ( 0.000000000000000000, 0.000000000000000000, 1.000000000000000000 ) ) ;
#1972 = VECTOR ( 'NONE', #1547, 1000.000000000000227 ) ;
#1973 = ORIENTED_EDGE ( 'NONE', *, *, #1316, .F. ) ;
#1974 = AXIS2_PLACEMENT_3D ( 'NONE', #2049, #1093, #147 ) ;
#1975 = ORIENTED_EDGE ( 'NONE', *, *, #733, .F. ) ;
#1976 = AXIS2_PLACEMENT_3D ( 'NONE', #1953, #236, #1614 ) ;
#1977 = CARTESIAN_POINT ( 'NONE',  ( 69.89750867587410710, -50.70000000000003126, 0.000000000000000000 ) ) ;
#1978 = LINE ( 'NONE', #2346, #1590 ) ;
#1979 = EDGE_LOOP ( 'NONE', ( #987, #1682, #2194, #956 ) ) ;
#1980 =( NAMED_UNIT ( * ) SI_UNIT ( $, .STERADIAN. ) SOLID_ANGLE_UNIT ( ) );
#1981 = LINE ( 'NONE', #1616, #1512 ) ;
#1982 = DIRECTION ( 'NONE',  ( -1.000000000000000000, 0.000000000000000000, 0.000000000000000000 ) ) ;
#1983 = DIRECTION ( 'NONE',  ( -0.5525768464437810223, -0.8334619540052479181, 0.000000000000000000 ) ) ;
#1984 = LINE ( 'NONE', #1754, #2296 ) ;
#1985 = DIRECTION ( 'NONE',  ( 1.000000000000000000, -0.000000000000000000, -0.000000000000000000 ) ) ;
#1986 = EDGE_CURVE ( 'NONE', #679, #860, #1981, .T. ) ;
#1987 = ORIENTED_EDGE ( 'NONE', *, *, #1001, .F. ) ;
#1988 = VERTEX_POINT ( 'NONE', #1375 ) ;
#1989 = FACE_OUTER_BOUND ( 'NONE', #1049, .T. ) ;
#1990 = DIRECTION ( 'NONE',  ( -1.000000000000000000, 0.000000000000000000, 0.000000000000000000 ) ) ;
#1991 = ORIENTED_EDGE ( 'NONE', *, *, #1108, .F. ) ;
#1992 = DIRECTION ( 'NONE',  ( 0.000000000000000000, 0.000000000000000000, 1.000000000000000000 ) ) ;
#1993 = VERTEX_POINT ( 'NONE', #2033 ) ;
#1994 = DIRECTION ( 'NONE',  ( -1.000000000000000000, 0.000000000000000000, -0.000000000000000000 ) ) ;
#1995 = CARTESIAN_POINT ( 'NONE',  ( 53.87499999999999289, -32.80000000000003268, 0.000000000000000000 ) ) ;
#1996 = DIRECTION ( 'NONE',  ( 0.000000000000000000, 0.000000000000000000, -1.000000000000000000 ) ) ;
#1997 = CARTESIAN_POINT ( 'NONE',  ( 82.85185661918913524, -52.40000000000002700, -7.213999108337046273 ) ) ;
#1998 = VERTEX_POINT ( 'NONE', #889 ) ;
#1999 = APPLICATION_CONTEXT ( 'automotive_design' ) ;
#2000 = CARTESIAN_POINT ( 'NONE',  ( 56.11470149532856766, -38.84040891644005455, 3.259999999999998899 ) ) ;
#2001 = ORIENTED_EDGE ( 'NONE', *, *, #2237, .T. ) ;
#2002 = LINE ( 'NONE', #68, #1500 ) ;
#2003 = VERTEX_POINT ( 'NONE', #1067 ) ;
#2004 = EDGE_LOOP ( 'NONE', ( #1166, #2300, #1758, #223 ) ) ;
#2005 = DIRECTION ( 'NONE',  ( -0.000000000000000000, 0.000000000000000000, 1.000000000000000000 ) ) ;
#2006 = DIRECTION ( 'NONE',  ( -0.000000000000000000, -0.000000000000000000, 1.000000000000000000 ) ) ;
#2007 = AXIS2_PLACEMENT_3D ( 'NONE', #727, #1503, #1124 ) ;
#2008 = CARTESIAN_POINT ( 'NONE',  ( -62.90187326828853998, -37.96446570157270628, 3.259999999999998899 ) ) ;
#2009 = ORIENTED_EDGE ( 'NONE', *, *, #1353, .T. ) ;
#2010 = VECTOR ( 'NONE', #1476, 1000.000000000000227 ) ;
#2011 = VECTOR ( 'NONE', #1312, 1000.000000000000000 ) ;
#2012 = DIRECTION ( 'NONE',  ( -0.000000000000000000, -0.000000000000000000, -1.000000000000000000 ) ) ;
#2013 = ORIENTED_EDGE ( 'NONE', *, *, #898, .F. ) ;
#2014 = VECTOR ( 'NONE', #369, 1000.000000000000000 ) ;
#2015 = EDGE_CURVE ( 'NONE', #1829, #1708, #2210, .T. ) ;
#2016 = FACE_OUTER_BOUND ( 'NONE', #1790, .T. ) ;
#2017 = AXIS2_PLACEMENT_3D ( 'NONE', #1506, #214, #165 ) ;
#2018 = ORIENTED_EDGE ( 'NONE', *, *, #845, .T. ) ;
#2019 = PRODUCT_CONTEXT ( 'NONE', #2213, 'mechanical' ) ;
#2020 = EDGE_CURVE ( 'NONE', #1097, #1839, #1477, .T. ) ;
#2021 = ORIENTED_EDGE ( 'NONE', *, *, #23, .T. ) ;
#2022 = CARTESIAN_POINT ( 'NONE',  ( -69.89750867587137861, -34.28885702909699518, -9.636354387548331957 ) ) ;
#2023 = CARTESIAN_POINT ( 'NONE',  ( -56.11470149532856766, -38.84040891644004034, 0.000000000000000000 ) ) ;
#2024 = CYLINDRICAL_SURFACE ( 'NONE', #1338, 3.149999999999999911 ) ;
#2025 = ORIENTED_EDGE ( 'NONE', *, *, #1191, .F. ) ;
#2026 = EDGE_LOOP ( 'NONE', ( #1225, #1755, #1658, #611, #2001, #2102, #1405, #1172 ) ) ;
#2027 = CARTESIAN_POINT ( 'NONE',  ( 74.73999999999998067, -53.99999999999783284, 3.259999999999998899 ) ) ;
#2028 = PLANE ( 'NONE',  #50 ) ;
#2029 = EDGE_LOOP ( 'NONE', ( #2215, #1869, #1279, #2159 ) ) ;
#2030 = EDGE_LOOP ( 'NONE', ( #1381, #2168, #1307, #513, #441, #1804, #1022, #1695, #403, #2374, #1838, #826 ) ) ;
#2031 = EDGE_CURVE ( 'NONE', #106, #1277, #1666, .T. ) ;
#2032 = CARTESIAN_POINT ( 'NONE',  ( 0.000000000000000000, 34.11999999999996191, 1.387778780781445676E-14 ) ) ;
#2033 = CARTESIAN_POINT ( 'NONE',  ( -25.99999999999999645, -0.6768732541894981747, 11.99999999999999645 ) ) ;
#2034 = DIRECTION ( 'NONE',  ( 0.6174644695275652850, 0.7865987724825422855, 0.000000000000000000 ) ) ;
#2035 = DIRECTION ( 'NONE',  ( -1.000000000000000000, 2.454144666803061334E-16, -0.000000000000000000 ) ) ;
#2036 = DIRECTION ( 'NONE',  ( 0.000000000000000000, 0.000000000000000000, 1.000000000000000000 ) ) ;
#2037 = ORIENTED_EDGE ( 'NONE', *, *, #605, .F. ) ;
#2038 = DIRECTION ( 'NONE',  ( 0.8794329730732199923, 0.4760227367170576374, -0.000000000000000000 ) ) ;
#2039 = EDGE_LOOP ( 'NONE', ( #1567, #1841, #1681, #626 ) ) ;
#2040 = DIRECTION ( 'NONE',  ( 0.000000000000000000, 0.9848077530122080203, 0.1736481776669307198 ) ) ;
#2041 = LINE ( 'NONE', #318, #771 ) ;
#2042 = ORIENTED_EDGE ( 'NONE', *, *, #1284, .F. ) ;
#2043 = VERTEX_POINT ( 'NONE', #2198 ) ;
#2044 = CARTESIAN_POINT ( 'NONE',  ( -85.74000000000000909, -54.00000000000002842, 5.000000000000000888 ) ) ;
#2045 = EDGE_CURVE ( 'NONE', #709, #679, #1492, .T. ) ;
#2046 = ADVANCED_FACE ( 'NONE', ( #574 ), #2307, .F. ) ;
#2047 = DIRECTION ( 'NONE',  ( 0.000000000000000000, 0.000000000000000000, -1.000000000000000000 ) ) ;
#2048 = ADVANCED_FACE ( 'NONE', ( #1884 ), #1165, .F. ) ;
#2049 = CARTESIAN_POINT ( 'NONE',  ( 0.000000000000000000, 34.11999999999996902, 0.000000000000000000 ) ) ;
#2050 = EDGE_LOOP ( 'NONE', ( #1607, #909, #153, #713, #1876, #411 ) ) ;
#2051 = VECTOR ( 'NONE', #1306, 1000.000000000000000 ) ;
#2052 = AXIS2_PLACEMENT_3D ( 'NONE', #1439, #481, #1261 ) ;
#2053 = ORIENTED_EDGE ( 'NONE', *, *, #1718, .T. ) ;
#2054 = DIRECTION ( 'NONE',  ( 0.000000000000000000, 0.000000000000000000, -1.000000000000000000 ) ) ;
#2055 = ORIENTED_EDGE ( 'NONE', *, *, #166, .T. ) ;
#2056 = VECTOR ( 'NONE', #1210, 1000.000000000000000 ) ;
#2057 = FACE_BOUND ( 'NONE', #96, .T. ) ;
#2058 = VECTOR ( 'NONE', #1521, 1000.000000000000000 ) ;
#2059 = DIRECTION ( 'NONE',  ( -0.5525768464437813554, 0.8334619540052478071, 0.000000000000000000 ) ) ;
#2060 = CARTESIAN_POINT ( 'NONE',  ( 68.95287129057783204, -31.89131682245507804, 0.9906973188007197617 ) ) ;
#2061 = CYLINDRICAL_SURFACE ( 'NONE', #1129, 3.150000000000000799 ) ;
#2062 = VERTEX_POINT ( 'NONE', #2291 ) ;
#2063 = ORIENTED_EDGE ( 'NONE', *, *, #1318, .T. ) ;
#2064 = EDGE_CURVE ( 'NONE', #1901, #1921, #1713, .T. ) ;
#2065 = ORIENTED_EDGE ( 'NONE', *, *, #1787, .T. ) ;
#2066 = EDGE_CURVE ( 'NONE', #2287, #2343, #385, .T. ) ;
#2067 = DIRECTION ( 'NONE',  ( -2.454144666803061334E-16, -1.000000000000000000, 0.000000000000000000 ) ) ;
#2068 = ORIENTED_EDGE ( 'NONE', *, *, #35, .T. ) ;
#2069 = FACE_OUTER_BOUND ( 'NONE', #176, .T. ) ;
#2070 = DIRECTION ( 'NONE',  ( 1.000000000000000000, -0.000000000000000000, -0.000000000000000000 ) ) ;
#2071 = LINE ( 'NONE', #2480, #371 ) ;
#2072 = CARTESIAN_POINT ( 'NONE',  ( -26.00000000000000000, -22.51395833333337748, 12.00000000000000000 ) ) ;
#2073 = DIRECTION ( 'NONE',  ( 0.1736481776669307198, 0.000000000000000000, -0.9848077530122080203 ) ) ;
#2074 = EDGE_LOOP ( 'NONE', ( #1025, #2440, #232, #699 ) ) ;
#2075 = VERTEX_POINT ( 'NONE', #743 ) ;
#2076 = EDGE_CURVE ( 'NONE', #1640, #1988, #2071, .T. ) ;
#2077 = CARTESIAN_POINT ( 'NONE',  ( 7.098439597558323655, 34.11999999999995481, 2.282548420411455128E-14 ) ) ;
#2078 = EDGE_CURVE ( 'NONE', #809, #111, #1906, .T. ) ;
#2079 = ORIENTED_EDGE ( 'NONE', *, *, #2252, .F. ) ;
#2080 = FACE_BOUND ( 'NONE', #1212, .T. ) ;
#2081 = DIRECTION ( 'NONE',  ( 0.000000000000000000, 0.000000000000000000, -1.000000000000000000 ) ) ;
#2082 = LINE ( 'NONE', #1688, #1769 ) ;
#2083 = LINE ( 'NONE', #1126, #253 ) ;
#2084 = CARTESIAN_POINT ( 'NONE',  ( 0.000000000000000000, 34.11999999999996191, 1.387778780781445676E-14 ) ) ;
#2085 = ORIENTED_EDGE ( 'NONE', *, *, #2205, .F. ) ;
#2086 = ORIENTED_EDGE ( 'NONE', *, *, #803, .T. ) ;
#2087 = VECTOR ( 'NONE', #1120, 1000.000000000000000 ) ;
#2088 = FACE_BOUND ( 'NONE', #1834, .T. ) ;
#2089 = AXIS2_PLACEMENT_3D ( 'NONE', #763, #339, #2250 ) ;
#2090 = CARTESIAN_POINT ( 'NONE',  ( -14.13709223781481406, 54.00000000000000711, 0.000000000000000000 ) ) ;
#2091 = ORIENTED_EDGE ( 'NONE', *, *, #2221, .T. ) ;
#2092 = AXIS2_PLACEMENT_3D ( 'NONE', #1995, #114, #890 ) ;
#2093 = CARTESIAN_POINT ( 'NONE',  ( 8.774428575787528217, -22.51395833333337748, 40.50000000000000000 ) ) ;
#2094 = CARTESIAN_POINT ( 'NONE',  ( 62.90187326828809944, -37.96446570157269207, 3.259999999999998899 ) ) ;
#2095 = DIRECTION ( 'NONE',  ( 1.000000000000000000, -0.000000000000000000, -0.000000000000000000 ) ) ;
#2096 = EDGE_CURVE ( 'NONE', #1243, #709, #1736, .T. ) ;
#2097 = VECTOR ( 'NONE', #1065, 1000.000000000000000 ) ;
#2098 = EDGE_CURVE ( 'NONE', #1958, #2043, #764, .T. ) ;
#2099 = AXIS2_PLACEMENT_3D ( 'NONE', #965, #1276, #1929 ) ;
#2100 = CARTESIAN_POINT ( 'NONE',  ( -19.45680159586434499, 27.52537092150336306, 37.40000000000000568 ) ) ;
#2101 = DIRECTION ( 'NONE',  ( -1.000000000000000000, 0.000000000000000000, 0.000000000000000000 ) ) ;
#2102 = ORIENTED_EDGE ( 'NONE', *, *, #1430, .T. ) ;
#2103 = DIRECTION ( 'NONE',  ( -0.000000000000000000, -0.000000000000000000, -1.000000000000000000 ) ) ;
#2104 = LINE ( 'NONE', #1528, #544 ) ;
#2105 = ORIENTED_EDGE ( 'NONE', *, *, #517, .F. ) ;
#2106 = DIRECTION ( 'NONE',  ( -0.000000000000000000, -0.000000000000000000, -1.000000000000000000 ) ) ;
#2107 = CARTESIAN_POINT ( 'NONE',  ( -57.73297156160057853, -37.96446570157270628, 0.000000000000000000 ) ) ;
#2108 = DIRECTION ( 'NONE',  ( -0.000000000000000000, 0.9870600979503604266, 0.1603507500270108799 ) ) ;
#2109 = CARTESIAN_POINT ( 'NONE',  ( 0.000000000000000000, 2.119999999999969020, 12.00000000000000000 ) ) ;
#2110 = EDGE_CURVE ( 'NONE', #1194, #196, #1115, .T. ) ;
#2111 = DIRECTION ( 'NONE',  ( -0.000000000000000000, -0.000000000000000000, 1.000000000000000000 ) ) ;
#2112 = CARTESIAN_POINT ( 'NONE',  ( -26.00000000000000000, -0.6768732541894590948, 7.297497237620554245 ) ) ;
#2113 = PRODUCT_DEFINITION_CONTEXT ( 'detailed design', #1999, 'design' ) ;
#2114 = CARTESIAN_POINT ( 'NONE',  ( 26.15000000000000213, 2.119999999999969020, 12.00000000000000000 ) ) ;
#2115 = ORIENTED_EDGE ( 'NONE', *, *, #2205, .T. ) ;
#2116 = PLANE ( 'NONE',  #171 ) ;
#2117 = LINE ( 'NONE', #1903, #450 ) ;
#2118 = VERTEX_POINT ( 'NONE', #1556 ) ;
#2119 = CARTESIAN_POINT ( 'NONE',  ( 26.00000000000000000, -0.6768732541894595389, -90.50966799187806089 ) ) ;
#2120 = FACE_BOUND ( 'NONE', #996, .T. ) ;
#2121 = ORIENTED_EDGE ( 'NONE', *, *, #1514, .T. ) ;
#2122 = LINE ( 'NONE', #1534, #535 ) ;
#2123 = DIRECTION ( 'NONE',  ( 1.000000000000000000, -5.020405178988204384E-16, 0.000000000000000000 ) ) ;
#2124 = EDGE_CURVE ( 'NONE', #106, #2343, #1362, .T. ) ;
#2125 = ADVANCED_FACE ( 'NONE', ( #2120, #1927 ), #754, .T. ) ;
#2126 = EDGE_CURVE ( 'NONE', #1904, #1121, #928, .T. ) ;
#2127 = DIRECTION ( 'NONE',  ( -1.000000000000000000, 0.000000000000000000, 0.000000000000000000 ) ) ;
#2128 = EDGE_CURVE ( 'NONE', #430, #2388, #2083, .T. ) ;
#2129 = EDGE_LOOP ( 'NONE', ( #1005, #1281, #295, #19, #2185, #501, #2390, #1962 ) ) ;
#2130 = CARTESIAN_POINT ( 'NONE',  ( 69.89750867587137861, -52.40000000000002700, 0.000000000000000000 ) ) ;
#2131 = ORIENTED_EDGE ( 'NONE', *, *, #2015, .T. ) ;
#2132 = CIRCLE ( 'NONE', #1694, 3.149999999999999911 ) ;
#2133 = LINE ( 'NONE', #1149, #2415 ) ;
#2134 = CARTESIAN_POINT ( 'NONE',  ( -82.99400976530290563, -52.40000000000002700, 0.000000000000000000 ) ) ;
#2135 = ORIENTED_EDGE ( 'NONE', *, *, #2320, .F. ) ;
#2136 = VECTOR ( 'NONE', #2434, 1000.000000000000000 ) ;
#2137 = AXIS2_PLACEMENT_3D ( 'NONE', #696, #1467, #2229 ) ;
#2138 = DIRECTION ( 'NONE',  ( -0.000000000000000000, -0.000000000000000000, -1.000000000000000000 ) ) ;
#2139 = DIRECTION ( 'NONE',  ( 0.000000000000000000, -1.000000000000000000, 0.000000000000000000 ) ) ;
#2140 = AXIS2_PLACEMENT_3D ( 'NONE', #1843, #2081, #1475 ) ;
#2141 = FACE_OUTER_BOUND ( 'NONE', #98, .T. ) ;
#2142 = VECTOR ( 'NONE', #1202, 1000.000000000000000 ) ;
#2143 = ORIENTED_EDGE ( 'NONE', *, *, #1836, .F. ) ;
#2144 = ADVANCED_FACE ( 'NONE', ( #2266 ), #2167, .F. ) ;
#2145 = EDGE_LOOP ( 'NONE', ( #467, #1842, #618, #1148 ) ) ;
#2146 = CARTESIAN_POINT ( 'NONE',  ( 21.41325514254688400, 38.31999999999996476, 0.000000000000000000 ) ) ;
#2147 = CARTESIAN_POINT ( 'NONE',  ( 23.13702884793282522, 35.71999999999997044, 37.40000000000000568 ) ) ;
#2148 = ORIENTED_EDGE ( 'NONE', *, *, #1156, .F. ) ;
#2149 = DIRECTION ( 'NONE',  ( 1.000000000000000000, -0.000000000000000000, -0.000000000000000000 ) ) ;
#2150 = LINE ( 'NONE', #1374, #581 ) ;
#2151 = CARTESIAN_POINT ( 'NONE',  ( -53.87500000000000000, -49.57890231113339041, 11.46834244604156261 ) ) ;
#2152 = DIRECTION ( 'NONE',  ( -0.000000000000000000, -0.000000000000000000, 1.000000000000000000 ) ) ;
#2153 = ORIENTED_EDGE ( 'NONE', *, *, #1895, .F. ) ;
#2154 = ORIENTED_EDGE ( 'NONE', *, *, #2426, .T. ) ;
#2155 = EDGE_CURVE ( 'NONE', #751, #757, #776, .T. ) ;
#2156 = EDGE_CURVE ( 'NONE', #1535, #1042, #624, .T. ) ;
#2157 = PLANE ( 'NONE',  #532 ) ;
#2158 = CARTESIAN_POINT ( 'NONE',  ( 8.774428575787526441, -22.51395833333338103, 3.750000000000003553 ) ) ;
#2159 = ORIENTED_EDGE ( 'NONE', *, *, #2020, .F. ) ;
#2160 = SURFACE_SIDE_STYLE ('',( #1766 ) ) ;
#2161 = FACE_OUTER_BOUND ( 'NONE', #270, .T. ) ;
#2162 = DIRECTION ( 'NONE',  ( 0.000000000000000000, 0.000000000000000000, -1.000000000000000000 ) ) ;
#2163 = CYLINDRICAL_SURFACE ( 'NONE', #1383, 31.99999999999999289 ) ;
#2164 = ORIENTED_EDGE ( 'NONE', *, *, #2355, .F. ) ;
#2165 = ORIENTED_EDGE ( 'NONE', *, *, #1628, .F. ) ;
#2166 = CARTESIAN_POINT ( 'NONE',  ( -59.78404858548161371, -29.67999999999931049, 37.40000000000000568 ) ) ;
#2167 = PLANE ( 'NONE',  #937 ) ;
#2168 = ORIENTED_EDGE ( 'NONE', *, *, #194, .T. ) ;
#2169 = CARTESIAN_POINT ( 'NONE',  ( 71.59750867587410994, -52.40000000000002700, 0.000000000000000000 ) ) ;
#2170 = VECTOR ( 'NONE', #2438, 1000.000000000000114 ) ;
#2171 = EDGE_CURVE ( 'NONE', #1282, #1360, #1592, .T. ) ;
#2172 = VECTOR ( 'NONE', #494, 1000.000000000000227 ) ;
#2173 = ADVANCED_FACE ( 'NONE', ( #410 ), #1566, .T. ) ;
#2174 = VECTOR ( 'NONE', #2292, 1000.000000000000000 ) ;
#2175 = LINE ( 'NONE', #1678, #1051 ) ;
#2176 = PLANE ( 'NONE',  #490 ) ;
#2177 = LINE ( 'NONE', #2299, #1858 ) ;
#2178 = AXIS2_PLACEMENT_3D ( 'NONE', #439, #1147, #583 ) ;
#2179 = EDGE_LOOP ( 'NONE', ( #2148, #2403, #2393, #480 ) ) ;
#2180 = VECTOR ( 'NONE', #1181, 999.9999999999998863 ) ;
#2181 = ORIENTED_EDGE ( 'NONE', *, *, #2110, .T. ) ;
#2182 = VECTOR ( 'NONE', #412, 1000.000000000000227 ) ;
#2183 = PLANE ( 'NONE',  #1767 ) ;
#2184 = DIRECTION ( 'NONE',  ( 0.000000000000000000, 0.000000000000000000, -1.000000000000000000 ) ) ;
#2185 = ORIENTED_EDGE ( 'NONE', *, *, #2238, .F. ) ;
#2186 = ORIENTED_EDGE ( 'NONE', *, *, #192, .F. ) ;
#2187 = EDGE_CURVE ( 'NONE', #1691, #27, #464, .T. ) ;
#2188 = DIRECTION ( 'NONE',  ( 1.000000000000000000, 0.000000000000000000, -0.000000000000000000 ) ) ;
#2189 = FACE_OUTER_BOUND ( 'NONE', #2354, .T. ) ;
#2190 = DIRECTION ( 'NONE',  ( -0.6174644695275653961, -0.7865987724825422855, 0.000000000000000000 ) ) ;
#2191 = VERTEX_POINT ( 'NONE', #1577 ) ;
#2192 = EDGE_LOOP ( 'NONE', ( #2275, #1626, #2053, #391 ) ) ;
#2193 = CARTESIAN_POINT ( 'NONE',  ( 41.94999999999998863, -20.12999999999999545, 40.50000000000000000 ) ) ;
#2194 = ORIENTED_EDGE ( 'NONE', *, *, #1, .T. ) ;
#2195 = SHAPE_DEFINITION_REPRESENTATION ( #543, #1636 ) ;
#2196 = EDGE_LOOP ( 'NONE', ( #1248, #770, #2233, #869 ) ) ;
#2197 = PLANE ( 'NONE',  #1419 ) ;
#2198 = CARTESIAN_POINT ( 'NONE',  ( 56.11470149532856766, -38.84040891644005455, 3.259999999999998899 ) ) ;
#2199 = LINE ( 'NONE', #2211, #46 ) ;
#2200 = DIRECTION ( 'NONE',  ( -1.000000000000000000, 0.000000000000000000, 0.000000000000000000 ) ) ;
#2201 = FACE_OUTER_BOUND ( 'NONE', #1979, .T. ) ;
#2202 = ORIENTED_EDGE ( 'NONE', *, *, #2110, .F. ) ;
#2203 = EDGE_CURVE ( 'NONE', #1360, #2062, #1601, .T. ) ;
#2204 = VERTEX_POINT ( 'NONE', #646 ) ;
#2205 = EDGE_CURVE ( 'NONE', #565, #100, #1193, .T. ) ;
#2206 = FACE_OUTER_BOUND ( 'NONE', #198, .T. ) ;
#2207 = EDGE_LOOP ( 'NONE', ( #761, #1267, #1331, #2412 ) ) ;
#2208 = ORIENTED_EDGE ( 'NONE', *, *, #790, .F. ) ;
#2209 = CARTESIAN_POINT ( 'NONE',  ( 74.74000000000162913, -54.00000000000003553, 4.999999999999994671 ) ) ;
#2210 = LINE ( 'NONE', #1244, #1548 ) ;
#2211 = CARTESIAN_POINT ( 'NONE',  ( 47.33020130418492499, 3.934215086985583198, 89.76138029452047817 ) ) ;
#2212 = VECTOR ( 'NONE', #725, 1000.000000000000114 ) ;
#2213 = APPLICATION_CONTEXT ( 'automotive_design' ) ;
#2214 = DIRECTION ( 'NONE',  ( -0.000000000000000000, 1.000000000000000000, -0.000000000000000000 ) ) ;
#2215 = ORIENTED_EDGE ( 'NONE', *, *, #422, .F. ) ;
#2216 = VECTOR ( 'NONE', #536, 1000.000000000000000 ) ;
#2217 = VECTOR ( 'NONE', #1429, 1000.000000000000114 ) ;
#2218 = EDGE_LOOP ( 'NONE', ( #548, #1550, #2086, #1095 ) ) ;
#2219 = ADVANCED_FACE ( 'NONE', ( #2376 ), #1612, .F. ) ;
#2220 = AXIS2_PLACEMENT_3D ( 'NONE', #1136, #1721, #2487 ) ;
#2221 = EDGE_CURVE ( 'NONE', #959, #659, #1229, .T. ) ;
#2222 = DIRECTION ( 'NONE',  ( -0.8281112971748347817, 0.5605637158177583235, 0.000000000000000000 ) ) ;
#2223 = AXIS2_PLACEMENT_3D ( 'NONE', #1012, #1407, #1990 ) ;
#2224 = ORIENTED_EDGE ( 'NONE', *, *, #2380, .F. ) ;
#2225 = AXIS2_PLACEMENT_3D ( 'NONE', #1231, #1992, #714 ) ;
#2226 = ORIENTED_EDGE ( 'NONE', *, *, #2187, .T. ) ;
#2227 = CARTESIAN_POINT ( 'NONE',  ( 53.87499999999999289, -32.80000000000003268, 0.000000000000000000 ) ) ;
#2228 = CARTESIAN_POINT ( 'NONE',  ( -82.99400976530290563, -52.40000000000002700, -7.213999108337046273 ) ) ;
#2229 = DIRECTION ( 'NONE',  ( 1.000000000000000000, 0.000000000000000000, 0.000000000000000000 ) ) ;
#2230 = DIRECTION ( 'NONE',  ( -0.000000000000000000, -0.000000000000000000, -1.000000000000000000 ) ) ;
#2231 = VERTEX_POINT ( 'NONE', #1950 ) ;
#2232 = ORIENTED_EDGE ( 'NONE', *, *, #1108, .T. ) ;
#2233 = ORIENTED_EDGE ( 'NONE', *, *, #944, .T. ) ;
#2234 = CARTESIAN_POINT ( 'NONE',  ( -69.89750867587137861, -33.00000000000002842, 0.000000000000000000 ) ) ;
#2235 = ADVANCED_FACE ( 'NONE', ( #1423 ), #798, .F. ) ;
#2236 = ORIENTED_EDGE ( 'NONE', *, *, #505, .T. ) ;
#2237 = EDGE_CURVE ( 'NONE', #553, #1691, #1311, .T. ) ;
#2238 = EDGE_CURVE ( 'NONE', #1671, #947, #2358, .T. ) ;
#2239 = ORIENTED_EDGE ( 'NONE', *, *, #1316, .T. ) ;
#2240 = CARTESIAN_POINT ( 'NONE',  ( 26.25654736645133980, 35.71999999999997044, -19.00000000000000000 ) ) ;
#2241 = CARTESIAN_POINT ( 'NONE',  ( -69.89750867587410710, -50.70000000000003126, 0.000000000000000000 ) ) ;
#2242 = DIRECTION ( 'NONE',  ( 0.000000000000000000, -0.5642830492349266702, -0.8255813953488374546 ) ) ;
#2243 = CARTESIAN_POINT ( 'NONE',  ( -41.95000000000001705, -20.12999999999999545, 40.50000000000000000 ) ) ;
#2244 = ORIENTED_EDGE ( 'NONE', *, *, #1672, .F. ) ;
#2245 = VERTEX_POINT ( 'NONE', #610 ) ;
#2246 = FACE_BOUND ( 'NONE', #1529, .T. ) ;
#2247 = VERTEX_POINT ( 'NONE', #31 ) ;
#2248 = DIRECTION ( 'NONE',  ( -0.8794329730732203254, 0.4760227367170568602, 0.000000000000000000 ) ) ;
#2249 = PLANE ( 'NONE',  #1898 ) ;
#2250 = DIRECTION ( 'NONE',  ( 0.1736481776669307198, 0.000000000000000000, 0.9848077530122080203 ) ) ;
#2251 = CARTESIAN_POINT ( 'NONE',  ( -7.098439597558328096, 34.11999999999995481, 3.268566702714326627E-14 ) ) ;
#2252 = EDGE_CURVE ( 'NONE', #1640, #1080, #43, .T. ) ;
#2253 = ORIENTED_EDGE ( 'NONE', *, *, #237, .T. ) ;
#2254 = DIRECTION ( 'NONE',  ( 0.000000000000000000, 0.000000000000000000, -1.000000000000000000 ) ) ;
#2255 = EDGE_LOOP ( 'NONE', ( #2368, #107, #250, #146 ) ) ;
#2256 = CIRCLE ( 'NONE', #1376, 26.15000000000000213 ) ;
#2257 =( BOUNDED_CURVE ( )  B_SPLINE_CURVE ( 3, ( #2112, #388, #946, #1704 ),
 .UNSPECIFIED., .F., .T. ) 
 B_SPLINE_CURVE_WITH_KNOTS ( ( 4, 4 ),
 ( 1.677956300202581241, 2.799411912103481725 ),
 .UNSPECIFIED. ) 
 CURVE ( )  GEOMETRIC_REPRESENTATION_ITEM ( )  RATIONAL_B_SPLINE_CURVE ( ( 1.000000000000000000, 0.8979121907838402139, 0.8979121907838402139, 1.000000000000000000 ) ) 
 REPRESENTATION_ITEM ( '' )  );
#2258 = AXIS2_PLACEMENT_3D ( 'NONE', #1679, #510, #2446 ) ;
#2259 = EDGE_LOOP ( 'NONE', ( #407, #2143, #1866, #1035 ) ) ;
#2260 = AXIS2_PLACEMENT_3D ( 'NONE', #483, #2371, #1983 ) ;
#2261 = DIRECTION ( 'NONE',  ( 0.8313558369331450759, 0.5557404721605130327, -0.000000000000000000 ) ) ;
#2262 = EDGE_LOOP ( 'NONE', ( #1670, #159, #474, #2471 ) ) ;
#2263 = PRESENTATION_LAYER_ASSIGNMENT (  '', '', ( #498 ) ) ;
#2264 = CARTESIAN_POINT ( 'NONE',  ( 0.000000000000000000, 2.119999999999969020, 12.00000000000000000 ) ) ;
#2265 = VECTOR ( 'NONE', #2435, 1000.000000000000000 ) ;
#2266 = FACE_OUTER_BOUND ( 'NONE', #2259, .T. ) ;
#2267 = LINE ( 'NONE', #575, #966 ) ;
#2268 = DIRECTION ( 'NONE',  ( -1.000000000000000000, 0.000000000000000000, 0.000000000000000000 ) ) ;
#2269 = EDGE_CURVE ( 'NONE', #709, #506, #1978, .T. ) ;
#2270 = VERTEX_POINT ( 'NONE', #1372 ) ;
#2271 = EDGE_CURVE ( 'NONE', #1988, #671, #69, .T. ) ;
#2272 = EDGE_CURVE ( 'NONE', #421, #1942, #832, .T. ) ;
#2273 = EDGE_LOOP ( 'NONE', ( #1664, #123, #2153, #316, #1644 ) ) ;
#2274 = DIRECTION ( 'NONE',  ( -1.000000000000000000, 0.000000000000000000, 0.000000000000000000 ) ) ;
#2275 = ORIENTED_EDGE ( 'NONE', *, *, #1431, .F. ) ;
#2276 = DIRECTION ( 'NONE',  ( -0.3350254232027143342, 0.9422090881581658417, -0.000000000000000000 ) ) ;
#2277 = DIRECTION ( 'NONE',  ( 8.242993936937533440E-16, -1.000000000000000000, 0.000000000000000000 ) ) ;
#2278 = CARTESIAN_POINT ( 'NONE',  ( -11.00000000000000000, -15.88000000000002565, 40.50000000000000000 ) ) ;
#2279 = DIRECTION ( 'NONE',  ( 1.000000000000000000, 0.000000000000000000, -0.000000000000000000 ) ) ;
#2280 = PLANE ( 'NONE',  #130 ) ;
#2281 = ORIENTED_EDGE ( 'NONE', *, *, #1965, .F. ) ;
#2282 = ADVANCED_FACE ( 'NONE', ( #478 ), #2028, .F. ) ;
#2283 = ORIENTED_EDGE ( 'NONE', *, *, #118, .F. ) ;
#2284 = ADVANCED_FACE ( 'NONE', ( #175 ), #1710, .F. ) ;
#2285 = LINE ( 'NONE', #1902, #170 ) ;
#2286 = LINE ( 'NONE', #569, #1260 ) ;
#2287 = VERTEX_POINT ( 'NONE', #1923 ) ;
#2288 = PLANE ( 'NONE',  #1960 ) ;
#2289 = CARTESIAN_POINT ( 'NONE',  ( 8.774428575787526441, -22.51395833333338103, 3.750000000000003553 ) ) ;
#2290 = CARTESIAN_POINT ( 'NONE',  ( -25.39762748144670468, 34.11999999999996902, -18.78600089166295106 ) ) ;
#2291 = CARTESIAN_POINT ( 'NONE',  ( 26.25654736645133269, 35.71999999999997044, -19.00000000000000000 ) ) ;
#2292 = DIRECTION ( 'NONE',  ( 0.000000000000000000, 0.000000000000000000, 1.000000000000000000 ) ) ;
#2293 = LINE ( 'NONE', #576, #1502 ) ;
#2294 = UNCERTAINTY_MEASURE_WITH_UNIT (LENGTH_MEASURE( 1.000000000000000082E-05 ), #1195, 'distance_accuracy_value', 'NONE');
#2295 = ORIENTED_EDGE ( 'NONE', *, *, #285, .T. ) ;
#2296 = VECTOR ( 'NONE', #459, 1000.000000000000114 ) ;
#2297 = CARTESIAN_POINT ( 'NONE',  ( 69.32268271876178289, -46.66188147521123142, 3.259999999999998899 ) ) ;
#2298 = VECTOR ( 'NONE', #582, 1000.000000000000000 ) ;
#2299 = CARTESIAN_POINT ( 'NONE',  ( 69.89750867587410710, -50.70000000000003126, 0.000000000000000000 ) ) ;
#2300 = ORIENTED_EDGE ( 'NONE', *, *, #1772, .F. ) ;
#2301 = EDGE_CURVE ( 'NONE', #1993, #2495, #512, .T. ) ;
#2302 = AXIS2_PLACEMENT_3D ( 'NONE', #1017, #1186, #2127 ) ;
#2303 = EDGE_CURVE ( 'NONE', #2043, #659, #839, .T. ) ;
#2304 = DIRECTION ( 'NONE',  ( -0.000000000000000000, -0.000000000000000000, -1.000000000000000000 ) ) ;
#2305 = LINE ( 'NONE', #2107, #1053 ) ;
#2306 = LINE ( 'NONE', #587, #1968 ) ;
#2307 = PLANE ( 'NONE',  #179 ) ;
#2308 = AXIS2_PLACEMENT_3D ( 'NONE', #451, #468, #1806 ) ;
#2309 = VERTEX_POINT ( 'NONE', #1081 ) ;
#2310 = FACE_OUTER_BOUND ( 'NONE', #1578, .T. ) ;
#2311 = AXIS2_PLACEMENT_3D ( 'NONE', #1579, #84, #1943 ) ;
#2312 = DIRECTION ( 'NONE',  ( 0.6174644695275657291, -0.7865987724825419525, 0.000000000000000000 ) ) ;
#2313 = DIRECTION ( 'NONE',  ( 0.000000000000000000, 0.000000000000000000, -1.000000000000000000 ) ) ;
#2314 = DIRECTION ( 'NONE',  ( 0.000000000000000000, -1.000000000000000000, 0.000000000000000000 ) ) ;
#2315 = ORIENTED_EDGE ( 'NONE', *, *, #2453, .F. ) ;
#2316 = DIRECTION ( 'NONE',  ( 1.000000000000000000, -0.000000000000000000, -0.000000000000000000 ) ) ;
#2317 = CARTESIAN_POINT ( 'NONE',  ( 21.85746620035248000, 27.52537092150336306, 37.40000000000000568 ) ) ;
#2318 = ORIENTED_EDGE ( 'NONE', *, *, #389, .F. ) ;
#2319 = DIRECTION ( 'NONE',  ( -0.7216607363132293562, 0.3906231960812187598, 0.5715061682494260165 ) ) ;
#2320 = EDGE_CURVE ( 'NONE', #2341, #1958, #486, .T. ) ;
#2321 = VERTEX_POINT ( 'NONE', #1799 ) ;
#2322 = PLANE ( 'NONE',  #546 ) ;
#2323 = ADVANCED_FACE ( 'NONE', ( #1250 ), #1830, .F. ) ;
#2324 = EDGE_CURVE ( 'NONE', #1435, #491, #1483, .T. ) ;
#2325 = EDGE_CURVE ( 'NONE', #1182, #2075, #1920, .T. ) ;
#2326 = FILL_AREA_STYLE_COLOUR ( '', #2350 ) ;
#2327 = CARTESIAN_POINT ( 'NONE',  ( 26.00000000000000000, -0.6768732541894595389, 11.99999999999999645 ) ) ;
#2328 = CARTESIAN_POINT ( 'NONE',  ( 53.87500000000000000, -29.68000000000003169, 37.40000000000000568 ) ) ;
#2329 = DIRECTION ( 'NONE',  ( -1.000000000000000000, 0.000000000000000000, 0.000000000000000000 ) ) ;
#2330 = VERTEX_POINT ( 'NONE', #1392 ) ;
#2331 = DIRECTION ( 'NONE',  ( -8.242993936937532454E-16, -1.000000000000000000, 0.000000000000000000 ) ) ;
#2332 = VERTEX_POINT ( 'NONE', #1760 ) ;
#2333 = CARTESIAN_POINT ( 'NONE',  ( 85.73999999999998067, -54.00000000000002842, 40.50000000000000000 ) ) ;
#2334 = CARTESIAN_POINT ( 'NONE',  ( -85.74000000000000909, -53.99999999999999289, 40.50000000000000000 ) ) ;
#2335 = ORIENTED_EDGE ( 'NONE', *, *, #2155, .T. ) ;
#2336 = CARTESIAN_POINT ( 'NONE',  ( 65.42424579338648982, -50.70000000000003126, 0.000000000000000000 ) ) ;
#2337 = LINE ( 'NONE', #416, #767 ) ;
#2338 = EDGE_CURVE ( 'NONE', #919, #1526, #440, .T. ) ;
#2339 = EDGE_CURVE ( 'NONE', #1487, #1535, #981, .T. ) ;
#2340 = LINE ( 'NONE', #305, #448 ) ;
#2341 = VERTEX_POINT ( 'NONE', #1752 ) ;
#2342 = DIRECTION ( 'NONE',  ( -0.000000000000000000, -0.000000000000000000, 1.000000000000000000 ) ) ;
#2343 = VERTEX_POINT ( 'NONE', #429 ) ;
#2344 = AXIS2_PLACEMENT_3D ( 'NONE', #225, #985, #1949 ) ;
#2345 = LINE ( 'NONE', #1756, #766 ) ;
#2346 = CARTESIAN_POINT ( 'NONE',  ( 53.87499999999999289, -32.80000000000003268, 0.000000000000000000 ) ) ;
#2347 = VERTEX_POINT ( 'NONE', #1019 ) ;
#2348 = AXIS2_PLACEMENT_3D ( 'NONE', #264, #1797, #2386 ) ;
#2349 = VECTOR ( 'NONE', #2242, 1000.000000000000000 ) ;
#2350 = COLOUR_RGB ( '',1.000000000000000000, 1.000000000000000000, 1.000000000000000000 ) ;
#2351 = DIRECTION ( 'NONE',  ( -0.000000000000000000, -0.000000000000000000, -1.000000000000000000 ) ) ;
#2352 = EDGE_CURVE ( 'NONE', #669, #106, #1549, .T. ) ;
#2353 = VECTOR ( 'NONE', #2152, 1000.000000000000000 ) ;
#2354 = EDGE_LOOP ( 'NONE', ( #600, #2013, #1648, #2154 ) ) ;
#2355 = EDGE_CURVE ( 'NONE', #2204, #2247, #1956, .T. ) ;
#2356 = ORIENTED_EDGE ( 'NONE', *, *, #79, .T. ) ;
#2357 = CARTESIAN_POINT ( 'NONE',  ( 26.00000000000000000, 4.916873254189383147, 8.206217436058389936 ) ) ;
#2358 = LINE ( 'NONE', #1764, #14 ) ;
#2359 = ORIENTED_EDGE ( 'NONE', *, *, #267, .F. ) ;
#2360 = DIRECTION ( 'NONE',  ( 1.000000000000000000, -5.020405178988204384E-16, 0.000000000000000000 ) ) ;
#2361 = LINE ( 'NONE', #637, #2217 ) ;
#2362 = CARTESIAN_POINT ( 'NONE',  ( 67.28492813949391405, -33.78739103951313183, 14.81668049824465960 ) ) ;
#2363 = PLANE ( 'NONE',  #2178 ) ;
#2364 = ORIENTED_EDGE ( 'NONE', *, *, #2303, .F. ) ;
#2365 = VERTEX_POINT ( 'NONE', #243 ) ;
#2366 = LINE ( 'NONE', #2119, #1541 ) ;
#2367 = CARTESIAN_POINT ( 'NONE',  ( 17.90597556703580651, 48.31532304654761845, -20.68461743823642252 ) ) ;
#2368 = ORIENTED_EDGE ( 'NONE', *, *, #1643, .T. ) ;
#2369 = PLANE ( 'NONE',  #2308 ) ;
#2370 = DIRECTION ( 'NONE',  ( -0.8334619540052480291, 0.5525768464437810223, 0.000000000000000000 ) ) ;
#2371 = DIRECTION ( 'NONE',  ( -0.8207997941450725365, 0.5441819625128719862, 0.1736481776669307198 ) ) ;
#2372 = CARTESIAN_POINT ( 'NONE',  ( -23.13702884793286074, 35.71999999999996334, 37.40000000000000568 ) ) ;
#2373 = ORIENTED_EDGE ( 'NONE', *, *, #2187, .F. ) ;
#2374 = ORIENTED_EDGE ( 'NONE', *, *, #1348, .T. ) ;
#2375 = DIRECTION ( 'NONE',  ( 1.000000000000000000, -1.227686141400970525E-13, 0.000000000000000000 ) ) ;
#2376 = FACE_OUTER_BOUND ( 'NONE', #1425, .T. ) ;
#2377 = EDGE_CURVE ( 'NONE', #2191, #2430, #616, .T. ) ;
#2378 = ORIENTED_EDGE ( 'NONE', *, *, #864, .F. ) ;
#2379 =( NAMED_UNIT ( * ) PLANE_ANGLE_UNIT ( ) SI_UNIT ( $, .RADIAN. ) );
#2380 = EDGE_CURVE ( 'NONE', #27, #196, #698, .T. ) ;
#2381 = AXIS2_PLACEMENT_3D ( 'NONE', #2489, #2106, #529 ) ;
#2382 = ORIENTED_EDGE ( 'NONE', *, *, #2252, .T. ) ;
#2383 = LINE ( 'NONE', #1245, #1621 ) ;
#2384 = CIRCLE ( 'NONE', #658, 3.149999999999999911 ) ;
#2385 = CARTESIAN_POINT ( 'NONE',  ( -71.29725106331551387, -49.33656634143016362, 3.259999999999998899 ) ) ;
#2386 = DIRECTION ( 'NONE',  ( -1.000000000000000000, 0.000000000000000000, 0.000000000000000000 ) ) ;
#2387 = CIRCLE ( 'NONE', #1132, 11.00000000000000000 ) ;
#2388 = VERTEX_POINT ( 'NONE', #805 ) ;
#2389 = VECTOR ( 'NONE', #61, 1000.000000000000000 ) ;
#2390 = ORIENTED_EDGE ( 'NONE', *, *, #195, .F. ) ;
#2391 = DIRECTION ( 'NONE',  ( 0.8045171380156123098, 0.5939294357406174063, 0.000000000000000000 ) ) ;
#2392 = ORIENTED_EDGE ( 'NONE', *, *, #1408, .T. ) ;
#2393 = ORIENTED_EDGE ( 'NONE', *, *, #2064, .T. ) ;
#2394 = CARTESIAN_POINT ( 'NONE',  ( -3.150000000000000799, 45.96999999999999886, 40.50000000000000000 ) ) ;
#2395 = LINE ( 'NONE', #684, #211 ) ;
#2396 = EDGE_CURVE ( 'NONE', #2118, #2399, #1597, .T. ) ;
#2397 = DIRECTION ( 'NONE',  ( -1.000000000000000000, 0.000000000000000000, 0.000000000000000000 ) ) ;
#2398 = CARTESIAN_POINT ( 'NONE',  ( 14.13709223781478563, 54.00000000000000000, 40.50000000000000000 ) ) ;
#2399 = VERTEX_POINT ( 'NONE', #593 ) ;
#2400 = ORIENTED_EDGE ( 'NONE', *, *, #2271, .F. ) ;
#2401 = DIRECTION ( 'NONE',  ( -0.5605637158177583235, -0.8281112971748347817, 0.000000000000000000 ) ) ;
#2402 = ORIENTED_EDGE ( 'NONE', *, *, #2301, .T. ) ;
#2403 = ORIENTED_EDGE ( 'NONE', *, *, #2424, .F. ) ;
#2404 = DIRECTION ( 'NONE',  ( 0.000000000000000000, -0.000000000000000000, 1.000000000000000000 ) ) ;
#2405 = FACE_OUTER_BOUND ( 'NONE', #2179, .T. ) ;
#2406 = LINE ( 'NONE', #1449, #8 ) ;
#2407 = EDGE_CURVE ( 'NONE', #757, #308, #1219, .T. ) ;
#2408 = ORIENTED_EDGE ( 'NONE', *, *, #1608, .T. ) ;
#2409 = ADVANCED_FACE ( 'NONE', ( #2310 ), #2322, .T. ) ;
#2410 = ORIENTED_EDGE ( 'NONE', *, *, #1284, .T. ) ;
#2411 = DIRECTION ( 'NONE',  ( -0.5939294357406174063, 0.8045171380156123098, 0.000000000000000000 ) ) ;
#2412 = ORIENTED_EDGE ( 'NONE', *, *, #2320, .T. ) ;
#2413 = ORIENTED_EDGE ( 'NONE', *, *, #747, .T. ) ;
#2414 = LINE ( 'NONE', #508, #1090 ) ;
#2415 = VECTOR ( 'NONE', #409, 1000.000000000000227 ) ;
#2416 = VECTOR ( 'NONE', #1744, 1000.000000000000000 ) ;
#2417 = DIRECTION ( 'NONE',  ( 0.5525768464437810223, 0.8334619540052479181, 0.000000000000000000 ) ) ;
#2418 = CARTESIAN_POINT ( 'NONE',  ( -23.13702884793286074, 35.71999999999996334, 0.000000000000000000 ) ) ;
#2419 = ORIENTED_EDGE ( 'NONE', *, *, #1787, .F. ) ;
#2420 = ORIENTED_EDGE ( 'NONE', *, *, #1686, .T. ) ;
#2421 = VECTOR ( 'NONE', #428, 999.9999999999998863 ) ;
#2422 = EDGE_CURVE ( 'NONE', #2245, #504, #612, .T. ) ;
#2423 = MECHANICAL_DESIGN_GEOMETRIC_PRESENTATION_REPRESENTATION (  '', ( #498 ), #294 ) ;
#2424 = EDGE_CURVE ( 'NONE', #1901, #553, #1823, .T. ) ;
#2425 = VERTEX_POINT ( 'NONE', #962 ) ;
#2426 = EDGE_CURVE ( 'NONE', #106, #184, #601, .T. ) ;
#2427 = VECTOR ( 'NONE', #1036, 1000.000000000000000 ) ;
#2428 = CARTESIAN_POINT ( 'NONE',  ( -3.572114219843293803, -29.68000000000620986, 0.000000000000000000 ) ) ;
#2429 = ORIENTED_EDGE ( 'NONE', *, *, #619, .F. ) ;
#2430 = VERTEX_POINT ( 'NONE', #1481 ) ;
#2431 = FACE_OUTER_BOUND ( 'NONE', #207, .T. ) ;
#2432 = DIRECTION ( 'NONE',  ( 0.000000000000000000, 0.5642830492349266702, 0.8255813953488374546 ) ) ;
#2433 = CARTESIAN_POINT ( 'NONE',  ( 0.000000000000000000, 2.119999999999969020, 37.40000000000000568 ) ) ;
#2434 = DIRECTION ( 'NONE',  ( -0.5525768464437814664, -0.8334619540052476960, -0.000000000000000000 ) ) ;
#2435 = DIRECTION ( 'NONE',  ( 0.1736481776669307198, 0.000000000000000000, 0.9848077530122080203 ) ) ;
#2436 = VERTEX_POINT ( 'NONE', #522 ) ;
#2437 = ORIENTED_EDGE ( 'NONE', *, *, #1221, .F. ) ;
#2438 = DIRECTION ( 'NONE',  ( 0.5605637158177583235, 0.8281112971748346707, -0.000000000000000000 ) ) ;
#2439 = LINE ( 'NONE', #1486, #134 ) ;
#2440 = ORIENTED_EDGE ( 'NONE', *, *, #775, .T. ) ;
#2441 = ADVANCED_FACE ( 'NONE', ( #1287 ), #1680, .F. ) ;
#2442 = DIRECTION ( 'NONE',  ( 0.1734108593575509616, 0.05226332926820429631, -0.9834618539987602936 ) ) ;
#2443 = CARTESIAN_POINT ( 'NONE',  ( -71.59750867587409573, -35.56414167718002517, 0.000000000000000000 ) ) ;
#2444 = DIRECTION ( 'NONE',  ( 1.000000000000000000, -0.000000000000000000, 0.000000000000000000 ) ) ;
#2445 = CARTESIAN_POINT ( 'NONE',  ( -13.82122375399381120, 31.84140001181334867, 12.92258268718384961 ) ) ;
#2446 = DIRECTION ( 'NONE',  ( 0.7445730840251915117, 0.6675409519611623654, 0.000000000000000000 ) ) ;
#2447 = CARTESIAN_POINT ( 'NONE',  ( 61.42610176227201890, -35.96543450874334269, 31.38569732507236765 ) ) ;
#2448 = ORIENTED_EDGE ( 'NONE', *, *, #864, .T. ) ;
#2449 = ORIENTED_EDGE ( 'NONE', *, *, #115, .F. ) ;
#2450 = CARTESIAN_POINT ( 'NONE',  ( -68.89535721882263886, -37.06997738703682899, 5.683483338863923429 ) ) ;
#2451 = VERTEX_POINT ( 'NONE', #2447 ) ;
#2452 = DIRECTION ( 'NONE',  ( 0.4760227367170569157, 0.8794329730732204364, 0.000000000000000000 ) ) ;
#2453 = EDGE_CURVE ( 'NONE', #282, #1395, #722, .T. ) ;
#2454 = DIRECTION ( 'NONE',  ( 0.5525768464437811334, 0.8334619540052479181, -0.000000000000000000 ) ) ;
#2455 = DIRECTION ( 'NONE',  ( -0.000000000000000000, -0.000000000000000000, 1.000000000000000000 ) ) ;
#2456 = ORIENTED_EDGE ( 'NONE', *, *, #35, .F. ) ;
#2457 = AXIS2_PLACEMENT_3D ( 'NONE', #298, #1422, #1023 ) ;
#2458 = AXIS2_PLACEMENT_3D ( 'NONE', #2398, #314, #105 ) ;
#2459 = ORIENTED_EDGE ( 'NONE', *, *, #2221, .F. ) ;
#2460 = VECTOR ( 'NONE', #241, 1000.000000000000000 ) ;
#2461 = CARTESIAN_POINT ( 'NONE',  ( 3.572114219898275156, -29.68000000000003169, 0.000000000000000000 ) ) ;
#2462 = DIRECTION ( 'NONE',  ( 0.000000000000000000, 0.000000000000000000, -1.000000000000000000 ) ) ;
#2463 = VERTEX_POINT ( 'NONE', #540 ) ;
#2464 = VECTOR ( 'NONE', #819, 1000.000000000000000 ) ;
#2465 = LINE ( 'NONE', #1859, #2496 ) ;
#2466 = VECTOR ( 'NONE', #562, 1000.000000000000000 ) ;
#2467 = CARTESIAN_POINT ( 'NONE',  ( -65.42424579338648982, -50.70000000000003126, 0.000000000000000000 ) ) ;
#2468 = DIRECTION ( 'NONE',  ( 0.8334619540052472519, 0.5525768464437821326, -0.000000000000000000 ) ) ;
#2469 = EDGE_CURVE ( 'NONE', #2399, #681, #670, .T. ) ;
#2470 = CARTESIAN_POINT ( 'NONE',  ( -26.15000000000000213, 2.119999999999972129, 40.50000000000000000 ) ) ;
#2471 = ORIENTED_EDGE ( 'NONE', *, *, #731, .T. ) ;
#2472 = EDGE_CURVE ( 'NONE', #1743, #430, #1963, .T. ) ;
#2473 = ORIENTED_EDGE ( 'NONE', *, *, #1628, .T. ) ;
#2474 = CARTESIAN_POINT ( 'NONE',  ( 0.000000000000000000, 34.11999999999996902, 0.000000000000000000 ) ) ;
#2475 = CARTESIAN_POINT ( 'NONE',  ( 27.86034039353685543, 18.47112392056945041, 37.40000000000000568 ) ) ;
#2476 = CARTESIAN_POINT ( 'NONE',  ( -71.59750867587410994, -52.40000000000002700, 0.000000000000000000 ) ) ;
#2477 = ORIENTED_EDGE ( 'NONE', *, *, #567, .F. ) ;
#2478 = DIRECTION ( 'NONE',  ( -0.000000000000000000, -0.000000000000000000, -1.000000000000000000 ) ) ;
#2479 = CARTESIAN_POINT ( 'NONE',  ( -85.74000000000000909, -54.00000000000002842, 5.000000000000000888 ) ) ;
#2480 = CARTESIAN_POINT ( 'NONE',  ( 12.74134742468220161, 51.40000000000000568, 37.40000000000000568 ) ) ;
#2481 = DIRECTION ( 'NONE',  ( -0.000000000000000000, -0.000000000000000000, -1.000000000000000000 ) ) ;
#2482 = PLANE ( 'NONE',  #1169 ) ;
#2483 = EDGE_CURVE ( 'NONE', #1194, #871, #1342, .T. ) ;
#2484 = ORIENTED_EDGE ( 'NONE', *, *, #2031, .T. ) ;
#2485 = EDGE_CURVE ( 'NONE', #726, #1194, #58, .T. ) ;
#2486 = DIRECTION ( 'NONE',  ( 0.000000000000000000, -0.1736481776669307198, 0.9848077530122080203 ) ) ;
#2487 = DIRECTION ( 'NONE',  ( -0.000000000000000000, 0.000000000000000000, -1.000000000000000000 ) ) ;
#2488 = ORIENTED_EDGE ( 'NONE', *, *, #1746, .F. ) ;
#2489 = CARTESIAN_POINT ( 'NONE',  ( 41.94999999999998863, -20.12999999999999545, 40.50000000000000000 ) ) ;
#2490 = FACE_OUTER_BOUND ( 'NONE', #2050, .T. ) ;
#2491 = CARTESIAN_POINT ( 'NONE',  ( -85.74000000000000909, -54.00000000000002842, 5.000000000000000888 ) ) ;
#2492 = ORIENTED_EDGE ( 'NONE', *, *, #1098, .F. ) ;
#2493 = DIRECTION ( 'NONE',  ( -0.7865987724825419525, -0.6174644695275657291, 0.000000000000000000 ) ) ;
#2494 = CARTESIAN_POINT ( 'NONE',  ( 74.73999999999998067, -53.99999999999783284, 3.259999999999998899 ) ) ;
#2495 = VERTEX_POINT ( 'NONE', #1410 ) ;
#2496 = VECTOR ( 'NONE', #1519, 999.9999999999998863 ) ;
#2497 = EDGE_CURVE ( 'NONE', #809, #2451, #466, .T. ) ;
ENDSEC;
END-ISO-10303-21;
